cell_id,clipped_area_km2,geometry_wkt,snapshot_id
1033_13848,0.025556165033508837,"POLYGON ((153.172596 -27.808489, 153.172589 -27.803976, 153.167513 -27.803982, 153.16752 -27.808496, 153.172596 -27.808489))",8c293a52745057c4
1033_13849,0.16703033579784238,"POLYGON ((153.172589 -27.803976, 153.172582 -27.799462, 153.167506 -27.799468, 153.167513 -27.803982, 153.172589 -27.803976))",8c293a52745057c4
1033_13850,0.01568560086468136,"POLYGON ((153.172582 -27.799462, 153.172575 -27.794948, 153.167499 -27.794954, 153.167506 -27.799468, 153.172582 -27.799462))",8c293a52745057c4
1034_13841,0.0935917953281141,"POLYGON ((153.177724 -27.840079, 153.177716 -27.835565, 153.172639 -27.835572, 153.172646 -27.840086, 153.177724 -27.840079))",8c293a52745057c4
1034_13842,0.18550587828137438,"POLYGON ((153.177716 -27.835565, 153.177709 -27.831052, 153.172632 -27.831058, 153.172639 -27.835572, 153.177716 -27.835565))",8c293a52745057c4
1034_13843,0.07119997661172438,"POLYGON ((153.177709 -27.831052, 153.177702 -27.826538, 153.172625 -27.826544, 153.172632 -27.831058, 153.177709 -27.831052))",8c293a52745057c4
1034_13846,0.003174533645205039,"POLYGON ((153.177687 -27.81751, 153.17768 -27.812997, 153.172603 -27.813003, 153.17261 -27.817517, 153.177687 -27.81751))",8c293a52745057c4
1034_13847,0.023608237601303865,"POLYGON ((153.17768 -27.812997, 153.177672 -27.808483, 153.172596 -27.808489, 153.172603 -27.813003, 153.17768 -27.812997))",8c293a52745057c4
1034_13848,0.19107277189648353,"POLYGON ((153.177672 -27.808483, 153.177665 -27.803969, 153.172589 -27.803976, 153.172596 -27.808489, 153.177672 -27.808483))",8c293a52745057c4
1034_13849,0.25,"POLYGON ((153.177665 -27.803969, 153.177658 -27.799455, 153.172582 -27.799462, 153.172589 -27.803976, 153.177665 -27.803969))",8c293a52745057c4
1034_13850,0.11623253707175212,"POLYGON ((153.177658 -27.799455, 153.17765 -27.794942, 153.172575 -27.794948, 153.172582 -27.799462, 153.177658 -27.799455))",8c293a52745057c4
1035_13828,0.020590756661451798,"POLYGON ((153.1829 -27.898751, 153.182893 -27.894237, 153.177812 -27.894244, 153.17782 -27.898757, 153.1829 -27.898751))",8c293a52745057c4
1035_13829,0.020396418011966476,"POLYGON ((153.182893 -27.894237, 153.182885 -27.889723, 153.177805 -27.88973, 153.177812 -27.894244, 153.182893 -27.894237))",8c293a52745057c4
1035_13837,0.008156830258915969,"POLYGON ((153.182832 -27.858127, 153.182824 -27.853614, 153.177746 -27.85362, 153.177753 -27.858134, 153.182832 -27.858127))",8c293a52745057c4
1035_13838,0.06363342512639064,"POLYGON ((153.182824 -27.853614, 153.182817 -27.8491, 153.177739 -27.849107, 153.177746 -27.85362, 153.182824 -27.853614))",8c293a52745057c4
1035_13839,0.08242636014127562,"POLYGON ((153.182817 -27.8491, 153.182809 -27.844586, 153.177731 -27.844593, 153.177739 -27.849107, 153.182817 -27.8491))",8c293a52745057c4
1035_13840,0.10634372261355156,"POLYGON ((153.182809 -27.844586, 153.182802 -27.840073, 153.177724 -27.840079, 153.177731 -27.844593, 153.182809 -27.844586))",8c293a52745057c4
1035_13841,0.2480801407656705,"POLYGON ((153.182802 -27.840073, 153.182794 -27.835559, 153.177716 -27.835565, 153.177724 -27.840079, 153.182802 -27.840073))",8c293a52745057c4
1035_13842,0.25,"POLYGON ((153.182794 -27.835559, 153.182786 -27.831045, 153.177709 -27.831052, 153.177716 -27.835565, 153.182794 -27.835559))",8c293a52745057c4
1035_13843,0.24927664147441073,"POLYGON ((153.182786 -27.831045, 153.182779 -27.826531, 153.177702 -27.826538, 153.177709 -27.831052, 153.182786 -27.831045))",8c293a52745057c4
1035_13844,0.1309444273132838,"POLYGON ((153.182779 -27.826531, 153.182771 -27.822018, 153.177694 -27.822024, 153.177702 -27.826538, 153.182779 -27.826531))",8c293a52745057c4
1035_13845,0.00984818508656209,"POLYGON ((153.182771 -27.822018, 153.182764 -27.817504, 153.177687 -27.81751, 153.177694 -27.822024, 153.182771 -27.822018))",8c293a52745057c4
1035_13846,0.14815639385956322,"POLYGON ((153.182764 -27.817504, 153.182756 -27.81299, 153.17768 -27.812997, 153.177687 -27.81751, 153.182764 -27.817504))",8c293a52745057c4
1035_13847,0.2468688850732148,"POLYGON ((153.182756 -27.81299, 153.182749 -27.808476, 153.177672 -27.808483, 153.17768 -27.812997, 153.182756 -27.81299))",8c293a52745057c4
1035_13848,0.25,"POLYGON ((153.182749 -27.808476, 153.182741 -27.803963, 153.177665 -27.803969, 153.177672 -27.808483, 153.182749 -27.808476))",8c293a52745057c4
1035_13849,0.25,"POLYGON ((153.182741 -27.803963, 153.182734 -27.799449, 153.177658 -27.799455, 153.177665 -27.803969, 153.182741 -27.803963))",8c293a52745057c4
1035_13850,0.21353006691396012,"POLYGON ((153.182734 -27.799449, 153.182726 -27.794935, 153.17765 -27.794942, 153.177658 -27.799455, 153.182734 -27.799449))",8c293a52745057c4
1035_13851,0.00487595469413482,"POLYGON ((153.182726 -27.794935, 153.182719 -27.790421, 153.177643 -27.790428, 153.17765 -27.794942, 153.182726 -27.794935))",8c293a52745057c4
1036_13762,0.018681674759250703,"POLYGON ((153.188499 -28.196641, 153.188491 -28.192128, 153.183397 -28.192134, 153.183405 -28.196648, 153.188499 -28.196641))",8c293a52745057c4
1036_13763,0.15744779515953372,"POLYGON ((153.188491 -28.192128, 153.188484 -28.187614, 153.183389 -28.187621, 153.183397 -28.192134, 153.188491 -28.192128))",8c293a52745057c4
1036_13764,0.07604455053968498,"POLYGON ((153.188484 -28.187614, 153.188476 -28.183101, 153.183382 -28.183107, 153.183389 -28.187621, 153.188484 -28.187614))",8c293a52745057c4
1036_13765,0.041901020837874656,"POLYGON ((153.188476 -28.183101, 153.188468 -28.178587, 153.183374 -28.178594, 153.183382 -28.183107, 153.188476 -28.183101))",8c293a52745057c4
1036_13828,0.08310302903809298,"POLYGON ((153.187981 -27.898744, 153.187973 -27.89423, 153.182893 -27.894237, 153.1829 -27.898751, 153.187981 -27.898744))",8c293a52745057c4
1036_13829,0.23991632671115934,"POLYGON ((153.187973 -27.89423, 153.187965 -27.889717, 153.182885 -27.889723, 153.182893 -27.894237, 153.187973 -27.89423))",8c293a52745057c4
1036_13830,0.17404736955872194,"POLYGON ((153.187965 -27.889717, 153.187957 -27.885203, 153.182877 -27.88521, 153.182885 -27.889723, 153.187965 -27.889717))",8c293a52745057c4
1036_13831,0.11517345725348108,"POLYGON ((153.187957 -27.885203, 153.187949 -27.880689, 153.18287 -27.880696, 153.182877 -27.88521, 153.187957 -27.885203))",8c293a52745057c4
1036_13832,0.08727394293712377,"POLYGON ((153.187949 -27.880689, 153.187942 -27.876175, 153.182862 -27.876182, 153.18287 -27.880696, 153.187949 -27.880689))",8c293a52745057c4
1036_13833,0.10176718431276532,"POLYGON ((153.187942 -27.876175, 153.187934 -27.871662, 153.182855 -27.871669, 153.182862 -27.876182, 153.187942 -27.876175))",8c293a52745057c4
1036_13834,0.08301674378642929,"POLYGON ((153.187934 -27.871662, 153.187926 -27.867148, 153.182847 -27.867155, 153.182855 -27.871669, 153.187934 -27.871662))",8c293a52745057c4
1036_13835,0.04068097074268735,"POLYGON ((153.187926 -27.867148, 153.187918 -27.862634, 153.182839 -27.862641, 153.182847 -27.867155, 153.187926 -27.867148))",8c293a52745057c4
1036_13836,0.004496911576588916,"POLYGON ((153.187918 -27.862634, 153.187911 -27.858121, 153.182832 -27.858127, 153.182839 -27.862641, 153.187918 -27.862634))",8c293a52745057c4
1036_13837,0.05243244033656083,"POLYGON ((153.187911 -27.858121, 153.187903 -27.853607, 153.182824 -27.853614, 153.182832 -27.858127, 153.187911 -27.858121))",8c293a52745057c4
1036_13838,0.25,"POLYGON ((153.187903 -27.853607, 153.187895 -27.849093, 153.182817 -27.8491, 153.182824 -27.853614, 153.187903 -27.853607))",8c293a52745057c4
1036_13839,0.25,"POLYGON ((153.187895 -27.849093, 153.187887 -27.844579, 153.182809 -27.844586, 153.182817 -27.8491, 153.187895 -27.849093))",8c293a52745057c4
1036_13840,0.25,"POLYGON ((153.187887 -27.844579, 153.187879 -27.840066, 153.182802 -27.840073, 153.182809 -27.844586, 153.187887 -27.844579))",8c293a52745057c4
1036_13841,0.25,"POLYGON ((153.187879 -27.840066, 153.187872 -27.835552, 153.182794 -27.835559, 153.182802 -27.840073, 153.187879 -27.840066))",8c293a52745057c4
1036_13842,0.25,"POLYGON ((153.187872 -27.835552, 153.187864 -27.831038, 153.182786 -27.831045, 153.182794 -27.835559, 153.187872 -27.835552))",8c293a52745057c4
1036_13843,0.25,"POLYGON ((153.187864 -27.831038, 153.187856 -27.826524, 153.182779 -27.826531, 153.182786 -27.831045, 153.187864 -27.831038))",8c293a52745057c4
1036_13844,0.25,"POLYGON ((153.187856 -27.826524, 153.187848 -27.822011, 153.182771 -27.822018, 153.182779 -27.826531, 153.187856 -27.826524))",8c293a52745057c4
1036_13845,0.24042998394396942,"POLYGON ((153.187848 -27.822011, 153.187841 -27.817497, 153.182764 -27.817504, 153.182771 -27.822018, 153.187848 -27.822011))",8c293a52745057c4
1036_13846,0.25,"POLYGON ((153.187841 -27.817497, 153.187833 -27.812983, 153.182756 -27.81299, 153.182764 -27.817504, 153.187841 -27.817497))",8c293a52745057c4
1036_13847,0.25,"POLYGON ((153.187833 -27.812983, 153.187825 -27.80847, 153.182749 -27.808476, 153.182756 -27.81299, 153.187833 -27.812983))",8c293a52745057c4
1036_13848,0.25,"POLYGON ((153.187825 -27.80847, 153.187817 -27.803956, 153.182741 -27.803963, 153.182749 -27.808476, 153.187825 -27.80847))",8c293a52745057c4
1036_13849,0.25,"POLYGON ((153.187817 -27.803956, 153.18781 -27.799442, 153.182734 -27.799449, 153.182741 -27.803963, 153.187817 -27.803956))",8c293a52745057c4
1036_13850,0.25,"POLYGON ((153.18781 -27.799442, 153.187802 -27.794928, 153.182726 -27.794935, 153.182734 -27.799449, 153.18781 -27.799442))",8c293a52745057c4
1036_13851,0.23617420649804802,"POLYGON ((153.187802 -27.794928, 153.187794 -27.790415, 153.182719 -27.790421, 153.182726 -27.794935, 153.187802 -27.794928))",8c293a52745057c4
1036_13852,0.1394269555859956,"POLYGON ((153.187794 -27.790415, 153.187786 -27.785901, 153.182711 -27.785908, 153.182719 -27.790421, 153.187794 -27.790415))",8c293a52745057c4
1036_13853,0.004351001015839928,"POLYGON ((153.187786 -27.785901, 153.187778 -27.781387, 153.182703 -27.781394, 153.182711 -27.785908, 153.187786 -27.785901))",8c293a52745057c4
1036_13854,0.00033334728126873845,"POLYGON ((153.187778 -27.781387, 153.187771 -27.776873, 153.182696 -27.77688, 153.182703 -27.781394, 153.187778 -27.781387))",8c293a52745057c4
1036_13855,0.032630491411204096,"POLYGON ((153.187771 -27.776873, 153.187763 -27.772359, 153.182688 -27.772366, 153.182696 -27.77688, 153.187771 -27.776873))",8c293a52745057c4
1037_13758,0.026590915432923107,"POLYGON ((153.193626 -28.214688, 153.193618 -28.210174, 153.188523 -28.210182, 153.188531 -28.214695, 153.193626 -28.214688))",8c293a52745057c4
1037_13759,0.14450684332403443,"POLYGON ((153.193618 -28.210174, 153.19361 -28.205661, 153.188515 -28.205668, 153.188523 -28.210182, 153.193618 -28.210174))",8c293a52745057c4
1037_13760,0.22024197292470457,"POLYGON ((153.19361 -28.205661, 153.193602 -28.201147, 153.188507 -28.201155, 153.188515 -28.205668, 153.19361 -28.205661))",8c293a52745057c4
1037_13761,0.03446427451193572,"POLYGON ((153.193602 -28.201147, 153.193594 -28.196634, 153.188499 -28.196641, 153.188507 -28.201155, 153.193602 -28.201147))",8c293a52745057c4
1037_13762,0.048436398422763226,"POLYGON ((153.193594 -28.196634, 153.193586 -28.19212, 153.188491 -28.192128, 153.188499 -28.196641, 153.193594 -28.196634))",8c293a52745057c4
1037_13763,0.24294180549593947,"POLYGON ((153.193586 -28.19212, 153.193578 -28.187607, 153.188484 -28.187614, 153.188491 -28.192128, 153.193586 -28.19212))",8c293a52745057c4
1037_13764,0.25,"POLYGON ((153.193578 -28.187607, 153.19357 -28.183093, 153.188476 -28.183101, 153.188484 -28.187614, 153.193578 -28.187607))",8c293a52745057c4
1037_13765,0.22711970165184367,"POLYGON ((153.19357 -28.183093, 153.193561 -28.17858, 153.188468 -28.178587, 153.188476 -28.183101, 153.19357 -28.183093))",8c293a52745057c4
1037_13766,0.036863089446964675,"POLYGON ((153.193561 -28.17858, 153.193553 -28.174066, 153.18846 -28.174074, 153.188468 -28.178587, 153.193561 -28.17858))",8c293a52745057c4
1037_13767,0.014869405314057067,"POLYGON ((153.193553 -28.174066, 153.193545 -28.169553, 153.188452 -28.16956, 153.18846 -28.174074, 153.193553 -28.174066))",8c293a52745057c4
1037_13828,0.1235739580994736,"POLYGON ((153.193061 -27.898737, 153.193053 -27.894223, 153.187973 -27.89423, 153.187981 -27.898744, 153.193061 -27.898737))",8c293a52745057c4
1037_13829,0.25,"POLYGON ((153.193053 -27.894223, 153.193045 -27.88971, 153.187965 -27.889717, 153.187973 -27.89423, 153.193053 -27.894223))",8c293a52745057c4
1037_13830,0.25,"POLYGON ((153.193045 -27.88971, 153.193037 -27.885196, 153.187957 -27.885203, 153.187965 -27.889717, 153.193045 -27.88971))",8c293a52745057c4
1037_13831,0.25,"POLYGON ((153.193037 -27.885196, 153.193029 -27.880682, 153.187949 -27.880689, 153.187957 -27.885203, 153.193037 -27.885196))",8c293a52745057c4
1037_13832,0.25,"POLYGON ((153.193029 -27.880682, 153.193021 -27.876168, 153.187942 -27.876175, 153.187949 -27.880689, 153.193029 -27.880682))",8c293a52745057c4
1037_13833,0.25,"POLYGON ((153.193021 -27.876168, 153.193013 -27.871655, 153.187934 -27.871662, 153.187942 -27.876175, 153.193021 -27.876168))",8c293a52745057c4
1037_13834,0.25,"POLYGON ((153.193013 -27.871655, 153.193005 -27.867141, 153.187926 -27.867148, 153.187934 -27.871662, 153.193013 -27.871655))",8c293a52745057c4
1037_13835,0.25,"POLYGON ((153.193005 -27.867141, 153.192997 -27.862627, 153.187918 -27.862634, 153.187926 -27.867148, 153.193005 -27.867141))",8c293a52745057c4
1037_13836,0.24384828612235177,"POLYGON ((153.192997 -27.862627, 153.192989 -27.858114, 153.187911 -27.858121, 153.187918 -27.862634, 153.192997 -27.862627))",8c293a52745057c4
1037_13837,0.22427415903761766,"POLYGON ((153.192989 -27.858114, 153.192981 -27.8536, 153.187903 -27.853607, 153.187911 -27.858121, 153.192989 -27.858114))",8c293a52745057c4
1037_13838,0.25,"POLYGON ((153.192981 -27.8536, 153.192973 -27.849086, 153.187895 -27.849093, 153.187903 -27.853607, 153.192981 -27.8536))",8c293a52745057c4
1037_13839,0.25,"POLYGON ((153.192973 -27.849086, 153.192965 -27.844572, 153.187887 -27.844579, 153.187895 -27.849093, 153.192973 -27.849086))",8c293a52745057c4
1037_13840,0.25,"POLYGON ((153.192965 -27.844572, 153.192957 -27.840059, 153.187879 -27.840066, 153.187887 -27.844579, 153.192965 -27.844572))",8c293a52745057c4
1037_13841,0.25,"POLYGON ((153.192957 -27.840059, 153.192949 -27.835545, 153.187872 -27.835552, 153.187879 -27.840066, 153.192957 -27.840059))",8c293a52745057c4
1037_13842,0.25,"POLYGON ((153.192949 -27.835545, 153.192941 -27.831031, 153.187864 -27.831038, 153.187872 -27.835552, 153.192949 -27.835545))",8c293a52745057c4
1037_13843,0.25,"POLYGON ((153.192941 -27.831031, 153.192933 -27.826517, 153.187856 -27.826524, 153.187864 -27.831038, 153.192941 -27.831031))",8c293a52745057c4
1037_13844,0.25,"POLYGON ((153.192933 -27.826517, 153.192925 -27.822004, 153.187848 -27.822011, 153.187856 -27.826524, 153.192933 -27.826517))",8c293a52745057c4
1037_13845,0.25,"POLYGON ((153.192925 -27.822004, 153.192917 -27.81749, 153.187841 -27.817497, 153.187848 -27.822011, 153.192925 -27.822004))",8c293a52745057c4
1037_13846,0.25,"POLYGON ((153.192917 -27.81749, 153.192909 -27.812976, 153.187833 -27.812983, 153.187841 -27.817497, 153.192917 -27.81749))",8c293a52745057c4
1037_13847,0.25,"POLYGON ((153.192909 -27.812976, 153.192901 -27.808463, 153.187825 -27.80847, 153.187833 -27.812983, 153.192909 -27.812976))",8c293a52745057c4
1037_13848,0.25,"POLYGON ((153.192901 -27.808463, 153.192893 -27.803949, 153.187817 -27.803956, 153.187825 -27.80847, 153.192901 -27.808463))",8c293a52745057c4
1037_13849,0.25,"POLYGON ((153.192893 -27.803949, 153.192885 -27.799435, 153.18781 -27.799442, 153.187817 -27.803956, 153.192893 -27.803949))",8c293a52745057c4
1037_13850,0.25,"POLYGON ((153.192885 -27.799435, 153.192877 -27.794921, 153.187802 -27.794928, 153.18781 -27.799442, 153.192885 -27.799435))",8c293a52745057c4
1037_13851,0.25,"POLYGON ((153.192877 -27.794921, 153.192869 -27.790408, 153.187794 -27.790415, 153.187802 -27.794928, 153.192877 -27.794921))",8c293a52745057c4
1037_13852,0.25,"POLYGON ((153.192869 -27.790408, 153.192862 -27.785894, 153.187786 -27.785901, 153.187794 -27.790415, 153.192869 -27.790408))",8c293a52745057c4
1037_13853,0.17441694395837215,"POLYGON ((153.192862 -27.785894, 153.192854 -27.78138, 153.187778 -27.781387, 153.187786 -27.785901, 153.192862 -27.785894))",8c293a52745057c4
1037_13854,0.03534972743516679,"POLYGON ((153.192854 -27.78138, 153.192846 -27.776866, 153.187771 -27.776873, 153.187778 -27.781387, 153.192854 -27.78138))",8c293a52745057c4
1037_13855,0.1624387903869694,"POLYGON ((153.192846 -27.776866, 153.192838 -27.772352, 153.187763 -27.772359, 153.187771 -27.776873, 153.192846 -27.776866))",8c293a52745057c4
1038_13753,0.0025545010636224648,"POLYGON ((153.198764 -28.237248, 153.198755 -28.232734, 153.193659 -28.232742, 153.193667 -28.237255, 153.198764 -28.237248))",8c293a52745057c4
1038_13754,0.04093850899482253,"POLYGON ((153.198755 -28.232734, 153.198747 -28.228221, 153.193651 -28.228228, 153.193659 -28.232742, 153.198755 -28.232734))",8c293a52745057c4
1038_13755,0.027051955946158748,"POLYGON ((153.198747 -28.228221, 153.198739 -28.223708, 153.193643 -28.223715, 153.193651 -28.228228, 153.198747 -28.228221))",8c293a52745057c4
1038_13756,0.13909980861189897,"POLYGON ((153.198739 -28.223708, 153.19873 -28.219194, 153.193635 -28.219201, 153.193643 -28.223715, 153.198739 -28.223708))",8c293a52745057c4
1038_13757,0.1827977901721055,"POLYGON ((153.19873 -28.219194, 153.198722 -28.214681, 153.193626 -28.214688, 153.193635 -28.219201, 153.19873 -28.219194))",8c293a52745057c4
1038_13758,0.2379737780325042,"POLYGON ((153.198722 -28.214681, 153.198714 -28.210167, 153.193618 -28.210174, 153.193626 -28.214688, 153.198722 -28.214681))",8c293a52745057c4
1038_13759,0.25,"POLYGON ((153.198714 -28.210167, 153.198705 -28.205654, 153.19361 -28.205661, 153.193618 -28.210174, 153.198714 -28.210167))",8c293a52745057c4
1038_13760,0.25,"POLYGON ((153.198705 -28.205654, 153.198697 -28.20114, 153.193602 -28.201147, 153.19361 -28.205661, 153.198705 -28.205654))",8c293a52745057c4
1038_13761,0.23863214649480924,"POLYGON ((153.198697 -28.20114, 153.198688 -28.196627, 153.193594 -28.196634, 153.193602 -28.201147, 153.198697 -28.20114))",8c293a52745057c4
1038_13762,0.25,"POLYGON ((153.198688 -28.196627, 153.19868 -28.192113, 153.193586 -28.19212, 153.193594 -28.196634, 153.198688 -28.196627))",8c293a52745057c4
1038_13763,0.25,"POLYGON ((153.19868 -28.192113, 153.198672 -28.1876, 153.193578 -28.187607, 153.193586 -28.19212, 153.19868 -28.192113))",8c293a52745057c4
1038_13764,0.25,"POLYGON ((153.198672 -28.1876, 153.198663 -28.183086, 153.19357 -28.183093, 153.193578 -28.187607, 153.198672 -28.1876))",8c293a52745057c4
1038_13765,0.25,"POLYGON ((153.198663 -28.183086, 153.198655 -28.178573, 153.193561 -28.17858, 153.19357 -28.183093, 153.198663 -28.183086))",8c293a52745057c4
1038_13766,0.25,"POLYGON ((153.198655 -28.178573, 153.198647 -28.174059, 153.193553 -28.174066, 153.193561 -28.17858, 153.198655 -28.178573))",8c293a52745057c4
1038_13767,0.2277079088431676,"POLYGON ((153.198647 -28.174059, 153.198638 -28.169546, 153.193545 -28.169553, 153.193553 -28.174066, 153.198647 -28.174059))",8c293a52745057c4
1038_13768,0.14249040260175977,"POLYGON ((153.198638 -28.169546, 153.19863 -28.165032, 153.193537 -28.165039, 153.193545 -28.169553, 153.198638 -28.169546))",8c293a52745057c4
1038_13769,0.055098709646976676,"POLYGON ((153.19863 -28.165032, 153.198622 -28.160519, 153.193529 -28.160526, 153.193537 -28.165039, 153.19863 -28.165032))",8c293a52745057c4
1038_13770,0.1821760174341053,"POLYGON ((153.198622 -28.160519, 153.198613 -28.156005, 153.193521 -28.156012, 153.193529 -28.160526, 153.198622 -28.160519))",8c293a52745057c4
1038_13771,0.16297315949714955,"POLYGON ((153.198613 -28.156005, 153.198605 -28.151492, 153.193513 -28.151499, 153.193521 -28.156012, 153.198613 -28.156005))",8c293a52745057c4
1038_13772,0.087630499582691,"POLYGON ((153.198605 -28.151492, 153.198597 -28.146978, 153.193505 -28.146985, 153.193513 -28.151499, 153.198605 -28.151492))",8c293a52745057c4
1038_13773,0.04073830788262421,"POLYGON ((153.198597 -28.146978, 153.198588 -28.142465, 153.193496 -28.142472, 153.193505 -28.146985, 153.198597 -28.146978))",8c293a52745057c4
1038_13774,0.005325236948784321,"POLYGON ((153.198588 -28.142465, 153.19858 -28.137951, 153.193488 -28.137958, 153.193496 -28.142472, 153.198588 -28.142465))",8c293a52745057c4
1038_13828,0.17772304483029439,"POLYGON ((153.198142 -27.89873, 153.198134 -27.894216, 153.193053 -27.894223, 153.193061 -27.898737, 153.198142 -27.89873))",8c293a52745057c4
1038_13829,0.25,"POLYGON ((153.198134 -27.894216, 153.198125 -27.889702, 153.193045 -27.88971, 153.193053 -27.894223, 153.198134 -27.894216))",8c293a52745057c4
1038_13830,0.25,"POLYGON ((153.198125 -27.889702, 153.198117 -27.885189, 153.193037 -27.885196, 153.193045 -27.88971, 153.198125 -27.889702))",8c293a52745057c4
1038_13831,0.25,"POLYGON ((153.198117 -27.885189, 153.198109 -27.880675, 153.193029 -27.880682, 153.193037 -27.885196, 153.198117 -27.885189))",8c293a52745057c4
1038_13832,0.25,"POLYGON ((153.198109 -27.880675, 153.198101 -27.876161, 153.193021 -27.876168, 153.193029 -27.880682, 153.198109 -27.880675))",8c293a52745057c4
1038_13833,0.25,"POLYGON ((153.198101 -27.876161, 153.198092 -27.871648, 153.193013 -27.871655, 153.193021 -27.876168, 153.198101 -27.876161))",8c293a52745057c4
1038_13834,0.25,"POLYGON ((153.198092 -27.871648, 153.198084 -27.867134, 153.193005 -27.867141, 153.193013 -27.871655, 153.198092 -27.871648))",8c293a52745057c4
1038_13835,0.25,"POLYGON ((153.198084 -27.867134, 153.198076 -27.86262, 153.192997 -27.862627, 153.193005 -27.867141, 153.198084 -27.867134))",8c293a52745057c4
1038_13836,0.25,"POLYGON ((153.198076 -27.86262, 153.198068 -27.858106, 153.192989 -27.858114, 153.192997 -27.862627, 153.198076 -27.86262))",8c293a52745057c4
1038_13837,0.25,"POLYGON ((153.198068 -27.858106, 153.19806 -27.853593, 153.192981 -27.8536, 153.192989 -27.858114, 153.198068 -27.858106))",8c293a52745057c4
1038_13838,0.25,"POLYGON ((153.19806 -27.853593, 153.198051 -27.849079, 153.192973 -27.849086, 153.192981 -27.8536, 153.19806 -27.853593))",8c293a52745057c4
1038_13839,0.25,"POLYGON ((153.198051 -27.849079, 153.198043 -27.844565, 153.192965 -27.844572, 153.192973 -27.849086, 153.198051 -27.849079))",8c293a52745057c4
1038_13840,0.25,"POLYGON ((153.198043 -27.844565, 153.198035 -27.840052, 153.192957 -27.840059, 153.192965 -27.844572, 153.198043 -27.844565))",8c293a52745057c4
1038_13841,0.25,"POLYGON ((153.198035 -27.840052, 153.198027 -27.835538, 153.192949 -27.835545, 153.192957 -27.840059, 153.198035 -27.840052))",8c293a52745057c4
1038_13842,0.25,"POLYGON ((153.198027 -27.835538, 153.198019 -27.831024, 153.192941 -27.831031, 153.192949 -27.835545, 153.198027 -27.835538))",8c293a52745057c4
1038_13843,0.25,"POLYGON ((153.198019 -27.831024, 153.19801 -27.82651, 153.192933 -27.826517, 153.192941 -27.831031, 153.198019 -27.831024))",8c293a52745057c4
1038_13844,0.25,"POLYGON ((153.19801 -27.82651, 153.198002 -27.821997, 153.192925 -27.822004, 153.192933 -27.826517, 153.19801 -27.82651))",8c293a52745057c4
1038_13845,0.25,"POLYGON ((153.198002 -27.821997, 153.197994 -27.817483, 153.192917 -27.81749, 153.192925 -27.822004, 153.198002 -27.821997))",8c293a52745057c4
1038_13846,0.25,"POLYGON ((153.197994 -27.817483, 153.197986 -27.812969, 153.192909 -27.812976, 153.192917 -27.81749, 153.197994 -27.817483))",8c293a52745057c4
1038_13847,0.25,"POLYGON ((153.197986 -27.812969, 153.197978 -27.808455, 153.192901 -27.808463, 153.192909 -27.812976, 153.197986 -27.812969))",8c293a52745057c4
1038_13848,0.25,"POLYGON ((153.197978 -27.808455, 153.19797 -27.803942, 153.192893 -27.803949, 153.192901 -27.808463, 153.197978 -27.808455))",8c293a52745057c4
1038_13849,0.25,"POLYGON ((153.19797 -27.803942, 153.197961 -27.799428, 153.192885 -27.799435, 153.192893 -27.803949, 153.19797 -27.803942))",8c293a52745057c4
1038_13850,0.25,"POLYGON ((153.197961 -27.799428, 153.197953 -27.794914, 153.192877 -27.794921, 153.192885 -27.799435, 153.197961 -27.799428))",8c293a52745057c4
1038_13851,0.25,"POLYGON ((153.197953 -27.794914, 153.197945 -27.7904, 153.192869 -27.790408, 153.192877 -27.794921, 153.197953 -27.794914))",8c293a52745057c4
1038_13852,0.25,"POLYGON ((153.197945 -27.7904, 153.197937 -27.785887, 153.192862 -27.785894, 153.192869 -27.790408, 153.197945 -27.7904))",8c293a52745057c4
1038_13853,0.25,"POLYGON ((153.197937 -27.785887, 153.197929 -27.781373, 153.192854 -27.78138, 153.192862 -27.785894, 153.197937 -27.785887))",8c293a52745057c4
1038_13854,0.24841064946074767,"POLYGON ((153.197929 -27.781373, 153.19792 -27.776859, 153.192846 -27.776866, 153.192854 -27.78138, 153.197929 -27.781373))",8c293a52745057c4
1038_13855,0.2445230256634034,"POLYGON ((153.19792 -27.776859, 153.197912 -27.772345, 153.192838 -27.772352, 153.192846 -27.776866, 153.19792 -27.776859))",8c293a52745057c4
1038_13856,0.2164375720570024,"POLYGON ((153.197912 -27.772345, 153.197904 -27.767831, 153.19283 -27.767839, 153.192838 -27.772352, 153.197912 -27.772345))",8c293a52745057c4
1038_13857,0.08676616900048394,"POLYGON ((153.197904 -27.767831, 153.197896 -27.763318, 153.192822 -27.763325, 153.19283 -27.767839, 153.197904 -27.767831))",8c293a52745057c4
1038_13859,0.003920615216088602,"POLYGON ((153.197888 -27.758804, 153.19788 -27.75429, 153.192806 -27.754297, 153.192814 -27.758811, 153.197888 -27.758804))",8c293a52745057c4
1038_13860,0.02748495944563844,"POLYGON ((153.19788 -27.75429, 153.197871 -27.749776, 153.192798 -27.749784, 153.192806 -27.754297, 153.19788 -27.75429))",8c293a52745057c4
1038_13861,0.014113730836560602,"POLYGON ((153.197871 -27.749776, 153.197863 -27.745263, 153.19279 -27.74527, 153.192798 -27.749784, 153.197871 -27.749776))",8c293a52745057c4
1039_13751,0.011192979464648593,"POLYGON ((153.203877 -28.246267, 153.203869 -28.241754, 153.198772 -28.241761, 153.19878 -28.246275, 153.203877 -28.246267))",8c293a52745057c4
1039_13752,0.16553123233010453,"POLYGON ((153.203869 -28.241754, 153.20386 -28.23724, 153.198764 -28.237248, 153.198772 -28.241761, 153.203869 -28.241754))",8c293a52745057c4
1039_13753,0.22900472615686282,"POLYGON ((153.20386 -28.23724, 153.203852 -28.232727, 153.198755 -28.232734, 153.198764 -28.237248, 153.20386 -28.23724))",8c293a52745057c4
1039_13754,0.25,"POLYGON ((153.203852 -28.232727, 153.203843 -28.228214, 153.198747 -28.228221, 153.198755 -28.232734, 153.203852 -28.232727))",8c293a52745057c4
1039_13755,0.25,"POLYGON ((153.203843 -28.228214, 153.203834 -28.2237, 153.198739 -28.223708, 153.198747 -28.228221, 153.203843 -28.228214))",8c293a52745057c4
1039_13756,0.25,"POLYGON ((153.203834 -28.2237, 153.203826 -28.219187, 153.19873 -28.219194, 153.198739 -28.223708, 153.203834 -28.2237))",8c293a52745057c4
1039_13757,0.25,"POLYGON ((153.203826 -28.219187, 153.203817 -28.214673, 153.198722 -28.214681, 153.19873 -28.219194, 153.203826 -28.219187))",8c293a52745057c4
1039_13758,0.25,"POLYGON ((153.203817 -28.214673, 153.203809 -28.21016, 153.198714 -28.210167, 153.198722 -28.214681, 153.203817 -28.214673))",8c293a52745057c4
1039_13759,0.25,"POLYGON ((153.203809 -28.21016, 153.2038 -28.205646, 153.198705 -28.205654, 153.198714 -28.210167, 153.203809 -28.21016))",8c293a52745057c4
1039_13760,0.25,"POLYGON ((153.2038 -28.205646, 153.203792 -28.201133, 153.198697 -28.20114, 153.198705 -28.205654, 153.2038 -28.205646))",8c293a52745057c4
1039_13761,0.25,"POLYGON ((153.203792 -28.201133, 153.203783 -28.196619, 153.198688 -28.196627, 153.198697 -28.20114, 153.203792 -28.201133))",8c293a52745057c4
1039_13762,0.25,"POLYGON ((153.203783 -28.196619, 153.203774 -28.192106, 153.19868 -28.192113, 153.198688 -28.196627, 153.203783 -28.196619))",8c293a52745057c4
1039_13763,0.25,"POLYGON ((153.203774 -28.192106, 153.203766 -28.187592, 153.198672 -28.1876, 153.19868 -28.192113, 153.203774 -28.192106))",8c293a52745057c4
1039_13764,0.25,"POLYGON ((153.203766 -28.187592, 153.203757 -28.183079, 153.198663 -28.183086, 153.198672 -28.1876, 153.203766 -28.187592))",8c293a52745057c4
1039_13765,0.25,"POLYGON ((153.203757 -28.183079, 153.203749 -28.178565, 153.198655 -28.178573, 153.198663 -28.183086, 153.203757 -28.183079))",8c293a52745057c4
1039_13766,0.25,"POLYGON ((153.203749 -28.178565, 153.20374 -28.174052, 153.198647 -28.174059, 153.198655 -28.178573, 153.203749 -28.178565))",8c293a52745057c4
1039_13767,0.25,"POLYGON ((153.20374 -28.174052, 153.203732 -28.169538, 153.198638 -28.169546, 153.198647 -28.174059, 153.20374 -28.174052))",8c293a52745057c4
1039_13768,0.25,"POLYGON ((153.203732 -28.169538, 153.203723 -28.165025, 153.19863 -28.165032, 153.198638 -28.169546, 153.203732 -28.169538))",8c293a52745057c4
1039_13769,0.25,"POLYGON ((153.203723 -28.165025, 153.203715 -28.160511, 153.198622 -28.160519, 153.19863 -28.165032, 153.203723 -28.165025))",8c293a52745057c4
1039_13770,0.25,"POLYGON ((153.203715 -28.160511, 153.203706 -28.155998, 153.198613 -28.156005, 153.198622 -28.160519, 153.203715 -28.160511))",8c293a52745057c4
1039_13771,0.25,"POLYGON ((153.203706 -28.155998, 153.203698 -28.151484, 153.198605 -28.151492, 153.198613 -28.156005, 153.203706 -28.155998))",8c293a52745057c4
1039_13772,0.25,"POLYGON ((153.203698 -28.151484, 153.203689 -28.146971, 153.198597 -28.146978, 153.198605 -28.151492, 153.203698 -28.151484))",8c293a52745057c4
1039_13773,0.25,"POLYGON ((153.203689 -28.146971, 153.20368 -28.142457, 153.198588 -28.142465, 153.198597 -28.146978, 153.203689 -28.146971))",8c293a52745057c4
1039_13774,0.24530981771289423,"POLYGON ((153.20368 -28.142457, 153.203672 -28.137944, 153.19858 -28.137951, 153.198588 -28.142465, 153.20368 -28.142457))",8c293a52745057c4
1039_13775,0.21078346372623943,"POLYGON ((153.203672 -28.137944, 153.203663 -28.13343, 153.198572 -28.133437, 153.19858 -28.137951, 153.203672 -28.137944))",8c293a52745057c4
1039_13776,0.18059311858188923,"POLYGON ((153.203663 -28.13343, 153.203655 -28.128916, 153.198563 -28.128924, 153.198572 -28.133437, 153.203663 -28.13343))",8c293a52745057c4
1039_13777,0.17293321681507207,"POLYGON ((153.203655 -28.128916, 153.203646 -28.124403, 153.198555 -28.12441, 153.198563 -28.128924, 153.203655 -28.128916))",8c293a52745057c4
1039_13778,0.14113697899037198,"POLYGON ((153.203646 -28.124403, 153.203638 -28.119889, 153.198547 -28.119897, 153.198555 -28.12441, 153.203646 -28.124403))",8c293a52745057c4
1039_13779,0.06703839340970702,"POLYGON ((153.203638 -28.119889, 153.203629 -28.115376, 153.198539 -28.115383, 153.198547 -28.119897, 153.203638 -28.119889))",8c293a52745057c4
1039_13809,0.07907384329098611,"POLYGON ((153.203383 -27.984482, 153.203374 -27.979968, 153.19829 -27.979976, 153.198298 -27.984489, 153.203383 -27.984482))",8c293a52745057c4
1039_13810,0.019711619408361226,"POLYGON ((153.203374 -27.979968, 153.203366 -27.975455, 153.198282 -27.975462, 153.19829 -27.979976, 153.203374 -27.979968))",8c293a52745057c4
1039_13828,0.22755972704063981,"POLYGON ((153.203222 -27.898722, 153.203214 -27.894209, 153.198134 -27.894216, 153.198142 -27.89873, 153.203222 -27.898722))",8c293a52745057c4
1039_13829,0.25,"POLYGON ((153.203214 -27.894209, 153.203205 -27.889695, 153.198125 -27.889702, 153.198134 -27.894216, 153.203214 -27.894209))",8c293a52745057c4
1039_13830,0.25,"POLYGON ((153.203205 -27.889695, 153.203197 -27.885181, 153.198117 -27.885189, 153.198125 -27.889702, 153.203205 -27.889695))",8c293a52745057c4
1039_13831,0.25,"POLYGON ((153.203197 -27.885181, 153.203189 -27.880668, 153.198109 -27.880675, 153.198117 -27.885189, 153.203197 -27.885181))",8c293a52745057c4
1039_13832,0.25,"POLYGON ((153.203189 -27.880668, 153.20318 -27.876154, 153.198101 -27.876161, 153.198109 -27.880675, 153.203189 -27.880668))",8c293a52745057c4
1039_13833,0.25,"POLYGON ((153.20318 -27.876154, 153.203172 -27.87164, 153.198092 -27.871648, 153.198101 -27.876161, 153.20318 -27.876154))",8c293a52745057c4
1039_13834,0.25,"POLYGON ((153.203172 -27.87164, 153.203163 -27.867126, 153.198084 -27.867134, 153.198092 -27.871648, 153.203172 -27.87164))",8c293a52745057c4
1039_13835,0.25,"POLYGON ((153.203163 -27.867126, 153.203155 -27.862613, 153.198076 -27.86262, 153.198084 -27.867134, 153.203163 -27.867126))",8c293a52745057c4
1039_13836,0.25,"POLYGON ((153.203155 -27.862613, 153.203146 -27.858099, 153.198068 -27.858106, 153.198076 -27.86262, 153.203155 -27.862613))",8c293a52745057c4
1039_13837,0.25,"POLYGON ((153.203146 -27.858099, 153.203138 -27.853585, 153.19806 -27.853593, 153.198068 -27.858106, 153.203146 -27.858099))",8c293a52745057c4
1039_13838,0.25,"POLYGON ((153.203138 -27.853585, 153.20313 -27.849072, 153.198051 -27.849079, 153.19806 -27.853593, 153.203138 -27.853585))",8c293a52745057c4
1039_13839,0.25,"POLYGON ((153.20313 -27.849072, 153.203121 -27.844558, 153.198043 -27.844565, 153.198051 -27.849079, 153.20313 -27.849072))",8c293a52745057c4
1039_13840,0.25,"POLYGON ((153.203121 -27.844558, 153.203113 -27.840044, 153.198035 -27.840052, 153.198043 -27.844565, 153.203121 -27.844558))",8c293a52745057c4
1039_13841,0.25,"POLYGON ((153.203113 -27.840044, 153.203104 -27.83553, 153.198027 -27.835538, 153.198035 -27.840052, 153.203113 -27.840044))",8c293a52745057c4
1039_13842,0.25,"POLYGON ((153.203104 -27.83553, 153.203096 -27.831017, 153.198019 -27.831024, 153.198027 -27.835538, 153.203104 -27.83553))",8c293a52745057c4
1039_13843,0.25,"POLYGON ((153.203096 -27.831017, 153.203088 -27.826503, 153.19801 -27.82651, 153.198019 -27.831024, 153.203096 -27.831017))",8c293a52745057c4
1039_13844,0.25,"POLYGON ((153.203088 -27.826503, 153.203079 -27.821989, 153.198002 -27.821997, 153.19801 -27.82651, 153.203088 -27.826503))",8c293a52745057c4
1039_13845,0.25,"POLYGON ((153.203079 -27.821989, 153.203071 -27.817475, 153.197994 -27.817483, 153.198002 -27.821997, 153.203079 -27.821989))",8c293a52745057c4
1039_13846,0.25,"POLYGON ((153.203071 -27.817475, 153.203062 -27.812962, 153.197986 -27.812969, 153.197994 -27.817483, 153.203071 -27.817475))",8c293a52745057c4
1039_13847,0.25,"POLYGON ((153.203062 -27.812962, 153.203054 -27.808448, 153.197978 -27.808455, 153.197986 -27.812969, 153.203062 -27.812962))",8c293a52745057c4
1039_13848,0.25,"POLYGON ((153.203054 -27.808448, 153.203046 -27.803934, 153.19797 -27.803942, 153.197978 -27.808455, 153.203054 -27.808448))",8c293a52745057c4
1039_13849,0.25,"POLYGON ((153.203046 -27.803934, 153.203037 -27.79942, 153.197961 -27.799428, 153.19797 -27.803942, 153.203046 -27.803934))",8c293a52745057c4
1039_13850,0.25,"POLYGON ((153.203037 -27.79942, 153.203029 -27.794907, 153.197953 -27.794914, 153.197961 -27.799428, 153.203037 -27.79942))",8c293a52745057c4
1039_13851,0.25,"POLYGON ((153.203029 -27.794907, 153.20302 -27.790393, 153.197945 -27.7904, 153.197953 -27.794914, 153.203029 -27.794907))",8c293a52745057c4
1039_13852,0.25,"POLYGON ((153.20302 -27.790393, 153.203012 -27.785879, 153.197937 -27.785887, 153.197945 -27.7904, 153.20302 -27.790393))",8c293a52745057c4
1039_13853,0.25,"POLYGON ((153.203012 -27.785879, 153.203004 -27.781365, 153.197929 -27.781373, 153.197937 -27.785887, 153.203012 -27.785879))",8c293a52745057c4
1039_13854,0.25,"POLYGON ((153.203004 -27.781365, 153.202995 -27.776852, 153.19792 -27.776859, 153.197929 -27.781373, 153.203004 -27.781365))",8c293a52745057c4
1039_13855,0.25,"POLYGON ((153.202995 -27.776852, 153.202987 -27.772338, 153.197912 -27.772345, 153.19792 -27.776859, 153.202995 -27.776852))",8c293a52745057c4
1039_13856,0.25,"POLYGON ((153.202987 -27.772338, 153.202979 -27.767824, 153.197904 -27.767831, 153.197912 -27.772345, 153.202987 -27.772338))",8c293a52745057c4
1039_13857,0.248778440972201,"POLYGON ((153.202979 -27.767824, 153.20297 -27.76331, 153.197896 -27.763318, 153.197904 -27.767831, 153.202979 -27.767824))",8c293a52745057c4
1039_13858,0.22144060021684026,"POLYGON ((153.20297 -27.76331, 153.202962 -27.758797, 153.197888 -27.758804, 153.197896 -27.763318, 153.20297 -27.76331))",8c293a52745057c4
1039_13859,0.23115750706643684,"POLYGON ((153.202962 -27.758797, 153.202953 -27.754283, 153.19788 -27.75429, 153.197888 -27.758804, 153.202962 -27.758797))",8c293a52745057c4
1039_13860,0.25,"POLYGON ((153.202953 -27.754283, 153.202945 -27.749769, 153.197871 -27.749776, 153.19788 -27.75429, 153.202953 -27.754283))",8c293a52745057c4
1039_13861,0.24718416044673774,"POLYGON ((153.202945 -27.749769, 153.202937 -27.745255, 153.197863 -27.745263, 153.197871 -27.749776, 153.202945 -27.749769))",8c293a52745057c4
1039_13862,0.13100196774275533,"POLYGON ((153.202937 -27.745255, 153.202928 -27.740741, 153.197855 -27.740749, 153.197863 -27.745263, 153.202937 -27.745255))",8c293a52745057c4
1039_13863,0.019865568725568192,"POLYGON ((153.202928 -27.740741, 153.20292 -27.736228, 153.197847 -27.736235, 153.197855 -27.740749, 153.202928 -27.740741))",8c293a52745057c4
1040_13749,0.053084484677110126,"POLYGON ((153.208992 -28.255287, 153.208983 -28.250773, 153.203886 -28.250781, 153.203895 -28.255294, 153.208992 -28.255287))",8c293a52745057c4
1040_13750,0.090602314625036,"POLYGON ((153.208983 -28.250773, 153.208974 -28.24626, 153.203877 -28.246267, 153.203886 -28.250781, 153.208983 -28.250773))",8c293a52745057c4
1040_13751,0.19730831684494124,"POLYGON ((153.208974 -28.24626, 153.208965 -28.241746, 153.203869 -28.241754, 153.203877 -28.246267, 153.208974 -28.24626))",8c293a52745057c4
1040_13752,0.25,"POLYGON ((153.208965 -28.241746, 153.208957 -28.237233, 153.20386 -28.23724, 153.203869 -28.241754, 153.208965 -28.241746))",8c293a52745057c4
1040_13753,0.25,"POLYGON ((153.208957 -28.237233, 153.208948 -28.232719, 153.203852 -28.232727, 153.20386 -28.23724, 153.208957 -28.237233))",8c293a52745057c4
1040_13754,0.25,"POLYGON ((153.208948 -28.232719, 153.208939 -28.228206, 153.203843 -28.228214, 153.203852 -28.232727, 153.208948 -28.232719))",8c293a52745057c4
1040_13755,0.25,"POLYGON ((153.208939 -28.228206, 153.20893 -28.223692, 153.203834 -28.2237, 153.203843 -28.228214, 153.208939 -28.228206))",8c293a52745057c4
1040_13756,0.25,"POLYGON ((153.20893 -28.223692, 153.208921 -28.219179, 153.203826 -28.219187, 153.203834 -28.2237, 153.20893 -28.223692))",8c293a52745057c4
1040_13757,0.25,"POLYGON ((153.208921 -28.219179, 153.208913 -28.214665, 153.203817 -28.214673, 153.203826 -28.219187, 153.208921 -28.219179))",8c293a52745057c4
1040_13758,0.25,"POLYGON ((153.208913 -28.214665, 153.208904 -28.210152, 153.203809 -28.21016, 153.203817 -28.214673, 153.208913 -28.214665))",8c293a52745057c4
1040_13759,0.25,"POLYGON ((153.208904 -28.210152, 153.208895 -28.205638, 153.2038 -28.205646, 153.203809 -28.21016, 153.208904 -28.210152))",8c293a52745057c4
1040_13760,0.25,"POLYGON ((153.208895 -28.205638, 153.208886 -28.201125, 153.203792 -28.201133, 153.2038 -28.205646, 153.208895 -28.205638))",8c293a52745057c4
1040_13761,0.25,"POLYGON ((153.208886 -28.201125, 153.208878 -28.196611, 153.203783 -28.196619, 153.203792 -28.201133, 153.208886 -28.201125))",8c293a52745057c4
1040_13762,0.25,"POLYGON ((153.208878 -28.196611, 153.208869 -28.192098, 153.203774 -28.192106, 153.203783 -28.196619, 153.208878 -28.196611))",8c293a52745057c4
1040_13763,0.25,"POLYGON ((153.208869 -28.192098, 153.20886 -28.187584, 153.203766 -28.187592, 153.203774 -28.192106, 153.208869 -28.192098))",8c293a52745057c4
1040_13764,0.25,"POLYGON ((153.20886 -28.187584, 153.208851 -28.183071, 153.203757 -28.183079, 153.203766 -28.187592, 153.20886 -28.187584))",8c293a52745057c4
1040_13765,0.25,"POLYGON ((153.208851 -28.183071, 153.208843 -28.178558, 153.203749 -28.178565, 153.203757 -28.183079, 153.208851 -28.183071))",8c293a52745057c4
1040_13766,0.25,"POLYGON ((153.208843 -28.178558, 153.208834 -28.174044, 153.20374 -28.174052, 153.203749 -28.178565, 153.208843 -28.178558))",8c293a52745057c4
1040_13767,0.25,"POLYGON ((153.208834 -28.174044, 153.208825 -28.16953, 153.203732 -28.169538, 153.20374 -28.174052, 153.208834 -28.174044))",8c293a52745057c4
1040_13768,0.25,"POLYGON ((153.208825 -28.16953, 153.208816 -28.165017, 153.203723 -28.165025, 153.203732 -28.169538, 153.208825 -28.16953))",8c293a52745057c4
1040_13769,0.25,"POLYGON ((153.208816 -28.165017, 153.208807 -28.160503, 153.203715 -28.160511, 153.203723 -28.165025, 153.208816 -28.165017))",8c293a52745057c4
1040_13770,0.25,"POLYGON ((153.208807 -28.160503, 153.208799 -28.15599, 153.203706 -28.155998, 153.203715 -28.160511, 153.208807 -28.160503))",8c293a52745057c4
1040_13771,0.25,"POLYGON ((153.208799 -28.15599, 153.20879 -28.151476, 153.203698 -28.151484, 153.203706 -28.155998, 153.208799 -28.15599))",8c293a52745057c4
1040_13772,0.25,"POLYGON ((153.20879 -28.151476, 153.208781 -28.146963, 153.203689 -28.146971, 153.203698 -28.151484, 153.20879 -28.151476))",8c293a52745057c4
1040_13773,0.25,"POLYGON ((153.208781 -28.146963, 153.208772 -28.142449, 153.20368 -28.142457, 153.203689 -28.146971, 153.208781 -28.146963))",8c293a52745057c4
1040_13774,0.25,"POLYGON ((153.208772 -28.142449, 153.208764 -28.137936, 153.203672 -28.137944, 153.20368 -28.142457, 153.208772 -28.142449))",8c293a52745057c4
1040_13775,0.25,"POLYGON ((153.208764 -28.137936, 153.208755 -28.133422, 153.203663 -28.13343, 153.203672 -28.137944, 153.208764 -28.137936))",8c293a52745057c4
1040_13776,0.25,"POLYGON ((153.208755 -28.133422, 153.208746 -28.128909, 153.203655 -28.128916, 153.203663 -28.13343, 153.208755 -28.133422))",8c293a52745057c4
1040_13777,0.25,"POLYGON ((153.208746 -28.128909, 153.208737 -28.124395, 153.203646 -28.124403, 153.203655 -28.128916, 153.208746 -28.128909))",8c293a52745057c4
1040_13778,0.25,"POLYGON ((153.208737 -28.124395, 153.208729 -28.119882, 153.203638 -28.119889, 153.203646 -28.124403, 153.208737 -28.124395))",8c293a52745057c4
1040_13779,0.16090647524458093,"POLYGON ((153.208729 -28.119882, 153.20872 -28.115368, 153.203629 -28.115376, 153.203638 -28.119889, 153.208729 -28.119882))",8c293a52745057c4
1040_13808,0.027780218572491935,"POLYGON ((153.208476 -27.988988, 153.208467 -27.984474, 153.203383 -27.984482, 153.203391 -27.988995, 153.208476 -27.988988))",8c293a52745057c4
1040_13809,0.23970326350956314,"POLYGON ((153.208467 -27.984474, 153.208459 -27.979961, 153.203374 -27.979968, 153.203383 -27.984482, 153.208467 -27.984474))",8c293a52745057c4
1040_13810,0.069900513399158,"POLYGON ((153.208459 -27.979961, 153.20845 -27.975447, 153.203366 -27.975455, 153.203374 -27.979968, 153.208459 -27.979961))",8c293a52745057c4
1040_13816,0.018982369180174048,"POLYGON ((153.208407 -27.952879, 153.208398 -27.948365, 153.203315 -27.948373, 153.203324 -27.952886, 153.208407 -27.952879))",8c293a52745057c4
1040_13817,0.057237642125881394,"POLYGON ((153.208398 -27.948365, 153.208389 -27.943851, 153.203307 -27.943859, 153.203315 -27.948373, 153.208398 -27.948365))",8c293a52745057c4
1040_13818,0.012600594158209423,"POLYGON ((153.208389 -27.943851, 153.208381 -27.939338, 153.203298 -27.939345, 153.203307 -27.943859, 153.208389 -27.943851))",8c293a52745057c4
1040_13827,0.02164449992157634,"POLYGON ((153.208311 -27.903228, 153.208303 -27.898715, 153.203222 -27.898722, 153.203231 -27.903236, 153.208311 -27.903228))",8c293a52745057c4
1040_13828,0.2499935708753381,"POLYGON ((153.208303 -27.898715, 153.208294 -27.894201, 153.203214 -27.894209, 153.203222 -27.898722, 153.208303 -27.898715))",8c293a52745057c4
1040_13829,0.25,"POLYGON ((153.208294 -27.894201, 153.208286 -27.889687, 153.203205 -27.889695, 153.203214 -27.894209, 153.208294 -27.894201))",8c293a52745057c4
1040_13830,0.25,"POLYGON ((153.208286 -27.889687, 153.208277 -27.885174, 153.203197 -27.885181, 153.203205 -27.889695, 153.208286 -27.889687))",8c293a52745057c4
1040_13831,0.25,"POLYGON ((153.208277 -27.885174, 153.208268 -27.88066, 153.203189 -27.880668, 153.203197 -27.885181, 153.208277 -27.885174))",8c293a52745057c4
1040_13832,0.25,"POLYGON ((153.208268 -27.88066, 153.20826 -27.876146, 153.20318 -27.876154, 153.203189 -27.880668, 153.208268 -27.88066))",8c293a52745057c4
1040_13833,0.25,"POLYGON ((153.20826 -27.876146, 153.208251 -27.871633, 153.203172 -27.87164, 153.20318 -27.876154, 153.20826 -27.876146))",8c293a52745057c4
1040_13834,0.25,"POLYGON ((153.208251 -27.871633, 153.208242 -27.867119, 153.203163 -27.867126, 153.203172 -27.87164, 153.208251 -27.871633))",8c293a52745057c4
1040_13835,0.25,"POLYGON ((153.208242 -27.867119, 153.208234 -27.862605, 153.203155 -27.862613, 153.203163 -27.867126, 153.208242 -27.867119))",8c293a52745057c4
1040_13836,0.25,"POLYGON ((153.208234 -27.862605, 153.208225 -27.858091, 153.203146 -27.858099, 153.203155 -27.862613, 153.208234 -27.862605))",8c293a52745057c4
1040_13837,0.25,"POLYGON ((153.208225 -27.858091, 153.208216 -27.853578, 153.203138 -27.853585, 153.203146 -27.858099, 153.208225 -27.858091))",8c293a52745057c4
1040_13838,0.25,"POLYGON ((153.208216 -27.853578, 153.208208 -27.849064, 153.20313 -27.849072, 153.203138 -27.853585, 153.208216 -27.853578))",8c293a52745057c4
1040_13839,0.25,"POLYGON ((153.208208 -27.849064, 153.208199 -27.84455, 153.203121 -27.844558, 153.20313 -27.849072, 153.208208 -27.849064))",8c293a52745057c4
1040_13840,0.25,"POLYGON ((153.208199 -27.84455, 153.208191 -27.840037, 153.203113 -27.840044, 153.203121 -27.844558, 153.208199 -27.84455))",8c293a52745057c4
1040_13841,0.25,"POLYGON ((153.208191 -27.840037, 153.208182 -27.835523, 153.203104 -27.83553, 153.203113 -27.840044, 153.208191 -27.840037))",8c293a52745057c4
1040_13842,0.25,"POLYGON ((153.208182 -27.835523, 153.208173 -27.831009, 153.203096 -27.831017, 153.203104 -27.83553, 153.208182 -27.835523))",8c293a52745057c4
1040_13843,0.25,"POLYGON ((153.208173 -27.831009, 153.208165 -27.826495, 153.203088 -27.826503, 153.203096 -27.831017, 153.208173 -27.831009))",8c293a52745057c4
1040_13844,0.25,"POLYGON ((153.208165 -27.826495, 153.208156 -27.821982, 153.203079 -27.821989, 153.203088 -27.826503, 153.208165 -27.826495))",8c293a52745057c4
1040_13845,0.25,"POLYGON ((153.208156 -27.821982, 153.208148 -27.817468, 153.203071 -27.817475, 153.203079 -27.821989, 153.208156 -27.821982))",8c293a52745057c4
1040_13846,0.25,"POLYGON ((153.208148 -27.817468, 153.208139 -27.812954, 153.203062 -27.812962, 153.203071 -27.817475, 153.208148 -27.817468))",8c293a52745057c4
1040_13847,0.25,"POLYGON ((153.208139 -27.812954, 153.20813 -27.80844, 153.203054 -27.808448, 153.203062 -27.812962, 153.208139 -27.812954))",8c293a52745057c4
1040_13848,0.25,"POLYGON ((153.20813 -27.80844, 153.208122 -27.803927, 153.203046 -27.803934, 153.203054 -27.808448, 153.20813 -27.80844))",8c293a52745057c4
1040_13849,0.25,"POLYGON ((153.208122 -27.803927, 153.208113 -27.799413, 153.203037 -27.79942, 153.203046 -27.803934, 153.208122 -27.803927))",8c293a52745057c4
1040_13850,0.25,"POLYGON ((153.208113 -27.799413, 153.208105 -27.794899, 153.203029 -27.794907, 153.203037 -27.79942, 153.208113 -27.799413))",8c293a52745057c4
1040_13851,0.25,"POLYGON ((153.208105 -27.794899, 153.208096 -27.790385, 153.20302 -27.790393, 153.203029 -27.794907, 153.208105 -27.794899))",8c293a52745057c4
1040_13852,0.25,"POLYGON ((153.208096 -27.790385, 153.208087 -27.785872, 153.203012 -27.785879, 153.20302 -27.790393, 153.208096 -27.790385))",8c293a52745057c4
1040_13853,0.25,"POLYGON ((153.208087 -27.785872, 153.208079 -27.781358, 153.203004 -27.781365, 153.203012 -27.785879, 153.208087 -27.785872))",8c293a52745057c4
1040_13854,0.25,"POLYGON ((153.208079 -27.781358, 153.20807 -27.776844, 153.202995 -27.776852, 153.203004 -27.781365, 153.208079 -27.781358))",8c293a52745057c4
1040_13855,0.25,"POLYGON ((153.20807 -27.776844, 153.208062 -27.77233, 153.202987 -27.772338, 153.202995 -27.776852, 153.20807 -27.776844))",8c293a52745057c4
1040_13856,0.25,"POLYGON ((153.208062 -27.77233, 153.208053 -27.767817, 153.202979 -27.767824, 153.202987 -27.772338, 153.208062 -27.77233))",8c293a52745057c4
1040_13857,0.25,"POLYGON ((153.208053 -27.767817, 153.208044 -27.763303, 153.20297 -27.76331, 153.202979 -27.767824, 153.208053 -27.767817))",8c293a52745057c4
1040_13858,0.25,"POLYGON ((153.208044 -27.763303, 153.208036 -27.758789, 153.202962 -27.758797, 153.20297 -27.76331, 153.208044 -27.763303))",8c293a52745057c4
1040_13859,0.25,"POLYGON ((153.208036 -27.758789, 153.208027 -27.754275, 153.202953 -27.754283, 153.202962 -27.758797, 153.208036 -27.758789))",8c293a52745057c4
1040_13860,0.25,"POLYGON ((153.208027 -27.754275, 153.208019 -27.749761, 153.202945 -27.749769, 153.202953 -27.754283, 153.208027 -27.754275))",8c293a52745057c4
1040_13861,0.25,"POLYGON ((153.208019 -27.749761, 153.20801 -27.745248, 153.202937 -27.745255, 153.202945 -27.749769, 153.208019 -27.749761))",8c293a52745057c4
1040_13862,0.25,"POLYGON ((153.20801 -27.745248, 153.208002 -27.740734, 153.202928 -27.740741, 153.202937 -27.745255, 153.20801 -27.745248))",8c293a52745057c4
1040_13863,0.0799094851248077,"POLYGON ((153.208002 -27.740734, 153.207993 -27.73622, 153.20292 -27.736228, 153.202928 -27.740741, 153.208002 -27.740734))",8c293a52745057c4
1041_13748,0.10764783922121644,"POLYGON ((153.214098 -28.259792, 153.214089 -28.255279, 153.208992 -28.255287, 153.209001 -28.2598, 153.214098 -28.259792))",8c293a52745057c4
1041_13749,0.2478015939179176,"POLYGON ((153.214089 -28.255279, 153.21408 -28.250765, 153.208983 -28.250773, 153.208992 -28.255287, 153.214089 -28.255279))",8c293a52745057c4
1041_13750,0.25,"POLYGON ((153.21408 -28.250765, 153.214071 -28.246252, 153.208974 -28.24626, 153.208983 -28.250773, 153.21408 -28.250765))",8c293a52745057c4
1041_13751,0.25,"POLYGON ((153.214071 -28.246252, 153.214062 -28.241738, 153.208965 -28.241746, 153.208974 -28.24626, 153.214071 -28.246252))",8c293a52745057c4
1041_13752,0.25,"POLYGON ((153.214062 -28.241738, 153.214053 -28.237225, 153.208957 -28.237233, 153.208965 -28.241746, 153.214062 -28.241738))",8c293a52745057c4
1041_13753,0.25,"POLYGON ((153.214053 -28.237225, 153.214044 -28.232711, 153.208948 -28.232719, 153.208957 -28.237233, 153.214053 -28.237225))",8c293a52745057c4
1041_13754,0.25,"POLYGON ((153.214044 -28.232711, 153.214035 -28.228198, 153.208939 -28.228206, 153.208948 -28.232719, 153.214044 -28.232711))",8c293a52745057c4
1041_13755,0.25,"POLYGON ((153.214035 -28.228198, 153.214026 -28.223684, 153.20893 -28.223692, 153.208939 -28.228206, 153.214035 -28.228198))",8c293a52745057c4
1041_13756,0.25,"POLYGON ((153.214026 -28.223684, 153.214017 -28.219171, 153.208921 -28.219179, 153.20893 -28.223692, 153.214026 -28.223684))",8c293a52745057c4
1041_13757,0.25,"POLYGON ((153.214017 -28.219171, 153.214008 -28.214658, 153.208913 -28.214665, 153.208921 -28.219179, 153.214017 -28.219171))",8c293a52745057c4
1041_13758,0.25,"POLYGON ((153.214008 -28.214658, 153.213999 -28.210144, 153.208904 -28.210152, 153.208913 -28.214665, 153.214008 -28.214658))",8c293a52745057c4
1041_13759,0.25,"POLYGON ((153.213999 -28.210144, 153.21399 -28.205631, 153.208895 -28.205638, 153.208904 -28.210152, 153.213999 -28.210144))",8c293a52745057c4
1041_13760,0.25,"POLYGON ((153.21399 -28.205631, 153.213981 -28.201117, 153.208886 -28.201125, 153.208895 -28.205638, 153.21399 -28.205631))",8c293a52745057c4
1041_13761,0.25,"POLYGON ((153.213981 -28.201117, 153.213972 -28.196604, 153.208878 -28.196611, 153.208886 -28.201125, 153.213981 -28.201117))",8c293a52745057c4
1041_13762,0.25,"POLYGON ((153.213972 -28.196604, 153.213963 -28.19209, 153.208869 -28.192098, 153.208878 -28.196611, 153.213972 -28.196604))",8c293a52745057c4
1041_13763,0.25,"POLYGON ((153.213963 -28.19209, 153.213954 -28.187577, 153.20886 -28.187584, 153.208869 -28.192098, 153.213963 -28.19209))",8c293a52745057c4
1041_13764,0.25,"POLYGON ((153.213954 -28.187577, 153.213945 -28.183063, 153.208851 -28.183071, 153.20886 -28.187584, 153.213954 -28.187577))",8c293a52745057c4
1041_13765,0.25,"POLYGON ((153.213945 -28.183063, 153.213936 -28.17855, 153.208843 -28.178558, 153.208851 -28.183071, 153.213945 -28.183063))",8c293a52745057c4
1041_13766,0.25,"POLYGON ((153.213936 -28.17855, 153.213927 -28.174036, 153.208834 -28.174044, 153.208843 -28.178558, 153.213936 -28.17855))",8c293a52745057c4
1041_13767,0.25,"POLYGON ((153.213927 -28.174036, 153.213918 -28.169523, 153.208825 -28.16953, 153.208834 -28.174044, 153.213927 -28.174036))",8c293a52745057c4
1041_13768,0.25,"POLYGON ((153.213918 -28.169523, 153.213909 -28.165009, 153.208816 -28.165017, 153.208825 -28.16953, 153.213918 -28.169523))",8c293a52745057c4
1041_13769,0.25,"POLYGON ((153.213909 -28.165009, 153.2139 -28.160496, 153.208807 -28.160503, 153.208816 -28.165017, 153.213909 -28.165009))",8c293a52745057c4
1041_13770,0.25,"POLYGON ((153.2139 -28.160496, 153.213891 -28.155982, 153.208799 -28.15599, 153.208807 -28.160503, 153.2139 -28.160496))",8c293a52745057c4
1041_13771,0.25,"POLYGON ((153.213891 -28.155982, 153.213882 -28.151469, 153.20879 -28.151476, 153.208799 -28.15599, 153.213891 -28.155982))",8c293a52745057c4
1041_13772,0.25,"POLYGON ((153.213882 -28.151469, 153.213873 -28.146955, 153.208781 -28.146963, 153.20879 -28.151476, 153.213882 -28.151469))",8c293a52745057c4
1041_13773,0.25,"POLYGON ((153.213873 -28.146955, 153.213864 -28.142442, 153.208772 -28.142449, 153.208781 -28.146963, 153.213873 -28.146955))",8c293a52745057c4
1041_13774,0.25,"POLYGON ((153.213864 -28.142442, 153.213855 -28.137928, 153.208764 -28.137936, 153.208772 -28.142449, 153.213864 -28.142442))",8c293a52745057c4
1041_13775,0.25,"POLYGON ((153.213855 -28.137928, 153.213846 -28.133414, 153.208755 -28.133422, 153.208764 -28.137936, 153.213855 -28.137928))",8c293a52745057c4
1041_13776,0.25,"POLYGON ((153.213846 -28.133414, 153.213838 -28.128901, 153.208746 -28.128909, 153.208755 -28.133422, 153.213846 -28.133414))",8c293a52745057c4
1041_13777,0.25,"POLYGON ((153.213838 -28.128901, 153.213829 -28.124387, 153.208737 -28.124395, 153.208746 -28.128909, 153.213838 -28.128901))",8c293a52745057c4
1041_13778,0.25,"POLYGON ((153.213829 -28.124387, 153.21382 -28.119874, 153.208729 -28.119882, 153.208737 -28.124395, 153.213829 -28.124387))",8c293a52745057c4
1041_13779,0.15791266381311467,"POLYGON ((153.21382 -28.119874, 153.213811 -28.11536, 153.20872 -28.115368, 153.208729 -28.119882, 153.21382 -28.119874))",8c293a52745057c4
1041_13787,0.003368729905002115,"POLYGON ((153.213748 -28.083765, 153.213739 -28.079252, 153.20865 -28.07926, 153.208659 -28.083773, 153.213748 -28.083765))",8c293a52745057c4
1041_13788,0.000812240205802461,"POLYGON ((153.213739 -28.079252, 153.21373 -28.074738, 153.208641 -28.074746, 153.20865 -28.07926, 153.213739 -28.079252))",8c293a52745057c4
1041_13807,0.12018555357191622,"POLYGON ((153.21357 -27.993494, 153.213561 -27.98898, 153.208476 -27.988988, 153.208485 -27.993501, 153.21357 -27.993494))",8c293a52745057c4
1041_13808,0.22107483492223035,"POLYGON ((153.213561 -27.98898, 153.213552 -27.984466, 153.208467 -27.984474, 153.208476 -27.988988, 153.213561 -27.98898))",8c293a52745057c4
1041_13809,0.25,"POLYGON ((153.213552 -27.984466, 153.213543 -27.979953, 153.208459 -27.979961, 153.208467 -27.984474, 153.213552 -27.984466))",8c293a52745057c4
1041_13810,0.029187890083994715,"POLYGON ((153.213543 -27.979953, 153.213534 -27.975439, 153.20845 -27.975447, 153.208459 -27.979961, 153.213543 -27.979953))",8c293a52745057c4
1041_13816,0.08660219387407414,"POLYGON ((153.21349 -27.952871, 153.213481 -27.948357, 153.208398 -27.948365, 153.208407 -27.952879, 153.21349 -27.952871))",8c293a52745057c4
1041_13817,0.25,"POLYGON ((153.213481 -27.948357, 153.213472 -27.943844, 153.208389 -27.943851, 153.208398 -27.948365, 153.213481 -27.948357))",8c293a52745057c4
1041_13818,0.1972995915416993,"POLYGON ((153.213472 -27.943844, 153.213463 -27.93933, 153.208381 -27.939338, 153.208389 -27.943851, 153.213472 -27.943844))",8c293a52745057c4
1041_13819,0.09680236853199313,"POLYGON ((153.213463 -27.93933, 153.213454 -27.934816, 153.208372 -27.934824, 153.208381 -27.939338, 153.213463 -27.93933))",8c293a52745057c4
1041_13820,0.05117297001195936,"POLYGON ((153.213454 -27.934816, 153.213445 -27.930303, 153.208363 -27.93031, 153.208372 -27.934824, 153.213454 -27.934816))",8c293a52745057c4
1041_13821,0.009239531062393594,"POLYGON ((153.213445 -27.930303, 153.213436 -27.925789, 153.208355 -27.925797, 153.208363 -27.93031, 153.213445 -27.930303))",8c293a52745057c4
1041_13823,0.009981519055634984,"POLYGON ((153.213428 -27.921275, 153.213419 -27.916762, 153.208337 -27.916769, 153.208346 -27.921283, 153.213428 -27.921275))",8c293a52745057c4
1041_13824,0.011498184696915619,"POLYGON ((153.213419 -27.916762, 153.21341 -27.912248, 153.208329 -27.912256, 153.208337 -27.916769, 153.213419 -27.916762))",8c293a52745057c4
1041_13827,0.10097529720778851,"POLYGON ((153.213392 -27.903221, 153.213383 -27.898707, 153.208303 -27.898715, 153.208311 -27.903228, 153.213392 -27.903221))",8c293a52745057c4
1041_13828,0.25,"POLYGON ((153.213383 -27.898707, 153.213374 -27.894193, 153.208294 -27.894201, 153.208303 -27.898715, 153.213383 -27.898707))",8c293a52745057c4
1041_13829,0.25,"POLYGON ((153.213374 -27.894193, 153.213366 -27.88968, 153.208286 -27.889687, 153.208294 -27.894201, 153.213374 -27.894193))",8c293a52745057c4
1041_13830,0.25,"POLYGON ((153.213366 -27.88968, 153.213357 -27.885166, 153.208277 -27.885174, 153.208286 -27.889687, 153.213366 -27.88968))",8c293a52745057c4
1041_13831,0.25,"POLYGON ((153.213357 -27.885166, 153.213348 -27.880652, 153.208268 -27.88066, 153.208277 -27.885174, 153.213357 -27.885166))",8c293a52745057c4
1041_13832,0.25,"POLYGON ((153.213348 -27.880652, 153.213339 -27.876138, 153.20826 -27.876146, 153.208268 -27.88066, 153.213348 -27.880652))",8c293a52745057c4
1041_13833,0.25,"POLYGON ((153.213339 -27.876138, 153.21333 -27.871625, 153.208251 -27.871633, 153.20826 -27.876146, 153.213339 -27.876138))",8c293a52745057c4
1041_13834,0.25,"POLYGON ((153.21333 -27.871625, 153.213321 -27.867111, 153.208242 -27.867119, 153.208251 -27.871633, 153.21333 -27.871625))",8c293a52745057c4
1041_13835,0.25,"POLYGON ((153.213321 -27.867111, 153.213313 -27.862597, 153.208234 -27.862605, 153.208242 -27.867119, 153.213321 -27.867111))",8c293a52745057c4
1041_13836,0.25,"POLYGON ((153.213313 -27.862597, 153.213304 -27.858084, 153.208225 -27.858091, 153.208234 -27.862605, 153.213313 -27.862597))",8c293a52745057c4
1041_13837,0.25,"POLYGON ((153.213304 -27.858084, 153.213295 -27.85357, 153.208216 -27.853578, 153.208225 -27.858091, 153.213304 -27.858084))",8c293a52745057c4
1041_13838,0.25,"POLYGON ((153.213295 -27.85357, 153.213286 -27.849056, 153.208208 -27.849064, 153.208216 -27.853578, 153.213295 -27.85357))",8c293a52745057c4
1041_13839,0.25,"POLYGON ((153.213286 -27.849056, 153.213277 -27.844543, 153.208199 -27.84455, 153.208208 -27.849064, 153.213286 -27.849056))",8c293a52745057c4
1041_13840,0.25,"POLYGON ((153.213277 -27.844543, 153.213268 -27.840029, 153.208191 -27.840037, 153.208199 -27.84455, 153.213277 -27.844543))",8c293a52745057c4
1041_13841,0.25,"POLYGON ((153.213268 -27.840029, 153.21326 -27.835515, 153.208182 -27.835523, 153.208191 -27.840037, 153.213268 -27.840029))",8c293a52745057c4
1041_13842,0.25,"POLYGON ((153.21326 -27.835515, 153.213251 -27.831001, 153.208173 -27.831009, 153.208182 -27.835523, 153.21326 -27.835515))",8c293a52745057c4
1041_13843,0.25,"POLYGON ((153.213251 -27.831001, 153.213242 -27.826488, 153.208165 -27.826495, 153.208173 -27.831009, 153.213251 -27.831001))",8c293a52745057c4
1041_13844,0.25,"POLYGON ((153.213242 -27.826488, 153.213233 -27.821974, 153.208156 -27.821982, 153.208165 -27.826495, 153.213242 -27.826488))",8c293a52745057c4
1041_13845,0.25,"POLYGON ((153.213233 -27.821974, 153.213224 -27.81746, 153.208148 -27.817468, 153.208156 -27.821982, 153.213233 -27.821974))",8c293a52745057c4
1041_13846,0.25,"POLYGON ((153.213224 -27.81746, 153.213215 -27.812946, 153.208139 -27.812954, 153.208148 -27.817468, 153.213224 -27.81746))",8c293a52745057c4
1041_13847,0.25,"POLYGON ((153.213215 -27.812946, 153.213207 -27.808433, 153.20813 -27.80844, 153.208139 -27.812954, 153.213215 -27.812946))",8c293a52745057c4
1041_13848,0.25,"POLYGON ((153.213207 -27.808433, 153.213198 -27.803919, 153.208122 -27.803927, 153.20813 -27.80844, 153.213207 -27.808433))",8c293a52745057c4
1041_13849,0.25,"POLYGON ((153.213198 -27.803919, 153.213189 -27.799405, 153.208113 -27.799413, 153.208122 -27.803927, 153.213198 -27.803919))",8c293a52745057c4
1041_13850,0.25,"POLYGON ((153.213189 -27.799405, 153.21318 -27.794891, 153.208105 -27.794899, 153.208113 -27.799413, 153.213189 -27.799405))",8c293a52745057c4
1041_13851,0.25,"POLYGON ((153.21318 -27.794891, 153.213171 -27.790378, 153.208096 -27.790385, 153.208105 -27.794899, 153.21318 -27.794891))",8c293a52745057c4
1041_13852,0.25,"POLYGON ((153.213171 -27.790378, 153.213163 -27.785864, 153.208087 -27.785872, 153.208096 -27.790385, 153.213171 -27.790378))",8c293a52745057c4
1041_13853,0.25,"POLYGON ((153.213163 -27.785864, 153.213154 -27.78135, 153.208079 -27.781358, 153.208087 -27.785872, 153.213163 -27.785864))",8c293a52745057c4
1041_13854,0.25,"POLYGON ((153.213154 -27.78135, 153.213145 -27.776836, 153.20807 -27.776844, 153.208079 -27.781358, 153.213154 -27.78135))",8c293a52745057c4
1041_13855,0.25,"POLYGON ((153.213145 -27.776836, 153.213136 -27.772323, 153.208062 -27.77233, 153.20807 -27.776844, 153.213145 -27.776836))",8c293a52745057c4
1041_13856,0.25,"POLYGON ((153.213136 -27.772323, 153.213127 -27.767809, 153.208053 -27.767817, 153.208062 -27.77233, 153.213136 -27.772323))",8c293a52745057c4
1041_13857,0.25,"POLYGON ((153.213127 -27.767809, 153.213119 -27.763295, 153.208044 -27.763303, 153.208053 -27.767817, 153.213127 -27.767809))",8c293a52745057c4
1041_13858,0.25,"POLYGON ((153.213119 -27.763295, 153.21311 -27.758781, 153.208036 -27.758789, 153.208044 -27.763303, 153.213119 -27.763295))",8c293a52745057c4
1041_13859,0.25,"POLYGON ((153.21311 -27.758781, 153.213101 -27.754268, 153.208027 -27.754275, 153.208036 -27.758789, 153.21311 -27.758781))",8c293a52745057c4
1041_13860,0.25,"POLYGON ((153.213101 -27.754268, 153.213092 -27.749754, 153.208019 -27.749761, 153.208027 -27.754275, 153.213101 -27.754268))",8c293a52745057c4
1041_13861,0.25,"POLYGON ((153.213092 -27.749754, 153.213083 -27.74524, 153.20801 -27.745248, 153.208019 -27.749761, 153.213092 -27.749754))",8c293a52745057c4
1041_13862,0.25,"POLYGON ((153.213083 -27.74524, 153.213075 -27.740726, 153.208002 -27.740734, 153.20801 -27.745248, 153.213083 -27.74524))",8c293a52745057c4
1041_13863,0.07995317389062663,"POLYGON ((153.213075 -27.740726, 153.213066 -27.736212, 153.207993 -27.73622, 153.208002 -27.740734, 153.213075 -27.740726))",8c293a52745057c4
1041_13868,0.00234269818689065,"POLYGON ((153.213031 -27.718157, 153.213022 -27.713643, 153.20795 -27.713651, 153.207959 -27.718165, 153.213031 -27.718157))",8c293a52745057c4
1042_13747,0.09565376571559626,"POLYGON ((153.219205 -28.264298, 153.219196 -28.259784, 153.214098 -28.259792, 153.214107 -28.264306, 153.219205 -28.264298))",8c293a52745057c4
1042_13748,0.24965304531484425,"POLYGON ((153.219196 -28.259784, 153.219187 -28.255271, 153.214089 -28.255279, 153.214098 -28.259792, 153.219196 -28.259784))",8c293a52745057c4
1042_13749,0.25,"POLYGON ((153.219187 -28.255271, 153.219177 -28.250757, 153.21408 -28.250765, 153.214089 -28.255279, 153.219187 -28.255271))",8c293a52745057c4
1042_13750,0.25,"POLYGON ((153.219177 -28.250757, 153.219168 -28.246244, 153.214071 -28.246252, 153.21408 -28.250765, 153.219177 -28.250757))",8c293a52745057c4
1042_13751,0.25,"POLYGON ((153.219168 -28.246244, 153.219159 -28.24173, 153.214062 -28.241738, 153.214071 -28.246252, 153.219168 -28.246244))",8c293a52745057c4
1042_13752,0.25,"POLYGON ((153.219159 -28.24173, 153.21915 -28.237217, 153.214053 -28.237225, 153.214062 -28.241738, 153.219159 -28.24173))",8c293a52745057c4
1042_13753,0.25,"POLYGON ((153.21915 -28.237217, 153.21914 -28.232703, 153.214044 -28.232711, 153.214053 -28.237225, 153.21915 -28.237217))",8c293a52745057c4
1042_13754,0.25,"POLYGON ((153.21914 -28.232703, 153.219131 -28.22819, 153.214035 -28.228198, 153.214044 -28.232711, 153.21914 -28.232703))",8c293a52745057c4
1042_13755,0.25,"POLYGON ((153.219131 -28.22819, 153.219122 -28.223676, 153.214026 -28.223684, 153.214035 -28.228198, 153.219131 -28.22819))",8c293a52745057c4
1042_13756,0.25,"POLYGON ((153.219122 -28.223676, 153.219113 -28.219163, 153.214017 -28.219171, 153.214026 -28.223684, 153.219122 -28.223676))",8c293a52745057c4
1042_13757,0.25,"POLYGON ((153.219113 -28.219163, 153.219104 -28.214649, 153.214008 -28.214658, 153.214017 -28.219171, 153.219113 -28.219163))",8c293a52745057c4
1042_13758,0.25,"POLYGON ((153.219104 -28.214649, 153.219094 -28.210136, 153.213999 -28.210144, 153.214008 -28.214658, 153.219104 -28.214649))",8c293a52745057c4
1042_13759,0.25,"POLYGON ((153.219094 -28.210136, 153.219085 -28.205623, 153.21399 -28.205631, 153.213999 -28.210144, 153.219094 -28.210136))",8c293a52745057c4
1042_13760,0.25,"POLYGON ((153.219085 -28.205623, 153.219076 -28.201109, 153.213981 -28.201117, 153.21399 -28.205631, 153.219085 -28.205623))",8c293a52745057c4
1042_13761,0.25,"POLYGON ((153.219076 -28.201109, 153.219067 -28.196596, 153.213972 -28.196604, 153.213981 -28.201117, 153.219076 -28.201109))",8c293a52745057c4
1042_13762,0.25,"POLYGON ((153.219067 -28.196596, 153.219057 -28.192082, 153.213963 -28.19209, 153.213972 -28.196604, 153.219067 -28.196596))",8c293a52745057c4
1042_13763,0.25,"POLYGON ((153.219057 -28.192082, 153.219048 -28.187569, 153.213954 -28.187577, 153.213963 -28.19209, 153.219057 -28.192082))",8c293a52745057c4
1042_13764,0.25,"POLYGON ((153.219048 -28.187569, 153.219039 -28.183055, 153.213945 -28.183063, 153.213954 -28.187577, 153.219048 -28.187569))",8c293a52745057c4
1042_13765,0.25,"POLYGON ((153.219039 -28.183055, 153.21903 -28.178542, 153.213936 -28.17855, 153.213945 -28.183063, 153.219039 -28.183055))",8c293a52745057c4
1042_13766,0.25,"POLYGON ((153.21903 -28.178542, 153.219021 -28.174028, 153.213927 -28.174036, 153.213936 -28.17855, 153.21903 -28.178542))",8c293a52745057c4
1042_13767,0.25,"POLYGON ((153.219021 -28.174028, 153.219011 -28.169515, 153.213918 -28.169523, 153.213927 -28.174036, 153.219021 -28.174028))",8c293a52745057c4
1042_13768,0.25,"POLYGON ((153.219011 -28.169515, 153.219002 -28.165001, 153.213909 -28.165009, 153.213918 -28.169523, 153.219011 -28.169515))",8c293a52745057c4
1042_13769,0.25,"POLYGON ((153.219002 -28.165001, 153.218993 -28.160488, 153.2139 -28.160496, 153.213909 -28.165009, 153.219002 -28.165001))",8c293a52745057c4
1042_13770,0.25,"POLYGON ((153.218993 -28.160488, 153.218984 -28.155974, 153.213891 -28.155982, 153.2139 -28.160496, 153.218993 -28.160488))",8c293a52745057c4
1042_13771,0.25,"POLYGON ((153.218984 -28.155974, 153.218975 -28.151461, 153.213882 -28.151469, 153.213891 -28.155982, 153.218984 -28.155974))",8c293a52745057c4
1042_13772,0.25,"POLYGON ((153.218975 -28.151461, 153.218966 -28.146947, 153.213873 -28.146955, 153.213882 -28.151469, 153.218975 -28.151461))",8c293a52745057c4
1042_13773,0.25,"POLYGON ((153.218966 -28.146947, 153.218956 -28.142434, 153.213864 -28.142442, 153.213873 -28.146955, 153.218966 -28.146947))",8c293a52745057c4
1042_13774,0.25,"POLYGON ((153.218956 -28.142434, 153.218947 -28.13792, 153.213855 -28.137928, 153.213864 -28.142442, 153.218956 -28.142434))",8c293a52745057c4
1042_13775,0.25,"POLYGON ((153.218947 -28.13792, 153.218938 -28.133406, 153.213846 -28.133414, 153.213855 -28.137928, 153.218947 -28.13792))",8c293a52745057c4
1042_13776,0.25,"POLYGON ((153.218938 -28.133406, 153.218929 -28.128893, 153.213838 -28.128901, 153.213846 -28.133414, 153.218938 -28.133406))",8c293a52745057c4
1042_13777,0.25,"POLYGON ((153.218929 -28.128893, 153.21892 -28.124379, 153.213829 -28.124387, 153.213838 -28.128901, 153.218929 -28.128893))",8c293a52745057c4
1042_13778,0.25,"POLYGON ((153.21892 -28.124379, 153.218911 -28.119866, 153.21382 -28.119874, 153.213829 -28.124387, 153.21892 -28.124379))",8c293a52745057c4
1042_13779,0.2400233134587768,"POLYGON ((153.218911 -28.119866, 153.218901 -28.115352, 153.213811 -28.11536, 153.21382 -28.119874, 153.218911 -28.119866))",8c293a52745057c4
1042_13780,0.19878637627144063,"POLYGON ((153.218901 -28.115352, 153.218892 -28.110839, 153.213802 -28.110847, 153.213811 -28.11536, 153.218901 -28.115352))",8c293a52745057c4
1042_13781,0.07580068031056043,"POLYGON ((153.218892 -28.110839, 153.218883 -28.106325, 153.213793 -28.106333, 153.213802 -28.110847, 153.218892 -28.110839))",8c293a52745057c4
1042_13787,0.08478426746733113,"POLYGON ((153.218837 -28.083757, 153.218828 -28.079244, 153.213739 -28.079252, 153.213748 -28.083765, 153.218837 -28.083757))",8c293a52745057c4
1042_13788,0.23592411041346953,"POLYGON ((153.218828 -28.079244, 153.218819 -28.07473, 153.21373 -28.074738, 153.213739 -28.079252, 153.218828 -28.079244))",8c293a52745057c4
1042_13789,0.1934276986248284,"POLYGON ((153.218819 -28.07473, 153.21881 -28.070217, 153.213721 -28.070225, 153.21373 -28.074738, 153.218819 -28.07473))",8c293a52745057c4
1042_13790,0.145486467225749,"POLYGON ((153.21881 -28.070217, 153.218801 -28.065703, 153.213712 -28.065711, 153.213721 -28.070225, 153.21881 -28.070217))",8c293a52745057c4
1042_13791,5.9222950507283575e-05,"POLYGON ((153.218801 -28.065703, 153.218792 -28.06119, 153.213703 -28.061198, 153.213712 -28.065711, 153.218801 -28.065703))",8c293a52745057c4
1042_13792,0.016979579612540138,"POLYGON ((153.218792 -28.06119, 153.218782 -28.056676, 153.213694 -28.056684, 153.213703 -28.061198, 153.218792 -28.06119))",8c293a52745057c4
1042_13803,0.012294767721988583,"POLYGON ((153.218691 -28.01154, 153.218682 -28.007027, 153.213596 -28.007035, 153.213605 -28.011548, 153.218691 -28.01154))",8c293a52745057c4
1042_13804,0.011542436911134636,"POLYGON ((153.218682 -28.007027, 153.218673 -28.002513, 153.213587 -28.002521, 153.213596 -28.007035, 153.218682 -28.007027))",8c293a52745057c4
1042_13806,0.014256454758884929,"POLYGON ((153.218664 -27.997999, 153.218655 -27.993486, 153.21357 -27.993494, 153.213579 -27.998007, 153.218664 -27.997999))",8c293a52745057c4
1042_13807,0.24945031730198508,"POLYGON ((153.218655 -27.993486, 153.218646 -27.988972, 153.213561 -27.98898, 153.21357 -27.993494, 153.218655 -27.993486))",8c293a52745057c4
1042_13808,0.25,"POLYGON ((153.218646 -27.988972, 153.218636 -27.984458, 153.213552 -27.984466, 153.213561 -27.98898, 153.218646 -27.988972))",8c293a52745057c4
1042_13809,0.23586888968860592,"POLYGON ((153.218636 -27.984458, 153.218627 -27.979945, 153.213543 -27.979953, 153.213552 -27.984466, 153.218636 -27.984458))",8c293a52745057c4
1042_13810,0.0009414639028591194,"POLYGON ((153.218627 -27.979945, 153.218618 -27.975431, 153.213534 -27.975439, 153.213543 -27.979953, 153.218627 -27.979945))",8c293a52745057c4
1042_13816,0.13189948332356288,"POLYGON ((153.218573 -27.952863, 153.218564 -27.948349, 153.213481 -27.948357, 153.21349 -27.952871, 153.218573 -27.952863))",8c293a52745057c4
1042_13817,0.25,"POLYGON ((153.218564 -27.948349, 153.218555 -27.943836, 153.213472 -27.943844, 153.213481 -27.948357, 153.218564 -27.948349))",8c293a52745057c4
1042_13818,0.25,"POLYGON ((153.218555 -27.943836, 153.218546 -27.939322, 153.213463 -27.93933, 153.213472 -27.943844, 153.218555 -27.943836))",8c293a52745057c4
1042_13819,0.25,"POLYGON ((153.218546 -27.939322, 153.218536 -27.934808, 153.213454 -27.934816, 153.213463 -27.93933, 153.218546 -27.939322))",8c293a52745057c4
1042_13820,0.25,"POLYGON ((153.218536 -27.934808, 153.218527 -27.930295, 153.213445 -27.930303, 153.213454 -27.934816, 153.218536 -27.934808))",8c293a52745057c4
1042_13821,0.24543824968078104,"POLYGON ((153.218527 -27.930295, 153.218518 -27.925781, 153.213436 -27.925789, 153.213445 -27.930303, 153.218527 -27.930295))",8c293a52745057c4
1042_13822,0.15747565390387325,"POLYGON ((153.218518 -27.925781, 153.218509 -27.921267, 153.213428 -27.921275, 153.213436 -27.925789, 153.218518 -27.925781))",8c293a52745057c4
1042_13823,0.22283723189147103,"POLYGON ((153.218509 -27.921267, 153.2185 -27.916754, 153.213419 -27.916762, 153.213428 -27.921275, 153.218509 -27.921267))",8c293a52745057c4
1042_13824,0.2485125165943215,"POLYGON ((153.2185 -27.916754, 153.218491 -27.91224, 153.21341 -27.912248, 153.213419 -27.916762, 153.2185 -27.916754))",8c293a52745057c4
1042_13825,0.21749646318122198,"POLYGON ((153.218491 -27.91224, 153.218482 -27.907726, 153.213401 -27.907734, 153.21341 -27.912248, 153.218491 -27.91224))",8c293a52745057c4
1042_13826,0.17498228640071464,"POLYGON ((153.218482 -27.907726, 153.218473 -27.903213, 153.213392 -27.903221, 153.213401 -27.907734, 153.218482 -27.907726))",8c293a52745057c4
1042_13827,0.23594625847485462,"POLYGON ((153.218473 -27.903213, 153.218464 -27.898699, 153.213383 -27.898707, 153.213392 -27.903221, 153.218473 -27.903213))",8c293a52745057c4
1042_13828,0.25,"POLYGON ((153.218464 -27.898699, 153.218455 -27.894185, 153.213374 -27.894193, 153.213383 -27.898707, 153.218464 -27.898699))",8c293a52745057c4
1042_13829,0.25,"POLYGON ((153.218455 -27.894185, 153.218446 -27.889672, 153.213366 -27.88968, 153.213374 -27.894193, 153.218455 -27.894185))",8c293a52745057c4
1042_13830,0.25,"POLYGON ((153.218446 -27.889672, 153.218437 -27.885158, 153.213357 -27.885166, 153.213366 -27.88968, 153.218446 -27.889672))",8c293a52745057c4
1042_13831,0.25,"POLYGON ((153.218437 -27.885158, 153.218428 -27.880644, 153.213348 -27.880652, 153.213357 -27.885166, 153.218437 -27.885158))",8c293a52745057c4
1042_13832,0.25,"POLYGON ((153.218428 -27.880644, 153.218419 -27.876131, 153.213339 -27.876138, 153.213348 -27.880652, 153.218428 -27.880644))",8c293a52745057c4
1042_13833,0.25,"POLYGON ((153.218419 -27.876131, 153.21841 -27.871617, 153.21333 -27.871625, 153.213339 -27.876138, 153.218419 -27.876131))",8c293a52745057c4
1042_13834,0.25,"POLYGON ((153.21841 -27.871617, 153.2184 -27.867103, 153.213321 -27.867111, 153.21333 -27.871625, 153.21841 -27.871617))",8c293a52745057c4
1042_13835,0.25,"POLYGON ((153.2184 -27.867103, 153.218391 -27.862589, 153.213313 -27.862597, 153.213321 -27.867111, 153.2184 -27.867103))",8c293a52745057c4
1042_13836,0.25,"POLYGON ((153.218391 -27.862589, 153.218382 -27.858076, 153.213304 -27.858084, 153.213313 -27.862597, 153.218391 -27.862589))",8c293a52745057c4
1042_13837,0.25,"POLYGON ((153.218382 -27.858076, 153.218373 -27.853562, 153.213295 -27.85357, 153.213304 -27.858084, 153.218382 -27.858076))",8c293a52745057c4
1042_13838,0.25,"POLYGON ((153.218373 -27.853562, 153.218364 -27.849048, 153.213286 -27.849056, 153.213295 -27.85357, 153.218373 -27.853562))",8c293a52745057c4
1042_13839,0.25,"POLYGON ((153.218364 -27.849048, 153.218355 -27.844535, 153.213277 -27.844543, 153.213286 -27.849056, 153.218364 -27.849048))",8c293a52745057c4
1042_13840,0.25,"POLYGON ((153.218355 -27.844535, 153.218346 -27.840021, 153.213268 -27.840029, 153.213277 -27.844543, 153.218355 -27.844535))",8c293a52745057c4
1042_13841,0.25,"POLYGON ((153.218346 -27.840021, 153.218337 -27.835507, 153.21326 -27.835515, 153.213268 -27.840029, 153.218346 -27.840021))",8c293a52745057c4
1042_13842,0.25,"POLYGON ((153.218337 -27.835507, 153.218328 -27.830993, 153.213251 -27.831001, 153.21326 -27.835515, 153.218337 -27.835507))",8c293a52745057c4
1042_13843,0.25,"POLYGON ((153.218328 -27.830993, 153.218319 -27.82648, 153.213242 -27.826488, 153.213251 -27.831001, 153.218328 -27.830993))",8c293a52745057c4
1042_13844,0.25,"POLYGON ((153.218319 -27.82648, 153.21831 -27.821966, 153.213233 -27.821974, 153.213242 -27.826488, 153.218319 -27.82648))",8c293a52745057c4
1042_13845,0.25,"POLYGON ((153.21831 -27.821966, 153.218301 -27.817452, 153.213224 -27.81746, 153.213233 -27.821974, 153.21831 -27.821966))",8c293a52745057c4
1042_13846,0.25,"POLYGON ((153.218301 -27.817452, 153.218292 -27.812938, 153.213215 -27.812946, 153.213224 -27.81746, 153.218301 -27.817452))",8c293a52745057c4
1042_13847,0.25,"POLYGON ((153.218292 -27.812938, 153.218283 -27.808425, 153.213207 -27.808433, 153.213215 -27.812946, 153.218292 -27.812938))",8c293a52745057c4
1042_13848,0.25,"POLYGON ((153.218283 -27.808425, 153.218274 -27.803911, 153.213198 -27.803919, 153.213207 -27.808433, 153.218283 -27.808425))",8c293a52745057c4
1042_13849,0.25,"POLYGON ((153.218274 -27.803911, 153.218265 -27.799397, 153.213189 -27.799405, 153.213198 -27.803919, 153.218274 -27.803911))",8c293a52745057c4
1042_13850,0.25,"POLYGON ((153.218265 -27.799397, 153.218256 -27.794884, 153.21318 -27.794891, 153.213189 -27.799405, 153.218265 -27.799397))",8c293a52745057c4
1042_13851,0.25,"POLYGON ((153.218256 -27.794884, 153.218247 -27.79037, 153.213171 -27.790378, 153.21318 -27.794891, 153.218256 -27.794884))",8c293a52745057c4
1042_13852,0.25,"POLYGON ((153.218247 -27.79037, 153.218238 -27.785856, 153.213163 -27.785864, 153.213171 -27.790378, 153.218247 -27.79037))",8c293a52745057c4
1042_13853,0.25,"POLYGON ((153.218238 -27.785856, 153.218229 -27.781342, 153.213154 -27.78135, 153.213163 -27.785864, 153.218238 -27.785856))",8c293a52745057c4
1042_13854,0.25,"POLYGON ((153.218229 -27.781342, 153.21822 -27.776828, 153.213145 -27.776836, 153.213154 -27.78135, 153.218229 -27.781342))",8c293a52745057c4
1042_13855,0.25,"POLYGON ((153.21822 -27.776828, 153.218211 -27.772315, 153.213136 -27.772323, 153.213145 -27.776836, 153.21822 -27.776828))",8c293a52745057c4
1042_13856,0.25,"POLYGON ((153.218211 -27.772315, 153.218202 -27.767801, 153.213127 -27.767809, 153.213136 -27.772323, 153.218211 -27.772315))",8c293a52745057c4
1042_13857,0.25,"POLYGON ((153.218202 -27.767801, 153.218193 -27.763287, 153.213119 -27.763295, 153.213127 -27.767809, 153.218202 -27.767801))",8c293a52745057c4
1042_13858,0.25,"POLYGON ((153.218193 -27.763287, 153.218184 -27.758773, 153.21311 -27.758781, 153.213119 -27.763295, 153.218193 -27.763287))",8c293a52745057c4
1042_13859,0.25,"POLYGON ((153.218184 -27.758773, 153.218175 -27.75426, 153.213101 -27.754268, 153.21311 -27.758781, 153.218184 -27.758773))",8c293a52745057c4
1042_13860,0.25,"POLYGON ((153.218175 -27.75426, 153.218166 -27.749746, 153.213092 -27.749754, 153.213101 -27.754268, 153.218175 -27.75426))",8c293a52745057c4
1042_13861,0.25,"POLYGON ((153.218166 -27.749746, 153.218157 -27.745232, 153.213083 -27.74524, 153.213092 -27.749754, 153.218166 -27.749746))",8c293a52745057c4
1042_13862,0.25,"POLYGON ((153.218157 -27.745232, 153.218148 -27.740718, 153.213075 -27.740726, 153.213083 -27.74524, 153.218157 -27.745232))",8c293a52745057c4
1042_13863,0.15553391190335775,"POLYGON ((153.218148 -27.740718, 153.218139 -27.736205, 153.213066 -27.736212, 153.213075 -27.740726, 153.218148 -27.740718))",8c293a52745057c4
1042_13865,0.034583248076762524,"POLYGON ((153.21813 -27.731691, 153.218121 -27.727177, 153.213048 -27.727185, 153.213057 -27.731699, 153.21813 -27.731691))",8c293a52745057c4
1042_13866,0.0033969871839941716,"POLYGON ((153.218121 -27.727177, 153.218112 -27.722663, 153.21304 -27.722671, 153.213048 -27.727185, 153.218121 -27.727177))",8c293a52745057c4
1042_13867,0.0036132406900646796,"POLYGON ((153.218112 -27.722663, 153.218103 -27.718149, 153.213031 -27.718157, 153.21304 -27.722671, 153.218112 -27.722663))",8c293a52745057c4
1042_13868,0.18390129700649613,"POLYGON ((153.218103 -27.718149, 153.218094 -27.713636, 153.213022 -27.713643, 153.213031 -27.718157, 153.218103 -27.718149))",8c293a52745057c4
1043_13747,0.20406816261517258,"POLYGON ((153.224303 -28.264289, 153.224293 -28.259776, 153.219196 -28.259784, 153.219205 -28.264298, 153.224303 -28.264289))",8c293a52745057c4
1043_13748,0.25,"POLYGON ((153.224293 -28.259776, 153.224284 -28.255262, 153.219187 -28.255271, 153.219196 -28.259784, 153.224293 -28.259776))",8c293a52745057c4
1043_13749,0.25,"POLYGON ((153.224284 -28.255262, 153.224274 -28.250749, 153.219177 -28.250757, 153.219187 -28.255271, 153.224284 -28.255262))",8c293a52745057c4
1043_13750,0.25,"POLYGON ((153.224274 -28.250749, 153.224265 -28.246235, 153.219168 -28.246244, 153.219177 -28.250757, 153.224274 -28.250749))",8c293a52745057c4
1043_13751,0.25,"POLYGON ((153.224265 -28.246235, 153.224256 -28.241722, 153.219159 -28.24173, 153.219168 -28.246244, 153.224265 -28.246235))",8c293a52745057c4
1043_13752,0.25,"POLYGON ((153.224256 -28.241722, 153.224246 -28.237209, 153.21915 -28.237217, 153.219159 -28.24173, 153.224256 -28.241722))",8c293a52745057c4
1043_13753,0.25,"POLYGON ((153.224246 -28.237209, 153.224237 -28.232695, 153.21914 -28.232703, 153.21915 -28.237217, 153.224246 -28.237209))",8c293a52745057c4
1043_13754,0.25,"POLYGON ((153.224237 -28.232695, 153.224227 -28.228182, 153.219131 -28.22819, 153.21914 -28.232703, 153.224237 -28.232695))",8c293a52745057c4
1043_13755,0.25,"POLYGON ((153.224227 -28.228182, 153.224218 -28.223668, 153.219122 -28.223676, 153.219131 -28.22819, 153.224227 -28.228182))",8c293a52745057c4
1043_13756,0.25,"POLYGON ((153.224218 -28.223668, 153.224208 -28.219155, 153.219113 -28.219163, 153.219122 -28.223676, 153.224218 -28.223668))",8c293a52745057c4
1043_13757,0.25,"POLYGON ((153.224208 -28.219155, 153.224199 -28.214641, 153.219104 -28.214649, 153.219113 -28.219163, 153.224208 -28.219155))",8c293a52745057c4
1043_13758,0.25,"POLYGON ((153.224199 -28.214641, 153.224189 -28.210128, 153.219094 -28.210136, 153.219104 -28.214649, 153.224199 -28.214641))",8c293a52745057c4
1043_13759,0.25,"POLYGON ((153.224189 -28.210128, 153.22418 -28.205614, 153.219085 -28.205623, 153.219094 -28.210136, 153.224189 -28.210128))",8c293a52745057c4
1043_13760,0.25,"POLYGON ((153.22418 -28.205614, 153.224171 -28.201101, 153.219076 -28.201109, 153.219085 -28.205623, 153.22418 -28.205614))",8c293a52745057c4
1043_13761,0.25,"POLYGON ((153.224171 -28.201101, 153.224161 -28.196587, 153.219067 -28.196596, 153.219076 -28.201109, 153.224171 -28.201101))",8c293a52745057c4
1043_13762,0.25,"POLYGON ((153.224161 -28.196587, 153.224152 -28.192074, 153.219057 -28.192082, 153.219067 -28.196596, 153.224161 -28.196587))",8c293a52745057c4
1043_13763,0.25,"POLYGON ((153.224152 -28.192074, 153.224142 -28.18756, 153.219048 -28.187569, 153.219057 -28.192082, 153.224152 -28.192074))",8c293a52745057c4
1043_13764,0.25,"POLYGON ((153.224142 -28.18756, 153.224133 -28.183047, 153.219039 -28.183055, 153.219048 -28.187569, 153.224142 -28.18756))",8c293a52745057c4
1043_13765,0.25,"POLYGON ((153.224133 -28.183047, 153.224124 -28.178533, 153.21903 -28.178542, 153.219039 -28.183055, 153.224133 -28.183047))",8c293a52745057c4
1043_13766,0.25,"POLYGON ((153.224124 -28.178533, 153.224114 -28.17402, 153.219021 -28.174028, 153.21903 -28.178542, 153.224124 -28.178533))",8c293a52745057c4
1043_13767,0.25,"POLYGON ((153.224114 -28.17402, 153.224105 -28.169506, 153.219011 -28.169515, 153.219021 -28.174028, 153.224114 -28.17402))",8c293a52745057c4
1043_13768,0.25,"POLYGON ((153.224105 -28.169506, 153.224095 -28.164993, 153.219002 -28.165001, 153.219011 -28.169515, 153.224105 -28.169506))",8c293a52745057c4
1043_13769,0.25,"POLYGON ((153.224095 -28.164993, 153.224086 -28.160479, 153.218993 -28.160488, 153.219002 -28.165001, 153.224095 -28.164993))",8c293a52745057c4
1043_13770,0.25,"POLYGON ((153.224086 -28.160479, 153.224077 -28.155966, 153.218984 -28.155974, 153.218993 -28.160488, 153.224086 -28.160479))",8c293a52745057c4
1043_13771,0.25,"POLYGON ((153.224077 -28.155966, 153.224067 -28.151452, 153.218975 -28.151461, 153.218984 -28.155974, 153.224077 -28.155966))",8c293a52745057c4
1043_13772,0.25,"POLYGON ((153.224067 -28.151452, 153.224058 -28.146939, 153.218966 -28.146947, 153.218975 -28.151461, 153.224067 -28.151452))",8c293a52745057c4
1043_13773,0.25,"POLYGON ((153.224058 -28.146939, 153.224048 -28.142425, 153.218956 -28.142434, 153.218966 -28.146947, 153.224058 -28.146939))",8c293a52745057c4
1043_13774,0.25,"POLYGON ((153.224048 -28.142425, 153.224039 -28.137912, 153.218947 -28.13792, 153.218956 -28.142434, 153.224048 -28.142425))",8c293a52745057c4
1043_13775,0.25,"POLYGON ((153.224039 -28.137912, 153.22403 -28.133398, 153.218938 -28.133406, 153.218947 -28.13792, 153.224039 -28.137912))",8c293a52745057c4
1043_13776,0.25,"POLYGON ((153.22403 -28.133398, 153.22402 -28.128885, 153.218929 -28.128893, 153.218938 -28.133406, 153.22403 -28.133398))",8c293a52745057c4
1043_13777,0.25,"POLYGON ((153.22402 -28.128885, 153.224011 -28.124371, 153.21892 -28.124379, 153.218929 -28.128893, 153.22402 -28.128885))",8c293a52745057c4
1043_13778,0.25,"POLYGON ((153.224011 -28.124371, 153.224001 -28.119858, 153.218911 -28.119866, 153.21892 -28.124379, 153.224011 -28.124371))",8c293a52745057c4
1043_13779,0.25,"POLYGON ((153.224001 -28.119858, 153.223992 -28.115344, 153.218901 -28.115352, 153.218911 -28.119866, 153.224001 -28.119858))",8c293a52745057c4
1043_13780,0.24842313307382444,"POLYGON ((153.223992 -28.115344, 153.223983 -28.110831, 153.218892 -28.110839, 153.218901 -28.115352, 153.223992 -28.115344))",8c293a52745057c4
1043_13781,0.11603473008251762,"POLYGON ((153.223983 -28.110831, 153.223973 -28.106317, 153.218883 -28.106325, 153.218892 -28.110839, 153.223983 -28.110831))",8c293a52745057c4
1043_13782,0.05365864790946145,"POLYGON ((153.223973 -28.106317, 153.223964 -28.101803, 153.218874 -28.101812, 153.218883 -28.106325, 153.223973 -28.106317))",8c293a52745057c4
1043_13787,0.1282009631552852,"POLYGON ((153.223926 -28.083749, 153.223917 -28.079236, 153.218828 -28.079244, 153.218837 -28.083757, 153.223926 -28.083749))",8c293a52745057c4
1043_13788,0.25,"POLYGON ((153.223917 -28.079236, 153.223908 -28.074722, 153.218819 -28.07473, 153.218828 -28.079244, 153.223917 -28.079236))",8c293a52745057c4
1043_13789,0.25,"POLYGON ((153.223908 -28.074722, 153.223898 -28.070209, 153.21881 -28.070217, 153.218819 -28.07473, 153.223908 -28.074722))",8c293a52745057c4
1043_13790,0.24407150077061857,"POLYGON ((153.223898 -28.070209, 153.223889 -28.065695, 153.218801 -28.065703, 153.21881 -28.070217, 153.223898 -28.070209))",8c293a52745057c4
1043_13791,0.20108512869165598,"POLYGON ((153.223889 -28.065695, 153.22388 -28.061181, 153.218792 -28.06119, 153.218801 -28.065703, 153.223889 -28.065695))",8c293a52745057c4
1043_13792,0.0303403365353088,"POLYGON ((153.22388 -28.061181, 153.22387 -28.056668, 153.218782 -28.056676, 153.218792 -28.06119, 153.22388 -28.061181))",8c293a52745057c4
1043_13803,0.09224447705138479,"POLYGON ((153.223777 -28.011532, 153.223768 -28.007018, 153.218682 -28.007027, 153.218691 -28.01154, 153.223777 -28.011532))",8c293a52745057c4
1043_13804,0.23112380222720122,"POLYGON ((153.223768 -28.007018, 153.223758 -28.002505, 153.218673 -28.002513, 153.218682 -28.007027, 153.223768 -28.007018))",8c293a52745057c4
1043_13805,0.1526189800155874,"POLYGON ((153.223758 -28.002505, 153.223749 -27.997991, 153.218664 -27.997999, 153.218673 -28.002513, 153.223758 -28.002505))",8c293a52745057c4
1043_13806,0.16712347485656656,"POLYGON ((153.223749 -27.997991, 153.22374 -27.993477, 153.218655 -27.993486, 153.218664 -27.997999, 153.223749 -27.997991))",8c293a52745057c4
1043_13807,0.25,"POLYGON ((153.22374 -27.993477, 153.22373 -27.988964, 153.218646 -27.988972, 153.218655 -27.993486, 153.22374 -27.993477))",8c293a52745057c4
1043_13808,0.25,"POLYGON ((153.22373 -27.988964, 153.223721 -27.98445, 153.218636 -27.984458, 153.218646 -27.988972, 153.22373 -27.988964))",8c293a52745057c4
1043_13809,0.18740193883076256,"POLYGON ((153.223721 -27.98445, 153.223712 -27.979937, 153.218627 -27.979945, 153.218636 -27.984458, 153.223721 -27.98445))",8c293a52745057c4
1043_13810,0.041831877489144555,"POLYGON ((153.223712 -27.979937, 153.223702 -27.975423, 153.218618 -27.975431, 153.218627 -27.979945, 153.223712 -27.979937))",8c293a52745057c4
1043_13811,0.14424907706707266,"POLYGON ((153.223702 -27.975423, 153.223693 -27.970909, 153.218609 -27.970918, 153.218618 -27.975431, 153.223702 -27.975423))",8c293a52745057c4
1043_13812,0.0805871821389943,"POLYGON ((153.223693 -27.970909, 153.223684 -27.966396, 153.2186 -27.966404, 153.218609 -27.970918, 153.223693 -27.970909))",8c293a52745057c4
1043_13813,0.022389831739562424,"POLYGON ((153.223684 -27.966396, 153.223674 -27.961882, 153.218591 -27.96189, 153.2186 -27.966404, 153.223684 -27.966396))",8c293a52745057c4
1043_13814,0.0367013986088545,"POLYGON ((153.223674 -27.961882, 153.223665 -27.957368, 153.218582 -27.957377, 153.218591 -27.96189, 153.223674 -27.961882))",8c293a52745057c4
1043_13815,0.0014934930791218918,"POLYGON ((153.223665 -27.957368, 153.223656 -27.952855, 153.218573 -27.952863, 153.218582 -27.957377, 153.223665 -27.957368))",8c293a52745057c4
1043_13816,0.12697616095523054,"POLYGON ((153.223656 -27.952855, 153.223647 -27.948341, 153.218564 -27.948349, 153.218573 -27.952863, 153.223656 -27.952855))",8c293a52745057c4
1043_13817,0.24688684465793398,"POLYGON ((153.223647 -27.948341, 153.223637 -27.943827, 153.218555 -27.943836, 153.218564 -27.948349, 153.223647 -27.948341))",8c293a52745057c4
1043_13818,0.25,"POLYGON ((153.223637 -27.943827, 153.223628 -27.939314, 153.218546 -27.939322, 153.218555 -27.943836, 153.223637 -27.943827))",8c293a52745057c4
1043_13819,0.25,"POLYGON ((153.223628 -27.939314, 153.223619 -27.9348, 153.218536 -27.934808, 153.218546 -27.939322, 153.223628 -27.939314))",8c293a52745057c4
1043_13820,0.25,"POLYGON ((153.223619 -27.9348, 153.223609 -27.930287, 153.218527 -27.930295, 153.218536 -27.934808, 153.223619 -27.9348))",8c293a52745057c4
1043_13821,0.25,"POLYGON ((153.223609 -27.930287, 153.2236 -27.925773, 153.218518 -27.925781, 153.218527 -27.930295, 153.223609 -27.930287))",8c293a52745057c4
1043_13822,0.25,"POLYGON ((153.2236 -27.925773, 153.223591 -27.921259, 153.218509 -27.921267, 153.218518 -27.925781, 153.2236 -27.925773))",8c293a52745057c4
1043_13823,0.25,"POLYGON ((153.223591 -27.921259, 153.223581 -27.916746, 153.2185 -27.916754, 153.218509 -27.921267, 153.223591 -27.921259))",8c293a52745057c4
1043_13824,0.25,"POLYGON ((153.223581 -27.916746, 153.223572 -27.912232, 153.218491 -27.91224, 153.2185 -27.916754, 153.223581 -27.916746))",8c293a52745057c4
1043_13825,0.25,"POLYGON ((153.223572 -27.912232, 153.223563 -27.907718, 153.218482 -27.907726, 153.218491 -27.91224, 153.223572 -27.912232))",8c293a52745057c4
1043_13826,0.25,"POLYGON ((153.223563 -27.907718, 153.223554 -27.903205, 153.218473 -27.903213, 153.218482 -27.907726, 153.223563 -27.907718))",8c293a52745057c4
1043_13827,0.25,"POLYGON ((153.223554 -27.903205, 153.223544 -27.898691, 153.218464 -27.898699, 153.218473 -27.903213, 153.223554 -27.903205))",8c293a52745057c4
1043_13828,0.25,"POLYGON ((153.223544 -27.898691, 153.223535 -27.894177, 153.218455 -27.894185, 153.218464 -27.898699, 153.223544 -27.898691))",8c293a52745057c4
1043_13829,0.25,"POLYGON ((153.223535 -27.894177, 153.223526 -27.889663, 153.218446 -27.889672, 153.218455 -27.894185, 153.223535 -27.894177))",8c293a52745057c4
1043_13830,0.25,"POLYGON ((153.223526 -27.889663, 153.223517 -27.88515, 153.218437 -27.885158, 153.218446 -27.889672, 153.223526 -27.889663))",8c293a52745057c4
1043_13831,0.25,"POLYGON ((153.223517 -27.88515, 153.223507 -27.880636, 153.218428 -27.880644, 153.218437 -27.885158, 153.223517 -27.88515))",8c293a52745057c4
1043_13832,0.25,"POLYGON ((153.223507 -27.880636, 153.223498 -27.876122, 153.218419 -27.876131, 153.218428 -27.880644, 153.223507 -27.880636))",8c293a52745057c4
1043_13833,0.25,"POLYGON ((153.223498 -27.876122, 153.223489 -27.871609, 153.21841 -27.871617, 153.218419 -27.876131, 153.223498 -27.876122))",8c293a52745057c4
1043_13834,0.25,"POLYGON ((153.223489 -27.871609, 153.223479 -27.867095, 153.2184 -27.867103, 153.21841 -27.871617, 153.223489 -27.871609))",8c293a52745057c4
1043_13835,0.25,"POLYGON ((153.223479 -27.867095, 153.22347 -27.862581, 153.218391 -27.862589, 153.2184 -27.867103, 153.223479 -27.867095))",8c293a52745057c4
1043_13836,0.25,"POLYGON ((153.22347 -27.862581, 153.223461 -27.858068, 153.218382 -27.858076, 153.218391 -27.862589, 153.22347 -27.862581))",8c293a52745057c4
1043_13837,0.25,"POLYGON ((153.223461 -27.858068, 153.223452 -27.853554, 153.218373 -27.853562, 153.218382 -27.858076, 153.223461 -27.858068))",8c293a52745057c4
1043_13838,0.25,"POLYGON ((153.223452 -27.853554, 153.223442 -27.84904, 153.218364 -27.849048, 153.218373 -27.853562, 153.223452 -27.853554))",8c293a52745057c4
1043_13839,0.25,"POLYGON ((153.223442 -27.84904, 153.223433 -27.844526, 153.218355 -27.844535, 153.218364 -27.849048, 153.223442 -27.84904))",8c293a52745057c4
1043_13840,0.25,"POLYGON ((153.223433 -27.844526, 153.223424 -27.840013, 153.218346 -27.840021, 153.218355 -27.844535, 153.223433 -27.844526))",8c293a52745057c4
1043_13841,0.25,"POLYGON ((153.223424 -27.840013, 153.223415 -27.835499, 153.218337 -27.835507, 153.218346 -27.840021, 153.223424 -27.840013))",8c293a52745057c4
1043_13842,0.25,"POLYGON ((153.223415 -27.835499, 153.223405 -27.830985, 153.218328 -27.830993, 153.218337 -27.835507, 153.223415 -27.835499))",8c293a52745057c4
1043_13843,0.25,"POLYGON ((153.223405 -27.830985, 153.223396 -27.826472, 153.218319 -27.82648, 153.218328 -27.830993, 153.223405 -27.830985))",8c293a52745057c4
1043_13844,0.25,"POLYGON ((153.223396 -27.826472, 153.223387 -27.821958, 153.21831 -27.821966, 153.218319 -27.82648, 153.223396 -27.826472))",8c293a52745057c4
1043_13845,0.25,"POLYGON ((153.223387 -27.821958, 153.223378 -27.817444, 153.218301 -27.817452, 153.21831 -27.821966, 153.223387 -27.821958))",8c293a52745057c4
1043_13846,0.25,"POLYGON ((153.223378 -27.817444, 153.223369 -27.81293, 153.218292 -27.812938, 153.218301 -27.817452, 153.223378 -27.817444))",8c293a52745057c4
1043_13847,0.25,"POLYGON ((153.223369 -27.81293, 153.223359 -27.808417, 153.218283 -27.808425, 153.218292 -27.812938, 153.223369 -27.81293))",8c293a52745057c4
1043_13848,0.25,"POLYGON ((153.223359 -27.808417, 153.22335 -27.803903, 153.218274 -27.803911, 153.218283 -27.808425, 153.223359 -27.808417))",8c293a52745057c4
1043_13849,0.25,"POLYGON ((153.22335 -27.803903, 153.223341 -27.799389, 153.218265 -27.799397, 153.218274 -27.803911, 153.22335 -27.803903))",8c293a52745057c4
1043_13850,0.25,"POLYGON ((153.223341 -27.799389, 153.223332 -27.794875, 153.218256 -27.794884, 153.218265 -27.799397, 153.223341 -27.799389))",8c293a52745057c4
1043_13851,0.25,"POLYGON ((153.223332 -27.794875, 153.223322 -27.790362, 153.218247 -27.79037, 153.218256 -27.794884, 153.223332 -27.794875))",8c293a52745057c4
1043_13852,0.25,"POLYGON ((153.223322 -27.790362, 153.223313 -27.785848, 153.218238 -27.785856, 153.218247 -27.79037, 153.223322 -27.790362))",8c293a52745057c4
1043_13853,0.25,"POLYGON ((153.223313 -27.785848, 153.223304 -27.781334, 153.218229 -27.781342, 153.218238 -27.785856, 153.223313 -27.785848))",8c293a52745057c4
1043_13854,0.25,"POLYGON ((153.223304 -27.781334, 153.223295 -27.77682, 153.21822 -27.776828, 153.218229 -27.781342, 153.223304 -27.781334))",8c293a52745057c4
1043_13855,0.25,"POLYGON ((153.223295 -27.77682, 153.223286 -27.772307, 153.218211 -27.772315, 153.21822 -27.776828, 153.223295 -27.77682))",8c293a52745057c4
1043_13856,0.25,"POLYGON ((153.223286 -27.772307, 153.223276 -27.767793, 153.218202 -27.767801, 153.218211 -27.772315, 153.223286 -27.772307))",8c293a52745057c4
1043_13857,0.25,"POLYGON ((153.223276 -27.767793, 153.223267 -27.763279, 153.218193 -27.763287, 153.218202 -27.767801, 153.223276 -27.767793))",8c293a52745057c4
1043_13858,0.25,"POLYGON ((153.223267 -27.763279, 153.223258 -27.758765, 153.218184 -27.758773, 153.218193 -27.763287, 153.223267 -27.763279))",8c293a52745057c4
1043_13859,0.25,"POLYGON ((153.223258 -27.758765, 153.223249 -27.754252, 153.218175 -27.75426, 153.218184 -27.758773, 153.223258 -27.758765))",8c293a52745057c4
1043_13860,0.25,"POLYGON ((153.223249 -27.754252, 153.223239 -27.749738, 153.218166 -27.749746, 153.218175 -27.75426, 153.223249 -27.754252))",8c293a52745057c4
1043_13861,0.25,"POLYGON ((153.223239 -27.749738, 153.22323 -27.745224, 153.218157 -27.745232, 153.218166 -27.749746, 153.223239 -27.749738))",8c293a52745057c4
1043_13862,0.25,"POLYGON ((153.22323 -27.745224, 153.223221 -27.74071, 153.218148 -27.740718, 153.218157 -27.745232, 153.22323 -27.745224))",8c293a52745057c4
1043_13863,0.24565156857982004,"POLYGON ((153.223221 -27.74071, 153.223212 -27.736196, 153.218139 -27.736205, 153.218148 -27.740718, 153.223221 -27.74071))",8c293a52745057c4
1043_13864,0.19280589299027662,"POLYGON ((153.223212 -27.736196, 153.223203 -27.731683, 153.21813 -27.731691, 153.218139 -27.736205, 153.223212 -27.736196))",8c293a52745057c4
1043_13865,0.24576004025695153,"POLYGON ((153.223203 -27.731683, 153.223193 -27.727169, 153.218121 -27.727177, 153.21813 -27.731691, 153.223203 -27.731683))",8c293a52745057c4
1043_13866,0.061467561707576245,"POLYGON ((153.223193 -27.727169, 153.223184 -27.722655, 153.218112 -27.722663, 153.218121 -27.727177, 153.223193 -27.727169))",8c293a52745057c4
1043_13867,0.01952181939434332,"POLYGON ((153.223184 -27.722655, 153.223175 -27.718141, 153.218103 -27.718149, 153.218112 -27.722663, 153.223184 -27.722655))",8c293a52745057c4
1043_13868,0.21153570959955978,"POLYGON ((153.223175 -27.718141, 153.223166 -27.713627, 153.218094 -27.713636, 153.218103 -27.718149, 153.223175 -27.718141))",8c293a52745057c4
1044_13746,0.001813498672209583,"POLYGON ((153.22941 -28.268794, 153.2294 -28.264281, 153.224303 -28.264289, 153.224312 -28.268803, 153.22941 -28.268794))",8c293a52745057c4
1044_13747,0.24209083456343733,"POLYGON ((153.2294 -28.264281, 153.229391 -28.259767, 153.224293 -28.259776, 153.224303 -28.264289, 153.2294 -28.264281))",8c293a52745057c4
1044_13748,0.25,"POLYGON ((153.229391 -28.259767, 153.229381 -28.255254, 153.224284 -28.255262, 153.224293 -28.259776, 153.229391 -28.259767))",8c293a52745057c4
1044_13749,0.25,"POLYGON ((153.229381 -28.255254, 153.229372 -28.25074, 153.224274 -28.250749, 153.224284 -28.255262, 153.229381 -28.255254))",8c293a52745057c4
1044_13750,0.25,"POLYGON ((153.229372 -28.25074, 153.229362 -28.246227, 153.224265 -28.246235, 153.224274 -28.250749, 153.229372 -28.25074))",8c293a52745057c4
1044_13751,0.25,"POLYGON ((153.229362 -28.246227, 153.229352 -28.241714, 153.224256 -28.241722, 153.224265 -28.246235, 153.229362 -28.246227))",8c293a52745057c4
1044_13752,0.25,"POLYGON ((153.229352 -28.241714, 153.229343 -28.2372, 153.224246 -28.237209, 153.224256 -28.241722, 153.229352 -28.241714))",8c293a52745057c4
1044_13753,0.25,"POLYGON ((153.229343 -28.2372, 153.229333 -28.232687, 153.224237 -28.232695, 153.224246 -28.237209, 153.229343 -28.2372))",8c293a52745057c4
1044_13754,0.25,"POLYGON ((153.229333 -28.232687, 153.229323 -28.228173, 153.224227 -28.228182, 153.224237 -28.232695, 153.229333 -28.232687))",8c293a52745057c4
1044_13755,0.25,"POLYGON ((153.229323 -28.228173, 153.229314 -28.22366, 153.224218 -28.223668, 153.224227 -28.228182, 153.229323 -28.228173))",8c293a52745057c4
1044_13756,0.25,"POLYGON ((153.229314 -28.22366, 153.229304 -28.219146, 153.224208 -28.219155, 153.224218 -28.223668, 153.229314 -28.22366))",8c293a52745057c4
1044_13757,0.25,"POLYGON ((153.229304 -28.219146, 153.229294 -28.214633, 153.224199 -28.214641, 153.224208 -28.219155, 153.229304 -28.219146))",8c293a52745057c4
1044_13758,0.25,"POLYGON ((153.229294 -28.214633, 153.229285 -28.210119, 153.224189 -28.210128, 153.224199 -28.214641, 153.229294 -28.214633))",8c293a52745057c4
1044_13759,0.25,"POLYGON ((153.229285 -28.210119, 153.229275 -28.205606, 153.22418 -28.205614, 153.224189 -28.210128, 153.229285 -28.210119))",8c293a52745057c4
1044_13760,0.25,"POLYGON ((153.229275 -28.205606, 153.229265 -28.201092, 153.224171 -28.201101, 153.22418 -28.205614, 153.229275 -28.205606))",8c293a52745057c4
1044_13761,0.25,"POLYGON ((153.229265 -28.201092, 153.229256 -28.196579, 153.224161 -28.196587, 153.224171 -28.201101, 153.229265 -28.201092))",8c293a52745057c4
1044_13762,0.25,"POLYGON ((153.229256 -28.196579, 153.229246 -28.192065, 153.224152 -28.192074, 153.224161 -28.196587, 153.229256 -28.196579))",8c293a52745057c4
1044_13763,0.25,"POLYGON ((153.229246 -28.192065, 153.229237 -28.187552, 153.224142 -28.18756, 153.224152 -28.192074, 153.229246 -28.192065))",8c293a52745057c4
1044_13764,0.25,"POLYGON ((153.229237 -28.187552, 153.229227 -28.183038, 153.224133 -28.183047, 153.224142 -28.18756, 153.229237 -28.187552))",8c293a52745057c4
1044_13765,0.25,"POLYGON ((153.229227 -28.183038, 153.229217 -28.178525, 153.224124 -28.178533, 153.224133 -28.183047, 153.229227 -28.183038))",8c293a52745057c4
1044_13766,0.25,"POLYGON ((153.229217 -28.178525, 153.229208 -28.174011, 153.224114 -28.17402, 153.224124 -28.178533, 153.229217 -28.178525))",8c293a52745057c4
1044_13767,0.25,"POLYGON ((153.229208 -28.174011, 153.229198 -28.169498, 153.224105 -28.169506, 153.224114 -28.17402, 153.229208 -28.174011))",8c293a52745057c4
1044_13768,0.25,"POLYGON ((153.229198 -28.169498, 153.229188 -28.164984, 153.224095 -28.164993, 153.224105 -28.169506, 153.229198 -28.169498))",8c293a52745057c4
1044_13769,0.25,"POLYGON ((153.229188 -28.164984, 153.229179 -28.160471, 153.224086 -28.160479, 153.224095 -28.164993, 153.229188 -28.164984))",8c293a52745057c4
1044_13770,0.25,"POLYGON ((153.229179 -28.160471, 153.229169 -28.155957, 153.224077 -28.155966, 153.224086 -28.160479, 153.229179 -28.160471))",8c293a52745057c4
1044_13771,0.25,"POLYGON ((153.229169 -28.155957, 153.22916 -28.151444, 153.224067 -28.151452, 153.224077 -28.155966, 153.229169 -28.155957))",8c293a52745057c4
1044_13772,0.25,"POLYGON ((153.22916 -28.151444, 153.22915 -28.14693, 153.224058 -28.146939, 153.224067 -28.151452, 153.22916 -28.151444))",8c293a52745057c4
1044_13773,0.25,"POLYGON ((153.22915 -28.14693, 153.22914 -28.142417, 153.224048 -28.142425, 153.224058 -28.146939, 153.22915 -28.14693))",8c293a52745057c4
1044_13774,0.25,"POLYGON ((153.22914 -28.142417, 153.229131 -28.137903, 153.224039 -28.137912, 153.224048 -28.142425, 153.22914 -28.142417))",8c293a52745057c4
1044_13775,0.25,"POLYGON ((153.229131 -28.137903, 153.229121 -28.13339, 153.22403 -28.133398, 153.224039 -28.137912, 153.229131 -28.137903))",8c293a52745057c4
1044_13776,0.25,"POLYGON ((153.229121 -28.13339, 153.229112 -28.128876, 153.22402 -28.128885, 153.22403 -28.133398, 153.229121 -28.13339))",8c293a52745057c4
1044_13777,0.25,"POLYGON ((153.229112 -28.128876, 153.229102 -28.124363, 153.224011 -28.124371, 153.22402 -28.128885, 153.229112 -28.128876))",8c293a52745057c4
1044_13778,0.25,"POLYGON ((153.229102 -28.124363, 153.229092 -28.119849, 153.224001 -28.119858, 153.224011 -28.124371, 153.229102 -28.124363))",8c293a52745057c4
1044_13779,0.25,"POLYGON ((153.229092 -28.119849, 153.229083 -28.115336, 153.223992 -28.115344, 153.224001 -28.119858, 153.229092 -28.119849))",8c293a52745057c4
1044_13780,0.25,"POLYGON ((153.229083 -28.115336, 153.229073 -28.110822, 153.223983 -28.110831, 153.223992 -28.115344, 153.229083 -28.115336))",8c293a52745057c4
1044_13781,0.25,"POLYGON ((153.229073 -28.110822, 153.229064 -28.106309, 153.223973 -28.106317, 153.223983 -28.110831, 153.229073 -28.110822))",8c293a52745057c4
1044_13782,0.2348637932572825,"POLYGON ((153.229064 -28.106309, 153.229054 -28.101795, 153.223964 -28.101803, 153.223973 -28.106317, 153.229064 -28.106309))",8c293a52745057c4
1044_13783,0.024501201798598687,"POLYGON ((153.229054 -28.101795, 153.229044 -28.097282, 153.223955 -28.09729, 153.223964 -28.101803, 153.229054 -28.101795))",8c293a52745057c4
1044_13784,0.04720772179991663,"POLYGON ((153.229044 -28.097282, 153.229035 -28.092768, 153.223945 -28.092776, 153.223955 -28.09729, 153.229044 -28.097282))",8c293a52745057c4
1044_13785,7.140324636674582e-05,"POLYGON ((153.229035 -28.092768, 153.229025 -28.088254, 153.223936 -28.088263, 153.223945 -28.092776, 153.229035 -28.092768))",8c293a52745057c4
1044_13787,0.17162082703830675,"POLYGON ((153.229016 -28.083741, 153.229006 -28.079227, 153.223917 -28.079236, 153.223926 -28.083749, 153.229016 -28.083741))",8c293a52745057c4
1044_13788,0.25,"POLYGON ((153.229006 -28.079227, 153.228997 -28.074714, 153.223908 -28.074722, 153.223917 -28.079236, 153.229006 -28.079227))",8c293a52745057c4
1044_13789,0.25,"POLYGON ((153.228997 -28.074714, 153.228987 -28.0702, 153.223898 -28.070209, 153.223908 -28.074722, 153.228997 -28.074714))",8c293a52745057c4
1044_13790,0.25,"POLYGON ((153.228987 -28.0702, 153.228977 -28.065687, 153.223889 -28.065695, 153.223898 -28.070209, 153.228987 -28.0702))",8c293a52745057c4
1044_13791,0.24998899414673934,"POLYGON ((153.228977 -28.065687, 153.228968 -28.061173, 153.22388 -28.061181, 153.223889 -28.065695, 153.228977 -28.065687))",8c293a52745057c4
1044_13792,0.1686999933997543,"POLYGON ((153.228968 -28.061173, 153.228958 -28.056659, 153.22387 -28.056668, 153.22388 -28.061181, 153.228968 -28.061173))",8c293a52745057c4
1044_13793,0.05403105948056648,"POLYGON ((153.228958 -28.056659, 153.228949 -28.052146, 153.223861 -28.052154, 153.22387 -28.056668, 153.228958 -28.056659))",8c293a52745057c4
1044_13796,0.0005143866193235044,"POLYGON ((153.22893 -28.043119, 153.22892 -28.038605, 153.223833 -28.038614, 153.223842 -28.043127, 153.22893 -28.043119))",8c293a52745057c4
1044_13803,0.13209475675271823,"POLYGON ((153.228863 -28.011524, 153.228853 -28.00701, 153.223768 -28.007018, 153.223777 -28.011532, 153.228863 -28.011524))",8c293a52745057c4
1044_13804,0.25,"POLYGON ((153.228853 -28.00701, 153.228844 -28.002496, 153.223758 -28.002505, 153.223768 -28.007018, 153.228853 -28.00701))",8c293a52745057c4
1044_13805,0.25,"POLYGON ((153.228844 -28.002496, 153.228834 -27.997983, 153.223749 -27.997991, 153.223758 -28.002505, 153.228844 -28.002496))",8c293a52745057c4
1044_13806,0.25,"POLYGON ((153.228834 -27.997983, 153.228825 -27.993469, 153.22374 -27.993477, 153.223749 -27.997991, 153.228834 -27.997983))",8c293a52745057c4
1044_13807,0.25,"POLYGON ((153.228825 -27.993469, 153.228815 -27.988955, 153.22373 -27.988964, 153.22374 -27.993477, 153.228825 -27.993469))",8c293a52745057c4
1044_13808,0.25,"POLYGON ((153.228815 -27.988955, 153.228806 -27.984442, 153.223721 -27.98445, 153.22373 -27.988964, 153.228815 -27.988955))",8c293a52745057c4
1044_13809,0.22253529612605916,"POLYGON ((153.228806 -27.984442, 153.228796 -27.979928, 153.223712 -27.979937, 153.223721 -27.98445, 153.228806 -27.984442))",8c293a52745057c4
1044_13810,0.18621165868614534,"POLYGON ((153.228796 -27.979928, 153.228786 -27.975415, 153.223702 -27.975423, 153.223712 -27.979937, 153.228796 -27.979928))",8c293a52745057c4
1044_13811,0.25,"POLYGON ((153.228786 -27.975415, 153.228777 -27.970901, 153.223693 -27.970909, 153.223702 -27.975423, 153.228786 -27.975415))",8c293a52745057c4
1044_13812,0.25,"POLYGON ((153.228777 -27.970901, 153.228767 -27.966387, 153.223684 -27.966396, 153.223693 -27.970909, 153.228777 -27.970901))",8c293a52745057c4
1044_13813,0.2484153991372606,"POLYGON ((153.228767 -27.966387, 153.228758 -27.961874, 153.223674 -27.961882, 153.223684 -27.966396, 153.228767 -27.966387))",8c293a52745057c4
1044_13814,0.24641208785979007,"POLYGON ((153.228758 -27.961874, 153.228748 -27.95736, 153.223665 -27.957368, 153.223674 -27.961882, 153.228758 -27.961874))",8c293a52745057c4
1044_13815,0.216167046187683,"POLYGON ((153.228748 -27.95736, 153.228739 -27.952846, 153.223656 -27.952855, 153.223665 -27.957368, 153.228748 -27.95736))",8c293a52745057c4
1044_13816,0.25,"POLYGON ((153.228739 -27.952846, 153.228729 -27.948333, 153.223647 -27.948341, 153.223656 -27.952855, 153.228739 -27.952846))",8c293a52745057c4
1044_13817,0.25,"POLYGON ((153.228729 -27.948333, 153.22872 -27.943819, 153.223637 -27.943827, 153.223647 -27.948341, 153.228729 -27.948333))",8c293a52745057c4
1044_13818,0.25,"POLYGON ((153.22872 -27.943819, 153.22871 -27.939305, 153.223628 -27.939314, 153.223637 -27.943827, 153.22872 -27.943819))",8c293a52745057c4
1044_13819,0.25,"POLYGON ((153.22871 -27.939305, 153.228701 -27.934792, 153.223619 -27.9348, 153.223628 -27.939314, 153.22871 -27.939305))",8c293a52745057c4
1044_13820,0.25,"POLYGON ((153.228701 -27.934792, 153.228691 -27.930278, 153.223609 -27.930287, 153.223619 -27.9348, 153.228701 -27.934792))",8c293a52745057c4
1044_13821,0.25,"POLYGON ((153.228691 -27.930278, 153.228682 -27.925765, 153.2236 -27.925773, 153.223609 -27.930287, 153.228691 -27.930278))",8c293a52745057c4
1044_13822,0.25,"POLYGON ((153.228682 -27.925765, 153.228672 -27.921251, 153.223591 -27.921259, 153.2236 -27.925773, 153.228682 -27.925765))",8c293a52745057c4
1044_13823,0.25,"POLYGON ((153.228672 -27.921251, 153.228663 -27.916737, 153.223581 -27.916746, 153.223591 -27.921259, 153.228672 -27.921251))",8c293a52745057c4
1044_13824,0.25,"POLYGON ((153.228663 -27.916737, 153.228653 -27.912224, 153.223572 -27.912232, 153.223581 -27.916746, 153.228663 -27.916737))",8c293a52745057c4
1044_13825,0.25,"POLYGON ((153.228653 -27.912224, 153.228644 -27.90771, 153.223563 -27.907718, 153.223572 -27.912232, 153.228653 -27.912224))",8c293a52745057c4
1044_13826,0.25,"POLYGON ((153.228644 -27.90771, 153.228634 -27.903196, 153.223554 -27.903205, 153.223563 -27.907718, 153.228644 -27.90771))",8c293a52745057c4
1044_13827,0.25,"POLYGON ((153.228634 -27.903196, 153.228625 -27.898683, 153.223544 -27.898691, 153.223554 -27.903205, 153.228634 -27.903196))",8c293a52745057c4
1044_13828,0.25,"POLYGON ((153.228625 -27.898683, 153.228615 -27.894169, 153.223535 -27.894177, 153.223544 -27.898691, 153.228625 -27.898683))",8c293a52745057c4
1044_13829,0.25,"POLYGON ((153.228615 -27.894169, 153.228606 -27.889655, 153.223526 -27.889663, 153.223535 -27.894177, 153.228615 -27.894169))",8c293a52745057c4
1044_13830,0.25,"POLYGON ((153.228606 -27.889655, 153.228596 -27.885141, 153.223517 -27.88515, 153.223526 -27.889663, 153.228606 -27.889655))",8c293a52745057c4
1044_13831,0.25,"POLYGON ((153.228596 -27.885141, 153.228587 -27.880628, 153.223507 -27.880636, 153.223517 -27.88515, 153.228596 -27.885141))",8c293a52745057c4
1044_13832,0.25,"POLYGON ((153.228587 -27.880628, 153.228577 -27.876114, 153.223498 -27.876122, 153.223507 -27.880636, 153.228587 -27.880628))",8c293a52745057c4
1044_13833,0.25,"POLYGON ((153.228577 -27.876114, 153.228568 -27.8716, 153.223489 -27.871609, 153.223498 -27.876122, 153.228577 -27.876114))",8c293a52745057c4
1044_13834,0.25,"POLYGON ((153.228568 -27.8716, 153.228559 -27.867087, 153.223479 -27.867095, 153.223489 -27.871609, 153.228568 -27.8716))",8c293a52745057c4
1044_13835,0.25,"POLYGON ((153.228559 -27.867087, 153.228549 -27.862573, 153.22347 -27.862581, 153.223479 -27.867095, 153.228559 -27.867087))",8c293a52745057c4
1044_13836,0.25,"POLYGON ((153.228549 -27.862573, 153.22854 -27.858059, 153.223461 -27.858068, 153.22347 -27.862581, 153.228549 -27.862573))",8c293a52745057c4
1044_13837,0.25,"POLYGON ((153.22854 -27.858059, 153.22853 -27.853546, 153.223452 -27.853554, 153.223461 -27.858068, 153.22854 -27.858059))",8c293a52745057c4
1044_13838,0.25,"POLYGON ((153.22853 -27.853546, 153.228521 -27.849032, 153.223442 -27.84904, 153.223452 -27.853554, 153.22853 -27.853546))",8c293a52745057c4
1044_13839,0.25,"POLYGON ((153.228521 -27.849032, 153.228511 -27.844518, 153.223433 -27.844526, 153.223442 -27.84904, 153.228521 -27.849032))",8c293a52745057c4
1044_13840,0.25,"POLYGON ((153.228511 -27.844518, 153.228502 -27.840004, 153.223424 -27.840013, 153.223433 -27.844526, 153.228511 -27.844518))",8c293a52745057c4
1044_13841,0.25,"POLYGON ((153.228502 -27.840004, 153.228492 -27.835491, 153.223415 -27.835499, 153.223424 -27.840013, 153.228502 -27.840004))",8c293a52745057c4
1044_13842,0.25,"POLYGON ((153.228492 -27.835491, 153.228483 -27.830977, 153.223405 -27.830985, 153.223415 -27.835499, 153.228492 -27.835491))",8c293a52745057c4
1044_13843,0.25,"POLYGON ((153.228483 -27.830977, 153.228473 -27.826463, 153.223396 -27.826472, 153.223405 -27.830985, 153.228483 -27.830977))",8c293a52745057c4
1044_13844,0.25,"POLYGON ((153.228473 -27.826463, 153.228464 -27.82195, 153.223387 -27.821958, 153.223396 -27.826472, 153.228473 -27.826463))",8c293a52745057c4
1044_13845,0.25,"POLYGON ((153.228464 -27.82195, 153.228455 -27.817436, 153.223378 -27.817444, 153.223387 -27.821958, 153.228464 -27.82195))",8c293a52745057c4
1044_13846,0.25,"POLYGON ((153.228455 -27.817436, 153.228445 -27.812922, 153.223369 -27.81293, 153.223378 -27.817444, 153.228455 -27.817436))",8c293a52745057c4
1044_13847,0.25,"POLYGON ((153.228445 -27.812922, 153.228436 -27.808408, 153.223359 -27.808417, 153.223369 -27.81293, 153.228445 -27.812922))",8c293a52745057c4
1044_13848,0.25,"POLYGON ((153.228436 -27.808408, 153.228426 -27.803895, 153.22335 -27.803903, 153.223359 -27.808417, 153.228436 -27.808408))",8c293a52745057c4
1044_13849,0.25,"POLYGON ((153.228426 -27.803895, 153.228417 -27.799381, 153.223341 -27.799389, 153.22335 -27.803903, 153.228426 -27.803895))",8c293a52745057c4
1044_13850,0.25,"POLYGON ((153.228417 -27.799381, 153.228407 -27.794867, 153.223332 -27.794875, 153.223341 -27.799389, 153.228417 -27.799381))",8c293a52745057c4
1044_13851,0.25,"POLYGON ((153.228407 -27.794867, 153.228398 -27.790353, 153.223322 -27.790362, 153.223332 -27.794875, 153.228407 -27.794867))",8c293a52745057c4
1044_13852,0.25,"POLYGON ((153.228398 -27.790353, 153.228388 -27.78584, 153.223313 -27.785848, 153.223322 -27.790362, 153.228398 -27.790353))",8c293a52745057c4
1044_13853,0.25,"POLYGON ((153.228388 -27.78584, 153.228379 -27.781326, 153.223304 -27.781334, 153.223313 -27.785848, 153.228388 -27.78584))",8c293a52745057c4
1044_13854,0.25,"POLYGON ((153.228379 -27.781326, 153.22837 -27.776812, 153.223295 -27.77682, 153.223304 -27.781334, 153.228379 -27.781326))",8c293a52745057c4
1044_13855,0.25,"POLYGON ((153.22837 -27.776812, 153.22836 -27.772298, 153.223286 -27.772307, 153.223295 -27.77682, 153.22837 -27.776812))",8c293a52745057c4
1044_13856,0.25,"POLYGON ((153.22836 -27.772298, 153.228351 -27.767785, 153.223276 -27.767793, 153.223286 -27.772307, 153.22836 -27.772298))",8c293a52745057c4
1044_13857,0.25,"POLYGON ((153.228351 -27.767785, 153.228341 -27.763271, 153.223267 -27.763279, 153.223276 -27.767793, 153.228351 -27.767785))",8c293a52745057c4
1044_13858,0.25,"POLYGON ((153.228341 -27.763271, 153.228332 -27.758757, 153.223258 -27.758765, 153.223267 -27.763279, 153.228341 -27.763271))",8c293a52745057c4
1044_13859,0.25,"POLYGON ((153.228332 -27.758757, 153.228322 -27.754243, 153.223249 -27.754252, 153.223258 -27.758765, 153.228332 -27.758757))",8c293a52745057c4
1044_13860,0.25,"POLYGON ((153.228322 -27.754243, 153.228313 -27.749729, 153.223239 -27.749738, 153.223249 -27.754252, 153.228322 -27.754243))",8c293a52745057c4
1044_13861,0.25,"POLYGON ((153.228313 -27.749729, 153.228304 -27.745216, 153.22323 -27.745224, 153.223239 -27.749738, 153.228313 -27.749729))",8c293a52745057c4
1044_13862,0.25,"POLYGON ((153.228304 -27.745216, 153.228294 -27.740702, 153.223221 -27.74071, 153.22323 -27.745224, 153.228304 -27.745216))",8c293a52745057c4
1044_13863,0.25,"POLYGON ((153.228294 -27.740702, 153.228285 -27.736188, 153.223212 -27.736196, 153.223221 -27.74071, 153.228294 -27.740702))",8c293a52745057c4
1044_13864,0.25,"POLYGON ((153.228285 -27.736188, 153.228275 -27.731674, 153.223203 -27.731683, 153.223212 -27.736196, 153.228285 -27.736188))",8c293a52745057c4
1044_13865,0.24989466420707995,"POLYGON ((153.228275 -27.731674, 153.228266 -27.727161, 153.223193 -27.727169, 153.223203 -27.731683, 153.228275 -27.731674))",8c293a52745057c4
1044_13866,0.17432494172455493,"POLYGON ((153.228266 -27.727161, 153.228257 -27.722647, 153.223184 -27.722655, 153.223193 -27.727169, 153.228266 -27.727161))",8c293a52745057c4
1044_13867,0.12005695126775909,"POLYGON ((153.228257 -27.722647, 153.228247 -27.718133, 153.223175 -27.718141, 153.223184 -27.722655, 153.228257 -27.722647))",8c293a52745057c4
1044_13868,0.1726840668430387,"POLYGON ((153.228247 -27.718133, 153.228238 -27.713619, 153.223166 -27.713627, 153.223175 -27.718141, 153.228247 -27.718133))",8c293a52745057c4
1045_13746,0.028593303570017426,"POLYGON ((153.234508 -28.268786, 153.234498 -28.264272, 153.2294 -28.264281, 153.22941 -28.268794, 153.234508 -28.268786))",8c293a52745057c4
1045_13747,0.2416924117416314,"POLYGON ((153.234498 -28.264272, 153.234488 -28.259759, 153.229391 -28.259767, 153.2294 -28.264281, 153.234498 -28.264272))",8c293a52745057c4
1045_13748,0.25,"POLYGON ((153.234488 -28.259759, 153.234478 -28.255245, 153.229381 -28.255254, 153.229391 -28.259767, 153.234488 -28.259759))",8c293a52745057c4
1045_13749,0.25,"POLYGON ((153.234478 -28.255245, 153.234469 -28.250732, 153.229372 -28.25074, 153.229381 -28.255254, 153.234478 -28.255245))",8c293a52745057c4
1045_13750,0.25,"POLYGON ((153.234469 -28.250732, 153.234459 -28.246218, 153.229362 -28.246227, 153.229372 -28.25074, 153.234469 -28.250732))",8c293a52745057c4
1045_13751,0.25,"POLYGON ((153.234459 -28.246218, 153.234449 -28.241705, 153.229352 -28.241714, 153.229362 -28.246227, 153.234459 -28.246218))",8c293a52745057c4
1045_13752,0.25,"POLYGON ((153.234449 -28.241705, 153.234439 -28.237191, 153.229343 -28.2372, 153.229352 -28.241714, 153.234449 -28.241705))",8c293a52745057c4
1045_13753,0.25,"POLYGON ((153.234439 -28.237191, 153.234429 -28.232678, 153.229333 -28.232687, 153.229343 -28.2372, 153.234439 -28.237191))",8c293a52745057c4
1045_13754,0.25,"POLYGON ((153.234429 -28.232678, 153.234419 -28.228165, 153.229323 -28.228173, 153.229333 -28.232687, 153.234429 -28.232678))",8c293a52745057c4
1045_13755,0.25,"POLYGON ((153.234419 -28.228165, 153.234409 -28.223651, 153.229314 -28.22366, 153.229323 -28.228173, 153.234419 -28.228165))",8c293a52745057c4
1045_13756,0.25,"POLYGON ((153.234409 -28.223651, 153.2344 -28.219138, 153.229304 -28.219146, 153.229314 -28.22366, 153.234409 -28.223651))",8c293a52745057c4
1045_13757,0.25,"POLYGON ((153.2344 -28.219138, 153.23439 -28.214624, 153.229294 -28.214633, 153.229304 -28.219146, 153.2344 -28.219138))",8c293a52745057c4
1045_13758,0.25,"POLYGON ((153.23439 -28.214624, 153.23438 -28.210111, 153.229285 -28.210119, 153.229294 -28.214633, 153.23439 -28.214624))",8c293a52745057c4
1045_13759,0.25,"POLYGON ((153.23438 -28.210111, 153.23437 -28.205597, 153.229275 -28.205606, 153.229285 -28.210119, 153.23438 -28.210111))",8c293a52745057c4
1045_13760,0.25,"POLYGON ((153.23437 -28.205597, 153.23436 -28.201084, 153.229265 -28.201092, 153.229275 -28.205606, 153.23437 -28.205597))",8c293a52745057c4
1045_13761,0.25,"POLYGON ((153.23436 -28.201084, 153.23435 -28.19657, 153.229256 -28.196579, 153.229265 -28.201092, 153.23436 -28.201084))",8c293a52745057c4
1045_13762,0.25,"POLYGON ((153.23435 -28.19657, 153.23434 -28.192057, 153.229246 -28.192065, 153.229256 -28.196579, 153.23435 -28.19657))",8c293a52745057c4
1045_13763,0.25,"POLYGON ((153.23434 -28.192057, 153.234331 -28.187543, 153.229237 -28.187552, 153.229246 -28.192065, 153.23434 -28.192057))",8c293a52745057c4
1045_13764,0.25,"POLYGON ((153.234331 -28.187543, 153.234321 -28.18303, 153.229227 -28.183038, 153.229237 -28.187552, 153.234331 -28.187543))",8c293a52745057c4
1045_13765,0.25,"POLYGON ((153.234321 -28.18303, 153.234311 -28.178516, 153.229217 -28.178525, 153.229227 -28.183038, 153.234321 -28.18303))",8c293a52745057c4
1045_13766,0.25,"POLYGON ((153.234311 -28.178516, 153.234301 -28.174003, 153.229208 -28.174011, 153.229217 -28.178525, 153.234311 -28.178516))",8c293a52745057c4
1045_13767,0.25,"POLYGON ((153.234301 -28.174003, 153.234291 -28.169489, 153.229198 -28.169498, 153.229208 -28.174011, 153.234301 -28.174003))",8c293a52745057c4
1045_13768,0.25,"POLYGON ((153.234291 -28.169489, 153.234281 -28.164976, 153.229188 -28.164984, 153.229198 -28.169498, 153.234291 -28.169489))",8c293a52745057c4
1045_13769,0.25,"POLYGON ((153.234281 -28.164976, 153.234272 -28.160462, 153.229179 -28.160471, 153.229188 -28.164984, 153.234281 -28.164976))",8c293a52745057c4
1045_13770,0.25,"POLYGON ((153.234272 -28.160462, 153.234262 -28.155949, 153.229169 -28.155957, 153.229179 -28.160471, 153.234272 -28.160462))",8c293a52745057c4
1045_13771,0.25,"POLYGON ((153.234262 -28.155949, 153.234252 -28.151435, 153.22916 -28.151444, 153.229169 -28.155957, 153.234262 -28.155949))",8c293a52745057c4
1045_13772,0.25,"POLYGON ((153.234252 -28.151435, 153.234242 -28.146922, 153.22915 -28.14693, 153.22916 -28.151444, 153.234252 -28.151435))",8c293a52745057c4
1045_13773,0.25,"POLYGON ((153.234242 -28.146922, 153.234232 -28.142408, 153.22914 -28.142417, 153.22915 -28.14693, 153.234242 -28.146922))",8c293a52745057c4
1045_13774,0.25,"POLYGON ((153.234232 -28.142408, 153.234222 -28.137895, 153.229131 -28.137903, 153.22914 -28.142417, 153.234232 -28.142408))",8c293a52745057c4
1045_13775,0.25,"POLYGON ((153.234222 -28.137895, 153.234213 -28.133381, 153.229121 -28.13339, 153.229131 -28.137903, 153.234222 -28.137895))",8c293a52745057c4
1045_13776,0.25,"POLYGON ((153.234213 -28.133381, 153.234203 -28.128868, 153.229112 -28.128876, 153.229121 -28.13339, 153.234213 -28.133381))",8c293a52745057c4
1045_13777,0.25,"POLYGON ((153.234203 -28.128868, 153.234193 -28.124354, 153.229102 -28.124363, 153.229112 -28.128876, 153.234203 -28.128868))",8c293a52745057c4
1045_13778,0.25,"POLYGON ((153.234193 -28.124354, 153.234183 -28.119841, 153.229092 -28.119849, 153.229102 -28.124363, 153.234193 -28.124354))",8c293a52745057c4
1045_13779,0.25,"POLYGON ((153.234183 -28.119841, 153.234173 -28.115327, 153.229083 -28.115336, 153.229092 -28.119849, 153.234183 -28.119841))",8c293a52745057c4
1045_13780,0.25,"POLYGON ((153.234173 -28.115327, 153.234164 -28.110814, 153.229073 -28.110822, 153.229083 -28.115336, 153.234173 -28.115327))",8c293a52745057c4
1045_13781,0.25,"POLYGON ((153.234164 -28.110814, 153.234154 -28.1063, 153.229064 -28.106309, 153.229073 -28.110822, 153.234164 -28.110814))",8c293a52745057c4
1045_13782,0.25,"POLYGON ((153.234154 -28.1063, 153.234144 -28.101786, 153.229054 -28.101795, 153.229064 -28.106309, 153.234154 -28.1063))",8c293a52745057c4
1045_13783,0.24104141819058356,"POLYGON ((153.234144 -28.101786, 153.234134 -28.097273, 153.229044 -28.097282, 153.229054 -28.101795, 153.234144 -28.101786))",8c293a52745057c4
1045_13784,0.25,"POLYGON ((153.234134 -28.097273, 153.234124 -28.092759, 153.229035 -28.092768, 153.229044 -28.097282, 153.234134 -28.097273))",8c293a52745057c4
1045_13785,0.19866134128843685,"POLYGON ((153.234124 -28.092759, 153.234115 -28.088246, 153.229025 -28.088254, 153.229035 -28.092768, 153.234124 -28.092759))",8c293a52745057c4
1045_13786,0.136600212097257,"POLYGON ((153.234115 -28.088246, 153.234105 -28.083732, 153.229016 -28.083741, 153.229025 -28.088254, 153.234115 -28.088246))",8c293a52745057c4
1045_13787,0.24588926784238385,"POLYGON ((153.234105 -28.083732, 153.234095 -28.079219, 153.229006 -28.079227, 153.229016 -28.083741, 153.234105 -28.083732))",8c293a52745057c4
1045_13788,0.25,"POLYGON ((153.234095 -28.079219, 153.234085 -28.074705, 153.228997 -28.074714, 153.229006 -28.079227, 153.234095 -28.079219))",8c293a52745057c4
1045_13789,0.25,"POLYGON ((153.234085 -28.074705, 153.234076 -28.070192, 153.228987 -28.0702, 153.228997 -28.074714, 153.234085 -28.074705))",8c293a52745057c4
1045_13790,0.25,"POLYGON ((153.234076 -28.070192, 153.234066 -28.065678, 153.228977 -28.065687, 153.228987 -28.0702, 153.234076 -28.070192))",8c293a52745057c4
1045_13791,0.25,"POLYGON ((153.234066 -28.065678, 153.234056 -28.061164, 153.228968 -28.061173, 153.228977 -28.065687, 153.234066 -28.065678))",8c293a52745057c4
1045_13792,0.25,"POLYGON ((153.234056 -28.061164, 153.234046 -28.056651, 153.228958 -28.056659, 153.228968 -28.061173, 153.234056 -28.061164))",8c293a52745057c4
1045_13793,0.24628561526205558,"POLYGON ((153.234046 -28.056651, 153.234036 -28.052137, 153.228949 -28.052146, 153.228958 -28.056659, 153.234046 -28.056651))",8c293a52745057c4
1045_13794,0.21146890228654308,"POLYGON ((153.234036 -28.052137, 153.234027 -28.047624, 153.228939 -28.047632, 153.228949 -28.052146, 153.234036 -28.052137))",8c293a52745057c4
1045_13795,0.17580187703858272,"POLYGON ((153.234027 -28.047624, 153.234017 -28.04311, 153.22893 -28.043119, 153.228939 -28.047632, 153.234027 -28.047624))",8c293a52745057c4
1045_13796,0.2099959302610543,"POLYGON ((153.234017 -28.04311, 153.234007 -28.038597, 153.22892 -28.038605, 153.22893 -28.043119, 153.234017 -28.04311))",8c293a52745057c4
1045_13797,0.16325516128914702,"POLYGON ((153.234007 -28.038597, 153.233997 -28.034083, 153.22891 -28.034092, 153.22892 -28.038605, 153.234007 -28.038597))",8c293a52745057c4
1045_13798,0.1233829572330795,"POLYGON ((153.233997 -28.034083, 153.233988 -28.029569, 153.228901 -28.029578, 153.22891 -28.034092, 153.233997 -28.034083))",8c293a52745057c4
1045_13799,0.07692788285757511,"POLYGON ((153.233988 -28.029569, 153.233978 -28.025056, 153.228891 -28.025064, 153.228901 -28.029578, 153.233988 -28.029569))",8c293a52745057c4
1045_13803,0.17194503636891023,"POLYGON ((153.233949 -28.011515, 153.233939 -28.007001, 153.228853 -28.00701, 153.228863 -28.011524, 153.233949 -28.011515))",8c293a52745057c4
1045_13804,0.25,"POLYGON ((153.233939 -28.007001, 153.233929 -28.002488, 153.228844 -28.002496, 153.228853 -28.00701, 153.233939 -28.007001))",8c293a52745057c4
1045_13805,0.25,"POLYGON ((153.233929 -28.002488, 153.233919 -27.997974, 153.228834 -27.997983, 153.228844 -28.002496, 153.233929 -28.002488))",8c293a52745057c4
1045_13806,0.25,"POLYGON ((153.233919 -27.997974, 153.23391 -27.993461, 153.228825 -27.993469, 153.228834 -27.997983, 153.233919 -27.997974))",8c293a52745057c4
1045_13807,0.25,"POLYGON ((153.23391 -27.993461, 153.2339 -27.988947, 153.228815 -27.988955, 153.228825 -27.993469, 153.23391 -27.993461))",8c293a52745057c4
1045_13808,0.25,"POLYGON ((153.2339 -27.988947, 153.23389 -27.984433, 153.228806 -27.984442, 153.228815 -27.988955, 153.2339 -27.988947))",8c293a52745057c4
1045_13809,0.25,"POLYGON ((153.23389 -27.984433, 153.23388 -27.97992, 153.228796 -27.979928, 153.228806 -27.984442, 153.23389 -27.984433))",8c293a52745057c4
1045_13810,0.25,"POLYGON ((153.23388 -27.97992, 153.233871 -27.975406, 153.228786 -27.975415, 153.228796 -27.979928, 153.23388 -27.97992))",8c293a52745057c4
1045_13811,0.25,"POLYGON ((153.233871 -27.975406, 153.233861 -27.970892, 153.228777 -27.970901, 153.228786 -27.975415, 153.233871 -27.975406))",8c293a52745057c4
1045_13812,0.25,"POLYGON ((153.233861 -27.970892, 153.233851 -27.966379, 153.228767 -27.966387, 153.228777 -27.970901, 153.233861 -27.970892))",8c293a52745057c4
1045_13813,0.25,"POLYGON ((153.233851 -27.966379, 153.233841 -27.961865, 153.228758 -27.961874, 153.228767 -27.966387, 153.233851 -27.966379))",8c293a52745057c4
1045_13814,0.25,"POLYGON ((153.233841 -27.961865, 153.233832 -27.957352, 153.228748 -27.95736, 153.228758 -27.961874, 153.233841 -27.961865))",8c293a52745057c4
1045_13815,0.25,"POLYGON ((153.233832 -27.957352, 153.233822 -27.952838, 153.228739 -27.952846, 153.228748 -27.95736, 153.233832 -27.957352))",8c293a52745057c4
1045_13816,0.25,"POLYGON ((153.233822 -27.952838, 153.233812 -27.948324, 153.228729 -27.948333, 153.228739 -27.952846, 153.233822 -27.952838))",8c293a52745057c4
1045_13817,0.25,"POLYGON ((153.233812 -27.948324, 153.233802 -27.943811, 153.22872 -27.943819, 153.228729 -27.948333, 153.233812 -27.948324))",8c293a52745057c4
1045_13818,0.25,"POLYGON ((153.233802 -27.943811, 153.233793 -27.939297, 153.22871 -27.939305, 153.22872 -27.943819, 153.233802 -27.943811))",8c293a52745057c4
1045_13819,0.25,"POLYGON ((153.233793 -27.939297, 153.233783 -27.934783, 153.228701 -27.934792, 153.22871 -27.939305, 153.233793 -27.939297))",8c293a52745057c4
1045_13820,0.25,"POLYGON ((153.233783 -27.934783, 153.233773 -27.93027, 153.228691 -27.930278, 153.228701 -27.934792, 153.233783 -27.934783))",8c293a52745057c4
1045_13821,0.25,"POLYGON ((153.233773 -27.93027, 153.233764 -27.925756, 153.228682 -27.925765, 153.228691 -27.930278, 153.233773 -27.93027))",8c293a52745057c4
1045_13822,0.25,"POLYGON ((153.233764 -27.925756, 153.233754 -27.921242, 153.228672 -27.921251, 153.228682 -27.925765, 153.233764 -27.925756))",8c293a52745057c4
1045_13823,0.25,"POLYGON ((153.233754 -27.921242, 153.233744 -27.916729, 153.228663 -27.916737, 153.228672 -27.921251, 153.233754 -27.921242))",8c293a52745057c4
1045_13824,0.25,"POLYGON ((153.233744 -27.916729, 153.233735 -27.912215, 153.228653 -27.912224, 153.228663 -27.916737, 153.233744 -27.916729))",8c293a52745057c4
1045_13825,0.25,"POLYGON ((153.233735 -27.912215, 153.233725 -27.907701, 153.228644 -27.90771, 153.228653 -27.912224, 153.233735 -27.912215))",8c293a52745057c4
1045_13826,0.25,"POLYGON ((153.233725 -27.907701, 153.233715 -27.903188, 153.228634 -27.903196, 153.228644 -27.90771, 153.233725 -27.907701))",8c293a52745057c4
1045_13827,0.25,"POLYGON ((153.233715 -27.903188, 153.233705 -27.898674, 153.228625 -27.898683, 153.228634 -27.903196, 153.233715 -27.903188))",8c293a52745057c4
1045_13828,0.25,"POLYGON ((153.233705 -27.898674, 153.233696 -27.89416, 153.228615 -27.894169, 153.228625 -27.898683, 153.233705 -27.898674))",8c293a52745057c4
1045_13829,0.25,"POLYGON ((153.233696 -27.89416, 153.233686 -27.889647, 153.228606 -27.889655, 153.228615 -27.894169, 153.233696 -27.89416))",8c293a52745057c4
1045_13830,0.25,"POLYGON ((153.233686 -27.889647, 153.233676 -27.885133, 153.228596 -27.885141, 153.228606 -27.889655, 153.233686 -27.889647))",8c293a52745057c4
1045_13831,0.25,"POLYGON ((153.233676 -27.885133, 153.233667 -27.880619, 153.228587 -27.880628, 153.228596 -27.885141, 153.233676 -27.885133))",8c293a52745057c4
1045_13832,0.25,"POLYGON ((153.233667 -27.880619, 153.233657 -27.876106, 153.228577 -27.876114, 153.228587 -27.880628, 153.233667 -27.880619))",8c293a52745057c4
1045_13833,0.25,"POLYGON ((153.233657 -27.876106, 153.233647 -27.871592, 153.228568 -27.8716, 153.228577 -27.876114, 153.233657 -27.876106))",8c293a52745057c4
1045_13834,0.25,"POLYGON ((153.233647 -27.871592, 153.233638 -27.867078, 153.228559 -27.867087, 153.228568 -27.8716, 153.233647 -27.871592))",8c293a52745057c4
1045_13835,0.25,"POLYGON ((153.233638 -27.867078, 153.233628 -27.862564, 153.228549 -27.862573, 153.228559 -27.867087, 153.233638 -27.867078))",8c293a52745057c4
1045_13836,0.25,"POLYGON ((153.233628 -27.862564, 153.233618 -27.858051, 153.22854 -27.858059, 153.228549 -27.862573, 153.233628 -27.862564))",8c293a52745057c4
1045_13837,0.25,"POLYGON ((153.233618 -27.858051, 153.233609 -27.853537, 153.22853 -27.853546, 153.22854 -27.858059, 153.233618 -27.858051))",8c293a52745057c4
1045_13838,0.25,"POLYGON ((153.233609 -27.853537, 153.233599 -27.849023, 153.228521 -27.849032, 153.22853 -27.853546, 153.233609 -27.853537))",8c293a52745057c4
1045_13839,0.25,"POLYGON ((153.233599 -27.849023, 153.233589 -27.84451, 153.228511 -27.844518, 153.228521 -27.849032, 153.233599 -27.849023))",8c293a52745057c4
1045_13840,0.25,"POLYGON ((153.233589 -27.84451, 153.23358 -27.839996, 153.228502 -27.840004, 153.228511 -27.844518, 153.233589 -27.84451))",8c293a52745057c4
1045_13841,0.25,"POLYGON ((153.23358 -27.839996, 153.23357 -27.835482, 153.228492 -27.835491, 153.228502 -27.840004, 153.23358 -27.839996))",8c293a52745057c4
1045_13842,0.25,"POLYGON ((153.23357 -27.835482, 153.23356 -27.830968, 153.228483 -27.830977, 153.228492 -27.835491, 153.23357 -27.835482))",8c293a52745057c4
1045_13843,0.25,"POLYGON ((153.23356 -27.830968, 153.233551 -27.826455, 153.228473 -27.826463, 153.228483 -27.830977, 153.23356 -27.830968))",8c293a52745057c4
1045_13844,0.25,"POLYGON ((153.233551 -27.826455, 153.233541 -27.821941, 153.228464 -27.82195, 153.228473 -27.826463, 153.233551 -27.826455))",8c293a52745057c4
1045_13845,0.25,"POLYGON ((153.233541 -27.821941, 153.233531 -27.817427, 153.228455 -27.817436, 153.228464 -27.82195, 153.233541 -27.821941))",8c293a52745057c4
1045_13846,0.25,"POLYGON ((153.233531 -27.817427, 153.233522 -27.812914, 153.228445 -27.812922, 153.228455 -27.817436, 153.233531 -27.817427))",8c293a52745057c4
1045_13847,0.25,"POLYGON ((153.233522 -27.812914, 153.233512 -27.8084, 153.228436 -27.808408, 153.228445 -27.812922, 153.233522 -27.812914))",8c293a52745057c4
1045_13848,0.25,"POLYGON ((153.233512 -27.8084, 153.233502 -27.803886, 153.228426 -27.803895, 153.228436 -27.808408, 153.233512 -27.8084))",8c293a52745057c4
1045_13849,0.25,"POLYGON ((153.233502 -27.803886, 153.233493 -27.799372, 153.228417 -27.799381, 153.228426 -27.803895, 153.233502 -27.803886))",8c293a52745057c4
1045_13850,0.25,"POLYGON ((153.233493 -27.799372, 153.233483 -27.794859, 153.228407 -27.794867, 153.228417 -27.799381, 153.233493 -27.799372))",8c293a52745057c4
1045_13851,0.25,"POLYGON ((153.233483 -27.794859, 153.233473 -27.790345, 153.228398 -27.790353, 153.228407 -27.794867, 153.233483 -27.794859))",8c293a52745057c4
1045_13852,0.25,"POLYGON ((153.233473 -27.790345, 153.233464 -27.785831, 153.228388 -27.78584, 153.228398 -27.790353, 153.233473 -27.790345))",8c293a52745057c4
1045_13853,0.25,"POLYGON ((153.233464 -27.785831, 153.233454 -27.781317, 153.228379 -27.781326, 153.228388 -27.78584, 153.233464 -27.785831))",8c293a52745057c4
1045_13854,0.25,"POLYGON ((153.233454 -27.781317, 153.233444 -27.776804, 153.22837 -27.776812, 153.228379 -27.781326, 153.233454 -27.781317))",8c293a52745057c4
1045_13855,0.25,"POLYGON ((153.233444 -27.776804, 153.233435 -27.77229, 153.22836 -27.772298, 153.22837 -27.776812, 153.233444 -27.776804))",8c293a52745057c4
1045_13856,0.25,"POLYGON ((153.233435 -27.77229, 153.233425 -27.767776, 153.228351 -27.767785, 153.22836 -27.772298, 153.233435 -27.77229))",8c293a52745057c4
1045_13857,0.25,"POLYGON ((153.233425 -27.767776, 153.233416 -27.763262, 153.228341 -27.763271, 153.228351 -27.767785, 153.233425 -27.767776))",8c293a52745057c4
1045_13858,0.25,"POLYGON ((153.233416 -27.763262, 153.233406 -27.758749, 153.228332 -27.758757, 153.228341 -27.763271, 153.233416 -27.763262))",8c293a52745057c4
1045_13859,0.25,"POLYGON ((153.233406 -27.758749, 153.233396 -27.754235, 153.228322 -27.754243, 153.228332 -27.758757, 153.233406 -27.758749))",8c293a52745057c4
1045_13860,0.25,"POLYGON ((153.233396 -27.754235, 153.233387 -27.749721, 153.228313 -27.749729, 153.228322 -27.754243, 153.233396 -27.754235))",8c293a52745057c4
1045_13861,0.25,"POLYGON ((153.233387 -27.749721, 153.233377 -27.745207, 153.228304 -27.745216, 153.228313 -27.749729, 153.233387 -27.749721))",8c293a52745057c4
1045_13862,0.25,"POLYGON ((153.233377 -27.745207, 153.233367 -27.740693, 153.228294 -27.740702, 153.228304 -27.745216, 153.233377 -27.745207))",8c293a52745057c4
1045_13863,0.25,"POLYGON ((153.233367 -27.740693, 153.233358 -27.73618, 153.228285 -27.736188, 153.228294 -27.740702, 153.233367 -27.740693))",8c293a52745057c4
1045_13864,0.25,"POLYGON ((153.233358 -27.73618, 153.233348 -27.731666, 153.228275 -27.731674, 153.228285 -27.736188, 153.233358 -27.73618))",8c293a52745057c4
1045_13865,0.248996419177884,"POLYGON ((153.233348 -27.731666, 153.233339 -27.727152, 153.228266 -27.727161, 153.228275 -27.731674, 153.233348 -27.731666))",8c293a52745057c4
1045_13866,0.09618702645367548,"POLYGON ((153.233339 -27.727152, 153.233329 -27.722638, 153.228257 -27.722647, 153.228266 -27.727161, 153.233339 -27.727152))",8c293a52745057c4
1045_13867,0.20536190334865018,"POLYGON ((153.233329 -27.722638, 153.233319 -27.718125, 153.228247 -27.718133, 153.228257 -27.722647, 153.233329 -27.722638))",8c293a52745057c4
1045_13868,0.24741334092372705,"POLYGON ((153.233319 -27.718125, 153.23331 -27.713611, 153.228238 -27.713619, 153.228247 -27.718133, 153.233319 -27.718125))",8c293a52745057c4
1045_13869,0.09261959255220512,"POLYGON ((153.23331 -27.713611, 153.2333 -27.709097, 153.228228 -27.709105, 153.228238 -27.713619, 153.23331 -27.713611))",8c293a52745057c4
1045_13870,0.03688247401986755,"POLYGON ((153.2333 -27.709097, 153.233291 -27.704583, 153.228219 -27.704592, 153.228228 -27.709105, 153.2333 -27.709097))",8c293a52745057c4
1046_13747,0.013945083019697112,"POLYGON ((153.239596 -28.264263, 153.239586 -28.25975, 153.234488 -28.259759, 153.234498 -28.264272, 153.239596 -28.264263))",8c293a52745057c4
1046_13748,0.0604707813114636,"POLYGON ((153.239586 -28.25975, 153.239576 -28.255236, 153.234478 -28.255245, 153.234488 -28.259759, 153.239586 -28.25975))",8c293a52745057c4
1046_13749,0.18342844782177403,"POLYGON ((153.239576 -28.255236, 153.239566 -28.250723, 153.234469 -28.250732, 153.234478 -28.255245, 153.239576 -28.255236))",8c293a52745057c4
1046_13750,0.25,"POLYGON ((153.239566 -28.250723, 153.239556 -28.24621, 153.234459 -28.246218, 153.234469 -28.250732, 153.239566 -28.250723))",8c293a52745057c4
1046_13751,0.25,"POLYGON ((153.239556 -28.24621, 153.239546 -28.241696, 153.234449 -28.241705, 153.234459 -28.246218, 153.239556 -28.24621))",8c293a52745057c4
1046_13752,0.25,"POLYGON ((153.239546 -28.241696, 153.239535 -28.237183, 153.234439 -28.237191, 153.234449 -28.241705, 153.239546 -28.241696))",8c293a52745057c4
1046_13753,0.25,"POLYGON ((153.239535 -28.237183, 153.239525 -28.232669, 153.234429 -28.232678, 153.234439 -28.237191, 153.239535 -28.237183))",8c293a52745057c4
1046_13754,0.25,"POLYGON ((153.239525 -28.232669, 153.239515 -28.228156, 153.234419 -28.228165, 153.234429 -28.232678, 153.239525 -28.232669))",8c293a52745057c4
1046_13755,0.25,"POLYGON ((153.239515 -28.228156, 153.239505 -28.223642, 153.234409 -28.223651, 153.234419 -28.228165, 153.239515 -28.228156))",8c293a52745057c4
1046_13756,0.25,"POLYGON ((153.239505 -28.223642, 153.239495 -28.219129, 153.2344 -28.219138, 153.234409 -28.223651, 153.239505 -28.223642))",8c293a52745057c4
1046_13757,0.25,"POLYGON ((153.239495 -28.219129, 153.239485 -28.214615, 153.23439 -28.214624, 153.2344 -28.219138, 153.239495 -28.219129))",8c293a52745057c4
1046_13758,0.25,"POLYGON ((153.239485 -28.214615, 153.239475 -28.210102, 153.23438 -28.210111, 153.23439 -28.214624, 153.239485 -28.214615))",8c293a52745057c4
1046_13759,0.25,"POLYGON ((153.239475 -28.210102, 153.239465 -28.205588, 153.23437 -28.205597, 153.23438 -28.210111, 153.239475 -28.210102))",8c293a52745057c4
1046_13760,0.25,"POLYGON ((153.239465 -28.205588, 153.239455 -28.201075, 153.23436 -28.201084, 153.23437 -28.205597, 153.239465 -28.205588))",8c293a52745057c4
1046_13761,0.25,"POLYGON ((153.239455 -28.201075, 153.239445 -28.196561, 153.23435 -28.19657, 153.23436 -28.201084, 153.239455 -28.201075))",8c293a52745057c4
1046_13762,0.25,"POLYGON ((153.239445 -28.196561, 153.239435 -28.192048, 153.23434 -28.192057, 153.23435 -28.19657, 153.239445 -28.196561))",8c293a52745057c4
1046_13763,0.25,"POLYGON ((153.239435 -28.192048, 153.239425 -28.187534, 153.234331 -28.187543, 153.23434 -28.192057, 153.239435 -28.192048))",8c293a52745057c4
1046_13764,0.25,"POLYGON ((153.239425 -28.187534, 153.239415 -28.183021, 153.234321 -28.18303, 153.234331 -28.187543, 153.239425 -28.187534))",8c293a52745057c4
1046_13765,0.25,"POLYGON ((153.239415 -28.183021, 153.239405 -28.178507, 153.234311 -28.178516, 153.234321 -28.18303, 153.239415 -28.183021))",8c293a52745057c4
1046_13766,0.25,"POLYGON ((153.239405 -28.178507, 153.239395 -28.173994, 153.234301 -28.174003, 153.234311 -28.178516, 153.239405 -28.178507))",8c293a52745057c4
1046_13767,0.25,"POLYGON ((153.239395 -28.173994, 153.239385 -28.16948, 153.234291 -28.169489, 153.234301 -28.174003, 153.239395 -28.173994))",8c293a52745057c4
1046_13768,0.25,"POLYGON ((153.239385 -28.16948, 153.239374 -28.164967, 153.234281 -28.164976, 153.234291 -28.169489, 153.239385 -28.16948))",8c293a52745057c4
1046_13769,0.25,"POLYGON ((153.239374 -28.164967, 153.239364 -28.160453, 153.234272 -28.160462, 153.234281 -28.164976, 153.239374 -28.164967))",8c293a52745057c4
1046_13770,0.25,"POLYGON ((153.239364 -28.160453, 153.239354 -28.15594, 153.234262 -28.155949, 153.234272 -28.160462, 153.239364 -28.160453))",8c293a52745057c4
1046_13771,0.25,"POLYGON ((153.239354 -28.15594, 153.239344 -28.151426, 153.234252 -28.151435, 153.234262 -28.155949, 153.239354 -28.15594))",8c293a52745057c4
1046_13772,0.25,"POLYGON ((153.239344 -28.151426, 153.239334 -28.146913, 153.234242 -28.146922, 153.234252 -28.151435, 153.239344 -28.151426))",8c293a52745057c4
1046_13773,0.25,"POLYGON ((153.239334 -28.146913, 153.239324 -28.142399, 153.234232 -28.142408, 153.234242 -28.146922, 153.239334 -28.146913))",8c293a52745057c4
1046_13774,0.25,"POLYGON ((153.239324 -28.142399, 153.239314 -28.137886, 153.234222 -28.137895, 153.234232 -28.142408, 153.239324 -28.142399))",8c293a52745057c4
1046_13775,0.25,"POLYGON ((153.239314 -28.137886, 153.239304 -28.133372, 153.234213 -28.133381, 153.234222 -28.137895, 153.239314 -28.137886))",8c293a52745057c4
1046_13776,0.25,"POLYGON ((153.239304 -28.133372, 153.239294 -28.128859, 153.234203 -28.128868, 153.234213 -28.133381, 153.239304 -28.133372))",8c293a52745057c4
1046_13777,0.25,"POLYGON ((153.239294 -28.128859, 153.239284 -28.124345, 153.234193 -28.124354, 153.234203 -28.128868, 153.239294 -28.128859))",8c293a52745057c4
1046_13778,0.25,"POLYGON ((153.239284 -28.124345, 153.239274 -28.119832, 153.234183 -28.119841, 153.234193 -28.124354, 153.239284 -28.124345))",8c293a52745057c4
1046_13779,0.25,"POLYGON ((153.239274 -28.119832, 153.239264 -28.115318, 153.234173 -28.115327, 153.234183 -28.119841, 153.239274 -28.119832))",8c293a52745057c4
1046_13780,0.25,"POLYGON ((153.239264 -28.115318, 153.239254 -28.110805, 153.234164 -28.110814, 153.234173 -28.115327, 153.239264 -28.115318))",8c293a52745057c4
1046_13781,0.25,"POLYGON ((153.239254 -28.110805, 153.239244 -28.106291, 153.234154 -28.1063, 153.234164 -28.110814, 153.239254 -28.110805))",8c293a52745057c4
1046_13782,0.25,"POLYGON ((153.239244 -28.106291, 153.239234 -28.101778, 153.234144 -28.101786, 153.234154 -28.1063, 153.239244 -28.106291))",8c293a52745057c4
1046_13783,0.25,"POLYGON ((153.239234 -28.101778, 153.239224 -28.097264, 153.234134 -28.097273, 153.234144 -28.101786, 153.239234 -28.101778))",8c293a52745057c4
1046_13784,0.25,"POLYGON ((153.239224 -28.097264, 153.239214 -28.092751, 153.234124 -28.092759, 153.234134 -28.097273, 153.239224 -28.097264))",8c293a52745057c4
1046_13785,0.25,"POLYGON ((153.239214 -28.092751, 153.239204 -28.088237, 153.234115 -28.088246, 153.234124 -28.092759, 153.239214 -28.092751))",8c293a52745057c4
1046_13786,0.25,"POLYGON ((153.239204 -28.088237, 153.239194 -28.083723, 153.234105 -28.083732, 153.234115 -28.088246, 153.239204 -28.088237))",8c293a52745057c4
1046_13787,0.25,"POLYGON ((153.239194 -28.083723, 153.239184 -28.07921, 153.234095 -28.079219, 153.234105 -28.083732, 153.239194 -28.083723))",8c293a52745057c4
1046_13788,0.25,"POLYGON ((153.239184 -28.07921, 153.239174 -28.074696, 153.234085 -28.074705, 153.234095 -28.079219, 153.239184 -28.07921))",8c293a52745057c4
1046_13789,0.25,"POLYGON ((153.239174 -28.074696, 153.239164 -28.070183, 153.234076 -28.070192, 153.234085 -28.074705, 153.239174 -28.074696))",8c293a52745057c4
1046_13790,0.25,"POLYGON ((153.239164 -28.070183, 153.239154 -28.065669, 153.234066 -28.065678, 153.234076 -28.070192, 153.239164 -28.070183))",8c293a52745057c4
1046_13791,0.25,"POLYGON ((153.239154 -28.065669, 153.239144 -28.061156, 153.234056 -28.061164, 153.234066 -28.065678, 153.239154 -28.065669))",8c293a52745057c4
1046_13792,0.25,"POLYGON ((153.239144 -28.061156, 153.239134 -28.056642, 153.234046 -28.056651, 153.234056 -28.061164, 153.239144 -28.061156))",8c293a52745057c4
1046_13793,0.25,"POLYGON ((153.239134 -28.056642, 153.239124 -28.052129, 153.234036 -28.052137, 153.234046 -28.056651, 153.239134 -28.056642))",8c293a52745057c4
1046_13794,0.25,"POLYGON ((153.239124 -28.052129, 153.239114 -28.047615, 153.234027 -28.047624, 153.234036 -28.052137, 153.239124 -28.052129))",8c293a52745057c4
1046_13795,0.25,"POLYGON ((153.239114 -28.047615, 153.239104 -28.043101, 153.234017 -28.04311, 153.234027 -28.047624, 153.239114 -28.047615))",8c293a52745057c4
1046_13796,0.25,"POLYGON ((153.239104 -28.043101, 153.239094 -28.038588, 153.234007 -28.038597, 153.234017 -28.04311, 153.239104 -28.043101))",8c293a52745057c4
1046_13797,0.25,"POLYGON ((153.239094 -28.038588, 153.239084 -28.034074, 153.233997 -28.034083, 153.234007 -28.038597, 153.239094 -28.038588))",8c293a52745057c4
1046_13798,0.25,"POLYGON ((153.239084 -28.034074, 153.239074 -28.029561, 153.233988 -28.029569, 153.233997 -28.034083, 153.239084 -28.034074))",8c293a52745057c4
1046_13799,0.23408501996483816,"POLYGON ((153.239074 -28.029561, 153.239064 -28.025047, 153.233978 -28.025056, 153.233988 -28.029569, 153.239074 -28.029561))",8c293a52745057c4
1046_13800,0.10917119672163318,"POLYGON ((153.239064 -28.025047, 153.239054 -28.020533, 153.233968 -28.020542, 153.233978 -28.025056, 153.239064 -28.025047))",8c293a52745057c4
1046_13801,0.06977374967505719,"POLYGON ((153.239054 -28.020533, 153.239044 -28.01602, 153.233958 -28.016029, 153.233968 -28.020542, 153.239054 -28.020533))",8c293a52745057c4
1046_13802,0.030297251726221528,"POLYGON ((153.239044 -28.01602, 153.239034 -28.011506, 153.233949 -28.011515, 153.233958 -28.016029, 153.239044 -28.01602))",8c293a52745057c4
1046_13803,0.21247599536898787,"POLYGON ((153.239034 -28.011506, 153.239024 -28.006993, 153.233939 -28.007001, 153.233949 -28.011515, 153.239034 -28.011506))",8c293a52745057c4
1046_13804,0.25,"POLYGON ((153.239024 -28.006993, 153.239014 -28.002479, 153.233929 -28.002488, 153.233939 -28.007001, 153.239024 -28.006993))",8c293a52745057c4
1046_13805,0.25,"POLYGON ((153.239014 -28.002479, 153.239004 -27.997965, 153.233919 -27.997974, 153.233929 -28.002488, 153.239014 -28.002479))",8c293a52745057c4
1046_13806,0.25,"POLYGON ((153.239004 -27.997965, 153.238994 -27.993452, 153.23391 -27.993461, 153.233919 -27.997974, 153.239004 -27.997965))",8c293a52745057c4
1046_13807,0.25,"POLYGON ((153.238994 -27.993452, 153.238985 -27.988938, 153.2339 -27.988947, 153.23391 -27.993461, 153.238994 -27.993452))",8c293a52745057c4
1046_13808,0.25,"POLYGON ((153.238985 -27.988938, 153.238975 -27.984425, 153.23389 -27.984433, 153.2339 -27.988947, 153.238985 -27.988938))",8c293a52745057c4
1046_13809,0.25,"POLYGON ((153.238975 -27.984425, 153.238965 -27.979911, 153.23388 -27.97992, 153.23389 -27.984433, 153.238975 -27.984425))",8c293a52745057c4
1046_13810,0.25,"POLYGON ((153.238965 -27.979911, 153.238955 -27.975397, 153.233871 -27.975406, 153.23388 -27.97992, 153.238965 -27.979911))",8c293a52745057c4
1046_13811,0.25,"POLYGON ((153.238955 -27.975397, 153.238945 -27.970884, 153.233861 -27.970892, 153.233871 -27.975406, 153.238955 -27.975397))",8c293a52745057c4
1046_13812,0.25,"POLYGON ((153.238945 -27.970884, 153.238935 -27.96637, 153.233851 -27.966379, 153.233861 -27.970892, 153.238945 -27.970884))",8c293a52745057c4
1046_13813,0.25,"POLYGON ((153.238935 -27.96637, 153.238925 -27.961856, 153.233841 -27.961865, 153.233851 -27.966379, 153.238935 -27.96637))",8c293a52745057c4
1046_13814,0.25,"POLYGON ((153.238925 -27.961856, 153.238915 -27.957343, 153.233832 -27.957352, 153.233841 -27.961865, 153.238925 -27.961856))",8c293a52745057c4
1046_13815,0.25,"POLYGON ((153.238915 -27.957343, 153.238905 -27.952829, 153.233822 -27.952838, 153.233832 -27.957352, 153.238915 -27.957343))",8c293a52745057c4
1046_13816,0.25,"POLYGON ((153.238905 -27.952829, 153.238895 -27.948316, 153.233812 -27.948324, 153.233822 -27.952838, 153.238905 -27.952829))",8c293a52745057c4
1046_13817,0.25,"POLYGON ((153.238895 -27.948316, 153.238885 -27.943802, 153.233802 -27.943811, 153.233812 -27.948324, 153.238895 -27.948316))",8c293a52745057c4
1046_13818,0.25,"POLYGON ((153.238885 -27.943802, 153.238875 -27.939288, 153.233793 -27.939297, 153.233802 -27.943811, 153.238885 -27.943802))",8c293a52745057c4
1046_13819,0.25,"POLYGON ((153.238875 -27.939288, 153.238865 -27.934775, 153.233783 -27.934783, 153.233793 -27.939297, 153.238875 -27.939288))",8c293a52745057c4
1046_13820,0.25,"POLYGON ((153.238865 -27.934775, 153.238855 -27.930261, 153.233773 -27.93027, 153.233783 -27.934783, 153.238865 -27.934775))",8c293a52745057c4
1046_13821,0.25,"POLYGON ((153.238855 -27.930261, 153.238845 -27.925747, 153.233764 -27.925756, 153.233773 -27.93027, 153.238855 -27.930261))",8c293a52745057c4
1046_13822,0.25,"POLYGON ((153.238845 -27.925747, 153.238835 -27.921234, 153.233754 -27.921242, 153.233764 -27.925756, 153.238845 -27.925747))",8c293a52745057c4
1046_13823,0.25,"POLYGON ((153.238835 -27.921234, 153.238826 -27.91672, 153.233744 -27.916729, 153.233754 -27.921242, 153.238835 -27.921234))",8c293a52745057c4
1046_13824,0.25,"POLYGON ((153.238826 -27.91672, 153.238816 -27.912206, 153.233735 -27.912215, 153.233744 -27.916729, 153.238826 -27.91672))",8c293a52745057c4
1046_13825,0.25,"POLYGON ((153.238816 -27.912206, 153.238806 -27.907693, 153.233725 -27.907701, 153.233735 -27.912215, 153.238816 -27.912206))",8c293a52745057c4
1046_13826,0.25,"POLYGON ((153.238806 -27.907693, 153.238796 -27.903179, 153.233715 -27.903188, 153.233725 -27.907701, 153.238806 -27.907693))",8c293a52745057c4
1046_13827,0.25,"POLYGON ((153.238796 -27.903179, 153.238786 -27.898665, 153.233705 -27.898674, 153.233715 -27.903188, 153.238796 -27.903179))",8c293a52745057c4
1046_13828,0.25,"POLYGON ((153.238786 -27.898665, 153.238776 -27.894152, 153.233696 -27.89416, 153.233705 -27.898674, 153.238786 -27.898665))",8c293a52745057c4
1046_13829,0.25,"POLYGON ((153.238776 -27.894152, 153.238766 -27.889638, 153.233686 -27.889647, 153.233696 -27.89416, 153.238776 -27.894152))",8c293a52745057c4
1046_13830,0.25,"POLYGON ((153.238766 -27.889638, 153.238756 -27.885124, 153.233676 -27.885133, 153.233686 -27.889647, 153.238766 -27.889638))",8c293a52745057c4
1046_13831,0.25,"POLYGON ((153.238756 -27.885124, 153.238746 -27.880611, 153.233667 -27.880619, 153.233676 -27.885133, 153.238756 -27.885124))",8c293a52745057c4
1046_13832,0.25,"POLYGON ((153.238746 -27.880611, 153.238736 -27.876097, 153.233657 -27.876106, 153.233667 -27.880619, 153.238746 -27.880611))",8c293a52745057c4
1046_13833,0.25,"POLYGON ((153.238736 -27.876097, 153.238727 -27.871583, 153.233647 -27.871592, 153.233657 -27.876106, 153.238736 -27.876097))",8c293a52745057c4
1046_13834,0.25,"POLYGON ((153.238727 -27.871583, 153.238717 -27.867069, 153.233638 -27.867078, 153.233647 -27.871592, 153.238727 -27.871583))",8c293a52745057c4
1046_13835,0.25,"POLYGON ((153.238717 -27.867069, 153.238707 -27.862556, 153.233628 -27.862564, 153.233638 -27.867078, 153.238717 -27.867069))",8c293a52745057c4
1046_13836,0.25,"POLYGON ((153.238707 -27.862556, 153.238697 -27.858042, 153.233618 -27.858051, 153.233628 -27.862564, 153.238707 -27.862556))",8c293a52745057c4
1046_13837,0.25,"POLYGON ((153.238697 -27.858042, 153.238687 -27.853528, 153.233609 -27.853537, 153.233618 -27.858051, 153.238697 -27.858042))",8c293a52745057c4
1046_13838,0.25,"POLYGON ((153.238687 -27.853528, 153.238677 -27.849015, 153.233599 -27.849023, 153.233609 -27.853537, 153.238687 -27.853528))",8c293a52745057c4
1046_13839,0.25,"POLYGON ((153.238677 -27.849015, 153.238667 -27.844501, 153.233589 -27.84451, 153.233599 -27.849023, 153.238677 -27.849015))",8c293a52745057c4
1046_13840,0.25,"POLYGON ((153.238667 -27.844501, 153.238657 -27.839987, 153.23358 -27.839996, 153.233589 -27.84451, 153.238667 -27.844501))",8c293a52745057c4
1046_13841,0.25,"POLYGON ((153.238657 -27.839987, 153.238647 -27.835474, 153.23357 -27.835482, 153.23358 -27.839996, 153.238657 -27.839987))",8c293a52745057c4
1046_13842,0.25,"POLYGON ((153.238647 -27.835474, 153.238638 -27.83096, 153.23356 -27.830968, 153.23357 -27.835482, 153.238647 -27.835474))",8c293a52745057c4
1046_13843,0.25,"POLYGON ((153.238638 -27.83096, 153.238628 -27.826446, 153.233551 -27.826455, 153.23356 -27.830968, 153.238638 -27.83096))",8c293a52745057c4
1046_13844,0.25,"POLYGON ((153.238628 -27.826446, 153.238618 -27.821932, 153.233541 -27.821941, 153.233551 -27.826455, 153.238628 -27.826446))",8c293a52745057c4
1046_13845,0.25,"POLYGON ((153.238618 -27.821932, 153.238608 -27.817419, 153.233531 -27.817427, 153.233541 -27.821941, 153.238618 -27.821932))",8c293a52745057c4
1046_13846,0.25,"POLYGON ((153.238608 -27.817419, 153.238598 -27.812905, 153.233522 -27.812914, 153.233531 -27.817427, 153.238608 -27.817419))",8c293a52745057c4
1046_13847,0.25,"POLYGON ((153.238598 -27.812905, 153.238588 -27.808391, 153.233512 -27.8084, 153.233522 -27.812914, 153.238598 -27.812905))",8c293a52745057c4
1046_13848,0.25,"POLYGON ((153.238588 -27.808391, 153.238578 -27.803877, 153.233502 -27.803886, 153.233512 -27.8084, 153.238588 -27.808391))",8c293a52745057c4
1046_13849,0.25,"POLYGON ((153.238578 -27.803877, 153.238569 -27.799364, 153.233493 -27.799372, 153.233502 -27.803886, 153.238578 -27.803877))",8c293a52745057c4
1046_13850,0.25,"POLYGON ((153.238569 -27.799364, 153.238559 -27.79485, 153.233483 -27.794859, 153.233493 -27.799372, 153.238569 -27.799364))",8c293a52745057c4
1046_13851,0.25,"POLYGON ((153.238559 -27.79485, 153.238549 -27.790336, 153.233473 -27.790345, 153.233483 -27.794859, 153.238559 -27.79485))",8c293a52745057c4
1046_13852,0.25,"POLYGON ((153.238549 -27.790336, 153.238539 -27.785822, 153.233464 -27.785831, 153.233473 -27.790345, 153.238549 -27.790336))",8c293a52745057c4
1046_13853,0.25,"POLYGON ((153.238539 -27.785822, 153.238529 -27.781309, 153.233454 -27.781317, 153.233464 -27.785831, 153.238539 -27.785822))",8c293a52745057c4
1046_13854,0.25,"POLYGON ((153.238529 -27.781309, 153.238519 -27.776795, 153.233444 -27.776804, 153.233454 -27.781317, 153.238529 -27.781309))",8c293a52745057c4
1046_13855,0.25,"POLYGON ((153.238519 -27.776795, 153.238509 -27.772281, 153.233435 -27.77229, 153.233444 -27.776804, 153.238519 -27.776795))",8c293a52745057c4
1046_13856,0.25,"POLYGON ((153.238509 -27.772281, 153.2385 -27.767767, 153.233425 -27.767776, 153.233435 -27.77229, 153.238509 -27.772281))",8c293a52745057c4
1046_13857,0.25,"POLYGON ((153.2385 -27.767767, 153.23849 -27.763254, 153.233416 -27.763262, 153.233425 -27.767776, 153.2385 -27.767767))",8c293a52745057c4
1046_13858,0.25,"POLYGON ((153.23849 -27.763254, 153.23848 -27.75874, 153.233406 -27.758749, 153.233416 -27.763262, 153.23849 -27.763254))",8c293a52745057c4
1046_13859,0.25,"POLYGON ((153.23848 -27.75874, 153.23847 -27.754226, 153.233396 -27.754235, 153.233406 -27.758749, 153.23848 -27.75874))",8c293a52745057c4
1046_13860,0.25,"POLYGON ((153.23847 -27.754226, 153.23846 -27.749712, 153.233387 -27.749721, 153.233396 -27.754235, 153.23847 -27.754226))",8c293a52745057c4
1046_13861,0.25,"POLYGON ((153.23846 -27.749712, 153.23845 -27.745199, 153.233377 -27.745207, 153.233387 -27.749721, 153.23846 -27.749712))",8c293a52745057c4
1046_13862,0.25,"POLYGON ((153.23845 -27.745199, 153.238441 -27.740685, 153.233367 -27.740693, 153.233377 -27.745207, 153.23845 -27.745199))",8c293a52745057c4
1046_13863,0.25,"POLYGON ((153.238441 -27.740685, 153.238431 -27.736171, 153.233358 -27.73618, 153.233367 -27.740693, 153.238441 -27.740685))",8c293a52745057c4
1046_13864,0.25,"POLYGON ((153.238431 -27.736171, 153.238421 -27.731657, 153.233348 -27.731666, 153.233358 -27.73618, 153.238431 -27.736171))",8c293a52745057c4
1046_13865,0.25,"POLYGON ((153.238421 -27.731657, 153.238411 -27.727143, 153.233339 -27.727152, 153.233348 -27.731666, 153.238421 -27.731657))",8c293a52745057c4
1046_13866,0.25,"POLYGON ((153.238411 -27.727143, 153.238401 -27.72263, 153.233329 -27.722638, 153.233339 -27.727152, 153.238411 -27.727143))",8c293a52745057c4
1046_13867,0.25,"POLYGON ((153.238401 -27.72263, 153.238391 -27.718116, 153.233319 -27.718125, 153.233329 -27.722638, 153.238401 -27.72263))",8c293a52745057c4
1046_13868,0.25,"POLYGON ((153.238391 -27.718116, 153.238382 -27.713602, 153.23331 -27.713611, 153.233319 -27.718125, 153.238391 -27.718116))",8c293a52745057c4
1046_13869,0.2426187600592462,"POLYGON ((153.238382 -27.713602, 153.238372 -27.709088, 153.2333 -27.709097, 153.23331 -27.713611, 153.238382 -27.713602))",8c293a52745057c4
1046_13870,0.24477506131083987,"POLYGON ((153.238372 -27.709088, 153.238362 -27.704574, 153.233291 -27.704583, 153.2333 -27.709097, 153.238372 -27.709088))",8c293a52745057c4
1046_13871,0.1472593285873415,"POLYGON ((153.238362 -27.704574, 153.238352 -27.700061, 153.233281 -27.700069, 153.233291 -27.704583, 153.238362 -27.704574))",8c293a52745057c4
1046_13872,0.23454566678458993,"POLYGON ((153.238352 -27.700061, 153.238342 -27.695547, 153.233271 -27.695556, 153.233281 -27.700069, 153.238352 -27.700061))",8c293a52745057c4
1046_13873,0.05521548659909251,"POLYGON ((153.238342 -27.695547, 153.238333 -27.691033, 153.233262 -27.691042, 153.233271 -27.695556, 153.238342 -27.695547))",8c293a52745057c4
1047_13749,0.003946766218161237,"POLYGON ((153.244673 -28.255227, 153.244663 -28.250714, 153.239566 -28.250723, 153.239576 -28.255236, 153.244673 -28.255227))",8c293a52745057c4
1047_13750,0.1687484226666655,"POLYGON ((153.244663 -28.250714, 153.244653 -28.2462, 153.239556 -28.24621, 153.239566 -28.250723, 153.244663 -28.250714))",8c293a52745057c4
1047_13751,0.25,"POLYGON ((153.244653 -28.2462, 153.244642 -28.241687, 153.239546 -28.241696, 153.239556 -28.24621, 153.244653 -28.2462))",8c293a52745057c4
1047_13752,0.25,"POLYGON ((153.244642 -28.241687, 153.244632 -28.237174, 153.239535 -28.237183, 153.239546 -28.241696, 153.244642 -28.241687))",8c293a52745057c4
1047_13753,0.25,"POLYGON ((153.244632 -28.237174, 153.244622 -28.23266, 153.239525 -28.232669, 153.239535 -28.237183, 153.244632 -28.237174))",8c293a52745057c4
1047_13754,0.25,"POLYGON ((153.244622 -28.23266, 153.244611 -28.228147, 153.239515 -28.228156, 153.239525 -28.232669, 153.244622 -28.23266))",8c293a52745057c4
1047_13755,0.25,"POLYGON ((153.244611 -28.228147, 153.244601 -28.223633, 153.239505 -28.223642, 153.239515 -28.228156, 153.244611 -28.228147))",8c293a52745057c4
1047_13756,0.25,"POLYGON ((153.244601 -28.223633, 153.244591 -28.21912, 153.239495 -28.219129, 153.239505 -28.223642, 153.244601 -28.223633))",8c293a52745057c4
1047_13757,0.25,"POLYGON ((153.244591 -28.21912, 153.24458 -28.214606, 153.239485 -28.214615, 153.239495 -28.219129, 153.244591 -28.21912))",8c293a52745057c4
1047_13758,0.25,"POLYGON ((153.24458 -28.214606, 153.24457 -28.210093, 153.239475 -28.210102, 153.239485 -28.214615, 153.24458 -28.214606))",8c293a52745057c4
1047_13759,0.25,"POLYGON ((153.24457 -28.210093, 153.24456 -28.205579, 153.239465 -28.205588, 153.239475 -28.210102, 153.24457 -28.210093))",8c293a52745057c4
1047_13760,0.25,"POLYGON ((153.24456 -28.205579, 153.24455 -28.201066, 153.239455 -28.201075, 153.239465 -28.205588, 153.24456 -28.205579))",8c293a52745057c4
1047_13761,0.25,"POLYGON ((153.24455 -28.201066, 153.244539 -28.196552, 153.239445 -28.196561, 153.239455 -28.201075, 153.24455 -28.201066))",8c293a52745057c4
1047_13762,0.25,"POLYGON ((153.244539 -28.196552, 153.244529 -28.192039, 153.239435 -28.192048, 153.239445 -28.196561, 153.244539 -28.196552))",8c293a52745057c4
1047_13763,0.25,"POLYGON ((153.244529 -28.192039, 153.244519 -28.187525, 153.239425 -28.187534, 153.239435 -28.192048, 153.244529 -28.192039))",8c293a52745057c4
1047_13764,0.25,"POLYGON ((153.244519 -28.187525, 153.244509 -28.183012, 153.239415 -28.183021, 153.239425 -28.187534, 153.244519 -28.187525))",8c293a52745057c4
1047_13765,0.25,"POLYGON ((153.244509 -28.183012, 153.244498 -28.178498, 153.239405 -28.178507, 153.239415 -28.183021, 153.244509 -28.183012))",8c293a52745057c4
1047_13766,0.25,"POLYGON ((153.244498 -28.178498, 153.244488 -28.173985, 153.239395 -28.173994, 153.239405 -28.178507, 153.244498 -28.178498))",8c293a52745057c4
1047_13767,0.25,"POLYGON ((153.244488 -28.173985, 153.244478 -28.169471, 153.239385 -28.16948, 153.239395 -28.173994, 153.244488 -28.173985))",8c293a52745057c4
1047_13768,0.25,"POLYGON ((153.244478 -28.169471, 153.244468 -28.164958, 153.239374 -28.164967, 153.239385 -28.16948, 153.244478 -28.169471))",8c293a52745057c4
1047_13769,0.25,"POLYGON ((153.244468 -28.164958, 153.244457 -28.160444, 153.239364 -28.160453, 153.239374 -28.164967, 153.244468 -28.164958))",8c293a52745057c4
1047_13770,0.25,"POLYGON ((153.244457 -28.160444, 153.244447 -28.155931, 153.239354 -28.15594, 153.239364 -28.160453, 153.244457 -28.160444))",8c293a52745057c4
1047_13771,0.25,"POLYGON ((153.244447 -28.155931, 153.244437 -28.151417, 153.239344 -28.151426, 153.239354 -28.15594, 153.244447 -28.155931))",8c293a52745057c4
1047_13772,0.25,"POLYGON ((153.244437 -28.151417, 153.244426 -28.146904, 153.239334 -28.146913, 153.239344 -28.151426, 153.244437 -28.151417))",8c293a52745057c4
1047_13773,0.25,"POLYGON ((153.244426 -28.146904, 153.244416 -28.14239, 153.239324 -28.142399, 153.239334 -28.146913, 153.244426 -28.146904))",8c293a52745057c4
1047_13774,0.25,"POLYGON ((153.244416 -28.14239, 153.244406 -28.137877, 153.239314 -28.137886, 153.239324 -28.142399, 153.244416 -28.14239))",8c293a52745057c4
1047_13775,0.25,"POLYGON ((153.244406 -28.137877, 153.244396 -28.133363, 153.239304 -28.133372, 153.239314 -28.137886, 153.244406 -28.137877))",8c293a52745057c4
1047_13776,0.25,"POLYGON ((153.244396 -28.133363, 153.244386 -28.12885, 153.239294 -28.128859, 153.239304 -28.133372, 153.244396 -28.133363))",8c293a52745057c4
1047_13777,0.25,"POLYGON ((153.244386 -28.12885, 153.244375 -28.124336, 153.239284 -28.124345, 153.239294 -28.128859, 153.244386 -28.12885))",8c293a52745057c4
1047_13778,0.25,"POLYGON ((153.244375 -28.124336, 153.244365 -28.119823, 153.239274 -28.119832, 153.239284 -28.124345, 153.244375 -28.124336))",8c293a52745057c4
1047_13779,0.25,"POLYGON ((153.244365 -28.119823, 153.244355 -28.115309, 153.239264 -28.115318, 153.239274 -28.119832, 153.244365 -28.119823))",8c293a52745057c4
1047_13780,0.25,"POLYGON ((153.244355 -28.115309, 153.244345 -28.110796, 153.239254 -28.110805, 153.239264 -28.115318, 153.244355 -28.115309))",8c293a52745057c4
1047_13781,0.25,"POLYGON ((153.244345 -28.110796, 153.244334 -28.106282, 153.239244 -28.106291, 153.239254 -28.110805, 153.244345 -28.110796))",8c293a52745057c4
1047_13782,0.25,"POLYGON ((153.244334 -28.106282, 153.244324 -28.101769, 153.239234 -28.101778, 153.239244 -28.106291, 153.244334 -28.106282))",8c293a52745057c4
1047_13783,0.25,"POLYGON ((153.244324 -28.101769, 153.244314 -28.097255, 153.239224 -28.097264, 153.239234 -28.101778, 153.244324 -28.101769))",8c293a52745057c4
1047_13784,0.25,"POLYGON ((153.244314 -28.097255, 153.244304 -28.092742, 153.239214 -28.092751, 153.239224 -28.097264, 153.244314 -28.097255))",8c293a52745057c4
1047_13785,0.25,"POLYGON ((153.244304 -28.092742, 153.244293 -28.088228, 153.239204 -28.088237, 153.239214 -28.092751, 153.244304 -28.092742))",8c293a52745057c4
1047_13786,0.25,"POLYGON ((153.244293 -28.088228, 153.244283 -28.083715, 153.239194 -28.083723, 153.239204 -28.088237, 153.244293 -28.088228))",8c293a52745057c4
1047_13787,0.25,"POLYGON ((153.244283 -28.083715, 153.244273 -28.079201, 153.239184 -28.07921, 153.239194 -28.083723, 153.244283 -28.083715))",8c293a52745057c4
1047_13788,0.25,"POLYGON ((153.244273 -28.079201, 153.244263 -28.074687, 153.239174 -28.074696, 153.239184 -28.07921, 153.244273 -28.079201))",8c293a52745057c4
1047_13789,0.25,"POLYGON ((153.244263 -28.074687, 153.244253 -28.070174, 153.239164 -28.070183, 153.239174 -28.074696, 153.244263 -28.074687))",8c293a52745057c4
1047_13790,0.25,"POLYGON ((153.244253 -28.070174, 153.244242 -28.06566, 153.239154 -28.065669, 153.239164 -28.070183, 153.244253 -28.070174))",8c293a52745057c4
1047_13791,0.25,"POLYGON ((153.244242 -28.06566, 153.244232 -28.061147, 153.239144 -28.061156, 153.239154 -28.065669, 153.244242 -28.06566))",8c293a52745057c4
1047_13792,0.25,"POLYGON ((153.244232 -28.061147, 153.244222 -28.056633, 153.239134 -28.056642, 153.239144 -28.061156, 153.244232 -28.061147))",8c293a52745057c4
1047_13793,0.25,"POLYGON ((153.244222 -28.056633, 153.244212 -28.05212, 153.239124 -28.052129, 153.239134 -28.056642, 153.244222 -28.056633))",8c293a52745057c4
1047_13794,0.25,"POLYGON ((153.244212 -28.05212, 153.244202 -28.047606, 153.239114 -28.047615, 153.239124 -28.052129, 153.244212 -28.05212))",8c293a52745057c4
1047_13795,0.25,"POLYGON ((153.244202 -28.047606, 153.244191 -28.043092, 153.239104 -28.043101, 153.239114 -28.047615, 153.244202 -28.047606))",8c293a52745057c4
1047_13796,0.25,"POLYGON ((153.244191 -28.043092, 153.244181 -28.038579, 153.239094 -28.038588, 153.239104 -28.043101, 153.244191 -28.043092))",8c293a52745057c4
1047_13797,0.25,"POLYGON ((153.244181 -28.038579, 153.244171 -28.034065, 153.239084 -28.034074, 153.239094 -28.038588, 153.244181 -28.038579))",8c293a52745057c4
1047_13798,0.25,"POLYGON ((153.244171 -28.034065, 153.244161 -28.029552, 153.239074 -28.029561, 153.239084 -28.034074, 153.244171 -28.034065))",8c293a52745057c4
1047_13799,0.25,"POLYGON ((153.244161 -28.029552, 153.244151 -28.025038, 153.239064 -28.025047, 153.239074 -28.029561, 153.244161 -28.029552))",8c293a52745057c4
1047_13800,0.25,"POLYGON ((153.244151 -28.025038, 153.24414 -28.020525, 153.239054 -28.020533, 153.239064 -28.025047, 153.244151 -28.025038))",8c293a52745057c4
1047_13801,0.25,"POLYGON ((153.24414 -28.020525, 153.24413 -28.016011, 153.239044 -28.01602, 153.239054 -28.020533, 153.24414 -28.020525))",8c293a52745057c4
1047_13802,0.25,"POLYGON ((153.24413 -28.016011, 153.24412 -28.011497, 153.239034 -28.011506, 153.239044 -28.01602, 153.24413 -28.016011))",8c293a52745057c4
1047_13803,0.25,"POLYGON ((153.24412 -28.011497, 153.24411 -28.006984, 153.239024 -28.006993, 153.239034 -28.011506, 153.24412 -28.011497))",8c293a52745057c4
1047_13804,0.25,"POLYGON ((153.24411 -28.006984, 153.2441 -28.00247, 153.239014 -28.002479, 153.239024 -28.006993, 153.24411 -28.006984))",8c293a52745057c4
1047_13805,0.25,"POLYGON ((153.2441 -28.00247, 153.24409 -27.997956, 153.239004 -27.997965, 153.239014 -28.002479, 153.2441 -28.00247))",8c293a52745057c4
1047_13806,0.25,"POLYGON ((153.24409 -27.997956, 153.244079 -27.993443, 153.238994 -27.993452, 153.239004 -27.997965, 153.24409 -27.997956))",8c293a52745057c4
1047_13807,0.25,"POLYGON ((153.244079 -27.993443, 153.244069 -27.988929, 153.238985 -27.988938, 153.238994 -27.993452, 153.244079 -27.993443))",8c293a52745057c4
1047_13808,0.25,"POLYGON ((153.244069 -27.988929, 153.244059 -27.984416, 153.238975 -27.984425, 153.238985 -27.988938, 153.244069 -27.988929))",8c293a52745057c4
1047_13809,0.25,"POLYGON ((153.244059 -27.984416, 153.244049 -27.979902, 153.238965 -27.979911, 153.238975 -27.984425, 153.244059 -27.984416))",8c293a52745057c4
1047_13810,0.25,"POLYGON ((153.244049 -27.979902, 153.244039 -27.975388, 153.238955 -27.975397, 153.238965 -27.979911, 153.244049 -27.979902))",8c293a52745057c4
1047_13811,0.25,"POLYGON ((153.244039 -27.975388, 153.244029 -27.970875, 153.238945 -27.970884, 153.238955 -27.975397, 153.244039 -27.975388))",8c293a52745057c4
1047_13812,0.25,"POLYGON ((153.244029 -27.970875, 153.244018 -27.966361, 153.238935 -27.96637, 153.238945 -27.970884, 153.244029 -27.970875))",8c293a52745057c4
1047_13813,0.25,"POLYGON ((153.244018 -27.966361, 153.244008 -27.961848, 153.238925 -27.961856, 153.238935 -27.96637, 153.244018 -27.966361))",8c293a52745057c4
1047_13814,0.25,"POLYGON ((153.244008 -27.961848, 153.243998 -27.957334, 153.238915 -27.957343, 153.238925 -27.961856, 153.244008 -27.961848))",8c293a52745057c4
1047_13815,0.25,"POLYGON ((153.243998 -27.957334, 153.243988 -27.95282, 153.238905 -27.952829, 153.238915 -27.957343, 153.243998 -27.957334))",8c293a52745057c4
1047_13816,0.25,"POLYGON ((153.243988 -27.95282, 153.243978 -27.948307, 153.238895 -27.948316, 153.238905 -27.952829, 153.243988 -27.95282))",8c293a52745057c4
1047_13817,0.25,"POLYGON ((153.243978 -27.948307, 153.243968 -27.943793, 153.238885 -27.943802, 153.238895 -27.948316, 153.243978 -27.948307))",8c293a52745057c4
1047_13818,0.25,"POLYGON ((153.243968 -27.943793, 153.243958 -27.939279, 153.238875 -27.939288, 153.238885 -27.943802, 153.243968 -27.943793))",8c293a52745057c4
1047_13819,0.25,"POLYGON ((153.243958 -27.939279, 153.243947 -27.934766, 153.238865 -27.934775, 153.238875 -27.939288, 153.243958 -27.939279))",8c293a52745057c4
1047_13820,0.25,"POLYGON ((153.243947 -27.934766, 153.243937 -27.930252, 153.238855 -27.930261, 153.238865 -27.934775, 153.243947 -27.934766))",8c293a52745057c4
1047_13821,0.25,"POLYGON ((153.243937 -27.930252, 153.243927 -27.925738, 153.238845 -27.925747, 153.238855 -27.930261, 153.243937 -27.930252))",8c293a52745057c4
1047_13822,0.25,"POLYGON ((153.243927 -27.925738, 153.243917 -27.921225, 153.238835 -27.921234, 153.238845 -27.925747, 153.243927 -27.925738))",8c293a52745057c4
1047_13823,0.25,"POLYGON ((153.243917 -27.921225, 153.243907 -27.916711, 153.238826 -27.91672, 153.238835 -27.921234, 153.243917 -27.921225))",8c293a52745057c4
1047_13824,0.25,"POLYGON ((153.243907 -27.916711, 153.243897 -27.912197, 153.238816 -27.912206, 153.238826 -27.91672, 153.243907 -27.916711))",8c293a52745057c4
1047_13825,0.25,"POLYGON ((153.243897 -27.912197, 153.243887 -27.907684, 153.238806 -27.907693, 153.238816 -27.912206, 153.243897 -27.912197))",8c293a52745057c4
1047_13826,0.25,"POLYGON ((153.243887 -27.907684, 153.243877 -27.90317, 153.238796 -27.903179, 153.238806 -27.907693, 153.243887 -27.907684))",8c293a52745057c4
1047_13827,0.25,"POLYGON ((153.243877 -27.90317, 153.243866 -27.898656, 153.238786 -27.898665, 153.238796 -27.903179, 153.243877 -27.90317))",8c293a52745057c4
1047_13828,0.25,"POLYGON ((153.243866 -27.898656, 153.243856 -27.894143, 153.238776 -27.894152, 153.238786 -27.898665, 153.243866 -27.898656))",8c293a52745057c4
1047_13829,0.25,"POLYGON ((153.243856 -27.894143, 153.243846 -27.889629, 153.238766 -27.889638, 153.238776 -27.894152, 153.243856 -27.894143))",8c293a52745057c4
1047_13830,0.25,"POLYGON ((153.243846 -27.889629, 153.243836 -27.885115, 153.238756 -27.885124, 153.238766 -27.889638, 153.243846 -27.889629))",8c293a52745057c4
1047_13831,0.25,"POLYGON ((153.243836 -27.885115, 153.243826 -27.880602, 153.238746 -27.880611, 153.238756 -27.885124, 153.243836 -27.885115))",8c293a52745057c4
1047_13832,0.25,"POLYGON ((153.243826 -27.880602, 153.243816 -27.876088, 153.238736 -27.876097, 153.238746 -27.880611, 153.243826 -27.880602))",8c293a52745057c4
1047_13833,0.25,"POLYGON ((153.243816 -27.876088, 153.243806 -27.871574, 153.238727 -27.871583, 153.238736 -27.876097, 153.243816 -27.876088))",8c293a52745057c4
1047_13834,0.25,"POLYGON ((153.243806 -27.871574, 153.243796 -27.867061, 153.238717 -27.867069, 153.238727 -27.871583, 153.243806 -27.871574))",8c293a52745057c4
1047_13835,0.25,"POLYGON ((153.243796 -27.867061, 153.243786 -27.862547, 153.238707 -27.862556, 153.238717 -27.867069, 153.243796 -27.867061))",8c293a52745057c4
1047_13836,0.25,"POLYGON ((153.243786 -27.862547, 153.243775 -27.858033, 153.238697 -27.858042, 153.238707 -27.862556, 153.243786 -27.862547))",8c293a52745057c4
1047_13837,0.25,"POLYGON ((153.243775 -27.858033, 153.243765 -27.853519, 153.238687 -27.853528, 153.238697 -27.858042, 153.243775 -27.858033))",8c293a52745057c4
1047_13838,0.25,"POLYGON ((153.243765 -27.853519, 153.243755 -27.849006, 153.238677 -27.849015, 153.238687 -27.853528, 153.243765 -27.853519))",8c293a52745057c4
1047_13839,0.25,"POLYGON ((153.243755 -27.849006, 153.243745 -27.844492, 153.238667 -27.844501, 153.238677 -27.849015, 153.243755 -27.849006))",8c293a52745057c4
1047_13840,0.25,"POLYGON ((153.243745 -27.844492, 153.243735 -27.839978, 153.238657 -27.839987, 153.238667 -27.844501, 153.243745 -27.844492))",8c293a52745057c4
1047_13841,0.25,"POLYGON ((153.243735 -27.839978, 153.243725 -27.835465, 153.238647 -27.835474, 153.238657 -27.839987, 153.243735 -27.839978))",8c293a52745057c4
1047_13842,0.25,"POLYGON ((153.243725 -27.835465, 153.243715 -27.830951, 153.238638 -27.83096, 153.238647 -27.835474, 153.243725 -27.835465))",8c293a52745057c4
1047_13843,0.25,"POLYGON ((153.243715 -27.830951, 153.243705 -27.826437, 153.238628 -27.826446, 153.238638 -27.83096, 153.243715 -27.830951))",8c293a52745057c4
1047_13844,0.25,"POLYGON ((153.243705 -27.826437, 153.243695 -27.821923, 153.238618 -27.821932, 153.238628 -27.826446, 153.243705 -27.826437))",8c293a52745057c4
1047_13845,0.25,"POLYGON ((153.243695 -27.821923, 153.243685 -27.81741, 153.238608 -27.817419, 153.238618 -27.821932, 153.243695 -27.821923))",8c293a52745057c4
1047_13846,0.25,"POLYGON ((153.243685 -27.81741, 153.243675 -27.812896, 153.238598 -27.812905, 153.238608 -27.817419, 153.243685 -27.81741))",8c293a52745057c4
1047_13847,0.25,"POLYGON ((153.243675 -27.812896, 153.243665 -27.808382, 153.238588 -27.808391, 153.238598 -27.812905, 153.243675 -27.812896))",8c293a52745057c4
1047_13848,0.25,"POLYGON ((153.243665 -27.808382, 153.243654 -27.803869, 153.238578 -27.803877, 153.238588 -27.808391, 153.243665 -27.808382))",8c293a52745057c4
1047_13849,0.25,"POLYGON ((153.243654 -27.803869, 153.243644 -27.799355, 153.238569 -27.799364, 153.238578 -27.803877, 153.243654 -27.803869))",8c293a52745057c4
1047_13850,0.25,"POLYGON ((153.243644 -27.799355, 153.243634 -27.794841, 153.238559 -27.79485, 153.238569 -27.799364, 153.243644 -27.799355))",8c293a52745057c4
1047_13851,0.25,"POLYGON ((153.243634 -27.794841, 153.243624 -27.790327, 153.238549 -27.790336, 153.238559 -27.79485, 153.243634 -27.794841))",8c293a52745057c4
1047_13852,0.25,"POLYGON ((153.243624 -27.790327, 153.243614 -27.785814, 153.238539 -27.785822, 153.238549 -27.790336, 153.243624 -27.790327))",8c293a52745057c4
1047_13853,0.25,"POLYGON ((153.243614 -27.785814, 153.243604 -27.7813, 153.238529 -27.781309, 153.238539 -27.785822, 153.243614 -27.785814))",8c293a52745057c4
1047_13854,0.25,"POLYGON ((153.243604 -27.7813, 153.243594 -27.776786, 153.238519 -27.776795, 153.238529 -27.781309, 153.243604 -27.7813))",8c293a52745057c4
1047_13855,0.25,"POLYGON ((153.243594 -27.776786, 153.243584 -27.772272, 153.238509 -27.772281, 153.238519 -27.776795, 153.243594 -27.776786))",8c293a52745057c4
1047_13856,0.25,"POLYGON ((153.243584 -27.772272, 153.243574 -27.767759, 153.2385 -27.767767, 153.238509 -27.772281, 153.243584 -27.772272))",8c293a52745057c4
1047_13857,0.25,"POLYGON ((153.243574 -27.767759, 153.243564 -27.763245, 153.23849 -27.763254, 153.2385 -27.767767, 153.243574 -27.767759))",8c293a52745057c4
1047_13858,0.25,"POLYGON ((153.243564 -27.763245, 153.243554 -27.758731, 153.23848 -27.75874, 153.23849 -27.763254, 153.243564 -27.763245))",8c293a52745057c4
1047_13859,0.25,"POLYGON ((153.243554 -27.758731, 153.243544 -27.754217, 153.23847 -27.754226, 153.23848 -27.75874, 153.243554 -27.758731))",8c293a52745057c4
1047_13860,0.25,"POLYGON ((153.243544 -27.754217, 153.243534 -27.749704, 153.23846 -27.749712, 153.23847 -27.754226, 153.243544 -27.754217))",8c293a52745057c4
1047_13861,0.25,"POLYGON ((153.243534 -27.749704, 153.243524 -27.74519, 153.23845 -27.745199, 153.23846 -27.749712, 153.243534 -27.749704))",8c293a52745057c4
1047_13862,0.25,"POLYGON ((153.243524 -27.74519, 153.243514 -27.740676, 153.238441 -27.740685, 153.23845 -27.745199, 153.243524 -27.74519))",8c293a52745057c4
1047_13863,0.25,"POLYGON ((153.243514 -27.740676, 153.243504 -27.736162, 153.238431 -27.736171, 153.238441 -27.740685, 153.243514 -27.740676))",8c293a52745057c4
1047_13864,0.25,"POLYGON ((153.243504 -27.736162, 153.243494 -27.731648, 153.238421 -27.731657, 153.238431 -27.736171, 153.243504 -27.736162))",8c293a52745057c4
1047_13865,0.25,"POLYGON ((153.243494 -27.731648, 153.243484 -27.727135, 153.238411 -27.727143, 153.238421 -27.731657, 153.243494 -27.731648))",8c293a52745057c4
1047_13866,0.25,"POLYGON ((153.243484 -27.727135, 153.243474 -27.722621, 153.238401 -27.72263, 153.238411 -27.727143, 153.243484 -27.727135))",8c293a52745057c4
1047_13867,0.25,"POLYGON ((153.243474 -27.722621, 153.243464 -27.718107, 153.238391 -27.718116, 153.238401 -27.72263, 153.243474 -27.722621))",8c293a52745057c4
1047_13868,0.25,"POLYGON ((153.243464 -27.718107, 153.243454 -27.713593, 153.238382 -27.713602, 153.238391 -27.718116, 153.243464 -27.718107))",8c293a52745057c4
1047_13869,0.25,"POLYGON ((153.243454 -27.713593, 153.243444 -27.709079, 153.238372 -27.709088, 153.238382 -27.713602, 153.243454 -27.713593))",8c293a52745057c4
1047_13870,0.25,"POLYGON ((153.243444 -27.709079, 153.243434 -27.704566, 153.238362 -27.704574, 153.238372 -27.709088, 153.243444 -27.709079))",8c293a52745057c4
1047_13871,0.25,"POLYGON ((153.243434 -27.704566, 153.243424 -27.700052, 153.238352 -27.700061, 153.238362 -27.704574, 153.243434 -27.704566))",8c293a52745057c4
1047_13872,0.21186405873740805,"POLYGON ((153.243424 -27.700052, 153.243413 -27.695538, 153.238342 -27.695547, 153.238352 -27.700061, 153.243424 -27.700052))",8c293a52745057c4
1047_13873,0.004562671203621865,"POLYGON ((153.243413 -27.695538, 153.243403 -27.691024, 153.238333 -27.691033, 153.238342 -27.695547, 153.243413 -27.695538))",8c293a52745057c4
1048_13750,0.04462004866170599,"POLYGON ((153.24976 -28.250705, 153.249749 -28.246191, 153.244653 -28.2462, 153.244663 -28.250714, 153.24976 -28.250705))",8c293a52745057c4
1048_13751,0.25,"POLYGON ((153.249749 -28.246191, 153.249739 -28.241678, 153.244642 -28.241687, 153.244653 -28.2462, 153.249749 -28.246191))",8c293a52745057c4
1048_13752,0.25,"POLYGON ((153.249739 -28.241678, 153.249728 -28.237164, 153.244632 -28.237174, 153.244642 -28.241687, 153.249739 -28.241678))",8c293a52745057c4
1048_13753,0.25,"POLYGON ((153.249728 -28.237164, 153.249718 -28.232651, 153.244622 -28.23266, 153.244632 -28.237174, 153.249728 -28.237164))",8c293a52745057c4
1048_13754,0.25,"POLYGON ((153.249718 -28.232651, 153.249707 -28.228137, 153.244611 -28.228147, 153.244622 -28.23266, 153.249718 -28.232651))",8c293a52745057c4
1048_13755,0.25,"POLYGON ((153.249707 -28.228137, 153.249697 -28.223624, 153.244601 -28.223633, 153.244611 -28.228147, 153.249707 -28.228137))",8c293a52745057c4
1048_13756,0.25,"POLYGON ((153.249697 -28.223624, 153.249686 -28.219111, 153.244591 -28.21912, 153.244601 -28.223633, 153.249697 -28.223624))",8c293a52745057c4
1048_13757,0.25,"POLYGON ((153.249686 -28.219111, 153.249676 -28.214597, 153.24458 -28.214606, 153.244591 -28.21912, 153.249686 -28.219111))",8c293a52745057c4
1048_13758,0.25,"POLYGON ((153.249676 -28.214597, 153.249665 -28.210084, 153.24457 -28.210093, 153.24458 -28.214606, 153.249676 -28.214597))",8c293a52745057c4
1048_13759,0.25,"POLYGON ((153.249665 -28.210084, 153.249655 -28.20557, 153.24456 -28.205579, 153.24457 -28.210093, 153.249665 -28.210084))",8c293a52745057c4
1048_13760,0.25,"POLYGON ((153.249655 -28.20557, 153.249644 -28.201057, 153.24455 -28.201066, 153.24456 -28.205579, 153.249655 -28.20557))",8c293a52745057c4
1048_13761,0.25,"POLYGON ((153.249644 -28.201057, 153.249634 -28.196543, 153.244539 -28.196552, 153.24455 -28.201066, 153.249644 -28.201057))",8c293a52745057c4
1048_13762,0.25,"POLYGON ((153.249634 -28.196543, 153.249623 -28.19203, 153.244529 -28.192039, 153.244539 -28.196552, 153.249634 -28.196543))",8c293a52745057c4
1048_13763,0.25,"POLYGON ((153.249623 -28.19203, 153.249613 -28.187516, 153.244519 -28.187525, 153.244529 -28.192039, 153.249623 -28.19203))",8c293a52745057c4
1048_13764,0.25,"POLYGON ((153.249613 -28.187516, 153.249602 -28.183003, 153.244509 -28.183012, 153.244519 -28.187525, 153.249613 -28.187516))",8c293a52745057c4
1048_13765,0.25,"POLYGON ((153.249602 -28.183003, 153.249592 -28.178489, 153.244498 -28.178498, 153.244509 -28.183012, 153.249602 -28.183003))",8c293a52745057c4
1048_13766,0.25,"POLYGON ((153.249592 -28.178489, 153.249581 -28.173976, 153.244488 -28.173985, 153.244498 -28.178498, 153.249592 -28.178489))",8c293a52745057c4
1048_13767,0.25,"POLYGON ((153.249581 -28.173976, 153.249571 -28.169462, 153.244478 -28.169471, 153.244488 -28.173985, 153.249581 -28.173976))",8c293a52745057c4
1048_13768,0.25,"POLYGON ((153.249571 -28.169462, 153.249561 -28.164949, 153.244468 -28.164958, 153.244478 -28.169471, 153.249571 -28.169462))",8c293a52745057c4
1048_13769,0.25,"POLYGON ((153.249561 -28.164949, 153.24955 -28.160435, 153.244457 -28.160444, 153.244468 -28.164958, 153.249561 -28.164949))",8c293a52745057c4
1048_13770,0.25,"POLYGON ((153.24955 -28.160435, 153.24954 -28.155922, 153.244447 -28.155931, 153.244457 -28.160444, 153.24955 -28.160435))",8c293a52745057c4
1048_13771,0.25,"POLYGON ((153.24954 -28.155922, 153.249529 -28.151408, 153.244437 -28.151417, 153.244447 -28.155931, 153.24954 -28.155922))",8c293a52745057c4
1048_13772,0.25,"POLYGON ((153.249529 -28.151408, 153.249519 -28.146895, 153.244426 -28.146904, 153.244437 -28.151417, 153.249529 -28.151408))",8c293a52745057c4
1048_13773,0.25,"POLYGON ((153.249519 -28.146895, 153.249508 -28.142381, 153.244416 -28.14239, 153.244426 -28.146904, 153.249519 -28.146895))",8c293a52745057c4
1048_13774,0.25,"POLYGON ((153.249508 -28.142381, 153.249498 -28.137868, 153.244406 -28.137877, 153.244416 -28.14239, 153.249508 -28.142381))",8c293a52745057c4
1048_13775,0.25,"POLYGON ((153.249498 -28.137868, 153.249487 -28.133354, 153.244396 -28.133363, 153.244406 -28.137877, 153.249498 -28.137868))",8c293a52745057c4
1048_13776,0.25,"POLYGON ((153.249487 -28.133354, 153.249477 -28.128841, 153.244386 -28.12885, 153.244396 -28.133363, 153.249487 -28.133354))",8c293a52745057c4
1048_13777,0.25,"POLYGON ((153.249477 -28.128841, 153.249466 -28.124327, 153.244375 -28.124336, 153.244386 -28.12885, 153.249477 -28.128841))",8c293a52745057c4
1048_13778,0.25,"POLYGON ((153.249466 -28.124327, 153.249456 -28.119814, 153.244365 -28.119823, 153.244375 -28.124336, 153.249466 -28.124327))",8c293a52745057c4
1048_13779,0.25,"POLYGON ((153.249456 -28.119814, 153.249446 -28.1153, 153.244355 -28.115309, 153.244365 -28.119823, 153.249456 -28.119814))",8c293a52745057c4
1048_13780,0.25,"POLYGON ((153.249446 -28.1153, 153.249435 -28.110787, 153.244345 -28.110796, 153.244355 -28.115309, 153.249446 -28.1153))",8c293a52745057c4
1048_13781,0.25,"POLYGON ((153.249435 -28.110787, 153.249425 -28.106273, 153.244334 -28.106282, 153.244345 -28.110796, 153.249435 -28.110787))",8c293a52745057c4
1048_13782,0.25,"POLYGON ((153.249425 -28.106273, 153.249414 -28.10176, 153.244324 -28.101769, 153.244334 -28.106282, 153.249425 -28.106273))",8c293a52745057c4
1048_13783,0.25,"POLYGON ((153.249414 -28.10176, 153.249404 -28.097246, 153.244314 -28.097255, 153.244324 -28.101769, 153.249414 -28.10176))",8c293a52745057c4
1048_13784,0.25,"POLYGON ((153.249404 -28.097246, 153.249393 -28.092732, 153.244304 -28.092742, 153.244314 -28.097255, 153.249404 -28.097246))",8c293a52745057c4
1048_13785,0.25,"POLYGON ((153.249393 -28.092732, 153.249383 -28.088219, 153.244293 -28.088228, 153.244304 -28.092742, 153.249393 -28.092732))",8c293a52745057c4
1048_13786,0.25,"POLYGON ((153.249383 -28.088219, 153.249372 -28.083705, 153.244283 -28.083715, 153.244293 -28.088228, 153.249383 -28.088219))",8c293a52745057c4
1048_13787,0.25,"POLYGON ((153.249372 -28.083705, 153.249362 -28.079192, 153.244273 -28.079201, 153.244283 -28.083715, 153.249372 -28.083705))",8c293a52745057c4
1048_13788,0.25,"POLYGON ((153.249362 -28.079192, 153.249352 -28.074678, 153.244263 -28.074687, 153.244273 -28.079201, 153.249362 -28.079192))",8c293a52745057c4
1048_13789,0.25,"POLYGON ((153.249352 -28.074678, 153.249341 -28.070165, 153.244253 -28.070174, 153.244263 -28.074687, 153.249352 -28.074678))",8c293a52745057c4
1048_13790,0.25,"POLYGON ((153.249341 -28.070165, 153.249331 -28.065651, 153.244242 -28.06566, 153.244253 -28.070174, 153.249341 -28.070165))",8c293a52745057c4
1048_13791,0.25,"POLYGON ((153.249331 -28.065651, 153.24932 -28.061138, 153.244232 -28.061147, 153.244242 -28.06566, 153.249331 -28.065651))",8c293a52745057c4
1048_13792,0.25,"POLYGON ((153.24932 -28.061138, 153.24931 -28.056624, 153.244222 -28.056633, 153.244232 -28.061147, 153.24932 -28.061138))",8c293a52745057c4
1048_13793,0.25,"POLYGON ((153.24931 -28.056624, 153.2493 -28.05211, 153.244212 -28.05212, 153.244222 -28.056633, 153.24931 -28.056624))",8c293a52745057c4
1048_13794,0.25,"POLYGON ((153.2493 -28.05211, 153.249289 -28.047597, 153.244202 -28.047606, 153.244212 -28.05212, 153.2493 -28.05211))",8c293a52745057c4
1048_13795,0.25,"POLYGON ((153.249289 -28.047597, 153.249279 -28.043083, 153.244191 -28.043092, 153.244202 -28.047606, 153.249289 -28.047597))",8c293a52745057c4
1048_13796,0.25,"POLYGON ((153.249279 -28.043083, 153.249268 -28.03857, 153.244181 -28.038579, 153.244191 -28.043092, 153.249279 -28.043083))",8c293a52745057c4
1048_13797,0.25,"POLYGON ((153.249268 -28.03857, 153.249258 -28.034056, 153.244171 -28.034065, 153.244181 -28.038579, 153.249268 -28.03857))",8c293a52745057c4
1048_13798,0.25,"POLYGON ((153.249258 -28.034056, 153.249248 -28.029543, 153.244161 -28.029552, 153.244171 -28.034065, 153.249258 -28.034056))",8c293a52745057c4
1048_13799,0.25,"POLYGON ((153.249248 -28.029543, 153.249237 -28.025029, 153.244151 -28.025038, 153.244161 -28.029552, 153.249248 -28.029543))",8c293a52745057c4
1048_13800,0.25,"POLYGON ((153.249237 -28.025029, 153.249227 -28.020515, 153.24414 -28.020525, 153.244151 -28.025038, 153.249237 -28.025029))",8c293a52745057c4
1048_13801,0.25,"POLYGON ((153.249227 -28.020515, 153.249216 -28.016002, 153.24413 -28.016011, 153.24414 -28.020525, 153.249227 -28.020515))",8c293a52745057c4
1048_13802,0.25,"POLYGON ((153.249216 -28.016002, 153.249206 -28.011488, 153.24412 -28.011497, 153.24413 -28.016011, 153.249216 -28.016002))",8c293a52745057c4
1048_13803,0.25,"POLYGON ((153.249206 -28.011488, 153.249196 -28.006975, 153.24411 -28.006984, 153.24412 -28.011497, 153.249206 -28.011488))",8c293a52745057c4
1048_13804,0.25,"POLYGON ((153.249196 -28.006975, 153.249185 -28.002461, 153.2441 -28.00247, 153.24411 -28.006984, 153.249196 -28.006975))",8c293a52745057c4
1048_13805,0.25,"POLYGON ((153.249185 -28.002461, 153.249175 -27.997947, 153.24409 -27.997956, 153.2441 -28.00247, 153.249185 -28.002461))",8c293a52745057c4
1048_13806,0.25,"POLYGON ((153.249175 -27.997947, 153.249164 -27.993434, 153.244079 -27.993443, 153.24409 -27.997956, 153.249175 -27.997947))",8c293a52745057c4
1048_13807,0.25,"POLYGON ((153.249164 -27.993434, 153.249154 -27.98892, 153.244069 -27.988929, 153.244079 -27.993443, 153.249164 -27.993434))",8c293a52745057c4
1048_13808,0.25,"POLYGON ((153.249154 -27.98892, 153.249144 -27.984407, 153.244059 -27.984416, 153.244069 -27.988929, 153.249154 -27.98892))",8c293a52745057c4
1048_13809,0.25,"POLYGON ((153.249144 -27.984407, 153.249133 -27.979893, 153.244049 -27.979902, 153.244059 -27.984416, 153.249144 -27.984407))",8c293a52745057c4
1048_13810,0.25,"POLYGON ((153.249133 -27.979893, 153.249123 -27.975379, 153.244039 -27.975388, 153.244049 -27.979902, 153.249133 -27.979893))",8c293a52745057c4
1048_13811,0.25,"POLYGON ((153.249123 -27.975379, 153.249113 -27.970866, 153.244029 -27.970875, 153.244039 -27.975388, 153.249123 -27.975379))",8c293a52745057c4
1048_13812,0.25,"POLYGON ((153.249113 -27.970866, 153.249102 -27.966352, 153.244018 -27.966361, 153.244029 -27.970875, 153.249113 -27.970866))",8c293a52745057c4
1048_13813,0.25,"POLYGON ((153.249102 -27.966352, 153.249092 -27.961838, 153.244008 -27.961848, 153.244018 -27.966361, 153.249102 -27.966352))",8c293a52745057c4
1048_13814,0.25,"POLYGON ((153.249092 -27.961838, 153.249081 -27.957325, 153.243998 -27.957334, 153.244008 -27.961848, 153.249092 -27.961838))",8c293a52745057c4
1048_13815,0.25,"POLYGON ((153.249081 -27.957325, 153.249071 -27.952811, 153.243988 -27.95282, 153.243998 -27.957334, 153.249081 -27.957325))",8c293a52745057c4
1048_13816,0.25,"POLYGON ((153.249071 -27.952811, 153.249061 -27.948298, 153.243978 -27.948307, 153.243988 -27.95282, 153.249071 -27.952811))",8c293a52745057c4
1048_13817,0.25,"POLYGON ((153.249061 -27.948298, 153.24905 -27.943784, 153.243968 -27.943793, 153.243978 -27.948307, 153.249061 -27.948298))",8c293a52745057c4
1048_13818,0.25,"POLYGON ((153.24905 -27.943784, 153.24904 -27.93927, 153.243958 -27.939279, 153.243968 -27.943793, 153.24905 -27.943784))",8c293a52745057c4
1048_13819,0.25,"POLYGON ((153.24904 -27.93927, 153.24903 -27.934757, 153.243947 -27.934766, 153.243958 -27.939279, 153.24904 -27.93927))",8c293a52745057c4
1048_13820,0.25,"POLYGON ((153.24903 -27.934757, 153.249019 -27.930243, 153.243937 -27.930252, 153.243947 -27.934766, 153.24903 -27.934757))",8c293a52745057c4
1048_13821,0.25,"POLYGON ((153.249019 -27.930243, 153.249009 -27.925729, 153.243927 -27.925738, 153.243937 -27.930252, 153.249019 -27.930243))",8c293a52745057c4
1048_13822,0.25,"POLYGON ((153.249009 -27.925729, 153.248999 -27.921216, 153.243917 -27.921225, 153.243927 -27.925738, 153.249009 -27.925729))",8c293a52745057c4
1048_13823,0.25,"POLYGON ((153.248999 -27.921216, 153.248988 -27.916702, 153.243907 -27.916711, 153.243917 -27.921225, 153.248999 -27.921216))",8c293a52745057c4
1048_13824,0.25,"POLYGON ((153.248988 -27.916702, 153.248978 -27.912188, 153.243897 -27.912197, 153.243907 -27.916711, 153.248988 -27.916702))",8c293a52745057c4
1048_13825,0.25,"POLYGON ((153.248978 -27.912188, 153.248968 -27.907675, 153.243887 -27.907684, 153.243897 -27.912197, 153.248978 -27.912188))",8c293a52745057c4
1048_13826,0.25,"POLYGON ((153.248968 -27.907675, 153.248957 -27.903161, 153.243877 -27.90317, 153.243887 -27.907684, 153.248968 -27.907675))",8c293a52745057c4
1048_13827,0.25,"POLYGON ((153.248957 -27.903161, 153.248947 -27.898647, 153.243866 -27.898656, 153.243877 -27.90317, 153.248957 -27.903161))",8c293a52745057c4
1048_13828,0.25,"POLYGON ((153.248947 -27.898647, 153.248937 -27.894134, 153.243856 -27.894143, 153.243866 -27.898656, 153.248947 -27.898647))",8c293a52745057c4
1048_13829,0.25,"POLYGON ((153.248937 -27.894134, 153.248926 -27.88962, 153.243846 -27.889629, 153.243856 -27.894143, 153.248937 -27.894134))",8c293a52745057c4
1048_13830,0.25,"POLYGON ((153.248926 -27.88962, 153.248916 -27.885106, 153.243836 -27.885115, 153.243846 -27.889629, 153.248926 -27.88962))",8c293a52745057c4
1048_13831,0.25,"POLYGON ((153.248916 -27.885106, 153.248906 -27.880593, 153.243826 -27.880602, 153.243836 -27.885115, 153.248916 -27.885106))",8c293a52745057c4
1048_13832,0.25,"POLYGON ((153.248906 -27.880593, 153.248895 -27.876079, 153.243816 -27.876088, 153.243826 -27.880602, 153.248906 -27.880593))",8c293a52745057c4
1048_13833,0.25,"POLYGON ((153.248895 -27.876079, 153.248885 -27.871565, 153.243806 -27.871574, 153.243816 -27.876088, 153.248895 -27.876079))",8c293a52745057c4
1048_13834,0.25,"POLYGON ((153.248885 -27.871565, 153.248875 -27.867052, 153.243796 -27.867061, 153.243806 -27.871574, 153.248885 -27.871565))",8c293a52745057c4
1048_13835,0.25,"POLYGON ((153.248875 -27.867052, 153.248864 -27.862538, 153.243786 -27.862547, 153.243796 -27.867061, 153.248875 -27.867052))",8c293a52745057c4
1048_13836,0.25,"POLYGON ((153.248864 -27.862538, 153.248854 -27.858024, 153.243775 -27.858033, 153.243786 -27.862547, 153.248864 -27.862538))",8c293a52745057c4
1048_13837,0.25,"POLYGON ((153.248854 -27.858024, 153.248844 -27.85351, 153.243765 -27.853519, 153.243775 -27.858033, 153.248854 -27.858024))",8c293a52745057c4
1048_13838,0.25,"POLYGON ((153.248844 -27.85351, 153.248833 -27.848997, 153.243755 -27.849006, 153.243765 -27.853519, 153.248844 -27.85351))",8c293a52745057c4
1048_13839,0.25,"POLYGON ((153.248833 -27.848997, 153.248823 -27.844483, 153.243745 -27.844492, 153.243755 -27.849006, 153.248833 -27.848997))",8c293a52745057c4
1048_13840,0.25,"POLYGON ((153.248823 -27.844483, 153.248813 -27.839969, 153.243735 -27.839978, 153.243745 -27.844492, 153.248823 -27.844483))",8c293a52745057c4
1048_13841,0.25,"POLYGON ((153.248813 -27.839969, 153.248803 -27.835456, 153.243725 -27.835465, 153.243735 -27.839978, 153.248813 -27.839969))",8c293a52745057c4
1048_13842,0.25,"POLYGON ((153.248803 -27.835456, 153.248792 -27.830942, 153.243715 -27.830951, 153.243725 -27.835465, 153.248803 -27.835456))",8c293a52745057c4
1048_13843,0.25,"POLYGON ((153.248792 -27.830942, 153.248782 -27.826428, 153.243705 -27.826437, 153.243715 -27.830951, 153.248792 -27.830942))",8c293a52745057c4
1048_13844,0.25,"POLYGON ((153.248782 -27.826428, 153.248772 -27.821914, 153.243695 -27.821923, 153.243705 -27.826437, 153.248782 -27.826428))",8c293a52745057c4
1048_13845,0.25,"POLYGON ((153.248772 -27.821914, 153.248761 -27.817401, 153.243685 -27.81741, 153.243695 -27.821923, 153.248772 -27.821914))",8c293a52745057c4
1048_13846,0.25,"POLYGON ((153.248761 -27.817401, 153.248751 -27.812887, 153.243675 -27.812896, 153.243685 -27.81741, 153.248761 -27.817401))",8c293a52745057c4
1048_13847,0.25,"POLYGON ((153.248751 -27.812887, 153.248741 -27.808373, 153.243665 -27.808382, 153.243675 -27.812896, 153.248751 -27.812887))",8c293a52745057c4
1048_13848,0.25,"POLYGON ((153.248741 -27.808373, 153.248731 -27.80386, 153.243654 -27.803869, 153.243665 -27.808382, 153.248741 -27.808373))",8c293a52745057c4
1048_13849,0.25,"POLYGON ((153.248731 -27.80386, 153.24872 -27.799346, 153.243644 -27.799355, 153.243654 -27.803869, 153.248731 -27.80386))",8c293a52745057c4
1048_13850,0.25,"POLYGON ((153.24872 -27.799346, 153.24871 -27.794832, 153.243634 -27.794841, 153.243644 -27.799355, 153.24872 -27.799346))",8c293a52745057c4
1048_13851,0.25,"POLYGON ((153.24871 -27.794832, 153.2487 -27.790318, 153.243624 -27.790327, 153.243634 -27.794841, 153.24871 -27.794832))",8c293a52745057c4
1048_13852,0.25,"POLYGON ((153.2487 -27.790318, 153.248689 -27.785805, 153.243614 -27.785814, 153.243624 -27.790327, 153.2487 -27.790318))",8c293a52745057c4
1048_13853,0.25,"POLYGON ((153.248689 -27.785805, 153.248679 -27.781291, 153.243604 -27.7813, 153.243614 -27.785814, 153.248689 -27.785805))",8c293a52745057c4
1048_13854,0.25,"POLYGON ((153.248679 -27.781291, 153.248669 -27.776777, 153.243594 -27.776786, 153.243604 -27.7813, 153.248679 -27.781291))",8c293a52745057c4
1048_13855,0.25,"POLYGON ((153.248669 -27.776777, 153.248659 -27.772263, 153.243584 -27.772272, 153.243594 -27.776786, 153.248669 -27.776777))",8c293a52745057c4
1048_13856,0.25,"POLYGON ((153.248659 -27.772263, 153.248648 -27.76775, 153.243574 -27.767759, 153.243584 -27.772272, 153.248659 -27.772263))",8c293a52745057c4
1048_13857,0.25,"POLYGON ((153.248648 -27.76775, 153.248638 -27.763236, 153.243564 -27.763245, 153.243574 -27.767759, 153.248648 -27.76775))",8c293a52745057c4
1048_13858,0.25,"POLYGON ((153.248638 -27.763236, 153.248628 -27.758722, 153.243554 -27.758731, 153.243564 -27.763245, 153.248638 -27.763236))",8c293a52745057c4
1048_13859,0.25,"POLYGON ((153.248628 -27.758722, 153.248618 -27.754208, 153.243544 -27.754217, 153.243554 -27.758731, 153.248628 -27.758722))",8c293a52745057c4
1048_13860,0.25,"POLYGON ((153.248618 -27.754208, 153.248607 -27.749694, 153.243534 -27.749704, 153.243544 -27.754217, 153.248618 -27.754208))",8c293a52745057c4
1048_13861,0.25,"POLYGON ((153.248607 -27.749694, 153.248597 -27.745181, 153.243524 -27.74519, 153.243534 -27.749704, 153.248607 -27.749694))",8c293a52745057c4
1048_13862,0.25,"POLYGON ((153.248597 -27.745181, 153.248587 -27.740667, 153.243514 -27.740676, 153.243524 -27.74519, 153.248597 -27.745181))",8c293a52745057c4
1048_13863,0.25,"POLYGON ((153.248587 -27.740667, 153.248577 -27.736153, 153.243504 -27.736162, 153.243514 -27.740676, 153.248587 -27.740667))",8c293a52745057c4
1048_13864,0.25,"POLYGON ((153.248577 -27.736153, 153.248566 -27.731639, 153.243494 -27.731648, 153.243504 -27.736162, 153.248577 -27.736153))",8c293a52745057c4
1048_13865,0.25,"POLYGON ((153.248566 -27.731639, 153.248556 -27.727126, 153.243484 -27.727135, 153.243494 -27.731648, 153.248566 -27.731639))",8c293a52745057c4
1048_13866,0.25,"POLYGON ((153.248556 -27.727126, 153.248546 -27.722612, 153.243474 -27.722621, 153.243484 -27.727135, 153.248556 -27.727126))",8c293a52745057c4
1048_13867,0.25,"POLYGON ((153.248546 -27.722612, 153.248536 -27.718098, 153.243464 -27.718107, 153.243474 -27.722621, 153.248546 -27.722612))",8c293a52745057c4
1048_13868,0.25,"POLYGON ((153.248536 -27.718098, 153.248525 -27.713584, 153.243454 -27.713593, 153.243464 -27.718107, 153.248536 -27.718098))",8c293a52745057c4
1048_13869,0.25,"POLYGON ((153.248525 -27.713584, 153.248515 -27.70907, 153.243444 -27.709079, 153.243454 -27.713593, 153.248525 -27.713584))",8c293a52745057c4
1048_13870,0.25,"POLYGON ((153.248515 -27.70907, 153.248505 -27.704557, 153.243434 -27.704566, 153.243444 -27.709079, 153.248515 -27.70907))",8c293a52745057c4
1048_13871,0.25,"POLYGON ((153.248505 -27.704557, 153.248495 -27.700043, 153.243424 -27.700052, 153.243434 -27.704566, 153.248505 -27.704557))",8c293a52745057c4
1048_13872,0.15822898742006145,"POLYGON ((153.248495 -27.700043, 153.248485 -27.695529, 153.243413 -27.695538, 153.243424 -27.700052, 153.248495 -27.700043))",8c293a52745057c4
1049_13750,0.012682645416953752,"POLYGON ((153.254857 -28.250695, 153.254846 -28.246182, 153.249749 -28.246191, 153.24976 -28.250705, 153.254857 -28.250695))",8c293a52745057c4
1049_13751,0.2395170195269773,"POLYGON ((153.254846 -28.246182, 153.254836 -28.241668, 153.249739 -28.241678, 153.249749 -28.246191, 153.254846 -28.246182))",8c293a52745057c4
1049_13752,0.25,"POLYGON ((153.254836 -28.241668, 153.254825 -28.237155, 153.249728 -28.237164, 153.249739 -28.241678, 153.254836 -28.241668))",8c293a52745057c4
1049_13753,0.25,"POLYGON ((153.254825 -28.237155, 153.254814 -28.232642, 153.249718 -28.232651, 153.249728 -28.237164, 153.254825 -28.237155))",8c293a52745057c4
1049_13754,0.25,"POLYGON ((153.254814 -28.232642, 153.254803 -28.228128, 153.249707 -28.228137, 153.249718 -28.232651, 153.254814 -28.232642))",8c293a52745057c4
1049_13755,0.25,"POLYGON ((153.254803 -28.228128, 153.254793 -28.223615, 153.249697 -28.223624, 153.249707 -28.228137, 153.254803 -28.228128))",8c293a52745057c4
1049_13756,0.25,"POLYGON ((153.254793 -28.223615, 153.254782 -28.219101, 153.249686 -28.219111, 153.249697 -28.223624, 153.254793 -28.223615))",8c293a52745057c4
1049_13757,0.25,"POLYGON ((153.254782 -28.219101, 153.254771 -28.214588, 153.249676 -28.214597, 153.249686 -28.219111, 153.254782 -28.219101))",8c293a52745057c4
1049_13758,0.25,"POLYGON ((153.254771 -28.214588, 153.254761 -28.210074, 153.249665 -28.210084, 153.249676 -28.214597, 153.254771 -28.214588))",8c293a52745057c4
1049_13759,0.25,"POLYGON ((153.254761 -28.210074, 153.25475 -28.205561, 153.249655 -28.20557, 153.249665 -28.210084, 153.254761 -28.210074))",8c293a52745057c4
1049_13760,0.25,"POLYGON ((153.25475 -28.205561, 153.254739 -28.201047, 153.249644 -28.201057, 153.249655 -28.20557, 153.25475 -28.205561))",8c293a52745057c4
1049_13761,0.25,"POLYGON ((153.254739 -28.201047, 153.254728 -28.196534, 153.249634 -28.196543, 153.249644 -28.201057, 153.254739 -28.201047))",8c293a52745057c4
1049_13762,0.25,"POLYGON ((153.254728 -28.196534, 153.254718 -28.19202, 153.249623 -28.19203, 153.249634 -28.196543, 153.254728 -28.196534))",8c293a52745057c4
1049_13763,0.25,"POLYGON ((153.254718 -28.19202, 153.254707 -28.187507, 153.249613 -28.187516, 153.249623 -28.19203, 153.254718 -28.19202))",8c293a52745057c4
1049_13764,0.25,"POLYGON ((153.254707 -28.187507, 153.254696 -28.182993, 153.249602 -28.183003, 153.249613 -28.187516, 153.254707 -28.187507))",8c293a52745057c4
1049_13765,0.25,"POLYGON ((153.254696 -28.182993, 153.254686 -28.17848, 153.249592 -28.178489, 153.249602 -28.183003, 153.254696 -28.182993))",8c293a52745057c4
1049_13766,0.25,"POLYGON ((153.254686 -28.17848, 153.254675 -28.173966, 153.249581 -28.173976, 153.249592 -28.178489, 153.254686 -28.17848))",8c293a52745057c4
1049_13767,0.25,"POLYGON ((153.254675 -28.173966, 153.254664 -28.169453, 153.249571 -28.169462, 153.249581 -28.173976, 153.254675 -28.173966))",8c293a52745057c4
1049_13768,0.25,"POLYGON ((153.254664 -28.169453, 153.254654 -28.164939, 153.249561 -28.164949, 153.249571 -28.169462, 153.254664 -28.169453))",8c293a52745057c4
1049_13769,0.25,"POLYGON ((153.254654 -28.164939, 153.254643 -28.160426, 153.24955 -28.160435, 153.249561 -28.164949, 153.254654 -28.164939))",8c293a52745057c4
1049_13770,0.25,"POLYGON ((153.254643 -28.160426, 153.254632 -28.155912, 153.24954 -28.155922, 153.24955 -28.160435, 153.254643 -28.160426))",8c293a52745057c4
1049_13771,0.25,"POLYGON ((153.254632 -28.155912, 153.254622 -28.151399, 153.249529 -28.151408, 153.24954 -28.155922, 153.254632 -28.155912))",8c293a52745057c4
1049_13772,0.25,"POLYGON ((153.254622 -28.151399, 153.254611 -28.146885, 153.249519 -28.146895, 153.249529 -28.151408, 153.254622 -28.151399))",8c293a52745057c4
1049_13773,0.25,"POLYGON ((153.254611 -28.146885, 153.2546 -28.142372, 153.249508 -28.142381, 153.249519 -28.146895, 153.254611 -28.146885))",8c293a52745057c4
1049_13774,0.25,"POLYGON ((153.2546 -28.142372, 153.25459 -28.137858, 153.249498 -28.137868, 153.249508 -28.142381, 153.2546 -28.142372))",8c293a52745057c4
1049_13775,0.25,"POLYGON ((153.25459 -28.137858, 153.254579 -28.133345, 153.249487 -28.133354, 153.249498 -28.137868, 153.25459 -28.137858))",8c293a52745057c4
1049_13776,0.25,"POLYGON ((153.254579 -28.133345, 153.254568 -28.128831, 153.249477 -28.128841, 153.249487 -28.133354, 153.254579 -28.133345))",8c293a52745057c4
1049_13777,0.25,"POLYGON ((153.254568 -28.128831, 153.254558 -28.124318, 153.249466 -28.124327, 153.249477 -28.128841, 153.254568 -28.128831))",8c293a52745057c4
1049_13778,0.25,"POLYGON ((153.254558 -28.124318, 153.254547 -28.119804, 153.249456 -28.119814, 153.249466 -28.124327, 153.254558 -28.124318))",8c293a52745057c4
1049_13779,0.25,"POLYGON ((153.254547 -28.119804, 153.254536 -28.115291, 153.249446 -28.1153, 153.249456 -28.119814, 153.254547 -28.119804))",8c293a52745057c4
1049_13780,0.25,"POLYGON ((153.254536 -28.115291, 153.254526 -28.110777, 153.249435 -28.110787, 153.249446 -28.1153, 153.254536 -28.115291))",8c293a52745057c4
1049_13781,0.25,"POLYGON ((153.254526 -28.110777, 153.254515 -28.106264, 153.249425 -28.106273, 153.249435 -28.110787, 153.254526 -28.110777))",8c293a52745057c4
1049_13782,0.25,"POLYGON ((153.254515 -28.106264, 153.254504 -28.10175, 153.249414 -28.10176, 153.249425 -28.106273, 153.254515 -28.106264))",8c293a52745057c4
1049_13783,0.25,"POLYGON ((153.254504 -28.10175, 153.254494 -28.097237, 153.249404 -28.097246, 153.249414 -28.10176, 153.254504 -28.10175))",8c293a52745057c4
1049_13784,0.25,"POLYGON ((153.254494 -28.097237, 153.254483 -28.092723, 153.249393 -28.092732, 153.249404 -28.097246, 153.254494 -28.097237))",8c293a52745057c4
1049_13785,0.25,"POLYGON ((153.254483 -28.092723, 153.254472 -28.08821, 153.249383 -28.088219, 153.249393 -28.092732, 153.254483 -28.092723))",8c293a52745057c4
1049_13786,0.25,"POLYGON ((153.254472 -28.08821, 153.254462 -28.083696, 153.249372 -28.083705, 153.249383 -28.088219, 153.254472 -28.08821))",8c293a52745057c4
1049_13787,0.25,"POLYGON ((153.254462 -28.083696, 153.254451 -28.079182, 153.249362 -28.079192, 153.249372 -28.083705, 153.254462 -28.083696))",8c293a52745057c4
1049_13788,0.25,"POLYGON ((153.254451 -28.079182, 153.25444 -28.074669, 153.249352 -28.074678, 153.249362 -28.079192, 153.254451 -28.079182))",8c293a52745057c4
1049_13789,0.25,"POLYGON ((153.25444 -28.074669, 153.25443 -28.070155, 153.249341 -28.070165, 153.249352 -28.074678, 153.25444 -28.074669))",8c293a52745057c4
1049_13790,0.25,"POLYGON ((153.25443 -28.070155, 153.254419 -28.065642, 153.249331 -28.065651, 153.249341 -28.070165, 153.25443 -28.070155))",8c293a52745057c4
1049_13791,0.25,"POLYGON ((153.254419 -28.065642, 153.254408 -28.061128, 153.24932 -28.061138, 153.249331 -28.065651, 153.254419 -28.065642))",8c293a52745057c4
1049_13792,0.25,"POLYGON ((153.254408 -28.061128, 153.254398 -28.056615, 153.24931 -28.056624, 153.24932 -28.061138, 153.254408 -28.061128))",8c293a52745057c4
1049_13793,0.25,"POLYGON ((153.254398 -28.056615, 153.254387 -28.052101, 153.2493 -28.05211, 153.24931 -28.056624, 153.254398 -28.056615))",8c293a52745057c4
1049_13794,0.25,"POLYGON ((153.254387 -28.052101, 153.254377 -28.047588, 153.249289 -28.047597, 153.2493 -28.05211, 153.254387 -28.052101))",8c293a52745057c4
1049_13795,0.25,"POLYGON ((153.254377 -28.047588, 153.254366 -28.043074, 153.249279 -28.043083, 153.249289 -28.047597, 153.254377 -28.047588))",8c293a52745057c4
1049_13796,0.25,"POLYGON ((153.254366 -28.043074, 153.254355 -28.03856, 153.249268 -28.03857, 153.249279 -28.043083, 153.254366 -28.043074))",8c293a52745057c4
1049_13797,0.25,"POLYGON ((153.254355 -28.03856, 153.254345 -28.034047, 153.249258 -28.034056, 153.249268 -28.03857, 153.254355 -28.03856))",8c293a52745057c4
1049_13798,0.25,"POLYGON ((153.254345 -28.034047, 153.254334 -28.029533, 153.249248 -28.029543, 153.249258 -28.034056, 153.254345 -28.034047))",8c293a52745057c4
1049_13799,0.25,"POLYGON ((153.254334 -28.029533, 153.254324 -28.02502, 153.249237 -28.025029, 153.249248 -28.029543, 153.254334 -28.029533))",8c293a52745057c4
1049_13800,0.25,"POLYGON ((153.254324 -28.02502, 153.254313 -28.020506, 153.249227 -28.020515, 153.249237 -28.025029, 153.254324 -28.02502))",8c293a52745057c4
1049_13801,0.25,"POLYGON ((153.254313 -28.020506, 153.254302 -28.015992, 153.249216 -28.016002, 153.249227 -28.020515, 153.254313 -28.020506))",8c293a52745057c4
1049_13802,0.25,"POLYGON ((153.254302 -28.015992, 153.254292 -28.011479, 153.249206 -28.011488, 153.249216 -28.016002, 153.254302 -28.015992))",8c293a52745057c4
1049_13803,0.25,"POLYGON ((153.254292 -28.011479, 153.254281 -28.006965, 153.249196 -28.006975, 153.249206 -28.011488, 153.254292 -28.011479))",8c293a52745057c4
1049_13804,0.25,"POLYGON ((153.254281 -28.006965, 153.254271 -28.002452, 153.249185 -28.002461, 153.249196 -28.006975, 153.254281 -28.006965))",8c293a52745057c4
1049_13805,0.25,"POLYGON ((153.254271 -28.002452, 153.25426 -27.997938, 153.249175 -27.997947, 153.249185 -28.002461, 153.254271 -28.002452))",8c293a52745057c4
1049_13806,0.25,"POLYGON ((153.25426 -27.997938, 153.254249 -27.993424, 153.249164 -27.993434, 153.249175 -27.997947, 153.25426 -27.997938))",8c293a52745057c4
1049_13807,0.25,"POLYGON ((153.254249 -27.993424, 153.254239 -27.988911, 153.249154 -27.98892, 153.249164 -27.993434, 153.254249 -27.993424))",8c293a52745057c4
1049_13808,0.25,"POLYGON ((153.254239 -27.988911, 153.254228 -27.984397, 153.249144 -27.984407, 153.249154 -27.98892, 153.254239 -27.988911))",8c293a52745057c4
1049_13809,0.25,"POLYGON ((153.254228 -27.984397, 153.254218 -27.979884, 153.249133 -27.979893, 153.249144 -27.984407, 153.254228 -27.984397))",8c293a52745057c4
1049_13810,0.25,"POLYGON ((153.254218 -27.979884, 153.254207 -27.97537, 153.249123 -27.975379, 153.249133 -27.979893, 153.254218 -27.979884))",8c293a52745057c4
1049_13811,0.25,"POLYGON ((153.254207 -27.97537, 153.254196 -27.970856, 153.249113 -27.970866, 153.249123 -27.975379, 153.254207 -27.97537))",8c293a52745057c4
1049_13812,0.25,"POLYGON ((153.254196 -27.970856, 153.254186 -27.966343, 153.249102 -27.966352, 153.249113 -27.970866, 153.254196 -27.970856))",8c293a52745057c4
1049_13813,0.25,"POLYGON ((153.254186 -27.966343, 153.254175 -27.961829, 153.249092 -27.961838, 153.249102 -27.966352, 153.254186 -27.966343))",8c293a52745057c4
1049_13814,0.25,"POLYGON ((153.254175 -27.961829, 153.254165 -27.957315, 153.249081 -27.957325, 153.249092 -27.961838, 153.254175 -27.961829))",8c293a52745057c4
1049_13815,0.25,"POLYGON ((153.254165 -27.957315, 153.254154 -27.952802, 153.249071 -27.952811, 153.249081 -27.957325, 153.254165 -27.957315))",8c293a52745057c4
1049_13816,0.25,"POLYGON ((153.254154 -27.952802, 153.254144 -27.948288, 153.249061 -27.948298, 153.249071 -27.952811, 153.254154 -27.952802))",8c293a52745057c4
1049_13817,0.25,"POLYGON ((153.254144 -27.948288, 153.254133 -27.943775, 153.24905 -27.943784, 153.249061 -27.948298, 153.254144 -27.948288))",8c293a52745057c4
1049_13818,0.25,"POLYGON ((153.254133 -27.943775, 153.254122 -27.939261, 153.24904 -27.93927, 153.24905 -27.943784, 153.254133 -27.943775))",8c293a52745057c4
1049_13819,0.25,"POLYGON ((153.254122 -27.939261, 153.254112 -27.934747, 153.24903 -27.934757, 153.24904 -27.93927, 153.254122 -27.939261))",8c293a52745057c4
1049_13820,0.25,"POLYGON ((153.254112 -27.934747, 153.254101 -27.930234, 153.249019 -27.930243, 153.24903 -27.934757, 153.254112 -27.934747))",8c293a52745057c4
1049_13821,0.25,"POLYGON ((153.254101 -27.930234, 153.254091 -27.92572, 153.249009 -27.925729, 153.249019 -27.930243, 153.254101 -27.930234))",8c293a52745057c4
1049_13822,0.25,"POLYGON ((153.254091 -27.92572, 153.25408 -27.921206, 153.248999 -27.921216, 153.249009 -27.925729, 153.254091 -27.92572))",8c293a52745057c4
1049_13823,0.25,"POLYGON ((153.25408 -27.921206, 153.25407 -27.916693, 153.248988 -27.916702, 153.248999 -27.921216, 153.25408 -27.921206))",8c293a52745057c4
1049_13824,0.25,"POLYGON ((153.25407 -27.916693, 153.254059 -27.912179, 153.248978 -27.912188, 153.248988 -27.916702, 153.25407 -27.916693))",8c293a52745057c4
1049_13825,0.25,"POLYGON ((153.254059 -27.912179, 153.254049 -27.907665, 153.248968 -27.907675, 153.248978 -27.912188, 153.254059 -27.912179))",8c293a52745057c4
1049_13826,0.25,"POLYGON ((153.254049 -27.907665, 153.254038 -27.903152, 153.248957 -27.903161, 153.248968 -27.907675, 153.254049 -27.907665))",8c293a52745057c4
1049_13827,0.25,"POLYGON ((153.254038 -27.903152, 153.254027 -27.898638, 153.248947 -27.898647, 153.248957 -27.903161, 153.254038 -27.903152))",8c293a52745057c4
1049_13828,0.25,"POLYGON ((153.254027 -27.898638, 153.254017 -27.894124, 153.248937 -27.894134, 153.248947 -27.898647, 153.254027 -27.898638))",8c293a52745057c4
1049_13829,0.25,"POLYGON ((153.254017 -27.894124, 153.254006 -27.889611, 153.248926 -27.88962, 153.248937 -27.894134, 153.254017 -27.894124))",8c293a52745057c4
1049_13830,0.25,"POLYGON ((153.254006 -27.889611, 153.253996 -27.885097, 153.248916 -27.885106, 153.248926 -27.88962, 153.254006 -27.889611))",8c293a52745057c4
1049_13831,0.25,"POLYGON ((153.253996 -27.885097, 153.253985 -27.880583, 153.248906 -27.880593, 153.248916 -27.885106, 153.253996 -27.885097))",8c293a52745057c4
1049_13832,0.25,"POLYGON ((153.253985 -27.880583, 153.253975 -27.87607, 153.248895 -27.876079, 153.248906 -27.880593, 153.253985 -27.880583))",8c293a52745057c4
1049_13833,0.25,"POLYGON ((153.253975 -27.87607, 153.253964 -27.871556, 153.248885 -27.871565, 153.248895 -27.876079, 153.253975 -27.87607))",8c293a52745057c4
1049_13834,0.25,"POLYGON ((153.253964 -27.871556, 153.253954 -27.867042, 153.248875 -27.867052, 153.248885 -27.871565, 153.253964 -27.871556))",8c293a52745057c4
1049_13835,0.25,"POLYGON ((153.253954 -27.867042, 153.253943 -27.862529, 153.248864 -27.862538, 153.248875 -27.867052, 153.253954 -27.867042))",8c293a52745057c4
1049_13836,0.25,"POLYGON ((153.253943 -27.862529, 153.253933 -27.858015, 153.248854 -27.858024, 153.248864 -27.862538, 153.253943 -27.862529))",8c293a52745057c4
1049_13837,0.25,"POLYGON ((153.253933 -27.858015, 153.253922 -27.853501, 153.248844 -27.85351, 153.248854 -27.858024, 153.253933 -27.858015))",8c293a52745057c4
1049_13838,0.25,"POLYGON ((153.253922 -27.853501, 153.253912 -27.848987, 153.248833 -27.848997, 153.248844 -27.85351, 153.253922 -27.853501))",8c293a52745057c4
1049_13839,0.25,"POLYGON ((153.253912 -27.848987, 153.253901 -27.844474, 153.248823 -27.844483, 153.248833 -27.848997, 153.253912 -27.848987))",8c293a52745057c4
1049_13840,0.25,"POLYGON ((153.253901 -27.844474, 153.253891 -27.83996, 153.248813 -27.839969, 153.248823 -27.844483, 153.253901 -27.844474))",8c293a52745057c4
1049_13841,0.25,"POLYGON ((153.253891 -27.83996, 153.25388 -27.835446, 153.248803 -27.835456, 153.248813 -27.839969, 153.253891 -27.83996))",8c293a52745057c4
1049_13842,0.25,"POLYGON ((153.25388 -27.835446, 153.25387 -27.830933, 153.248792 -27.830942, 153.248803 -27.835456, 153.25388 -27.835446))",8c293a52745057c4
1049_13843,0.25,"POLYGON ((153.25387 -27.830933, 153.253859 -27.826419, 153.248782 -27.826428, 153.248792 -27.830942, 153.25387 -27.830933))",8c293a52745057c4
1049_13844,0.25,"POLYGON ((153.253859 -27.826419, 153.253849 -27.821905, 153.248772 -27.821914, 153.248782 -27.826428, 153.253859 -27.826419))",8c293a52745057c4
1049_13845,0.25,"POLYGON ((153.253849 -27.821905, 153.253838 -27.817391, 153.248761 -27.817401, 153.248772 -27.821914, 153.253849 -27.821905))",8c293a52745057c4
1049_13846,0.25,"POLYGON ((153.253838 -27.817391, 153.253828 -27.812878, 153.248751 -27.812887, 153.248761 -27.817401, 153.253838 -27.817391))",8c293a52745057c4
1049_13847,0.25,"POLYGON ((153.253828 -27.812878, 153.253817 -27.808364, 153.248741 -27.808373, 153.248751 -27.812887, 153.253828 -27.812878))",8c293a52745057c4
1049_13848,0.25,"POLYGON ((153.253817 -27.808364, 153.253807 -27.80385, 153.248731 -27.80386, 153.248741 -27.808373, 153.253817 -27.808364))",8c293a52745057c4
1049_13849,0.25,"POLYGON ((153.253807 -27.80385, 153.253796 -27.799337, 153.24872 -27.799346, 153.248731 -27.80386, 153.253807 -27.80385))",8c293a52745057c4
1049_13850,0.25,"POLYGON ((153.253796 -27.799337, 153.253786 -27.794823, 153.24871 -27.794832, 153.24872 -27.799346, 153.253796 -27.799337))",8c293a52745057c4
1049_13851,0.25,"POLYGON ((153.253786 -27.794823, 153.253775 -27.790309, 153.2487 -27.790318, 153.24871 -27.794832, 153.253786 -27.794823))",8c293a52745057c4
1049_13852,0.25,"POLYGON ((153.253775 -27.790309, 153.253765 -27.785795, 153.248689 -27.785805, 153.2487 -27.790318, 153.253775 -27.790309))",8c293a52745057c4
1049_13853,0.25,"POLYGON ((153.253765 -27.785795, 153.253754 -27.781282, 153.248679 -27.781291, 153.248689 -27.785805, 153.253765 -27.785795))",8c293a52745057c4
1049_13854,0.25,"POLYGON ((153.253754 -27.781282, 153.253744 -27.776768, 153.248669 -27.776777, 153.248679 -27.781291, 153.253754 -27.781282))",8c293a52745057c4
1049_13855,0.25,"POLYGON ((153.253744 -27.776768, 153.253733 -27.772254, 153.248659 -27.772263, 153.248669 -27.776777, 153.253744 -27.776768))",8c293a52745057c4
1049_13856,0.25,"POLYGON ((153.253733 -27.772254, 153.253723 -27.76774, 153.248648 -27.76775, 153.248659 -27.772263, 153.253733 -27.772254))",8c293a52745057c4
1049_13857,0.25,"POLYGON ((153.253723 -27.76774, 153.253712 -27.763227, 153.248638 -27.763236, 153.248648 -27.76775, 153.253723 -27.76774))",8c293a52745057c4
1049_13858,0.25,"POLYGON ((153.253712 -27.763227, 153.253702 -27.758713, 153.248628 -27.758722, 153.248638 -27.763236, 153.253712 -27.763227))",8c293a52745057c4
1049_13859,0.25,"POLYGON ((153.253702 -27.758713, 153.253691 -27.754199, 153.248618 -27.754208, 153.248628 -27.758722, 153.253702 -27.758713))",8c293a52745057c4
1049_13860,0.25,"POLYGON ((153.253691 -27.754199, 153.253681 -27.749685, 153.248607 -27.749694, 153.248618 -27.754208, 153.253691 -27.754199))",8c293a52745057c4
1049_13861,0.25,"POLYGON ((153.253681 -27.749685, 153.253671 -27.745172, 153.248597 -27.745181, 153.248607 -27.749694, 153.253681 -27.749685))",8c293a52745057c4
1049_13862,0.25,"POLYGON ((153.253671 -27.745172, 153.25366 -27.740658, 153.248587 -27.740667, 153.248597 -27.745181, 153.253671 -27.745172))",8c293a52745057c4
1049_13863,0.25,"POLYGON ((153.25366 -27.740658, 153.25365 -27.736144, 153.248577 -27.736153, 153.248587 -27.740667, 153.25366 -27.740658))",8c293a52745057c4
1049_13864,0.25,"POLYGON ((153.25365 -27.736144, 153.253639 -27.73163, 153.248566 -27.731639, 153.248577 -27.736153, 153.25365 -27.736144))",8c293a52745057c4
1049_13865,0.25,"POLYGON ((153.253639 -27.73163, 153.253629 -27.727116, 153.248556 -27.727126, 153.248566 -27.731639, 153.253639 -27.73163))",8c293a52745057c4
1049_13866,0.25,"POLYGON ((153.253629 -27.727116, 153.253618 -27.722603, 153.248546 -27.722612, 153.248556 -27.727126, 153.253629 -27.727116))",8c293a52745057c4
1049_13867,0.25,"POLYGON ((153.253618 -27.722603, 153.253608 -27.718089, 153.248536 -27.718098, 153.248546 -27.722612, 153.253618 -27.722603))",8c293a52745057c4
1049_13868,0.25,"POLYGON ((153.253608 -27.718089, 153.253597 -27.713575, 153.248525 -27.713584, 153.248536 -27.718098, 153.253608 -27.718089))",8c293a52745057c4
1049_13869,0.25,"POLYGON ((153.253597 -27.713575, 153.253587 -27.709061, 153.248515 -27.70907, 153.248525 -27.713584, 153.253597 -27.713575))",8c293a52745057c4
1049_13870,0.25,"POLYGON ((153.253587 -27.709061, 153.253577 -27.704547, 153.248505 -27.704557, 153.248515 -27.70907, 153.253587 -27.709061))",8c293a52745057c4
1049_13871,0.25,"POLYGON ((153.253577 -27.704547, 153.253566 -27.700034, 153.248495 -27.700043, 153.248505 -27.704557, 153.253577 -27.704547))",8c293a52745057c4
1049_13872,0.16071594455628602,"POLYGON ((153.253566 -27.700034, 153.253556 -27.69552, 153.248485 -27.695529, 153.248495 -27.700043, 153.253566 -27.700034))",8c293a52745057c4
1049_13873,0.009078377444733887,"POLYGON ((153.253556 -27.69552, 153.253545 -27.691006, 153.248474 -27.691015, 153.248485 -27.695529, 153.253556 -27.69552))",8c293a52745057c4
1050_13751,0.16266851860191672,"POLYGON ((153.259943 -28.246172, 153.259932 -28.241659, 153.254836 -28.241668, 153.254846 -28.246182, 153.259943 -28.246172))",8c293a52745057c4
1050_13752,0.25,"POLYGON ((153.259932 -28.241659, 153.259921 -28.237145, 153.254825 -28.237155, 153.254836 -28.241668, 153.259932 -28.241659))",8c293a52745057c4
1050_13753,0.25,"POLYGON ((153.259921 -28.237145, 153.25991 -28.232632, 153.254814 -28.232642, 153.254825 -28.237155, 153.259921 -28.237145))",8c293a52745057c4
1050_13754,0.25,"POLYGON ((153.25991 -28.232632, 153.259899 -28.228118, 153.254803 -28.228128, 153.254814 -28.232642, 153.25991 -28.232632))",8c293a52745057c4
1050_13755,0.25,"POLYGON ((153.259899 -28.228118, 153.259888 -28.223605, 153.254793 -28.223615, 153.254803 -28.228128, 153.259899 -28.228118))",8c293a52745057c4
1050_13756,0.25,"POLYGON ((153.259888 -28.223605, 153.259878 -28.219092, 153.254782 -28.219101, 153.254793 -28.223615, 153.259888 -28.223605))",8c293a52745057c4
1050_13757,0.25,"POLYGON ((153.259878 -28.219092, 153.259867 -28.214578, 153.254771 -28.214588, 153.254782 -28.219101, 153.259878 -28.219092))",8c293a52745057c4
1050_13758,0.25,"POLYGON ((153.259867 -28.214578, 153.259856 -28.210065, 153.254761 -28.210074, 153.254771 -28.214588, 153.259867 -28.214578))",8c293a52745057c4
1050_13759,0.25,"POLYGON ((153.259856 -28.210065, 153.259845 -28.205551, 153.25475 -28.205561, 153.254761 -28.210074, 153.259856 -28.210065))",8c293a52745057c4
1050_13760,0.25,"POLYGON ((153.259845 -28.205551, 153.259834 -28.201038, 153.254739 -28.201047, 153.25475 -28.205561, 153.259845 -28.205551))",8c293a52745057c4
1050_13761,0.25,"POLYGON ((153.259834 -28.201038, 153.259823 -28.196524, 153.254728 -28.196534, 153.254739 -28.201047, 153.259834 -28.201038))",8c293a52745057c4
1050_13762,0.25,"POLYGON ((153.259823 -28.196524, 153.259812 -28.192011, 153.254718 -28.19202, 153.254728 -28.196534, 153.259823 -28.196524))",8c293a52745057c4
1050_13763,0.25,"POLYGON ((153.259812 -28.192011, 153.259801 -28.187497, 153.254707 -28.187507, 153.254718 -28.19202, 153.259812 -28.192011))",8c293a52745057c4
1050_13764,0.25,"POLYGON ((153.259801 -28.187497, 153.25979 -28.182984, 153.254696 -28.182993, 153.254707 -28.187507, 153.259801 -28.187497))",8c293a52745057c4
1050_13765,0.25,"POLYGON ((153.25979 -28.182984, 153.259779 -28.17847, 153.254686 -28.17848, 153.254696 -28.182993, 153.25979 -28.182984))",8c293a52745057c4
1050_13766,0.25,"POLYGON ((153.259779 -28.17847, 153.259768 -28.173957, 153.254675 -28.173966, 153.254686 -28.17848, 153.259779 -28.17847))",8c293a52745057c4
1050_13767,0.25,"POLYGON ((153.259768 -28.173957, 153.259758 -28.169443, 153.254664 -28.169453, 153.254675 -28.173966, 153.259768 -28.173957))",8c293a52745057c4
1050_13768,0.25,"POLYGON ((153.259758 -28.169443, 153.259747 -28.16493, 153.254654 -28.164939, 153.254664 -28.169453, 153.259758 -28.169443))",8c293a52745057c4
1050_13769,0.25,"POLYGON ((153.259747 -28.16493, 153.259736 -28.160416, 153.254643 -28.160426, 153.254654 -28.164939, 153.259747 -28.16493))",8c293a52745057c4
1050_13770,0.25,"POLYGON ((153.259736 -28.160416, 153.259725 -28.155903, 153.254632 -28.155912, 153.254643 -28.160426, 153.259736 -28.160416))",8c293a52745057c4
1050_13771,0.25,"POLYGON ((153.259725 -28.155903, 153.259714 -28.151389, 153.254622 -28.151399, 153.254632 -28.155912, 153.259725 -28.155903))",8c293a52745057c4
1050_13772,0.25,"POLYGON ((153.259714 -28.151389, 153.259703 -28.146876, 153.254611 -28.146885, 153.254622 -28.151399, 153.259714 -28.151389))",8c293a52745057c4
1050_13773,0.25,"POLYGON ((153.259703 -28.146876, 153.259692 -28.142362, 153.2546 -28.142372, 153.254611 -28.146885, 153.259703 -28.146876))",8c293a52745057c4
1050_13774,0.25,"POLYGON ((153.259692 -28.142362, 153.259681 -28.137849, 153.25459 -28.137858, 153.2546 -28.142372, 153.259692 -28.142362))",8c293a52745057c4
1050_13775,0.25,"POLYGON ((153.259681 -28.137849, 153.25967 -28.133335, 153.254579 -28.133345, 153.25459 -28.137858, 153.259681 -28.137849))",8c293a52745057c4
1050_13776,0.25,"POLYGON ((153.25967 -28.133335, 153.259659 -28.128822, 153.254568 -28.128831, 153.254579 -28.133345, 153.25967 -28.133335))",8c293a52745057c4
1050_13777,0.25,"POLYGON ((153.259659 -28.128822, 153.259649 -28.124308, 153.254558 -28.124318, 153.254568 -28.128831, 153.259659 -28.128822))",8c293a52745057c4
1050_13778,0.25,"POLYGON ((153.259649 -28.124308, 153.259638 -28.119795, 153.254547 -28.119804, 153.254558 -28.124318, 153.259649 -28.124308))",8c293a52745057c4
1050_13779,0.25,"POLYGON ((153.259638 -28.119795, 153.259627 -28.115281, 153.254536 -28.115291, 153.254547 -28.119804, 153.259638 -28.119795))",8c293a52745057c4
1050_13780,0.25,"POLYGON ((153.259627 -28.115281, 153.259616 -28.110768, 153.254526 -28.110777, 153.254536 -28.115291, 153.259627 -28.115281))",8c293a52745057c4
1050_13781,0.25,"POLYGON ((153.259616 -28.110768, 153.259605 -28.106254, 153.254515 -28.106264, 153.254526 -28.110777, 153.259616 -28.110768))",8c293a52745057c4
1050_13782,0.25,"POLYGON ((153.259605 -28.106254, 153.259594 -28.101741, 153.254504 -28.10175, 153.254515 -28.106264, 153.259605 -28.106254))",8c293a52745057c4
1050_13783,0.25,"POLYGON ((153.259594 -28.101741, 153.259583 -28.097227, 153.254494 -28.097237, 153.254504 -28.10175, 153.259594 -28.101741))",8c293a52745057c4
1050_13784,0.25,"POLYGON ((153.259583 -28.097227, 153.259573 -28.092714, 153.254483 -28.092723, 153.254494 -28.097237, 153.259583 -28.097227))",8c293a52745057c4
1050_13785,0.25,"POLYGON ((153.259573 -28.092714, 153.259562 -28.0882, 153.254472 -28.08821, 153.254483 -28.092723, 153.259573 -28.092714))",8c293a52745057c4
1050_13786,0.25,"POLYGON ((153.259562 -28.0882, 153.259551 -28.083687, 153.254462 -28.083696, 153.254472 -28.08821, 153.259562 -28.0882))",8c293a52745057c4
1050_13787,0.25,"POLYGON ((153.259551 -28.083687, 153.25954 -28.079173, 153.254451 -28.079182, 153.254462 -28.083696, 153.259551 -28.083687))",8c293a52745057c4
1050_13788,0.25,"POLYGON ((153.25954 -28.079173, 153.259529 -28.074659, 153.25444 -28.074669, 153.254451 -28.079182, 153.25954 -28.079173))",8c293a52745057c4
1050_13789,0.25,"POLYGON ((153.259529 -28.074659, 153.259518 -28.070146, 153.25443 -28.070155, 153.25444 -28.074669, 153.259529 -28.074659))",8c293a52745057c4
1050_13790,0.25,"POLYGON ((153.259518 -28.070146, 153.259507 -28.065632, 153.254419 -28.065642, 153.25443 -28.070155, 153.259518 -28.070146))",8c293a52745057c4
1050_13791,0.25,"POLYGON ((153.259507 -28.065632, 153.259497 -28.061119, 153.254408 -28.061128, 153.254419 -28.065642, 153.259507 -28.065632))",8c293a52745057c4
1050_13792,0.25,"POLYGON ((153.259497 -28.061119, 153.259486 -28.056605, 153.254398 -28.056615, 153.254408 -28.061128, 153.259497 -28.061119))",8c293a52745057c4
1050_13793,0.25,"POLYGON ((153.259486 -28.056605, 153.259475 -28.052092, 153.254387 -28.052101, 153.254398 -28.056615, 153.259486 -28.056605))",8c293a52745057c4
1050_13794,0.25,"POLYGON ((153.259475 -28.052092, 153.259464 -28.047578, 153.254377 -28.047588, 153.254387 -28.052101, 153.259475 -28.052092))",8c293a52745057c4
1050_13795,0.25,"POLYGON ((153.259464 -28.047578, 153.259453 -28.043064, 153.254366 -28.043074, 153.254377 -28.047588, 153.259464 -28.047578))",8c293a52745057c4
1050_13796,0.25,"POLYGON ((153.259453 -28.043064, 153.259442 -28.038551, 153.254355 -28.03856, 153.254366 -28.043074, 153.259453 -28.043064))",8c293a52745057c4
1050_13797,0.25,"POLYGON ((153.259442 -28.038551, 153.259432 -28.034037, 153.254345 -28.034047, 153.254355 -28.03856, 153.259442 -28.038551))",8c293a52745057c4
1050_13798,0.25,"POLYGON ((153.259432 -28.034037, 153.259421 -28.029524, 153.254334 -28.029533, 153.254345 -28.034047, 153.259432 -28.034037))",8c293a52745057c4
1050_13799,0.25,"POLYGON ((153.259421 -28.029524, 153.25941 -28.02501, 153.254324 -28.02502, 153.254334 -28.029533, 153.259421 -28.029524))",8c293a52745057c4
1050_13800,0.25,"POLYGON ((153.25941 -28.02501, 153.259399 -28.020497, 153.254313 -28.020506, 153.254324 -28.02502, 153.25941 -28.02501))",8c293a52745057c4
1050_13801,0.25,"POLYGON ((153.259399 -28.020497, 153.259388 -28.015983, 153.254302 -28.015992, 153.254313 -28.020506, 153.259399 -28.020497))",8c293a52745057c4
1050_13802,0.25,"POLYGON ((153.259388 -28.015983, 153.259378 -28.011469, 153.254292 -28.011479, 153.254302 -28.015992, 153.259388 -28.015983))",8c293a52745057c4
1050_13803,0.25,"POLYGON ((153.259378 -28.011469, 153.259367 -28.006956, 153.254281 -28.006965, 153.254292 -28.011479, 153.259378 -28.011469))",8c293a52745057c4
1050_13804,0.25,"POLYGON ((153.259367 -28.006956, 153.259356 -28.002442, 153.254271 -28.002452, 153.254281 -28.006965, 153.259367 -28.006956))",8c293a52745057c4
1050_13805,0.25,"POLYGON ((153.259356 -28.002442, 153.259345 -27.997929, 153.25426 -27.997938, 153.254271 -28.002452, 153.259356 -28.002442))",8c293a52745057c4
1050_13806,0.25,"POLYGON ((153.259345 -27.997929, 153.259334 -27.993415, 153.254249 -27.993424, 153.25426 -27.997938, 153.259345 -27.997929))",8c293a52745057c4
1050_13807,0.25,"POLYGON ((153.259334 -27.993415, 153.259323 -27.988901, 153.254239 -27.988911, 153.254249 -27.993424, 153.259334 -27.993415))",8c293a52745057c4
1050_13808,0.25,"POLYGON ((153.259323 -27.988901, 153.259313 -27.984388, 153.254228 -27.984397, 153.254239 -27.988911, 153.259323 -27.988901))",8c293a52745057c4
1050_13809,0.25,"POLYGON ((153.259313 -27.984388, 153.259302 -27.979874, 153.254218 -27.979884, 153.254228 -27.984397, 153.259313 -27.984388))",8c293a52745057c4
1050_13810,0.25,"POLYGON ((153.259302 -27.979874, 153.259291 -27.975361, 153.254207 -27.97537, 153.254218 -27.979884, 153.259302 -27.979874))",8c293a52745057c4
1050_13811,0.25,"POLYGON ((153.259291 -27.975361, 153.25928 -27.970847, 153.254196 -27.970856, 153.254207 -27.97537, 153.259291 -27.975361))",8c293a52745057c4
1050_13812,0.25,"POLYGON ((153.25928 -27.970847, 153.25927 -27.966333, 153.254186 -27.966343, 153.254196 -27.970856, 153.25928 -27.970847))",8c293a52745057c4
1050_13813,0.25,"POLYGON ((153.25927 -27.966333, 153.259259 -27.96182, 153.254175 -27.961829, 153.254186 -27.966343, 153.25927 -27.966333))",8c293a52745057c4
1050_13814,0.25,"POLYGON ((153.259259 -27.96182, 153.259248 -27.957306, 153.254165 -27.957315, 153.254175 -27.961829, 153.259259 -27.96182))",8c293a52745057c4
1050_13815,0.25,"POLYGON ((153.259248 -27.957306, 153.259237 -27.952792, 153.254154 -27.952802, 153.254165 -27.957315, 153.259248 -27.957306))",8c293a52745057c4
1050_13816,0.25,"POLYGON ((153.259237 -27.952792, 153.259226 -27.948279, 153.254144 -27.948288, 153.254154 -27.952802, 153.259237 -27.952792))",8c293a52745057c4
1050_13817,0.25,"POLYGON ((153.259226 -27.948279, 153.259216 -27.943765, 153.254133 -27.943775, 153.254144 -27.948288, 153.259226 -27.948279))",8c293a52745057c4
1050_13818,0.25,"POLYGON ((153.259216 -27.943765, 153.259205 -27.939251, 153.254122 -27.939261, 153.254133 -27.943775, 153.259216 -27.943765))",8c293a52745057c4
1050_13819,0.25,"POLYGON ((153.259205 -27.939251, 153.259194 -27.934738, 153.254112 -27.934747, 153.254122 -27.939261, 153.259205 -27.939251))",8c293a52745057c4
1050_13820,0.25,"POLYGON ((153.259194 -27.934738, 153.259183 -27.930224, 153.254101 -27.930234, 153.254112 -27.934747, 153.259194 -27.934738))",8c293a52745057c4
1050_13821,0.25,"POLYGON ((153.259183 -27.930224, 153.259173 -27.925711, 153.254091 -27.92572, 153.254101 -27.930234, 153.259183 -27.930224))",8c293a52745057c4
1050_13822,0.25,"POLYGON ((153.259173 -27.925711, 153.259162 -27.921197, 153.25408 -27.921206, 153.254091 -27.92572, 153.259173 -27.925711))",8c293a52745057c4
1050_13823,0.25,"POLYGON ((153.259162 -27.921197, 153.259151 -27.916683, 153.25407 -27.916693, 153.25408 -27.921206, 153.259162 -27.921197))",8c293a52745057c4
1050_13824,0.25,"POLYGON ((153.259151 -27.916683, 153.25914 -27.91217, 153.254059 -27.912179, 153.25407 -27.916693, 153.259151 -27.916683))",8c293a52745057c4
1050_13825,0.25,"POLYGON ((153.25914 -27.91217, 153.259129 -27.907656, 153.254049 -27.907665, 153.254059 -27.912179, 153.25914 -27.91217))",8c293a52745057c4
1050_13826,0.25,"POLYGON ((153.259129 -27.907656, 153.259119 -27.903142, 153.254038 -27.903152, 153.254049 -27.907665, 153.259129 -27.907656))",8c293a52745057c4
1050_13827,0.25,"POLYGON ((153.259119 -27.903142, 153.259108 -27.898629, 153.254027 -27.898638, 153.254038 -27.903152, 153.259119 -27.903142))",8c293a52745057c4
1050_13828,0.25,"POLYGON ((153.259108 -27.898629, 153.259097 -27.894115, 153.254017 -27.894124, 153.254027 -27.898638, 153.259108 -27.898629))",8c293a52745057c4
1050_13829,0.25,"POLYGON ((153.259097 -27.894115, 153.259086 -27.889601, 153.254006 -27.889611, 153.254017 -27.894124, 153.259097 -27.894115))",8c293a52745057c4
1050_13830,0.25,"POLYGON ((153.259086 -27.889601, 153.259076 -27.885088, 153.253996 -27.885097, 153.254006 -27.889611, 153.259086 -27.889601))",8c293a52745057c4
1050_13831,0.25,"POLYGON ((153.259076 -27.885088, 153.259065 -27.880574, 153.253985 -27.880583, 153.253996 -27.885097, 153.259076 -27.885088))",8c293a52745057c4
1050_13832,0.25,"POLYGON ((153.259065 -27.880574, 153.259054 -27.87606, 153.253975 -27.87607, 153.253985 -27.880583, 153.259065 -27.880574))",8c293a52745057c4
1050_13833,0.25,"POLYGON ((153.259054 -27.87606, 153.259044 -27.871547, 153.253964 -27.871556, 153.253975 -27.87607, 153.259054 -27.87606))",8c293a52745057c4
1050_13834,0.25,"POLYGON ((153.259044 -27.871547, 153.259033 -27.867033, 153.253954 -27.867042, 153.253964 -27.871556, 153.259044 -27.871547))",8c293a52745057c4
1050_13835,0.25,"POLYGON ((153.259033 -27.867033, 153.259022 -27.862519, 153.253943 -27.862529, 153.253954 -27.867042, 153.259033 -27.867033))",8c293a52745057c4
1050_13836,0.25,"POLYGON ((153.259022 -27.862519, 153.259011 -27.858005, 153.253933 -27.858015, 153.253943 -27.862529, 153.259022 -27.862519))",8c293a52745057c4
1050_13837,0.25,"POLYGON ((153.259011 -27.858005, 153.259001 -27.853492, 153.253922 -27.853501, 153.253933 -27.858015, 153.259011 -27.858005))",8c293a52745057c4
1050_13838,0.25,"POLYGON ((153.259001 -27.853492, 153.25899 -27.848978, 153.253912 -27.848987, 153.253922 -27.853501, 153.259001 -27.853492))",8c293a52745057c4
1050_13839,0.25,"POLYGON ((153.25899 -27.848978, 153.258979 -27.844464, 153.253901 -27.844474, 153.253912 -27.848987, 153.25899 -27.848978))",8c293a52745057c4
1050_13840,0.25,"POLYGON ((153.258979 -27.844464, 153.258968 -27.839951, 153.253891 -27.83996, 153.253901 -27.844474, 153.258979 -27.844464))",8c293a52745057c4
1050_13841,0.25,"POLYGON ((153.258968 -27.839951, 153.258958 -27.835437, 153.25388 -27.835446, 153.253891 -27.83996, 153.258968 -27.839951))",8c293a52745057c4
1050_13842,0.25,"POLYGON ((153.258958 -27.835437, 153.258947 -27.830923, 153.25387 -27.830933, 153.25388 -27.835446, 153.258958 -27.835437))",8c293a52745057c4
1050_13843,0.25,"POLYGON ((153.258947 -27.830923, 153.258936 -27.826409, 153.253859 -27.826419, 153.25387 -27.830933, 153.258947 -27.830923))",8c293a52745057c4
1050_13844,0.25,"POLYGON ((153.258936 -27.826409, 153.258926 -27.821896, 153.253849 -27.821905, 153.253859 -27.826419, 153.258936 -27.826409))",8c293a52745057c4
1050_13845,0.25,"POLYGON ((153.258926 -27.821896, 153.258915 -27.817382, 153.253838 -27.817391, 153.253849 -27.821905, 153.258926 -27.821896))",8c293a52745057c4
1050_13846,0.25,"POLYGON ((153.258915 -27.817382, 153.258904 -27.812868, 153.253828 -27.812878, 153.253838 -27.817391, 153.258915 -27.817382))",8c293a52745057c4
1050_13847,0.25,"POLYGON ((153.258904 -27.812868, 153.258893 -27.808355, 153.253817 -27.808364, 153.253828 -27.812878, 153.258904 -27.812868))",8c293a52745057c4
1050_13848,0.25,"POLYGON ((153.258893 -27.808355, 153.258883 -27.803841, 153.253807 -27.80385, 153.253817 -27.808364, 153.258893 -27.808355))",8c293a52745057c4
1050_13849,0.25,"POLYGON ((153.258883 -27.803841, 153.258872 -27.799327, 153.253796 -27.799337, 153.253807 -27.80385, 153.258883 -27.803841))",8c293a52745057c4
1050_13850,0.25,"POLYGON ((153.258872 -27.799327, 153.258861 -27.794813, 153.253786 -27.794823, 153.253796 -27.799337, 153.258872 -27.799327))",8c293a52745057c4
1050_13851,0.25,"POLYGON ((153.258861 -27.794813, 153.258851 -27.7903, 153.253775 -27.790309, 153.253786 -27.794823, 153.258861 -27.794813))",8c293a52745057c4
1050_13852,0.25,"POLYGON ((153.258851 -27.7903, 153.25884 -27.785786, 153.253765 -27.785795, 153.253775 -27.790309, 153.258851 -27.7903))",8c293a52745057c4
1050_13853,0.25,"POLYGON ((153.25884 -27.785786, 153.258829 -27.781272, 153.253754 -27.781282, 153.253765 -27.785795, 153.25884 -27.785786))",8c293a52745057c4
1050_13854,0.25,"POLYGON ((153.258829 -27.781272, 153.258819 -27.776758, 153.253744 -27.776768, 153.253754 -27.781282, 153.258829 -27.781272))",8c293a52745057c4
1050_13855,0.25,"POLYGON ((153.258819 -27.776758, 153.258808 -27.772245, 153.253733 -27.772254, 153.253744 -27.776768, 153.258819 -27.776758))",8c293a52745057c4
1050_13856,0.25,"POLYGON ((153.258808 -27.772245, 153.258797 -27.767731, 153.253723 -27.76774, 153.253733 -27.772254, 153.258808 -27.772245))",8c293a52745057c4
1050_13857,0.25,"POLYGON ((153.258797 -27.767731, 153.258787 -27.763217, 153.253712 -27.763227, 153.253723 -27.76774, 153.258797 -27.767731))",8c293a52745057c4
1050_13858,0.25,"POLYGON ((153.258787 -27.763217, 153.258776 -27.758703, 153.253702 -27.758713, 153.253712 -27.763227, 153.258787 -27.763217))",8c293a52745057c4
1050_13859,0.25,"POLYGON ((153.258776 -27.758703, 153.258765 -27.75419, 153.253691 -27.754199, 153.253702 -27.758713, 153.258776 -27.758703))",8c293a52745057c4
1050_13860,0.25,"POLYGON ((153.258765 -27.75419, 153.258755 -27.749676, 153.253681 -27.749685, 153.253691 -27.754199, 153.258765 -27.75419))",8c293a52745057c4
1050_13861,0.25,"POLYGON ((153.258755 -27.749676, 153.258744 -27.745162, 153.253671 -27.745172, 153.253681 -27.749685, 153.258755 -27.749676))",8c293a52745057c4
1050_13862,0.25,"POLYGON ((153.258744 -27.745162, 153.258733 -27.740648, 153.25366 -27.740658, 153.253671 -27.745172, 153.258744 -27.745162))",8c293a52745057c4
1050_13863,0.25,"POLYGON ((153.258733 -27.740648, 153.258723 -27.736135, 153.25365 -27.736144, 153.25366 -27.740658, 153.258733 -27.740648))",8c293a52745057c4
1050_13864,0.25,"POLYGON ((153.258723 -27.736135, 153.258712 -27.731621, 153.253639 -27.73163, 153.25365 -27.736144, 153.258723 -27.736135))",8c293a52745057c4
1050_13865,0.25,"POLYGON ((153.258712 -27.731621, 153.258701 -27.727107, 153.253629 -27.727116, 153.253639 -27.73163, 153.258712 -27.731621))",8c293a52745057c4
1050_13866,0.25,"POLYGON ((153.258701 -27.727107, 153.258691 -27.722593, 153.253618 -27.722603, 153.253629 -27.727116, 153.258701 -27.727107))",8c293a52745057c4
1050_13867,0.25,"POLYGON ((153.258691 -27.722593, 153.25868 -27.718079, 153.253608 -27.718089, 153.253618 -27.722603, 153.258691 -27.722593))",8c293a52745057c4
1050_13868,0.25,"POLYGON ((153.25868 -27.718079, 153.258669 -27.713566, 153.253597 -27.713575, 153.253608 -27.718089, 153.25868 -27.718079))",8c293a52745057c4
1050_13869,0.25,"POLYGON ((153.258669 -27.713566, 153.258659 -27.709052, 153.253587 -27.709061, 153.253597 -27.713575, 153.258669 -27.713566))",8c293a52745057c4
1050_13870,0.25,"POLYGON ((153.258659 -27.709052, 153.258648 -27.704538, 153.253577 -27.704547, 153.253587 -27.709061, 153.258659 -27.709052))",8c293a52745057c4
1050_13871,0.25,"POLYGON ((153.258648 -27.704538, 153.258637 -27.700024, 153.253566 -27.700034, 153.253577 -27.704547, 153.258648 -27.704538))",8c293a52745057c4
1050_13872,0.24992565150785123,"POLYGON ((153.258637 -27.700024, 153.258627 -27.69551, 153.253556 -27.69552, 153.253566 -27.700034, 153.258637 -27.700024))",8c293a52745057c4
1050_13873,0.2314012491758198,"POLYGON ((153.258627 -27.69551, 153.258616 -27.690997, 153.253545 -27.691006, 153.253556 -27.69552, 153.258627 -27.69551))",8c293a52745057c4
1050_13874,0.007495409808987455,"POLYGON ((153.258616 -27.690997, 153.258605 -27.686483, 153.253535 -27.686492, 153.253545 -27.691006, 153.258616 -27.690997))",8c293a52745057c4
1051_13751,0.09832906643333533,"POLYGON ((153.26504 -28.246162, 153.265029 -28.241649, 153.259932 -28.241659, 153.259943 -28.246172, 153.26504 -28.246162))",8c293a52745057c4
1051_13752,0.25,"POLYGON ((153.265029 -28.241649, 153.265018 -28.237136, 153.259921 -28.237145, 153.259932 -28.241659, 153.265029 -28.241649))",8c293a52745057c4
1051_13753,0.25,"POLYGON ((153.265018 -28.237136, 153.265007 -28.232622, 153.25991 -28.232632, 153.259921 -28.237145, 153.265018 -28.237136))",8c293a52745057c4
1051_13754,0.25,"POLYGON ((153.265007 -28.232622, 153.264995 -28.228109, 153.259899 -28.228118, 153.25991 -28.232632, 153.265007 -28.232622))",8c293a52745057c4
1051_13755,0.25,"POLYGON ((153.264995 -28.228109, 153.264984 -28.223595, 153.259888 -28.223605, 153.259899 -28.228118, 153.264995 -28.228109))",8c293a52745057c4
1051_13756,0.25,"POLYGON ((153.264984 -28.223595, 153.264973 -28.219082, 153.259878 -28.219092, 153.259888 -28.223605, 153.264984 -28.223595))",8c293a52745057c4
1051_13757,0.25,"POLYGON ((153.264973 -28.219082, 153.264962 -28.214568, 153.259867 -28.214578, 153.259878 -28.219092, 153.264973 -28.219082))",8c293a52745057c4
1051_13758,0.25,"POLYGON ((153.264962 -28.214568, 153.264951 -28.210055, 153.259856 -28.210065, 153.259867 -28.214578, 153.264962 -28.214568))",8c293a52745057c4
1051_13759,0.25,"POLYGON ((153.264951 -28.210055, 153.26494 -28.205541, 153.259845 -28.205551, 153.259856 -28.210065, 153.264951 -28.210055))",8c293a52745057c4
1051_13760,0.25,"POLYGON ((153.26494 -28.205541, 153.264929 -28.201028, 153.259834 -28.201038, 153.259845 -28.205551, 153.26494 -28.205541))",8c293a52745057c4
1051_13761,0.25,"POLYGON ((153.264929 -28.201028, 153.264917 -28.196514, 153.259823 -28.196524, 153.259834 -28.201038, 153.264929 -28.201028))",8c293a52745057c4
1051_13762,0.25,"POLYGON ((153.264917 -28.196514, 153.264906 -28.192001, 153.259812 -28.192011, 153.259823 -28.196524, 153.264917 -28.196514))",8c293a52745057c4
1051_13763,0.25,"POLYGON ((153.264906 -28.192001, 153.264895 -28.187488, 153.259801 -28.187497, 153.259812 -28.192011, 153.264906 -28.192001))",8c293a52745057c4
1051_13764,0.25,"POLYGON ((153.264895 -28.187488, 153.264884 -28.182974, 153.25979 -28.182984, 153.259801 -28.187497, 153.264895 -28.187488))",8c293a52745057c4
1051_13765,0.25,"POLYGON ((153.264884 -28.182974, 153.264873 -28.178461, 153.259779 -28.17847, 153.25979 -28.182984, 153.264884 -28.182974))",8c293a52745057c4
1051_13766,0.25,"POLYGON ((153.264873 -28.178461, 153.264862 -28.173947, 153.259768 -28.173957, 153.259779 -28.17847, 153.264873 -28.178461))",8c293a52745057c4
1051_13767,0.25,"POLYGON ((153.264862 -28.173947, 153.264851 -28.169434, 153.259758 -28.169443, 153.259768 -28.173957, 153.264862 -28.173947))",8c293a52745057c4
1051_13768,0.25,"POLYGON ((153.264851 -28.169434, 153.26484 -28.16492, 153.259747 -28.16493, 153.259758 -28.169443, 153.264851 -28.169434))",8c293a52745057c4
1051_13769,0.25,"POLYGON ((153.26484 -28.16492, 153.264829 -28.160407, 153.259736 -28.160416, 153.259747 -28.16493, 153.26484 -28.16492))",8c293a52745057c4
1051_13770,0.25,"POLYGON ((153.264829 -28.160407, 153.264817 -28.155893, 153.259725 -28.155903, 153.259736 -28.160416, 153.264829 -28.160407))",8c293a52745057c4
1051_13771,0.25,"POLYGON ((153.264817 -28.155893, 153.264806 -28.15138, 153.259714 -28.151389, 153.259725 -28.155903, 153.264817 -28.155893))",8c293a52745057c4
1051_13772,0.25,"POLYGON ((153.264806 -28.15138, 153.264795 -28.146866, 153.259703 -28.146876, 153.259714 -28.151389, 153.264806 -28.15138))",8c293a52745057c4
1051_13773,0.25,"POLYGON ((153.264795 -28.146866, 153.264784 -28.142353, 153.259692 -28.142362, 153.259703 -28.146876, 153.264795 -28.146866))",8c293a52745057c4
1051_13774,0.25,"POLYGON ((153.264784 -28.142353, 153.264773 -28.137839, 153.259681 -28.137849, 153.259692 -28.142362, 153.264784 -28.142353))",8c293a52745057c4
1051_13775,0.25,"POLYGON ((153.264773 -28.137839, 153.264762 -28.133326, 153.25967 -28.133335, 153.259681 -28.137849, 153.264773 -28.137839))",8c293a52745057c4
1051_13776,0.25,"POLYGON ((153.264762 -28.133326, 153.264751 -28.128812, 153.259659 -28.128822, 153.25967 -28.133335, 153.264762 -28.133326))",8c293a52745057c4
1051_13777,0.25,"POLYGON ((153.264751 -28.128812, 153.26474 -28.124299, 153.259649 -28.124308, 153.259659 -28.128822, 153.264751 -28.128812))",8c293a52745057c4
1051_13778,0.25,"POLYGON ((153.26474 -28.124299, 153.264729 -28.119785, 153.259638 -28.119795, 153.259649 -28.124308, 153.26474 -28.124299))",8c293a52745057c4
1051_13779,0.25,"POLYGON ((153.264729 -28.119785, 153.264718 -28.115272, 153.259627 -28.115281, 153.259638 -28.119795, 153.264729 -28.119785))",8c293a52745057c4
1051_13780,0.25,"POLYGON ((153.264718 -28.115272, 153.264706 -28.110758, 153.259616 -28.110768, 153.259627 -28.115281, 153.264718 -28.115272))",8c293a52745057c4
1051_13781,0.25,"POLYGON ((153.264706 -28.110758, 153.264695 -28.106244, 153.259605 -28.106254, 153.259616 -28.110768, 153.264706 -28.110758))",8c293a52745057c4
1051_13782,0.25,"POLYGON ((153.264695 -28.106244, 153.264684 -28.101731, 153.259594 -28.101741, 153.259605 -28.106254, 153.264695 -28.106244))",8c293a52745057c4
1051_13783,0.25,"POLYGON ((153.264684 -28.101731, 153.264673 -28.097217, 153.259583 -28.097227, 153.259594 -28.101741, 153.264684 -28.101731))",8c293a52745057c4
1051_13784,0.25,"POLYGON ((153.264673 -28.097217, 153.264662 -28.092704, 153.259573 -28.092714, 153.259583 -28.097227, 153.264673 -28.097217))",8c293a52745057c4
1051_13785,0.25,"POLYGON ((153.264662 -28.092704, 153.264651 -28.08819, 153.259562 -28.0882, 153.259573 -28.092714, 153.264662 -28.092704))",8c293a52745057c4
1051_13786,0.25,"POLYGON ((153.264651 -28.08819, 153.26464 -28.083677, 153.259551 -28.083687, 153.259562 -28.0882, 153.264651 -28.08819))",8c293a52745057c4
1051_13787,0.25,"POLYGON ((153.26464 -28.083677, 153.264629 -28.079163, 153.25954 -28.079173, 153.259551 -28.083687, 153.26464 -28.083677))",8c293a52745057c4
1051_13788,0.25,"POLYGON ((153.264629 -28.079163, 153.264618 -28.07465, 153.259529 -28.074659, 153.25954 -28.079173, 153.264629 -28.079163))",8c293a52745057c4
1051_13789,0.25,"POLYGON ((153.264618 -28.07465, 153.264607 -28.070136, 153.259518 -28.070146, 153.259529 -28.074659, 153.264618 -28.07465))",8c293a52745057c4
1051_13790,0.25,"POLYGON ((153.264607 -28.070136, 153.264596 -28.065623, 153.259507 -28.065632, 153.259518 -28.070146, 153.264607 -28.070136))",8c293a52745057c4
1051_13791,0.25,"POLYGON ((153.264596 -28.065623, 153.264585 -28.061109, 153.259497 -28.061119, 153.259507 -28.065632, 153.264596 -28.065623))",8c293a52745057c4
1051_13792,0.25,"POLYGON ((153.264585 -28.061109, 153.264574 -28.056595, 153.259486 -28.056605, 153.259497 -28.061119, 153.264585 -28.061109))",8c293a52745057c4
1051_13793,0.25,"POLYGON ((153.264574 -28.056595, 153.264563 -28.052082, 153.259475 -28.052092, 153.259486 -28.056605, 153.264574 -28.056595))",8c293a52745057c4
1051_13794,0.25,"POLYGON ((153.264563 -28.052082, 153.264552 -28.047568, 153.259464 -28.047578, 153.259475 -28.052092, 153.264563 -28.052082))",8c293a52745057c4
1051_13795,0.25,"POLYGON ((153.264552 -28.047568, 153.264541 -28.043055, 153.259453 -28.043064, 153.259464 -28.047578, 153.264552 -28.047568))",8c293a52745057c4
1051_13796,0.25,"POLYGON ((153.264541 -28.043055, 153.26453 -28.038541, 153.259442 -28.038551, 153.259453 -28.043064, 153.264541 -28.043055))",8c293a52745057c4
1051_13797,0.25,"POLYGON ((153.26453 -28.038541, 153.264518 -28.034028, 153.259432 -28.034037, 153.259442 -28.038551, 153.26453 -28.038541))",8c293a52745057c4
1051_13798,0.25,"POLYGON ((153.264518 -28.034028, 153.264507 -28.029514, 153.259421 -28.029524, 153.259432 -28.034037, 153.264518 -28.034028))",8c293a52745057c4
1051_13799,0.25,"POLYGON ((153.264507 -28.029514, 153.264496 -28.025, 153.25941 -28.02501, 153.259421 -28.029524, 153.264507 -28.029514))",8c293a52745057c4
1051_13800,0.25,"POLYGON ((153.264496 -28.025, 153.264485 -28.020487, 153.259399 -28.020497, 153.25941 -28.02501, 153.264496 -28.025))",8c293a52745057c4
1051_13801,0.25,"POLYGON ((153.264485 -28.020487, 153.264474 -28.015973, 153.259388 -28.015983, 153.259399 -28.020497, 153.264485 -28.020487))",8c293a52745057c4
1051_13802,0.25,"POLYGON ((153.264474 -28.015973, 153.264463 -28.01146, 153.259378 -28.011469, 153.259388 -28.015983, 153.264474 -28.015973))",8c293a52745057c4
1051_13803,0.25,"POLYGON ((153.264463 -28.01146, 153.264452 -28.006946, 153.259367 -28.006956, 153.259378 -28.011469, 153.264463 -28.01146))",8c293a52745057c4
1051_13804,0.25,"POLYGON ((153.264452 -28.006946, 153.264441 -28.002432, 153.259356 -28.002442, 153.259367 -28.006956, 153.264452 -28.006946))",8c293a52745057c4
1051_13805,0.25,"POLYGON ((153.264441 -28.002432, 153.26443 -27.997919, 153.259345 -27.997929, 153.259356 -28.002442, 153.264441 -28.002432))",8c293a52745057c4
1051_13806,0.25,"POLYGON ((153.26443 -27.997919, 153.264419 -27.993405, 153.259334 -27.993415, 153.259345 -27.997929, 153.26443 -27.997919))",8c293a52745057c4
1051_13807,0.25,"POLYGON ((153.264419 -27.993405, 153.264408 -27.988892, 153.259323 -27.988901, 153.259334 -27.993415, 153.264419 -27.993405))",8c293a52745057c4
1051_13808,0.25,"POLYGON ((153.264408 -27.988892, 153.264397 -27.984378, 153.259313 -27.984388, 153.259323 -27.988901, 153.264408 -27.988892))",8c293a52745057c4
1051_13809,0.25,"POLYGON ((153.264397 -27.984378, 153.264386 -27.979864, 153.259302 -27.979874, 153.259313 -27.984388, 153.264397 -27.984378))",8c293a52745057c4
1051_13810,0.25,"POLYGON ((153.264386 -27.979864, 153.264375 -27.975351, 153.259291 -27.975361, 153.259302 -27.979874, 153.264386 -27.979864))",8c293a52745057c4
1051_13811,0.25,"POLYGON ((153.264375 -27.975351, 153.264364 -27.970837, 153.25928 -27.970847, 153.259291 -27.975361, 153.264375 -27.975351))",8c293a52745057c4
1051_13812,0.25,"POLYGON ((153.264364 -27.970837, 153.264353 -27.966324, 153.25927 -27.966333, 153.25928 -27.970847, 153.264364 -27.970837))",8c293a52745057c4
1051_13813,0.25,"POLYGON ((153.264353 -27.966324, 153.264342 -27.96181, 153.259259 -27.96182, 153.25927 -27.966333, 153.264353 -27.966324))",8c293a52745057c4
1051_13814,0.25,"POLYGON ((153.264342 -27.96181, 153.264331 -27.957296, 153.259248 -27.957306, 153.259259 -27.96182, 153.264342 -27.96181))",8c293a52745057c4
1051_13815,0.25,"POLYGON ((153.264331 -27.957296, 153.26432 -27.952783, 153.259237 -27.952792, 153.259248 -27.957306, 153.264331 -27.957296))",8c293a52745057c4
1051_13816,0.25,"POLYGON ((153.26432 -27.952783, 153.264309 -27.948269, 153.259226 -27.948279, 153.259237 -27.952792, 153.26432 -27.952783))",8c293a52745057c4
1051_13817,0.25,"POLYGON ((153.264309 -27.948269, 153.264298 -27.943755, 153.259216 -27.943765, 153.259226 -27.948279, 153.264309 -27.948269))",8c293a52745057c4
1051_13818,0.25,"POLYGON ((153.264298 -27.943755, 153.264287 -27.939242, 153.259205 -27.939251, 153.259216 -27.943765, 153.264298 -27.943755))",8c293a52745057c4
1051_13819,0.25,"POLYGON ((153.264287 -27.939242, 153.264276 -27.934728, 153.259194 -27.934738, 153.259205 -27.939251, 153.264287 -27.939242))",8c293a52745057c4
1051_13820,0.25,"POLYGON ((153.264276 -27.934728, 153.264265 -27.930215, 153.259183 -27.930224, 153.259194 -27.934738, 153.264276 -27.934728))",8c293a52745057c4
1051_13821,0.25,"POLYGON ((153.264265 -27.930215, 153.264254 -27.925701, 153.259173 -27.925711, 153.259183 -27.930224, 153.264265 -27.930215))",8c293a52745057c4
1051_13822,0.25,"POLYGON ((153.264254 -27.925701, 153.264243 -27.921187, 153.259162 -27.921197, 153.259173 -27.925711, 153.264254 -27.925701))",8c293a52745057c4
1051_13823,0.25,"POLYGON ((153.264243 -27.921187, 153.264232 -27.916674, 153.259151 -27.916683, 153.259162 -27.921197, 153.264243 -27.921187))",8c293a52745057c4
1051_13824,0.25,"POLYGON ((153.264232 -27.916674, 153.264221 -27.91216, 153.25914 -27.91217, 153.259151 -27.916683, 153.264232 -27.916674))",8c293a52745057c4
1051_13825,0.25,"POLYGON ((153.264221 -27.91216, 153.26421 -27.907646, 153.259129 -27.907656, 153.25914 -27.91217, 153.264221 -27.91216))",8c293a52745057c4
1051_13826,0.25,"POLYGON ((153.26421 -27.907646, 153.264199 -27.903133, 153.259119 -27.903142, 153.259129 -27.907656, 153.26421 -27.907646))",8c293a52745057c4
1051_13827,0.25,"POLYGON ((153.264199 -27.903133, 153.264188 -27.898619, 153.259108 -27.898629, 153.259119 -27.903142, 153.264199 -27.903133))",8c293a52745057c4
1051_13828,0.25,"POLYGON ((153.264188 -27.898619, 153.264178 -27.894105, 153.259097 -27.894115, 153.259108 -27.898629, 153.264188 -27.898619))",8c293a52745057c4
1051_13829,0.25,"POLYGON ((153.264178 -27.894105, 153.264167 -27.889592, 153.259086 -27.889601, 153.259097 -27.894115, 153.264178 -27.894105))",8c293a52745057c4
1051_13830,0.25,"POLYGON ((153.264167 -27.889592, 153.264156 -27.885078, 153.259076 -27.885088, 153.259086 -27.889601, 153.264167 -27.889592))",8c293a52745057c4
1051_13831,0.25,"POLYGON ((153.264156 -27.885078, 153.264145 -27.880564, 153.259065 -27.880574, 153.259076 -27.885088, 153.264156 -27.885078))",8c293a52745057c4
1051_13832,0.25,"POLYGON ((153.264145 -27.880564, 153.264134 -27.876051, 153.259054 -27.87606, 153.259065 -27.880574, 153.264145 -27.880564))",8c293a52745057c4
1051_13833,0.25,"POLYGON ((153.264134 -27.876051, 153.264123 -27.871537, 153.259044 -27.871547, 153.259054 -27.87606, 153.264134 -27.876051))",8c293a52745057c4
1051_13834,0.25,"POLYGON ((153.264123 -27.871537, 153.264112 -27.867023, 153.259033 -27.867033, 153.259044 -27.871547, 153.264123 -27.871537))",8c293a52745057c4
1051_13835,0.25,"POLYGON ((153.264112 -27.867023, 153.264101 -27.862509, 153.259022 -27.862519, 153.259033 -27.867033, 153.264112 -27.867023))",8c293a52745057c4
1051_13836,0.25,"POLYGON ((153.264101 -27.862509, 153.26409 -27.857996, 153.259011 -27.858005, 153.259022 -27.862519, 153.264101 -27.862509))",8c293a52745057c4
1051_13837,0.25,"POLYGON ((153.26409 -27.857996, 153.264079 -27.853482, 153.259001 -27.853492, 153.259011 -27.858005, 153.26409 -27.857996))",8c293a52745057c4
1051_13838,0.25,"POLYGON ((153.264079 -27.853482, 153.264068 -27.848968, 153.25899 -27.848978, 153.259001 -27.853492, 153.264079 -27.853482))",8c293a52745057c4
1051_13839,0.25,"POLYGON ((153.264068 -27.848968, 153.264057 -27.844455, 153.258979 -27.844464, 153.25899 -27.848978, 153.264068 -27.848968))",8c293a52745057c4
1051_13840,0.25,"POLYGON ((153.264057 -27.844455, 153.264046 -27.839941, 153.258968 -27.839951, 153.258979 -27.844464, 153.264057 -27.844455))",8c293a52745057c4
1051_13841,0.25,"POLYGON ((153.264046 -27.839941, 153.264035 -27.835427, 153.258958 -27.835437, 153.258968 -27.839951, 153.264046 -27.839941))",8c293a52745057c4
1051_13842,0.25,"POLYGON ((153.264035 -27.835427, 153.264024 -27.830914, 153.258947 -27.830923, 153.258958 -27.835437, 153.264035 -27.835427))",8c293a52745057c4
1051_13843,0.25,"POLYGON ((153.264024 -27.830914, 153.264013 -27.8264, 153.258936 -27.826409, 153.258947 -27.830923, 153.264024 -27.830914))",8c293a52745057c4
1051_13844,0.25,"POLYGON ((153.264013 -27.8264, 153.264003 -27.821886, 153.258926 -27.821896, 153.258936 -27.826409, 153.264013 -27.8264))",8c293a52745057c4
1051_13845,0.25,"POLYGON ((153.264003 -27.821886, 153.263992 -27.817372, 153.258915 -27.817382, 153.258926 -27.821896, 153.264003 -27.821886))",8c293a52745057c4
1051_13846,0.25,"POLYGON ((153.263992 -27.817372, 153.263981 -27.812859, 153.258904 -27.812868, 153.258915 -27.817382, 153.263992 -27.817372))",8c293a52745057c4
1051_13847,0.25,"POLYGON ((153.263981 -27.812859, 153.26397 -27.808345, 153.258893 -27.808355, 153.258904 -27.812868, 153.263981 -27.812859))",8c293a52745057c4
1051_13848,0.25,"POLYGON ((153.26397 -27.808345, 153.263959 -27.803831, 153.258883 -27.803841, 153.258893 -27.808355, 153.26397 -27.808345))",8c293a52745057c4
1051_13849,0.25,"POLYGON ((153.263959 -27.803831, 153.263948 -27.799318, 153.258872 -27.799327, 153.258883 -27.803841, 153.263959 -27.803831))",8c293a52745057c4
1051_13850,0.25,"POLYGON ((153.263948 -27.799318, 153.263937 -27.794804, 153.258861 -27.794813, 153.258872 -27.799327, 153.263948 -27.799318))",8c293a52745057c4
1051_13851,0.25,"POLYGON ((153.263937 -27.794804, 153.263926 -27.79029, 153.258851 -27.7903, 153.258861 -27.794813, 153.263937 -27.794804))",8c293a52745057c4
1051_13852,0.25,"POLYGON ((153.263926 -27.79029, 153.263915 -27.785776, 153.25884 -27.785786, 153.258851 -27.7903, 153.263926 -27.79029))",8c293a52745057c4
1051_13853,0.25,"POLYGON ((153.263915 -27.785776, 153.263904 -27.781263, 153.258829 -27.781272, 153.25884 -27.785786, 153.263915 -27.785776))",8c293a52745057c4
1051_13854,0.25,"POLYGON ((153.263904 -27.781263, 153.263893 -27.776749, 153.258819 -27.776758, 153.258829 -27.781272, 153.263904 -27.781263))",8c293a52745057c4
1051_13855,0.25,"POLYGON ((153.263893 -27.776749, 153.263883 -27.772235, 153.258808 -27.772245, 153.258819 -27.776758, 153.263893 -27.776749))",8c293a52745057c4
1051_13856,0.25,"POLYGON ((153.263883 -27.772235, 153.263872 -27.767721, 153.258797 -27.767731, 153.258808 -27.772245, 153.263883 -27.772235))",8c293a52745057c4
1051_13857,0.25,"POLYGON ((153.263872 -27.767721, 153.263861 -27.763208, 153.258787 -27.763217, 153.258797 -27.767731, 153.263872 -27.767721))",8c293a52745057c4
1051_13858,0.25,"POLYGON ((153.263861 -27.763208, 153.26385 -27.758694, 153.258776 -27.758703, 153.258787 -27.763217, 153.263861 -27.763208))",8c293a52745057c4
1051_13859,0.25,"POLYGON ((153.26385 -27.758694, 153.263839 -27.75418, 153.258765 -27.75419, 153.258776 -27.758703, 153.26385 -27.758694))",8c293a52745057c4
1051_13860,0.25,"POLYGON ((153.263839 -27.75418, 153.263828 -27.749666, 153.258755 -27.749676, 153.258765 -27.75419, 153.263839 -27.75418))",8c293a52745057c4
1051_13861,0.25,"POLYGON ((153.263828 -27.749666, 153.263817 -27.745153, 153.258744 -27.745162, 153.258755 -27.749676, 153.263828 -27.749666))",8c293a52745057c4
1051_13862,0.25,"POLYGON ((153.263817 -27.745153, 153.263806 -27.740639, 153.258733 -27.740648, 153.258744 -27.745162, 153.263817 -27.745153))",8c293a52745057c4
1051_13863,0.25,"POLYGON ((153.263806 -27.740639, 153.263796 -27.736125, 153.258723 -27.736135, 153.258733 -27.740648, 153.263806 -27.740639))",8c293a52745057c4
1051_13864,0.25,"POLYGON ((153.263796 -27.736125, 153.263785 -27.731611, 153.258712 -27.731621, 153.258723 -27.736135, 153.263796 -27.736125))",8c293a52745057c4
1051_13865,0.25,"POLYGON ((153.263785 -27.731611, 153.263774 -27.727097, 153.258701 -27.727107, 153.258712 -27.731621, 153.263785 -27.731611))",8c293a52745057c4
1051_13866,0.25,"POLYGON ((153.263774 -27.727097, 153.263763 -27.722584, 153.258691 -27.722593, 153.258701 -27.727107, 153.263774 -27.727097))",8c293a52745057c4
1051_13867,0.25,"POLYGON ((153.263763 -27.722584, 153.263752 -27.71807, 153.25868 -27.718079, 153.258691 -27.722593, 153.263763 -27.722584))",8c293a52745057c4
1051_13868,0.25,"POLYGON ((153.263752 -27.71807, 153.263741 -27.713556, 153.258669 -27.713566, 153.25868 -27.718079, 153.263752 -27.71807))",8c293a52745057c4
1051_13869,0.25,"POLYGON ((153.263741 -27.713556, 153.26373 -27.709042, 153.258659 -27.709052, 153.258669 -27.713566, 153.263741 -27.713556))",8c293a52745057c4
1051_13870,0.25,"POLYGON ((153.26373 -27.709042, 153.263719 -27.704529, 153.258648 -27.704538, 153.258659 -27.709052, 153.26373 -27.709042))",8c293a52745057c4
1051_13871,0.25,"POLYGON ((153.263719 -27.704529, 153.263709 -27.700015, 153.258637 -27.700024, 153.258648 -27.704538, 153.263719 -27.704529))",8c293a52745057c4
1051_13872,0.25,"POLYGON ((153.263709 -27.700015, 153.263698 -27.695501, 153.258627 -27.69551, 153.258637 -27.700024, 153.263709 -27.700015))",8c293a52745057c4
1051_13873,0.1841230666991435,"POLYGON ((153.263698 -27.695501, 153.263687 -27.690987, 153.258616 -27.690997, 153.258627 -27.69551, 153.263698 -27.695501))",8c293a52745057c4
1052_13751,0.0008455691361608098,"POLYGON ((153.270137 -28.246153, 153.270126 -28.241639, 153.265029 -28.241649, 153.26504 -28.246162, 153.270137 -28.246153))",8c293a52745057c4
1052_13752,0.14994833168421834,"POLYGON ((153.270126 -28.241639, 153.270114 -28.237126, 153.265018 -28.237136, 153.265029 -28.241649, 153.270126 -28.241639))",8c293a52745057c4
1052_13753,0.25,"POLYGON ((153.270114 -28.237126, 153.270103 -28.232612, 153.265007 -28.232622, 153.265018 -28.237136, 153.270114 -28.237126))",8c293a52745057c4
1052_13754,0.25,"POLYGON ((153.270103 -28.232612, 153.270091 -28.228099, 153.264995 -28.228109, 153.265007 -28.232622, 153.270103 -28.232612))",8c293a52745057c4
1052_13755,0.25,"POLYGON ((153.270091 -28.228099, 153.27008 -28.223585, 153.264984 -28.223595, 153.264995 -28.228109, 153.270091 -28.228099))",8c293a52745057c4
1052_13756,0.25,"POLYGON ((153.27008 -28.223585, 153.270069 -28.219072, 153.264973 -28.219082, 153.264984 -28.223595, 153.27008 -28.223585))",8c293a52745057c4
1052_13757,0.25,"POLYGON ((153.270069 -28.219072, 153.270057 -28.214558, 153.264962 -28.214568, 153.264973 -28.219082, 153.270069 -28.219072))",8c293a52745057c4
1052_13758,0.25,"POLYGON ((153.270057 -28.214558, 153.270046 -28.210045, 153.264951 -28.210055, 153.264962 -28.214568, 153.270057 -28.214558))",8c293a52745057c4
1052_13759,0.25,"POLYGON ((153.270046 -28.210045, 153.270035 -28.205531, 153.26494 -28.205541, 153.264951 -28.210055, 153.270046 -28.210045))",8c293a52745057c4
1052_13760,0.25,"POLYGON ((153.270035 -28.205531, 153.270023 -28.201018, 153.264929 -28.201028, 153.26494 -28.205541, 153.270035 -28.205531))",8c293a52745057c4
1052_13761,0.25,"POLYGON ((153.270023 -28.201018, 153.270012 -28.196505, 153.264917 -28.196514, 153.264929 -28.201028, 153.270023 -28.201018))",8c293a52745057c4
1052_13762,0.25,"POLYGON ((153.270012 -28.196505, 153.270001 -28.191991, 153.264906 -28.192001, 153.264917 -28.196514, 153.270012 -28.196505))",8c293a52745057c4
1052_13763,0.25,"POLYGON ((153.270001 -28.191991, 153.269989 -28.187478, 153.264895 -28.187488, 153.264906 -28.192001, 153.270001 -28.191991))",8c293a52745057c4
1052_13764,0.25,"POLYGON ((153.269989 -28.187478, 153.269978 -28.182964, 153.264884 -28.182974, 153.264895 -28.187488, 153.269989 -28.187478))",8c293a52745057c4
1052_13765,0.25,"POLYGON ((153.269978 -28.182964, 153.269967 -28.178451, 153.264873 -28.178461, 153.264884 -28.182974, 153.269978 -28.182964))",8c293a52745057c4
1052_13766,0.25,"POLYGON ((153.269967 -28.178451, 153.269955 -28.173937, 153.264862 -28.173947, 153.264873 -28.178461, 153.269967 -28.178451))",8c293a52745057c4
1052_13767,0.25,"POLYGON ((153.269955 -28.173937, 153.269944 -28.169424, 153.264851 -28.169434, 153.264862 -28.173947, 153.269955 -28.173937))",8c293a52745057c4
1052_13768,0.25,"POLYGON ((153.269944 -28.169424, 153.269933 -28.16491, 153.26484 -28.16492, 153.264851 -28.169434, 153.269944 -28.169424))",8c293a52745057c4
1052_13769,0.25,"POLYGON ((153.269933 -28.16491, 153.269921 -28.160397, 153.264829 -28.160407, 153.26484 -28.16492, 153.269933 -28.16491))",8c293a52745057c4
1052_13770,0.25,"POLYGON ((153.269921 -28.160397, 153.26991 -28.155883, 153.264817 -28.155893, 153.264829 -28.160407, 153.269921 -28.160397))",8c293a52745057c4
1052_13771,0.25,"POLYGON ((153.26991 -28.155883, 153.269899 -28.15137, 153.264806 -28.15138, 153.264817 -28.155893, 153.26991 -28.155883))",8c293a52745057c4
1052_13772,0.25,"POLYGON ((153.269899 -28.15137, 153.269887 -28.146856, 153.264795 -28.146866, 153.264806 -28.15138, 153.269899 -28.15137))",8c293a52745057c4
1052_13773,0.25,"POLYGON ((153.269887 -28.146856, 153.269876 -28.142343, 153.264784 -28.142353, 153.264795 -28.146866, 153.269887 -28.146856))",8c293a52745057c4
1052_13774,0.25,"POLYGON ((153.269876 -28.142343, 153.269865 -28.137829, 153.264773 -28.137839, 153.264784 -28.142353, 153.269876 -28.142343))",8c293a52745057c4
1052_13775,0.25,"POLYGON ((153.269865 -28.137829, 153.269853 -28.133316, 153.264762 -28.133326, 153.264773 -28.137839, 153.269865 -28.137829))",8c293a52745057c4
1052_13776,0.25,"POLYGON ((153.269853 -28.133316, 153.269842 -28.128802, 153.264751 -28.128812, 153.264762 -28.133326, 153.269853 -28.133316))",8c293a52745057c4
1052_13777,0.25,"POLYGON ((153.269842 -28.128802, 153.269831 -28.124289, 153.26474 -28.124299, 153.264751 -28.128812, 153.269842 -28.128802))",8c293a52745057c4
1052_13778,0.25,"POLYGON ((153.269831 -28.124289, 153.26982 -28.119775, 153.264729 -28.119785, 153.26474 -28.124299, 153.269831 -28.124289))",8c293a52745057c4
1052_13779,0.25,"POLYGON ((153.26982 -28.119775, 153.269808 -28.115262, 153.264718 -28.115272, 153.264729 -28.119785, 153.26982 -28.119775))",8c293a52745057c4
1052_13780,0.25,"POLYGON ((153.269808 -28.115262, 153.269797 -28.110748, 153.264706 -28.110758, 153.264718 -28.115272, 153.269808 -28.115262))",8c293a52745057c4
1052_13781,0.25,"POLYGON ((153.269797 -28.110748, 153.269786 -28.106235, 153.264695 -28.106244, 153.264706 -28.110758, 153.269797 -28.110748))",8c293a52745057c4
1052_13782,0.25,"POLYGON ((153.269786 -28.106235, 153.269774 -28.101721, 153.264684 -28.101731, 153.264695 -28.106244, 153.269786 -28.106235))",8c293a52745057c4
1052_13783,0.25,"POLYGON ((153.269774 -28.101721, 153.269763 -28.097207, 153.264673 -28.097217, 153.264684 -28.101731, 153.269774 -28.101721))",8c293a52745057c4
1052_13784,0.25,"POLYGON ((153.269763 -28.097207, 153.269752 -28.092694, 153.264662 -28.092704, 153.264673 -28.097217, 153.269763 -28.097207))",8c293a52745057c4
1052_13785,0.25,"POLYGON ((153.269752 -28.092694, 153.26974 -28.08818, 153.264651 -28.08819, 153.264662 -28.092704, 153.269752 -28.092694))",8c293a52745057c4
1052_13786,0.25,"POLYGON ((153.26974 -28.08818, 153.269729 -28.083667, 153.26464 -28.083677, 153.264651 -28.08819, 153.26974 -28.08818))",8c293a52745057c4
1052_13787,0.25,"POLYGON ((153.269729 -28.083667, 153.269718 -28.079153, 153.264629 -28.079163, 153.26464 -28.083677, 153.269729 -28.083667))",8c293a52745057c4
1052_13788,0.25,"POLYGON ((153.269718 -28.079153, 153.269707 -28.07464, 153.264618 -28.07465, 153.264629 -28.079163, 153.269718 -28.079153))",8c293a52745057c4
1052_13789,0.25,"POLYGON ((153.269707 -28.07464, 153.269695 -28.070126, 153.264607 -28.070136, 153.264618 -28.07465, 153.269707 -28.07464))",8c293a52745057c4
1052_13790,0.25,"POLYGON ((153.269695 -28.070126, 153.269684 -28.065613, 153.264596 -28.065623, 153.264607 -28.070136, 153.269695 -28.070126))",8c293a52745057c4
1052_13791,0.25,"POLYGON ((153.269684 -28.065613, 153.269673 -28.061099, 153.264585 -28.061109, 153.264596 -28.065623, 153.269684 -28.065613))",8c293a52745057c4
1052_13792,0.25,"POLYGON ((153.269673 -28.061099, 153.269662 -28.056586, 153.264574 -28.056595, 153.264585 -28.061109, 153.269673 -28.061099))",8c293a52745057c4
1052_13793,0.25,"POLYGON ((153.269662 -28.056586, 153.26965 -28.052072, 153.264563 -28.052082, 153.264574 -28.056595, 153.269662 -28.056586))",8c293a52745057c4
1052_13794,0.25,"POLYGON ((153.26965 -28.052072, 153.269639 -28.047558, 153.264552 -28.047568, 153.264563 -28.052082, 153.26965 -28.052072))",8c293a52745057c4
1052_13795,0.25,"POLYGON ((153.269639 -28.047558, 153.269628 -28.043045, 153.264541 -28.043055, 153.264552 -28.047568, 153.269639 -28.047558))",8c293a52745057c4
1052_13796,0.25,"POLYGON ((153.269628 -28.043045, 153.269617 -28.038531, 153.26453 -28.038541, 153.264541 -28.043055, 153.269628 -28.043045))",8c293a52745057c4
1052_13797,0.25,"POLYGON ((153.269617 -28.038531, 153.269605 -28.034018, 153.264518 -28.034028, 153.26453 -28.038541, 153.269617 -28.038531))",8c293a52745057c4
1052_13798,0.25,"POLYGON ((153.269605 -28.034018, 153.269594 -28.029504, 153.264507 -28.029514, 153.264518 -28.034028, 153.269605 -28.034018))",8c293a52745057c4
1052_13799,0.25,"POLYGON ((153.269594 -28.029504, 153.269583 -28.024991, 153.264496 -28.025, 153.264507 -28.029514, 153.269594 -28.029504))",8c293a52745057c4
1052_13800,0.25,"POLYGON ((153.269583 -28.024991, 153.269572 -28.020477, 153.264485 -28.020487, 153.264496 -28.025, 153.269583 -28.024991))",8c293a52745057c4
1052_13801,0.25,"POLYGON ((153.269572 -28.020477, 153.26956 -28.015963, 153.264474 -28.015973, 153.264485 -28.020487, 153.269572 -28.020477))",8c293a52745057c4
1052_13802,0.25,"POLYGON ((153.26956 -28.015963, 153.269549 -28.01145, 153.264463 -28.01146, 153.264474 -28.015973, 153.26956 -28.015963))",8c293a52745057c4
1052_13803,0.25,"POLYGON ((153.269549 -28.01145, 153.269538 -28.006936, 153.264452 -28.006946, 153.264463 -28.01146, 153.269549 -28.01145))",8c293a52745057c4
1052_13804,0.25,"POLYGON ((153.269538 -28.006936, 153.269527 -28.002423, 153.264441 -28.002432, 153.264452 -28.006946, 153.269538 -28.006936))",8c293a52745057c4
1052_13805,0.25,"POLYGON ((153.269527 -28.002423, 153.269515 -27.997909, 153.26443 -27.997919, 153.264441 -28.002432, 153.269527 -28.002423))",8c293a52745057c4
1052_13806,0.25,"POLYGON ((153.269515 -27.997909, 153.269504 -27.993395, 153.264419 -27.993405, 153.26443 -27.997919, 153.269515 -27.997909))",8c293a52745057c4
1052_13807,0.25,"POLYGON ((153.269504 -27.993395, 153.269493 -27.988882, 153.264408 -27.988892, 153.264419 -27.993405, 153.269504 -27.993395))",8c293a52745057c4
1052_13808,0.25,"POLYGON ((153.269493 -27.988882, 153.269482 -27.984368, 153.264397 -27.984378, 153.264408 -27.988892, 153.269493 -27.988882))",8c293a52745057c4
1052_13809,0.25,"POLYGON ((153.269482 -27.984368, 153.26947 -27.979855, 153.264386 -27.979864, 153.264397 -27.984378, 153.269482 -27.984368))",8c293a52745057c4
1052_13810,0.25,"POLYGON ((153.26947 -27.979855, 153.269459 -27.975341, 153.264375 -27.975351, 153.264386 -27.979864, 153.26947 -27.979855))",8c293a52745057c4
1052_13811,0.25,"POLYGON ((153.269459 -27.975341, 153.269448 -27.970827, 153.264364 -27.970837, 153.264375 -27.975351, 153.269459 -27.975341))",8c293a52745057c4
1052_13812,0.25,"POLYGON ((153.269448 -27.970827, 153.269437 -27.966314, 153.264353 -27.966324, 153.264364 -27.970837, 153.269448 -27.970827))",8c293a52745057c4
1052_13813,0.25,"POLYGON ((153.269437 -27.966314, 153.269426 -27.9618, 153.264342 -27.96181, 153.264353 -27.966324, 153.269437 -27.966314))",8c293a52745057c4
1052_13814,0.25,"POLYGON ((153.269426 -27.9618, 153.269414 -27.957286, 153.264331 -27.957296, 153.264342 -27.96181, 153.269426 -27.9618))",8c293a52745057c4
1052_13815,0.25,"POLYGON ((153.269414 -27.957286, 153.269403 -27.952773, 153.26432 -27.952783, 153.264331 -27.957296, 153.269414 -27.957286))",8c293a52745057c4
1052_13816,0.25,"POLYGON ((153.269403 -27.952773, 153.269392 -27.948259, 153.264309 -27.948269, 153.26432 -27.952783, 153.269403 -27.952773))",8c293a52745057c4
1052_13817,0.25,"POLYGON ((153.269392 -27.948259, 153.269381 -27.943746, 153.264298 -27.943755, 153.264309 -27.948269, 153.269392 -27.948259))",8c293a52745057c4
1052_13818,0.25,"POLYGON ((153.269381 -27.943746, 153.26937 -27.939232, 153.264287 -27.939242, 153.264298 -27.943755, 153.269381 -27.943746))",8c293a52745057c4
1052_13819,0.25,"POLYGON ((153.26937 -27.939232, 153.269358 -27.934718, 153.264276 -27.934728, 153.264287 -27.939242, 153.26937 -27.939232))",8c293a52745057c4
1052_13820,0.25,"POLYGON ((153.269358 -27.934718, 153.269347 -27.930205, 153.264265 -27.930215, 153.264276 -27.934728, 153.269358 -27.934718))",8c293a52745057c4
1052_13821,0.25,"POLYGON ((153.269347 -27.930205, 153.269336 -27.925691, 153.264254 -27.925701, 153.264265 -27.930215, 153.269347 -27.930205))",8c293a52745057c4
1052_13822,0.25,"POLYGON ((153.269336 -27.925691, 153.269325 -27.921177, 153.264243 -27.921187, 153.264254 -27.925701, 153.269336 -27.925691))",8c293a52745057c4
1052_13823,0.25,"POLYGON ((153.269325 -27.921177, 153.269314 -27.916664, 153.264232 -27.916674, 153.264243 -27.921187, 153.269325 -27.921177))",8c293a52745057c4
1052_13824,0.25,"POLYGON ((153.269314 -27.916664, 153.269303 -27.91215, 153.264221 -27.91216, 153.264232 -27.916674, 153.269314 -27.916664))",8c293a52745057c4
1052_13825,0.25,"POLYGON ((153.269303 -27.91215, 153.269291 -27.907636, 153.26421 -27.907646, 153.264221 -27.91216, 153.269303 -27.91215))",8c293a52745057c4
1052_13826,0.25,"POLYGON ((153.269291 -27.907636, 153.26928 -27.903123, 153.264199 -27.903133, 153.26421 -27.907646, 153.269291 -27.907636))",8c293a52745057c4
1052_13827,0.25,"POLYGON ((153.26928 -27.903123, 153.269269 -27.898609, 153.264188 -27.898619, 153.264199 -27.903133, 153.26928 -27.903123))",8c293a52745057c4
1052_13828,0.25,"POLYGON ((153.269269 -27.898609, 153.269258 -27.894095, 153.264178 -27.894105, 153.264188 -27.898619, 153.269269 -27.898609))",8c293a52745057c4
1052_13829,0.25,"POLYGON ((153.269258 -27.894095, 153.269247 -27.889582, 153.264167 -27.889592, 153.264178 -27.894105, 153.269258 -27.894095))",8c293a52745057c4
1052_13830,0.25,"POLYGON ((153.269247 -27.889582, 153.269235 -27.885068, 153.264156 -27.885078, 153.264167 -27.889592, 153.269247 -27.889582))",8c293a52745057c4
1052_13831,0.25,"POLYGON ((153.269235 -27.885068, 153.269224 -27.880554, 153.264145 -27.880564, 153.264156 -27.885078, 153.269235 -27.885068))",8c293a52745057c4
1052_13832,0.25,"POLYGON ((153.269224 -27.880554, 153.269213 -27.876041, 153.264134 -27.876051, 153.264145 -27.880564, 153.269224 -27.880554))",8c293a52745057c4
1052_13833,0.25,"POLYGON ((153.269213 -27.876041, 153.269202 -27.871527, 153.264123 -27.871537, 153.264134 -27.876051, 153.269213 -27.876041))",8c293a52745057c4
1052_13834,0.25,"POLYGON ((153.269202 -27.871527, 153.269191 -27.867013, 153.264112 -27.867023, 153.264123 -27.871537, 153.269202 -27.871527))",8c293a52745057c4
1052_13835,0.25,"POLYGON ((153.269191 -27.867013, 153.26918 -27.8625, 153.264101 -27.862509, 153.264112 -27.867023, 153.269191 -27.867013))",8c293a52745057c4
1052_13836,0.25,"POLYGON ((153.26918 -27.8625, 153.269169 -27.857986, 153.26409 -27.857996, 153.264101 -27.862509, 153.26918 -27.8625))",8c293a52745057c4
1052_13837,0.25,"POLYGON ((153.269169 -27.857986, 153.269157 -27.853472, 153.264079 -27.853482, 153.26409 -27.857996, 153.269169 -27.857986))",8c293a52745057c4
1052_13838,0.25,"POLYGON ((153.269157 -27.853472, 153.269146 -27.848959, 153.264068 -27.848968, 153.264079 -27.853482, 153.269157 -27.853472))",8c293a52745057c4
1052_13839,0.25,"POLYGON ((153.269146 -27.848959, 153.269135 -27.844445, 153.264057 -27.844455, 153.264068 -27.848968, 153.269146 -27.848959))",8c293a52745057c4
1052_13840,0.25,"POLYGON ((153.269135 -27.844445, 153.269124 -27.839931, 153.264046 -27.839941, 153.264057 -27.844455, 153.269135 -27.844445))",8c293a52745057c4
1052_13841,0.25,"POLYGON ((153.269124 -27.839931, 153.269113 -27.835417, 153.264035 -27.835427, 153.264046 -27.839941, 153.269124 -27.839931))",8c293a52745057c4
1052_13842,0.25,"POLYGON ((153.269113 -27.835417, 153.269102 -27.830904, 153.264024 -27.830914, 153.264035 -27.835427, 153.269113 -27.835417))",8c293a52745057c4
1052_13843,0.25,"POLYGON ((153.269102 -27.830904, 153.269091 -27.82639, 153.264013 -27.8264, 153.264024 -27.830914, 153.269102 -27.830904))",8c293a52745057c4
1052_13844,0.25,"POLYGON ((153.269091 -27.82639, 153.269079 -27.821876, 153.264003 -27.821886, 153.264013 -27.8264, 153.269091 -27.82639))",8c293a52745057c4
1052_13845,0.25,"POLYGON ((153.269079 -27.821876, 153.269068 -27.817363, 153.263992 -27.817372, 153.264003 -27.821886, 153.269079 -27.821876))",8c293a52745057c4
1052_13846,0.25,"POLYGON ((153.269068 -27.817363, 153.269057 -27.812849, 153.263981 -27.812859, 153.263992 -27.817372, 153.269068 -27.817363))",8c293a52745057c4
1052_13847,0.25,"POLYGON ((153.269057 -27.812849, 153.269046 -27.808335, 153.26397 -27.808345, 153.263981 -27.812859, 153.269057 -27.812849))",8c293a52745057c4
1052_13848,0.25,"POLYGON ((153.269046 -27.808335, 153.269035 -27.803821, 153.263959 -27.803831, 153.26397 -27.808345, 153.269046 -27.808335))",8c293a52745057c4
1052_13849,0.25,"POLYGON ((153.269035 -27.803821, 153.269024 -27.799308, 153.263948 -27.799318, 153.263959 -27.803831, 153.269035 -27.803821))",8c293a52745057c4
1052_13850,0.25,"POLYGON ((153.269024 -27.799308, 153.269013 -27.794794, 153.263937 -27.794804, 153.263948 -27.799318, 153.269024 -27.799308))",8c293a52745057c4
1052_13851,0.25,"POLYGON ((153.269013 -27.794794, 153.269002 -27.79028, 153.263926 -27.79029, 153.263937 -27.794804, 153.269013 -27.794794))",8c293a52745057c4
1052_13852,0.25,"POLYGON ((153.269002 -27.79028, 153.26899 -27.785767, 153.263915 -27.785776, 153.263926 -27.79029, 153.269002 -27.79028))",8c293a52745057c4
1052_13853,0.25,"POLYGON ((153.26899 -27.785767, 153.268979 -27.781253, 153.263904 -27.781263, 153.263915 -27.785776, 153.26899 -27.785767))",8c293a52745057c4
1052_13854,0.25,"POLYGON ((153.268979 -27.781253, 153.268968 -27.776739, 153.263893 -27.776749, 153.263904 -27.781263, 153.268979 -27.781253))",8c293a52745057c4
1052_13855,0.25,"POLYGON ((153.268968 -27.776739, 153.268957 -27.772225, 153.263883 -27.772235, 153.263893 -27.776749, 153.268968 -27.776739))",8c293a52745057c4
1052_13856,0.25,"POLYGON ((153.268957 -27.772225, 153.268946 -27.767712, 153.263872 -27.767721, 153.263883 -27.772235, 153.268957 -27.772225))",8c293a52745057c4
1052_13857,0.25,"POLYGON ((153.268946 -27.767712, 153.268935 -27.763198, 153.263861 -27.763208, 153.263872 -27.767721, 153.268946 -27.767712))",8c293a52745057c4
1052_13858,0.25,"POLYGON ((153.268935 -27.763198, 153.268924 -27.758684, 153.26385 -27.758694, 153.263861 -27.763208, 153.268935 -27.763198))",8c293a52745057c4
1052_13859,0.25,"POLYGON ((153.268924 -27.758684, 153.268913 -27.75417, 153.263839 -27.75418, 153.26385 -27.758694, 153.268924 -27.758684))",8c293a52745057c4
1052_13860,0.25,"POLYGON ((153.268913 -27.75417, 153.268902 -27.749657, 153.263828 -27.749666, 153.263839 -27.75418, 153.268913 -27.75417))",8c293a52745057c4
1052_13861,0.25,"POLYGON ((153.268902 -27.749657, 153.268891 -27.745143, 153.263817 -27.745153, 153.263828 -27.749666, 153.268902 -27.749657))",8c293a52745057c4
1052_13862,0.25,"POLYGON ((153.268891 -27.745143, 153.26888 -27.740629, 153.263806 -27.740639, 153.263817 -27.745153, 153.268891 -27.745143))",8c293a52745057c4
1052_13863,0.25,"POLYGON ((153.26888 -27.740629, 153.268868 -27.736115, 153.263796 -27.736125, 153.263806 -27.740639, 153.26888 -27.740629))",8c293a52745057c4
1052_13864,0.25,"POLYGON ((153.268868 -27.736115, 153.268857 -27.731601, 153.263785 -27.731611, 153.263796 -27.736125, 153.268868 -27.736115))",8c293a52745057c4
1052_13865,0.25,"POLYGON ((153.268857 -27.731601, 153.268846 -27.727088, 153.263774 -27.727097, 153.263785 -27.731611, 153.268857 -27.731601))",8c293a52745057c4
1052_13866,0.25,"POLYGON ((153.268846 -27.727088, 153.268835 -27.722574, 153.263763 -27.722584, 153.263774 -27.727097, 153.268846 -27.727088))",8c293a52745057c4
1052_13867,0.25,"POLYGON ((153.268835 -27.722574, 153.268824 -27.71806, 153.263752 -27.71807, 153.263763 -27.722584, 153.268835 -27.722574))",8c293a52745057c4
1052_13868,0.25,"POLYGON ((153.268824 -27.71806, 153.268813 -27.713546, 153.263741 -27.713556, 153.263752 -27.71807, 153.268824 -27.71806))",8c293a52745057c4
1052_13869,0.25,"POLYGON ((153.268813 -27.713546, 153.268802 -27.709033, 153.26373 -27.709042, 153.263741 -27.713556, 153.268813 -27.713546))",8c293a52745057c4
1052_13870,0.25,"POLYGON ((153.268802 -27.709033, 153.268791 -27.704519, 153.263719 -27.704529, 153.26373 -27.709042, 153.268802 -27.709033))",8c293a52745057c4
1052_13871,0.25,"POLYGON ((153.268791 -27.704519, 153.26878 -27.700005, 153.263709 -27.700015, 153.263719 -27.704529, 153.268791 -27.704519))",8c293a52745057c4
1052_13872,0.25,"POLYGON ((153.26878 -27.700005, 153.268769 -27.695491, 153.263698 -27.695501, 153.263709 -27.700015, 153.26878 -27.700005))",8c293a52745057c4
1052_13873,0.17218376815958003,"POLYGON ((153.268769 -27.695491, 153.268758 -27.690977, 153.263687 -27.690987, 153.263698 -27.695501, 153.268769 -27.695491))",8c293a52745057c4
1053_13752,0.057064064383890584,"POLYGON ((153.275222 -28.241629, 153.275211 -28.237115, 153.270114 -28.237126, 153.270126 -28.241639, 153.275222 -28.241629))",8c293a52745057c4
1053_13753,0.24916084661162977,"POLYGON ((153.275211 -28.237115, 153.275199 -28.232602, 153.270103 -28.232612, 153.270114 -28.237126, 153.275211 -28.237115))",8c293a52745057c4
1053_13754,0.25,"POLYGON ((153.275199 -28.232602, 153.275187 -28.228089, 153.270091 -28.228099, 153.270103 -28.232612, 153.275199 -28.232602))",8c293a52745057c4
1053_13755,0.25,"POLYGON ((153.275187 -28.228089, 153.275176 -28.223575, 153.27008 -28.223585, 153.270091 -28.228099, 153.275187 -28.228089))",8c293a52745057c4
1053_13756,0.25,"POLYGON ((153.275176 -28.223575, 153.275164 -28.219062, 153.270069 -28.219072, 153.27008 -28.223585, 153.275176 -28.223575))",8c293a52745057c4
1053_13757,0.25,"POLYGON ((153.275164 -28.219062, 153.275153 -28.214548, 153.270057 -28.214558, 153.270069 -28.219072, 153.275164 -28.219062))",8c293a52745057c4
1053_13758,0.25,"POLYGON ((153.275153 -28.214548, 153.275141 -28.210035, 153.270046 -28.210045, 153.270057 -28.214558, 153.275153 -28.214548))",8c293a52745057c4
1053_13759,0.25,"POLYGON ((153.275141 -28.210035, 153.27513 -28.205521, 153.270035 -28.205531, 153.270046 -28.210045, 153.275141 -28.210035))",8c293a52745057c4
1053_13760,0.25,"POLYGON ((153.27513 -28.205521, 153.275118 -28.201008, 153.270023 -28.201018, 153.270035 -28.205531, 153.27513 -28.205521))",8c293a52745057c4
1053_13761,0.25,"POLYGON ((153.275118 -28.201008, 153.275107 -28.196494, 153.270012 -28.196505, 153.270023 -28.201018, 153.275118 -28.201008))",8c293a52745057c4
1053_13762,0.25,"POLYGON ((153.275107 -28.196494, 153.275095 -28.191981, 153.270001 -28.191991, 153.270012 -28.196505, 153.275107 -28.196494))",8c293a52745057c4
1053_13763,0.25,"POLYGON ((153.275095 -28.191981, 153.275083 -28.187467, 153.269989 -28.187478, 153.270001 -28.191991, 153.275095 -28.191981))",8c293a52745057c4
1053_13764,0.25,"POLYGON ((153.275083 -28.187467, 153.275072 -28.182954, 153.269978 -28.182964, 153.269989 -28.187478, 153.275083 -28.187467))",8c293a52745057c4
1053_13765,0.25,"POLYGON ((153.275072 -28.182954, 153.27506 -28.17844, 153.269967 -28.178451, 153.269978 -28.182964, 153.275072 -28.182954))",8c293a52745057c4
1053_13766,0.25,"POLYGON ((153.27506 -28.17844, 153.275049 -28.173927, 153.269955 -28.173937, 153.269967 -28.178451, 153.27506 -28.17844))",8c293a52745057c4
1053_13767,0.25,"POLYGON ((153.275049 -28.173927, 153.275037 -28.169414, 153.269944 -28.169424, 153.269955 -28.173937, 153.275049 -28.173927))",8c293a52745057c4
1053_13768,0.25,"POLYGON ((153.275037 -28.169414, 153.275026 -28.1649, 153.269933 -28.16491, 153.269944 -28.169424, 153.275037 -28.169414))",8c293a52745057c4
1053_13769,0.25,"POLYGON ((153.275026 -28.1649, 153.275014 -28.160387, 153.269921 -28.160397, 153.269933 -28.16491, 153.275026 -28.1649))",8c293a52745057c4
1053_13770,0.25,"POLYGON ((153.275014 -28.160387, 153.275003 -28.155873, 153.26991 -28.155883, 153.269921 -28.160397, 153.275014 -28.160387))",8c293a52745057c4
1053_13771,0.25,"POLYGON ((153.275003 -28.155873, 153.274991 -28.15136, 153.269899 -28.15137, 153.26991 -28.155883, 153.275003 -28.155873))",8c293a52745057c4
1053_13772,0.25,"POLYGON ((153.274991 -28.15136, 153.27498 -28.146846, 153.269887 -28.146856, 153.269899 -28.15137, 153.274991 -28.15136))",8c293a52745057c4
1053_13773,0.25,"POLYGON ((153.27498 -28.146846, 153.274968 -28.142333, 153.269876 -28.142343, 153.269887 -28.146856, 153.27498 -28.146846))",8c293a52745057c4
1053_13774,0.25,"POLYGON ((153.274968 -28.142333, 153.274956 -28.137819, 153.269865 -28.137829, 153.269876 -28.142343, 153.274968 -28.142333))",8c293a52745057c4
1053_13775,0.25,"POLYGON ((153.274956 -28.137819, 153.274945 -28.133306, 153.269853 -28.133316, 153.269865 -28.137829, 153.274956 -28.137819))",8c293a52745057c4
1053_13776,0.25,"POLYGON ((153.274945 -28.133306, 153.274933 -28.128792, 153.269842 -28.128802, 153.269853 -28.133316, 153.274945 -28.133306))",8c293a52745057c4
1053_13777,0.25,"POLYGON ((153.274933 -28.128792, 153.274922 -28.124279, 153.269831 -28.124289, 153.269842 -28.128802, 153.274933 -28.128792))",8c293a52745057c4
1053_13778,0.25,"POLYGON ((153.274922 -28.124279, 153.27491 -28.119765, 153.26982 -28.119775, 153.269831 -28.124289, 153.274922 -28.124279))",8c293a52745057c4
1053_13779,0.25,"POLYGON ((153.27491 -28.119765, 153.274899 -28.115251, 153.269808 -28.115262, 153.26982 -28.119775, 153.27491 -28.119765))",8c293a52745057c4
1053_13780,0.25,"POLYGON ((153.274899 -28.115251, 153.274887 -28.110738, 153.269797 -28.110748, 153.269808 -28.115262, 153.274899 -28.115251))",8c293a52745057c4
1053_13781,0.25,"POLYGON ((153.274887 -28.110738, 153.274876 -28.106224, 153.269786 -28.106235, 153.269797 -28.110748, 153.274887 -28.110738))",8c293a52745057c4
1053_13782,0.25,"POLYGON ((153.274876 -28.106224, 153.274864 -28.101711, 153.269774 -28.101721, 153.269786 -28.106235, 153.274876 -28.106224))",8c293a52745057c4
1053_13783,0.25,"POLYGON ((153.274864 -28.101711, 153.274853 -28.097197, 153.269763 -28.097207, 153.269774 -28.101721, 153.274864 -28.101711))",8c293a52745057c4
1053_13784,0.25,"POLYGON ((153.274853 -28.097197, 153.274841 -28.092684, 153.269752 -28.092694, 153.269763 -28.097207, 153.274853 -28.097197))",8c293a52745057c4
1053_13785,0.25,"POLYGON ((153.274841 -28.092684, 153.27483 -28.08817, 153.26974 -28.08818, 153.269752 -28.092694, 153.274841 -28.092684))",8c293a52745057c4
1053_13786,0.25,"POLYGON ((153.27483 -28.08817, 153.274818 -28.083657, 153.269729 -28.083667, 153.26974 -28.08818, 153.27483 -28.08817))",8c293a52745057c4
1053_13787,0.25,"POLYGON ((153.274818 -28.083657, 153.274807 -28.079143, 153.269718 -28.079153, 153.269729 -28.083667, 153.274818 -28.083657))",8c293a52745057c4
1053_13788,0.25,"POLYGON ((153.274807 -28.079143, 153.274795 -28.07463, 153.269707 -28.07464, 153.269718 -28.079153, 153.274807 -28.079143))",8c293a52745057c4
1053_13789,0.25,"POLYGON ((153.274795 -28.07463, 153.274784 -28.070116, 153.269695 -28.070126, 153.269707 -28.07464, 153.274795 -28.07463))",8c293a52745057c4
1053_13790,0.25,"POLYGON ((153.274784 -28.070116, 153.274772 -28.065603, 153.269684 -28.065613, 153.269695 -28.070126, 153.274784 -28.070116))",8c293a52745057c4
1053_13791,0.25,"POLYGON ((153.274772 -28.065603, 153.274761 -28.061089, 153.269673 -28.061099, 153.269684 -28.065613, 153.274772 -28.065603))",8c293a52745057c4
1053_13792,0.25,"POLYGON ((153.274761 -28.061089, 153.274749 -28.056575, 153.269662 -28.056586, 153.269673 -28.061099, 153.274761 -28.061089))",8c293a52745057c4
1053_13793,0.25,"POLYGON ((153.274749 -28.056575, 153.274738 -28.052062, 153.26965 -28.052072, 153.269662 -28.056586, 153.274749 -28.056575))",8c293a52745057c4
1053_13794,0.25,"POLYGON ((153.274738 -28.052062, 153.274727 -28.047548, 153.269639 -28.047558, 153.26965 -28.052072, 153.274738 -28.052062))",8c293a52745057c4
1053_13795,0.25,"POLYGON ((153.274727 -28.047548, 153.274715 -28.043035, 153.269628 -28.043045, 153.269639 -28.047558, 153.274727 -28.047548))",8c293a52745057c4
1053_13796,0.25,"POLYGON ((153.274715 -28.043035, 153.274704 -28.038521, 153.269617 -28.038531, 153.269628 -28.043045, 153.274715 -28.043035))",8c293a52745057c4
1053_13797,0.25,"POLYGON ((153.274704 -28.038521, 153.274692 -28.034008, 153.269605 -28.034018, 153.269617 -28.038531, 153.274704 -28.038521))",8c293a52745057c4
1053_13798,0.25,"POLYGON ((153.274692 -28.034008, 153.274681 -28.029494, 153.269594 -28.029504, 153.269605 -28.034018, 153.274692 -28.034008))",8c293a52745057c4
1053_13799,0.25,"POLYGON ((153.274681 -28.029494, 153.274669 -28.02498, 153.269583 -28.024991, 153.269594 -28.029504, 153.274681 -28.029494))",8c293a52745057c4
1053_13800,0.25,"POLYGON ((153.274669 -28.02498, 153.274658 -28.020467, 153.269572 -28.020477, 153.269583 -28.024991, 153.274669 -28.02498))",8c293a52745057c4
1053_13801,0.25,"POLYGON ((153.274658 -28.020467, 153.274646 -28.015953, 153.26956 -28.015963, 153.269572 -28.020477, 153.274658 -28.020467))",8c293a52745057c4
1053_13802,0.25,"POLYGON ((153.274646 -28.015953, 153.274635 -28.01144, 153.269549 -28.01145, 153.26956 -28.015963, 153.274646 -28.015953))",8c293a52745057c4
1053_13803,0.25,"POLYGON ((153.274635 -28.01144, 153.274623 -28.006926, 153.269538 -28.006936, 153.269549 -28.01145, 153.274635 -28.01144))",8c293a52745057c4
1053_13804,0.25,"POLYGON ((153.274623 -28.006926, 153.274612 -28.002413, 153.269527 -28.002423, 153.269538 -28.006936, 153.274623 -28.006926))",8c293a52745057c4
1053_13805,0.25,"POLYGON ((153.274612 -28.002413, 153.274601 -27.997899, 153.269515 -27.997909, 153.269527 -28.002423, 153.274612 -28.002413))",8c293a52745057c4
1053_13806,0.25,"POLYGON ((153.274601 -27.997899, 153.274589 -27.993385, 153.269504 -27.993395, 153.269515 -27.997909, 153.274601 -27.997899))",8c293a52745057c4
1053_13807,0.25,"POLYGON ((153.274589 -27.993385, 153.274578 -27.988872, 153.269493 -27.988882, 153.269504 -27.993395, 153.274589 -27.993385))",8c293a52745057c4
1053_13808,0.25,"POLYGON ((153.274578 -27.988872, 153.274566 -27.984358, 153.269482 -27.984368, 153.269493 -27.988882, 153.274578 -27.988872))",8c293a52745057c4
1053_13809,0.25,"POLYGON ((153.274566 -27.984358, 153.274555 -27.979845, 153.26947 -27.979855, 153.269482 -27.984368, 153.274566 -27.984358))",8c293a52745057c4
1053_13810,0.25,"POLYGON ((153.274555 -27.979845, 153.274543 -27.975331, 153.269459 -27.975341, 153.26947 -27.979855, 153.274555 -27.979845))",8c293a52745057c4
1053_13811,0.25,"POLYGON ((153.274543 -27.975331, 153.274532 -27.970817, 153.269448 -27.970827, 153.269459 -27.975341, 153.274543 -27.975331))",8c293a52745057c4
1053_13812,0.25,"POLYGON ((153.274532 -27.970817, 153.274521 -27.966304, 153.269437 -27.966314, 153.269448 -27.970827, 153.274532 -27.970817))",8c293a52745057c4
1053_13813,0.25,"POLYGON ((153.274521 -27.966304, 153.274509 -27.96179, 153.269426 -27.9618, 153.269437 -27.966314, 153.274521 -27.966304))",8c293a52745057c4
1053_13814,0.25,"POLYGON ((153.274509 -27.96179, 153.274498 -27.957276, 153.269414 -27.957286, 153.269426 -27.9618, 153.274509 -27.96179))",8c293a52745057c4
1053_13815,0.25,"POLYGON ((153.274498 -27.957276, 153.274486 -27.952763, 153.269403 -27.952773, 153.269414 -27.957286, 153.274498 -27.957276))",8c293a52745057c4
1053_13816,0.25,"POLYGON ((153.274486 -27.952763, 153.274475 -27.948249, 153.269392 -27.948259, 153.269403 -27.952773, 153.274486 -27.952763))",8c293a52745057c4
1053_13817,0.25,"POLYGON ((153.274475 -27.948249, 153.274463 -27.943736, 153.269381 -27.943746, 153.269392 -27.948259, 153.274475 -27.948249))",8c293a52745057c4
1053_13818,0.25,"POLYGON ((153.274463 -27.943736, 153.274452 -27.939222, 153.26937 -27.939232, 153.269381 -27.943746, 153.274463 -27.943736))",8c293a52745057c4
1053_13819,0.25,"POLYGON ((153.274452 -27.939222, 153.274441 -27.934708, 153.269358 -27.934718, 153.26937 -27.939232, 153.274452 -27.939222))",8c293a52745057c4
1053_13820,0.25,"POLYGON ((153.274441 -27.934708, 153.274429 -27.930195, 153.269347 -27.930205, 153.269358 -27.934718, 153.274441 -27.934708))",8c293a52745057c4
1053_13821,0.25,"POLYGON ((153.274429 -27.930195, 153.274418 -27.925681, 153.269336 -27.925691, 153.269347 -27.930205, 153.274429 -27.930195))",8c293a52745057c4
1053_13822,0.25,"POLYGON ((153.274418 -27.925681, 153.274406 -27.921167, 153.269325 -27.921177, 153.269336 -27.925691, 153.274418 -27.925681))",8c293a52745057c4
1053_13823,0.25,"POLYGON ((153.274406 -27.921167, 153.274395 -27.916654, 153.269314 -27.916664, 153.269325 -27.921177, 153.274406 -27.921167))",8c293a52745057c4
1053_13824,0.25,"POLYGON ((153.274395 -27.916654, 153.274384 -27.91214, 153.269303 -27.91215, 153.269314 -27.916664, 153.274395 -27.916654))",8c293a52745057c4
1053_13825,0.25,"POLYGON ((153.274384 -27.91214, 153.274372 -27.907626, 153.269291 -27.907636, 153.269303 -27.91215, 153.274384 -27.91214))",8c293a52745057c4
1053_13826,0.25,"POLYGON ((153.274372 -27.907626, 153.274361 -27.903113, 153.26928 -27.903123, 153.269291 -27.907636, 153.274372 -27.907626))",8c293a52745057c4
1053_13827,0.25,"POLYGON ((153.274361 -27.903113, 153.274349 -27.898599, 153.269269 -27.898609, 153.26928 -27.903123, 153.274361 -27.903113))",8c293a52745057c4
1053_13828,0.25,"POLYGON ((153.274349 -27.898599, 153.274338 -27.894085, 153.269258 -27.894095, 153.269269 -27.898609, 153.274349 -27.898599))",8c293a52745057c4
1053_13829,0.25,"POLYGON ((153.274338 -27.894085, 153.274327 -27.889572, 153.269247 -27.889582, 153.269258 -27.894095, 153.274338 -27.894085))",8c293a52745057c4
1053_13830,0.25,"POLYGON ((153.274327 -27.889572, 153.274315 -27.885058, 153.269235 -27.885068, 153.269247 -27.889582, 153.274327 -27.889572))",8c293a52745057c4
1053_13831,0.25,"POLYGON ((153.274315 -27.885058, 153.274304 -27.880544, 153.269224 -27.880554, 153.269235 -27.885068, 153.274315 -27.885058))",8c293a52745057c4
1053_13832,0.25,"POLYGON ((153.274304 -27.880544, 153.274293 -27.876031, 153.269213 -27.876041, 153.269224 -27.880554, 153.274304 -27.880544))",8c293a52745057c4
1053_13833,0.25,"POLYGON ((153.274293 -27.876031, 153.274281 -27.871517, 153.269202 -27.871527, 153.269213 -27.876041, 153.274293 -27.876031))",8c293a52745057c4
1053_13834,0.25,"POLYGON ((153.274281 -27.871517, 153.27427 -27.867003, 153.269191 -27.867013, 153.269202 -27.871527, 153.274281 -27.871517))",8c293a52745057c4
1053_13835,0.25,"POLYGON ((153.27427 -27.867003, 153.274259 -27.86249, 153.26918 -27.8625, 153.269191 -27.867013, 153.27427 -27.867003))",8c293a52745057c4
1053_13836,0.25,"POLYGON ((153.274259 -27.86249, 153.274247 -27.857976, 153.269169 -27.857986, 153.26918 -27.8625, 153.274259 -27.86249))",8c293a52745057c4
1053_13837,0.25,"POLYGON ((153.274247 -27.857976, 153.274236 -27.853462, 153.269157 -27.853472, 153.269169 -27.857986, 153.274247 -27.857976))",8c293a52745057c4
1053_13838,0.25,"POLYGON ((153.274236 -27.853462, 153.274224 -27.848949, 153.269146 -27.848959, 153.269157 -27.853472, 153.274236 -27.853462))",8c293a52745057c4
1053_13839,0.25,"POLYGON ((153.274224 -27.848949, 153.274213 -27.844435, 153.269135 -27.844445, 153.269146 -27.848959, 153.274224 -27.848949))",8c293a52745057c4
1053_13840,0.25,"POLYGON ((153.274213 -27.844435, 153.274202 -27.839921, 153.269124 -27.839931, 153.269135 -27.844445, 153.274213 -27.844435))",8c293a52745057c4
1053_13841,0.25,"POLYGON ((153.274202 -27.839921, 153.27419 -27.835407, 153.269113 -27.835417, 153.269124 -27.839931, 153.274202 -27.839921))",8c293a52745057c4
1053_13842,0.25,"POLYGON ((153.27419 -27.835407, 153.274179 -27.830894, 153.269102 -27.830904, 153.269113 -27.835417, 153.27419 -27.835407))",8c293a52745057c4
1053_13843,0.25,"POLYGON ((153.274179 -27.830894, 153.274168 -27.82638, 153.269091 -27.82639, 153.269102 -27.830904, 153.274179 -27.830894))",8c293a52745057c4
1053_13844,0.25,"POLYGON ((153.274168 -27.82638, 153.274156 -27.821866, 153.269079 -27.821876, 153.269091 -27.82639, 153.274168 -27.82638))",8c293a52745057c4
1053_13845,0.25,"POLYGON ((153.274156 -27.821866, 153.274145 -27.817353, 153.269068 -27.817363, 153.269079 -27.821876, 153.274156 -27.821866))",8c293a52745057c4
1053_13846,0.25,"POLYGON ((153.274145 -27.817353, 153.274134 -27.812839, 153.269057 -27.812849, 153.269068 -27.817363, 153.274145 -27.817353))",8c293a52745057c4
1053_13847,0.25,"POLYGON ((153.274134 -27.812839, 153.274122 -27.808325, 153.269046 -27.808335, 153.269057 -27.812849, 153.274134 -27.812839))",8c293a52745057c4
1053_13848,0.25,"POLYGON ((153.274122 -27.808325, 153.274111 -27.803811, 153.269035 -27.803821, 153.269046 -27.808335, 153.274122 -27.808325))",8c293a52745057c4
1053_13849,0.25,"POLYGON ((153.274111 -27.803811, 153.2741 -27.799298, 153.269024 -27.799308, 153.269035 -27.803821, 153.274111 -27.803811))",8c293a52745057c4
1053_13850,0.25,"POLYGON ((153.2741 -27.799298, 153.274088 -27.794784, 153.269013 -27.794794, 153.269024 -27.799308, 153.2741 -27.799298))",8c293a52745057c4
1053_13851,0.25,"POLYGON ((153.274088 -27.794784, 153.274077 -27.79027, 153.269002 -27.79028, 153.269013 -27.794794, 153.274088 -27.794784))",8c293a52745057c4
1053_13852,0.25,"POLYGON ((153.274077 -27.79027, 153.274066 -27.785757, 153.26899 -27.785767, 153.269002 -27.79028, 153.274077 -27.79027))",8c293a52745057c4
1053_13853,0.25,"POLYGON ((153.274066 -27.785757, 153.274054 -27.781243, 153.268979 -27.781253, 153.26899 -27.785767, 153.274066 -27.785757))",8c293a52745057c4
1053_13854,0.25,"POLYGON ((153.274054 -27.781243, 153.274043 -27.776729, 153.268968 -27.776739, 153.268979 -27.781253, 153.274054 -27.781243))",8c293a52745057c4
1053_13855,0.25,"POLYGON ((153.274043 -27.776729, 153.274032 -27.772215, 153.268957 -27.772225, 153.268968 -27.776739, 153.274043 -27.776729))",8c293a52745057c4
1053_13856,0.25,"POLYGON ((153.274032 -27.772215, 153.27402 -27.767702, 153.268946 -27.767712, 153.268957 -27.772225, 153.274032 -27.772215))",8c293a52745057c4
1053_13857,0.25,"POLYGON ((153.27402 -27.767702, 153.274009 -27.763188, 153.268935 -27.763198, 153.268946 -27.767712, 153.27402 -27.767702))",8c293a52745057c4
1053_13858,0.25,"POLYGON ((153.274009 -27.763188, 153.273998 -27.758674, 153.268924 -27.758684, 153.268935 -27.763198, 153.274009 -27.763188))",8c293a52745057c4
1053_13859,0.25,"POLYGON ((153.273998 -27.758674, 153.273987 -27.75416, 153.268913 -27.75417, 153.268924 -27.758684, 153.273998 -27.758674))",8c293a52745057c4
1053_13860,0.25,"POLYGON ((153.273987 -27.75416, 153.273975 -27.749647, 153.268902 -27.749657, 153.268913 -27.75417, 153.273987 -27.75416))",8c293a52745057c4
1053_13861,0.25,"POLYGON ((153.273975 -27.749647, 153.273964 -27.745133, 153.268891 -27.745143, 153.268902 -27.749657, 153.273975 -27.749647))",8c293a52745057c4
1053_13862,0.25,"POLYGON ((153.273964 -27.745133, 153.273953 -27.740619, 153.26888 -27.740629, 153.268891 -27.745143, 153.273964 -27.745133))",8c293a52745057c4
1053_13863,0.25,"POLYGON ((153.273953 -27.740619, 153.273941 -27.736105, 153.268868 -27.736115, 153.26888 -27.740629, 153.273953 -27.740619))",8c293a52745057c4
1053_13864,0.25,"POLYGON ((153.273941 -27.736105, 153.27393 -27.731592, 153.268857 -27.731601, 153.268868 -27.736115, 153.273941 -27.736105))",8c293a52745057c4
1053_13865,0.25,"POLYGON ((153.27393 -27.731592, 153.273919 -27.727078, 153.268846 -27.727088, 153.268857 -27.731601, 153.27393 -27.731592))",8c293a52745057c4
1053_13866,0.25,"POLYGON ((153.273919 -27.727078, 153.273908 -27.722564, 153.268835 -27.722574, 153.268846 -27.727088, 153.273919 -27.727078))",8c293a52745057c4
1053_13867,0.25,"POLYGON ((153.273908 -27.722564, 153.273896 -27.71805, 153.268824 -27.71806, 153.268835 -27.722574, 153.273908 -27.722564))",8c293a52745057c4
1053_13868,0.25,"POLYGON ((153.273896 -27.71805, 153.273885 -27.713536, 153.268813 -27.713546, 153.268824 -27.71806, 153.273896 -27.71805))",8c293a52745057c4
1053_13869,0.25,"POLYGON ((153.273885 -27.713536, 153.273874 -27.709023, 153.268802 -27.709033, 153.268813 -27.713546, 153.273885 -27.713536))",8c293a52745057c4
1053_13870,0.25,"POLYGON ((153.273874 -27.709023, 153.273862 -27.704509, 153.268791 -27.704519, 153.268802 -27.709033, 153.273874 -27.709023))",8c293a52745057c4
1053_13871,0.25,"POLYGON ((153.273862 -27.704509, 153.273851 -27.699995, 153.26878 -27.700005, 153.268791 -27.704519, 153.273862 -27.704509))",8c293a52745057c4
1053_13872,0.21675949562585836,"POLYGON ((153.273851 -27.699995, 153.27384 -27.695481, 153.268769 -27.695491, 153.26878 -27.700005, 153.273851 -27.699995))",8c293a52745057c4
1053_13873,0.020836059661599838,"POLYGON ((153.27384 -27.695481, 153.273829 -27.690967, 153.268758 -27.690977, 153.268769 -27.695491, 153.27384 -27.695481))",8c293a52745057c4
1054_13753,0.10827228918245069,"POLYGON ((153.280307 -28.237105, 153.280295 -28.232592, 153.275199 -28.232602, 153.275211 -28.237115, 153.280307 -28.237105))",8c293a52745057c4
1054_13754,0.25,"POLYGON ((153.280295 -28.232592, 153.280284 -28.228078, 153.275187 -28.228089, 153.275199 -28.232602, 153.280295 -28.232592))",8c293a52745057c4
1054_13755,0.25,"POLYGON ((153.280284 -28.228078, 153.280272 -28.223565, 153.275176 -28.223575, 153.275187 -28.228089, 153.280284 -28.228078))",8c293a52745057c4
1054_13756,0.25,"POLYGON ((153.280272 -28.223565, 153.28026 -28.219051, 153.275164 -28.219062, 153.275176 -28.223575, 153.280272 -28.223565))",8c293a52745057c4
1054_13757,0.25,"POLYGON ((153.28026 -28.219051, 153.280248 -28.214538, 153.275153 -28.214548, 153.275164 -28.219062, 153.28026 -28.219051))",8c293a52745057c4
1054_13758,0.25,"POLYGON ((153.280248 -28.214538, 153.280236 -28.210024, 153.275141 -28.210035, 153.275153 -28.214548, 153.280248 -28.214538))",8c293a52745057c4
1054_13759,0.25,"POLYGON ((153.280236 -28.210024, 153.280225 -28.205511, 153.27513 -28.205521, 153.275141 -28.210035, 153.280236 -28.210024))",8c293a52745057c4
1054_13760,0.25,"POLYGON ((153.280225 -28.205511, 153.280213 -28.200998, 153.275118 -28.201008, 153.27513 -28.205521, 153.280225 -28.205511))",8c293a52745057c4
1054_13761,0.25,"POLYGON ((153.280213 -28.200998, 153.280201 -28.196484, 153.275107 -28.196494, 153.275118 -28.201008, 153.280213 -28.200998))",8c293a52745057c4
1054_13762,0.25,"POLYGON ((153.280201 -28.196484, 153.280189 -28.191971, 153.275095 -28.191981, 153.275107 -28.196494, 153.280201 -28.196484))",8c293a52745057c4
1054_13763,0.25,"POLYGON ((153.280189 -28.191971, 153.280177 -28.187457, 153.275083 -28.187467, 153.275095 -28.191981, 153.280189 -28.191971))",8c293a52745057c4
1054_13764,0.25,"POLYGON ((153.280177 -28.187457, 153.280166 -28.182944, 153.275072 -28.182954, 153.275083 -28.187467, 153.280177 -28.187457))",8c293a52745057c4
1054_13765,0.25,"POLYGON ((153.280166 -28.182944, 153.280154 -28.17843, 153.27506 -28.17844, 153.275072 -28.182954, 153.280166 -28.182944))",8c293a52745057c4
1054_13766,0.25,"POLYGON ((153.280154 -28.17843, 153.280142 -28.173917, 153.275049 -28.173927, 153.27506 -28.17844, 153.280154 -28.17843))",8c293a52745057c4
1054_13767,0.25,"POLYGON ((153.280142 -28.173917, 153.28013 -28.169403, 153.275037 -28.169414, 153.275049 -28.173927, 153.280142 -28.173917))",8c293a52745057c4
1054_13768,0.25,"POLYGON ((153.28013 -28.169403, 153.280119 -28.16489, 153.275026 -28.1649, 153.275037 -28.169414, 153.28013 -28.169403))",8c293a52745057c4
1054_13769,0.25,"POLYGON ((153.280119 -28.16489, 153.280107 -28.160376, 153.275014 -28.160387, 153.275026 -28.1649, 153.280119 -28.16489))",8c293a52745057c4
1054_13770,0.25,"POLYGON ((153.280107 -28.160376, 153.280095 -28.155863, 153.275003 -28.155873, 153.275014 -28.160387, 153.280107 -28.160376))",8c293a52745057c4
1054_13771,0.25,"POLYGON ((153.280095 -28.155863, 153.280083 -28.151349, 153.274991 -28.15136, 153.275003 -28.155873, 153.280095 -28.155863))",8c293a52745057c4
1054_13772,0.25,"POLYGON ((153.280083 -28.151349, 153.280072 -28.146836, 153.27498 -28.146846, 153.274991 -28.15136, 153.280083 -28.151349))",8c293a52745057c4
1054_13773,0.25,"POLYGON ((153.280072 -28.146836, 153.28006 -28.142322, 153.274968 -28.142333, 153.27498 -28.146846, 153.280072 -28.146836))",8c293a52745057c4
1054_13774,0.25,"POLYGON ((153.28006 -28.142322, 153.280048 -28.137809, 153.274956 -28.137819, 153.274968 -28.142333, 153.28006 -28.142322))",8c293a52745057c4
1054_13775,0.25,"POLYGON ((153.280048 -28.137809, 153.280036 -28.133295, 153.274945 -28.133306, 153.274956 -28.137819, 153.280048 -28.137809))",8c293a52745057c4
1054_13776,0.25,"POLYGON ((153.280036 -28.133295, 153.280025 -28.128782, 153.274933 -28.128792, 153.274945 -28.133306, 153.280036 -28.133295))",8c293a52745057c4
1054_13777,0.25,"POLYGON ((153.280025 -28.128782, 153.280013 -28.124268, 153.274922 -28.124279, 153.274933 -28.128792, 153.280025 -28.128782))",8c293a52745057c4
1054_13778,0.25,"POLYGON ((153.280013 -28.124268, 153.280001 -28.119755, 153.27491 -28.119765, 153.274922 -28.124279, 153.280013 -28.124268))",8c293a52745057c4
1054_13779,0.25,"POLYGON ((153.280001 -28.119755, 153.27999 -28.115241, 153.274899 -28.115251, 153.27491 -28.119765, 153.280001 -28.119755))",8c293a52745057c4
1054_13780,0.25,"POLYGON ((153.27999 -28.115241, 153.279978 -28.110728, 153.274887 -28.110738, 153.274899 -28.115251, 153.27999 -28.115241))",8c293a52745057c4
1054_13781,0.25,"POLYGON ((153.279978 -28.110728, 153.279966 -28.106214, 153.274876 -28.106224, 153.274887 -28.110738, 153.279978 -28.110728))",8c293a52745057c4
1054_13782,0.25,"POLYGON ((153.279966 -28.106214, 153.279954 -28.101701, 153.274864 -28.101711, 153.274876 -28.106224, 153.279966 -28.106214))",8c293a52745057c4
1054_13783,0.25,"POLYGON ((153.279954 -28.101701, 153.279943 -28.097187, 153.274853 -28.097197, 153.274864 -28.101711, 153.279954 -28.101701))",8c293a52745057c4
1054_13784,0.25,"POLYGON ((153.279943 -28.097187, 153.279931 -28.092674, 153.274841 -28.092684, 153.274853 -28.097197, 153.279943 -28.097187))",8c293a52745057c4
1054_13785,0.25,"POLYGON ((153.279931 -28.092674, 153.279919 -28.08816, 153.27483 -28.08817, 153.274841 -28.092684, 153.279931 -28.092674))",8c293a52745057c4
1054_13786,0.25,"POLYGON ((153.279919 -28.08816, 153.279908 -28.083646, 153.274818 -28.083657, 153.27483 -28.08817, 153.279919 -28.08816))",8c293a52745057c4
1054_13787,0.25,"POLYGON ((153.279908 -28.083646, 153.279896 -28.079133, 153.274807 -28.079143, 153.274818 -28.083657, 153.279908 -28.083646))",8c293a52745057c4
1054_13788,0.25,"POLYGON ((153.279896 -28.079133, 153.279884 -28.074619, 153.274795 -28.07463, 153.274807 -28.079143, 153.279896 -28.079133))",8c293a52745057c4
1054_13789,0.25,"POLYGON ((153.279884 -28.074619, 153.279872 -28.070106, 153.274784 -28.070116, 153.274795 -28.07463, 153.279884 -28.074619))",8c293a52745057c4
1054_13790,0.25,"POLYGON ((153.279872 -28.070106, 153.279861 -28.065592, 153.274772 -28.065603, 153.274784 -28.070116, 153.279872 -28.070106))",8c293a52745057c4
1054_13791,0.25,"POLYGON ((153.279861 -28.065592, 153.279849 -28.061079, 153.274761 -28.061089, 153.274772 -28.065603, 153.279861 -28.065592))",8c293a52745057c4
1054_13792,0.25,"POLYGON ((153.279849 -28.061079, 153.279837 -28.056565, 153.274749 -28.056575, 153.274761 -28.061089, 153.279849 -28.061079))",8c293a52745057c4
1054_13793,0.25,"POLYGON ((153.279837 -28.056565, 153.279826 -28.052052, 153.274738 -28.052062, 153.274749 -28.056575, 153.279837 -28.056565))",8c293a52745057c4
1054_13794,0.25,"POLYGON ((153.279826 -28.052052, 153.279814 -28.047538, 153.274727 -28.047548, 153.274738 -28.052062, 153.279826 -28.052052))",8c293a52745057c4
1054_13795,0.25,"POLYGON ((153.279814 -28.047538, 153.279802 -28.043025, 153.274715 -28.043035, 153.274727 -28.047548, 153.279814 -28.047538))",8c293a52745057c4
1054_13796,0.25,"POLYGON ((153.279802 -28.043025, 153.279791 -28.038511, 153.274704 -28.038521, 153.274715 -28.043035, 153.279802 -28.043025))",8c293a52745057c4
1054_13797,0.25,"POLYGON ((153.279791 -28.038511, 153.279779 -28.033997, 153.274692 -28.034008, 153.274704 -28.038521, 153.279791 -28.038511))",8c293a52745057c4
1054_13798,0.25,"POLYGON ((153.279779 -28.033997, 153.279767 -28.029484, 153.274681 -28.029494, 153.274692 -28.034008, 153.279779 -28.033997))",8c293a52745057c4
1054_13799,0.25,"POLYGON ((153.279767 -28.029484, 153.279756 -28.02497, 153.274669 -28.02498, 153.274681 -28.029494, 153.279767 -28.029484))",8c293a52745057c4
1054_13800,0.25,"POLYGON ((153.279756 -28.02497, 153.279744 -28.020457, 153.274658 -28.020467, 153.274669 -28.02498, 153.279756 -28.02497))",8c293a52745057c4
1054_13801,0.25,"POLYGON ((153.279744 -28.020457, 153.279732 -28.015943, 153.274646 -28.015953, 153.274658 -28.020467, 153.279744 -28.020457))",8c293a52745057c4
1054_13802,0.25,"POLYGON ((153.279732 -28.015943, 153.279721 -28.011429, 153.274635 -28.01144, 153.274646 -28.015953, 153.279732 -28.015943))",8c293a52745057c4
1054_13803,0.25,"POLYGON ((153.279721 -28.011429, 153.279709 -28.006916, 153.274623 -28.006926, 153.274635 -28.01144, 153.279721 -28.011429))",8c293a52745057c4
1054_13804,0.25,"POLYGON ((153.279709 -28.006916, 153.279697 -28.002402, 153.274612 -28.002413, 153.274623 -28.006926, 153.279709 -28.006916))",8c293a52745057c4
1054_13805,0.25,"POLYGON ((153.279697 -28.002402, 153.279686 -27.997889, 153.274601 -27.997899, 153.274612 -28.002413, 153.279697 -28.002402))",8c293a52745057c4
1054_13806,0.25,"POLYGON ((153.279686 -27.997889, 153.279674 -27.993375, 153.274589 -27.993385, 153.274601 -27.997899, 153.279686 -27.997889))",8c293a52745057c4
1054_13807,0.25,"POLYGON ((153.279674 -27.993375, 153.279662 -27.988862, 153.274578 -27.988872, 153.274589 -27.993385, 153.279674 -27.993375))",8c293a52745057c4
1054_13808,0.25,"POLYGON ((153.279662 -27.988862, 153.279651 -27.984348, 153.274566 -27.984358, 153.274578 -27.988872, 153.279662 -27.988862))",8c293a52745057c4
1054_13809,0.25,"POLYGON ((153.279651 -27.984348, 153.279639 -27.979834, 153.274555 -27.979845, 153.274566 -27.984358, 153.279651 -27.984348))",8c293a52745057c4
1054_13810,0.25,"POLYGON ((153.279639 -27.979834, 153.279627 -27.975321, 153.274543 -27.975331, 153.274555 -27.979845, 153.279639 -27.979834))",8c293a52745057c4
1054_13811,0.25,"POLYGON ((153.279627 -27.975321, 153.279616 -27.970807, 153.274532 -27.970817, 153.274543 -27.975331, 153.279627 -27.975321))",8c293a52745057c4
1054_13812,0.25,"POLYGON ((153.279616 -27.970807, 153.279604 -27.966293, 153.274521 -27.966304, 153.274532 -27.970817, 153.279616 -27.970807))",8c293a52745057c4
1054_13813,0.25,"POLYGON ((153.279604 -27.966293, 153.279593 -27.96178, 153.274509 -27.96179, 153.274521 -27.966304, 153.279604 -27.966293))",8c293a52745057c4
1054_13814,0.25,"POLYGON ((153.279593 -27.96178, 153.279581 -27.957266, 153.274498 -27.957276, 153.274509 -27.96179, 153.279593 -27.96178))",8c293a52745057c4
1054_13815,0.25,"POLYGON ((153.279581 -27.957266, 153.279569 -27.952753, 153.274486 -27.952763, 153.274498 -27.957276, 153.279581 -27.957266))",8c293a52745057c4
1054_13816,0.25,"POLYGON ((153.279569 -27.952753, 153.279558 -27.948239, 153.274475 -27.948249, 153.274486 -27.952763, 153.279569 -27.952753))",8c293a52745057c4
1054_13817,0.25,"POLYGON ((153.279558 -27.948239, 153.279546 -27.943725, 153.274463 -27.943736, 153.274475 -27.948249, 153.279558 -27.948239))",8c293a52745057c4
1054_13818,0.25,"POLYGON ((153.279546 -27.943725, 153.279534 -27.939212, 153.274452 -27.939222, 153.274463 -27.943736, 153.279546 -27.943725))",8c293a52745057c4
1054_13819,0.25,"POLYGON ((153.279534 -27.939212, 153.279523 -27.934698, 153.274441 -27.934708, 153.274452 -27.939222, 153.279534 -27.939212))",8c293a52745057c4
1054_13820,0.25,"POLYGON ((153.279523 -27.934698, 153.279511 -27.930184, 153.274429 -27.930195, 153.274441 -27.934708, 153.279523 -27.934698))",8c293a52745057c4
1054_13821,0.25,"POLYGON ((153.279511 -27.930184, 153.2795 -27.925671, 153.274418 -27.925681, 153.274429 -27.930195, 153.279511 -27.930184))",8c293a52745057c4
1054_13822,0.25,"POLYGON ((153.2795 -27.925671, 153.279488 -27.921157, 153.274406 -27.921167, 153.274418 -27.925681, 153.2795 -27.925671))",8c293a52745057c4
1054_13823,0.25,"POLYGON ((153.279488 -27.921157, 153.279476 -27.916643, 153.274395 -27.916654, 153.274406 -27.921167, 153.279488 -27.921157))",8c293a52745057c4
1054_13824,0.25,"POLYGON ((153.279476 -27.916643, 153.279465 -27.91213, 153.274384 -27.91214, 153.274395 -27.916654, 153.279476 -27.916643))",8c293a52745057c4
1054_13825,0.25,"POLYGON ((153.279465 -27.91213, 153.279453 -27.907616, 153.274372 -27.907626, 153.274384 -27.91214, 153.279465 -27.91213))",8c293a52745057c4
1054_13826,0.25,"POLYGON ((153.279453 -27.907616, 153.279442 -27.903103, 153.274361 -27.903113, 153.274372 -27.907626, 153.279453 -27.907616))",8c293a52745057c4
1054_13827,0.25,"POLYGON ((153.279442 -27.903103, 153.27943 -27.898589, 153.274349 -27.898599, 153.274361 -27.903113, 153.279442 -27.903103))",8c293a52745057c4
1054_13828,0.25,"POLYGON ((153.27943 -27.898589, 153.279418 -27.894075, 153.274338 -27.894085, 153.274349 -27.898599, 153.27943 -27.898589))",8c293a52745057c4
1054_13829,0.25,"POLYGON ((153.279418 -27.894075, 153.279407 -27.889562, 153.274327 -27.889572, 153.274338 -27.894085, 153.279418 -27.894075))",8c293a52745057c4
1054_13830,0.25,"POLYGON ((153.279407 -27.889562, 153.279395 -27.885048, 153.274315 -27.885058, 153.274327 -27.889572, 153.279407 -27.889562))",8c293a52745057c4
1054_13831,0.25,"POLYGON ((153.279395 -27.885048, 153.279384 -27.880534, 153.274304 -27.880544, 153.274315 -27.885058, 153.279395 -27.885048))",8c293a52745057c4
1054_13832,0.25,"POLYGON ((153.279384 -27.880534, 153.279372 -27.876021, 153.274293 -27.876031, 153.274304 -27.880544, 153.279384 -27.880534))",8c293a52745057c4
1054_13833,0.25,"POLYGON ((153.279372 -27.876021, 153.27936 -27.871507, 153.274281 -27.871517, 153.274293 -27.876031, 153.279372 -27.876021))",8c293a52745057c4
1054_13834,0.25,"POLYGON ((153.27936 -27.871507, 153.279349 -27.866993, 153.27427 -27.867003, 153.274281 -27.871517, 153.27936 -27.871507))",8c293a52745057c4
1054_13835,0.25,"POLYGON ((153.279349 -27.866993, 153.279337 -27.862479, 153.274259 -27.86249, 153.27427 -27.867003, 153.279349 -27.866993))",8c293a52745057c4
1054_13836,0.25,"POLYGON ((153.279337 -27.862479, 153.279326 -27.857966, 153.274247 -27.857976, 153.274259 -27.86249, 153.279337 -27.862479))",8c293a52745057c4
1054_13837,0.25,"POLYGON ((153.279326 -27.857966, 153.279314 -27.853452, 153.274236 -27.853462, 153.274247 -27.857976, 153.279326 -27.857966))",8c293a52745057c4
1054_13838,0.25,"POLYGON ((153.279314 -27.853452, 153.279303 -27.848938, 153.274224 -27.848949, 153.274236 -27.853462, 153.279314 -27.853452))",8c293a52745057c4
1054_13839,0.25,"POLYGON ((153.279303 -27.848938, 153.279291 -27.844425, 153.274213 -27.844435, 153.274224 -27.848949, 153.279303 -27.848938))",8c293a52745057c4
1054_13840,0.25,"POLYGON ((153.279291 -27.844425, 153.279279 -27.839911, 153.274202 -27.839921, 153.274213 -27.844435, 153.279291 -27.844425))",8c293a52745057c4
1054_13841,0.25,"POLYGON ((153.279279 -27.839911, 153.279268 -27.835397, 153.27419 -27.835407, 153.274202 -27.839921, 153.279279 -27.839911))",8c293a52745057c4
1054_13842,0.25,"POLYGON ((153.279268 -27.835397, 153.279256 -27.830884, 153.274179 -27.830894, 153.27419 -27.835407, 153.279268 -27.835397))",8c293a52745057c4
1054_13843,0.25,"POLYGON ((153.279256 -27.830884, 153.279245 -27.82637, 153.274168 -27.82638, 153.274179 -27.830894, 153.279256 -27.830884))",8c293a52745057c4
1054_13844,0.25,"POLYGON ((153.279245 -27.82637, 153.279233 -27.821856, 153.274156 -27.821866, 153.274168 -27.82638, 153.279245 -27.82637))",8c293a52745057c4
1054_13845,0.25,"POLYGON ((153.279233 -27.821856, 153.279222 -27.817342, 153.274145 -27.817353, 153.274156 -27.821866, 153.279233 -27.821856))",8c293a52745057c4
1054_13846,0.25,"POLYGON ((153.279222 -27.817342, 153.27921 -27.812829, 153.274134 -27.812839, 153.274145 -27.817353, 153.279222 -27.817342))",8c293a52745057c4
1054_13847,0.25,"POLYGON ((153.27921 -27.812829, 153.279199 -27.808315, 153.274122 -27.808325, 153.274134 -27.812839, 153.27921 -27.812829))",8c293a52745057c4
1054_13848,0.25,"POLYGON ((153.279199 -27.808315, 153.279187 -27.803801, 153.274111 -27.803811, 153.274122 -27.808325, 153.279199 -27.808315))",8c293a52745057c4
1054_13849,0.25,"POLYGON ((153.279187 -27.803801, 153.279176 -27.799288, 153.2741 -27.799298, 153.274111 -27.803811, 153.279187 -27.803801))",8c293a52745057c4
1054_13850,0.25,"POLYGON ((153.279176 -27.799288, 153.279164 -27.794774, 153.274088 -27.794784, 153.2741 -27.799298, 153.279176 -27.799288))",8c293a52745057c4
1054_13851,0.25,"POLYGON ((153.279164 -27.794774, 153.279153 -27.79026, 153.274077 -27.79027, 153.274088 -27.794784, 153.279164 -27.794774))",8c293a52745057c4
1054_13852,0.25,"POLYGON ((153.279153 -27.79026, 153.279141 -27.785746, 153.274066 -27.785757, 153.274077 -27.79027, 153.279153 -27.79026))",8c293a52745057c4
1054_13853,0.25,"POLYGON ((153.279141 -27.785746, 153.279129 -27.781233, 153.274054 -27.781243, 153.274066 -27.785757, 153.279141 -27.785746))",8c293a52745057c4
1054_13854,0.25,"POLYGON ((153.279129 -27.781233, 153.279118 -27.776719, 153.274043 -27.776729, 153.274054 -27.781243, 153.279129 -27.781233))",8c293a52745057c4
1054_13855,0.25,"POLYGON ((153.279118 -27.776719, 153.279106 -27.772205, 153.274032 -27.772215, 153.274043 -27.776729, 153.279118 -27.776719))",8c293a52745057c4
1054_13856,0.25,"POLYGON ((153.279106 -27.772205, 153.279095 -27.767691, 153.27402 -27.767702, 153.274032 -27.772215, 153.279106 -27.772205))",8c293a52745057c4
1054_13857,0.25,"POLYGON ((153.279095 -27.767691, 153.279083 -27.763178, 153.274009 -27.763188, 153.27402 -27.767702, 153.279095 -27.767691))",8c293a52745057c4
1054_13858,0.25,"POLYGON ((153.279083 -27.763178, 153.279072 -27.758664, 153.273998 -27.758674, 153.274009 -27.763188, 153.279083 -27.763178))",8c293a52745057c4
1054_13859,0.25,"POLYGON ((153.279072 -27.758664, 153.27906 -27.75415, 153.273987 -27.75416, 153.273998 -27.758674, 153.279072 -27.758664))",8c293a52745057c4
1054_13860,0.25,"POLYGON ((153.27906 -27.75415, 153.279049 -27.749636, 153.273975 -27.749647, 153.273987 -27.75416, 153.27906 -27.75415))",8c293a52745057c4
1054_13861,0.25,"POLYGON ((153.279049 -27.749636, 153.279037 -27.745123, 153.273964 -27.745133, 153.273975 -27.749647, 153.279049 -27.749636))",8c293a52745057c4
1054_13862,0.25,"POLYGON ((153.279037 -27.745123, 153.279026 -27.740609, 153.273953 -27.740619, 153.273964 -27.745133, 153.279037 -27.745123))",8c293a52745057c4
1054_13863,0.25,"POLYGON ((153.279026 -27.740609, 153.279014 -27.736095, 153.273941 -27.736105, 153.273953 -27.740619, 153.279026 -27.740609))",8c293a52745057c4
1054_13864,0.25,"POLYGON ((153.279014 -27.736095, 153.279003 -27.731581, 153.27393 -27.731592, 153.273941 -27.736105, 153.279014 -27.736095))",8c293a52745057c4
1054_13865,0.25,"POLYGON ((153.279003 -27.731581, 153.278991 -27.727068, 153.273919 -27.727078, 153.27393 -27.731592, 153.279003 -27.731581))",8c293a52745057c4
1054_13866,0.25,"POLYGON ((153.278991 -27.727068, 153.27898 -27.722554, 153.273908 -27.722564, 153.273919 -27.727078, 153.278991 -27.727068))",8c293a52745057c4
1054_13867,0.25,"POLYGON ((153.27898 -27.722554, 153.278968 -27.71804, 153.273896 -27.71805, 153.273908 -27.722564, 153.27898 -27.722554))",8c293a52745057c4
1054_13868,0.25,"POLYGON ((153.278968 -27.71804, 153.278957 -27.713526, 153.273885 -27.713536, 153.273896 -27.71805, 153.278968 -27.71804))",8c293a52745057c4
1054_13869,0.25,"POLYGON ((153.278957 -27.713526, 153.278945 -27.709012, 153.273874 -27.709023, 153.273885 -27.713536, 153.278957 -27.713526))",8c293a52745057c4
1054_13870,0.25,"POLYGON ((153.278945 -27.709012, 153.278934 -27.704499, 153.273862 -27.704509, 153.273874 -27.709023, 153.278945 -27.709012))",8c293a52745057c4
1054_13871,0.25,"POLYGON ((153.278934 -27.704499, 153.278922 -27.699985, 153.273851 -27.699995, 153.273862 -27.704509, 153.278934 -27.704499))",8c293a52745057c4
1054_13872,0.21880805036489365,"POLYGON ((153.278922 -27.699985, 153.278911 -27.695471, 153.27384 -27.695481, 153.273851 -27.699995, 153.278922 -27.699985))",8c293a52745057c4
1054_13873,0.00368759347567162,"POLYGON ((153.278911 -27.695471, 153.2789 -27.690957, 153.273829 -27.690967, 153.27384 -27.695481, 153.278911 -27.695471))",8c293a52745057c4
1055_13753,0.08687628438596796,"POLYGON ((153.285404 -28.237095, 153.285392 -28.232581, 153.280295 -28.232592, 153.280307 -28.237105, 153.285404 -28.237095))",8c293a52745057c4
1055_13754,0.25,"POLYGON ((153.285392 -28.232581, 153.28538 -28.228068, 153.280284 -28.228078, 153.280295 -28.232592, 153.285392 -28.232581))",8c293a52745057c4
1055_13755,0.25,"POLYGON ((153.28538 -28.228068, 153.285368 -28.223554, 153.280272 -28.223565, 153.280284 -28.228078, 153.28538 -28.228068))",8c293a52745057c4
1055_13756,0.25,"POLYGON ((153.285368 -28.223554, 153.285356 -28.219041, 153.28026 -28.219051, 153.280272 -28.223565, 153.285368 -28.223554))",8c293a52745057c4
1055_13757,0.25,"POLYGON ((153.285356 -28.219041, 153.285344 -28.214527, 153.280248 -28.214538, 153.28026 -28.219051, 153.285356 -28.219041))",8c293a52745057c4
1055_13758,0.25,"POLYGON ((153.285344 -28.214527, 153.285332 -28.210014, 153.280236 -28.210024, 153.280248 -28.214538, 153.285344 -28.214527))",8c293a52745057c4
1055_13759,0.25,"POLYGON ((153.285332 -28.210014, 153.28532 -28.2055, 153.280225 -28.205511, 153.280236 -28.210024, 153.285332 -28.210014))",8c293a52745057c4
1055_13760,0.25,"POLYGON ((153.28532 -28.2055, 153.285308 -28.200987, 153.280213 -28.200998, 153.280225 -28.205511, 153.28532 -28.2055))",8c293a52745057c4
1055_13761,0.25,"POLYGON ((153.285308 -28.200987, 153.285296 -28.196474, 153.280201 -28.196484, 153.280213 -28.200998, 153.285308 -28.200987))",8c293a52745057c4
1055_13762,0.25,"POLYGON ((153.285296 -28.196474, 153.285284 -28.19196, 153.280189 -28.191971, 153.280201 -28.196484, 153.285296 -28.196474))",8c293a52745057c4
1055_13763,0.25,"POLYGON ((153.285284 -28.19196, 153.285272 -28.187447, 153.280177 -28.187457, 153.280189 -28.191971, 153.285284 -28.19196))",8c293a52745057c4
1055_13764,0.25,"POLYGON ((153.285272 -28.187447, 153.28526 -28.182933, 153.280166 -28.182944, 153.280177 -28.187457, 153.285272 -28.187447))",8c293a52745057c4
1055_13765,0.25,"POLYGON ((153.28526 -28.182933, 153.285248 -28.17842, 153.280154 -28.17843, 153.280166 -28.182944, 153.28526 -28.182933))",8c293a52745057c4
1055_13766,0.25,"POLYGON ((153.285248 -28.17842, 153.285236 -28.173906, 153.280142 -28.173917, 153.280154 -28.17843, 153.285248 -28.17842))",8c293a52745057c4
1055_13767,0.25,"POLYGON ((153.285236 -28.173906, 153.285224 -28.169393, 153.28013 -28.169403, 153.280142 -28.173917, 153.285236 -28.173906))",8c293a52745057c4
1055_13768,0.25,"POLYGON ((153.285224 -28.169393, 153.285212 -28.164879, 153.280119 -28.16489, 153.28013 -28.169403, 153.285224 -28.169393))",8c293a52745057c4
1055_13769,0.25,"POLYGON ((153.285212 -28.164879, 153.2852 -28.160366, 153.280107 -28.160376, 153.280119 -28.16489, 153.285212 -28.164879))",8c293a52745057c4
1055_13770,0.25,"POLYGON ((153.2852 -28.160366, 153.285188 -28.155852, 153.280095 -28.155863, 153.280107 -28.160376, 153.2852 -28.160366))",8c293a52745057c4
1055_13771,0.25,"POLYGON ((153.285188 -28.155852, 153.285176 -28.151339, 153.280083 -28.151349, 153.280095 -28.155863, 153.285188 -28.155852))",8c293a52745057c4
1055_13772,0.25,"POLYGON ((153.285176 -28.151339, 153.285164 -28.146825, 153.280072 -28.146836, 153.280083 -28.151349, 153.285176 -28.151339))",8c293a52745057c4
1055_13773,0.25,"POLYGON ((153.285164 -28.146825, 153.285152 -28.142312, 153.28006 -28.142322, 153.280072 -28.146836, 153.285164 -28.146825))",8c293a52745057c4
1055_13774,0.25,"POLYGON ((153.285152 -28.142312, 153.28514 -28.137798, 153.280048 -28.137809, 153.28006 -28.142322, 153.285152 -28.142312))",8c293a52745057c4
1055_13775,0.25,"POLYGON ((153.28514 -28.137798, 153.285128 -28.133285, 153.280036 -28.133295, 153.280048 -28.137809, 153.28514 -28.137798))",8c293a52745057c4
1055_13776,0.25,"POLYGON ((153.285128 -28.133285, 153.285116 -28.128771, 153.280025 -28.128782, 153.280036 -28.133295, 153.285128 -28.133285))",8c293a52745057c4
1055_13777,0.25,"POLYGON ((153.285116 -28.128771, 153.285104 -28.124258, 153.280013 -28.124268, 153.280025 -28.128782, 153.285116 -28.128771))",8c293a52745057c4
1055_13778,0.25,"POLYGON ((153.285104 -28.124258, 153.285092 -28.119744, 153.280001 -28.119755, 153.280013 -28.124268, 153.285104 -28.124258))",8c293a52745057c4
1055_13779,0.25,"POLYGON ((153.285092 -28.119744, 153.28508 -28.115231, 153.27999 -28.115241, 153.280001 -28.119755, 153.285092 -28.119744))",8c293a52745057c4
1055_13780,0.25,"POLYGON ((153.28508 -28.115231, 153.285068 -28.110717, 153.279978 -28.110728, 153.27999 -28.115241, 153.28508 -28.115231))",8c293a52745057c4
1055_13781,0.25,"POLYGON ((153.285068 -28.110717, 153.285056 -28.106204, 153.279966 -28.106214, 153.279978 -28.110728, 153.285068 -28.110717))",8c293a52745057c4
1055_13782,0.25,"POLYGON ((153.285056 -28.106204, 153.285044 -28.10169, 153.279954 -28.101701, 153.279966 -28.106214, 153.285056 -28.106204))",8c293a52745057c4
1055_13783,0.25,"POLYGON ((153.285044 -28.10169, 153.285033 -28.097177, 153.279943 -28.097187, 153.279954 -28.101701, 153.285044 -28.10169))",8c293a52745057c4
1055_13784,0.25,"POLYGON ((153.285033 -28.097177, 153.285021 -28.092663, 153.279931 -28.092674, 153.279943 -28.097187, 153.285033 -28.097177))",8c293a52745057c4
1055_13785,0.25,"POLYGON ((153.285021 -28.092663, 153.285009 -28.08815, 153.279919 -28.08816, 153.279931 -28.092674, 153.285021 -28.092663))",8c293a52745057c4
1055_13786,0.25,"POLYGON ((153.285009 -28.08815, 153.284997 -28.083636, 153.279908 -28.083646, 153.279919 -28.08816, 153.285009 -28.08815))",8c293a52745057c4
1055_13787,0.25,"POLYGON ((153.284997 -28.083636, 153.284985 -28.079122, 153.279896 -28.079133, 153.279908 -28.083646, 153.284997 -28.083636))",8c293a52745057c4
1055_13788,0.25,"POLYGON ((153.284985 -28.079122, 153.284973 -28.074609, 153.279884 -28.074619, 153.279896 -28.079133, 153.284985 -28.079122))",8c293a52745057c4
1055_13789,0.25,"POLYGON ((153.284973 -28.074609, 153.284961 -28.070095, 153.279872 -28.070106, 153.279884 -28.074619, 153.284973 -28.074609))",8c293a52745057c4
1055_13790,0.25,"POLYGON ((153.284961 -28.070095, 153.284949 -28.065582, 153.279861 -28.065592, 153.279872 -28.070106, 153.284961 -28.070095))",8c293a52745057c4
1055_13791,0.25,"POLYGON ((153.284949 -28.065582, 153.284937 -28.061068, 153.279849 -28.061079, 153.279861 -28.065592, 153.284949 -28.065582))",8c293a52745057c4
1055_13792,0.25,"POLYGON ((153.284937 -28.061068, 153.284925 -28.056555, 153.279837 -28.056565, 153.279849 -28.061079, 153.284937 -28.061068))",8c293a52745057c4
1055_13793,0.25,"POLYGON ((153.284925 -28.056555, 153.284913 -28.052041, 153.279826 -28.052052, 153.279837 -28.056565, 153.284925 -28.056555))",8c293a52745057c4
1055_13794,0.25,"POLYGON ((153.284913 -28.052041, 153.284902 -28.047528, 153.279814 -28.047538, 153.279826 -28.052052, 153.284913 -28.052041))",8c293a52745057c4
1055_13795,0.25,"POLYGON ((153.284902 -28.047528, 153.28489 -28.043014, 153.279802 -28.043025, 153.279814 -28.047538, 153.284902 -28.047528))",8c293a52745057c4
1055_13796,0.25,"POLYGON ((153.28489 -28.043014, 153.284878 -28.0385, 153.279791 -28.038511, 153.279802 -28.043025, 153.28489 -28.043014))",8c293a52745057c4
1055_13797,0.25,"POLYGON ((153.284878 -28.0385, 153.284866 -28.033987, 153.279779 -28.033997, 153.279791 -28.038511, 153.284878 -28.0385))",8c293a52745057c4
1055_13798,0.25,"POLYGON ((153.284866 -28.033987, 153.284854 -28.029473, 153.279767 -28.029484, 153.279779 -28.033997, 153.284866 -28.033987))",8c293a52745057c4
1055_13799,0.25,"POLYGON ((153.284854 -28.029473, 153.284842 -28.02496, 153.279756 -28.02497, 153.279767 -28.029484, 153.284854 -28.029473))",8c293a52745057c4
1055_13800,0.25,"POLYGON ((153.284842 -28.02496, 153.28483 -28.020446, 153.279744 -28.020457, 153.279756 -28.02497, 153.284842 -28.02496))",8c293a52745057c4
1055_13801,0.25,"POLYGON ((153.28483 -28.020446, 153.284818 -28.015933, 153.279732 -28.015943, 153.279744 -28.020457, 153.28483 -28.020446))",8c293a52745057c4
1055_13802,0.25,"POLYGON ((153.284818 -28.015933, 153.284806 -28.011419, 153.279721 -28.011429, 153.279732 -28.015943, 153.284818 -28.015933))",8c293a52745057c4
1055_13803,0.25,"POLYGON ((153.284806 -28.011419, 153.284795 -28.006905, 153.279709 -28.006916, 153.279721 -28.011429, 153.284806 -28.011419))",8c293a52745057c4
1055_13804,0.25,"POLYGON ((153.284795 -28.006905, 153.284783 -28.002392, 153.279697 -28.002402, 153.279709 -28.006916, 153.284795 -28.006905))",8c293a52745057c4
1055_13805,0.25,"POLYGON ((153.284783 -28.002392, 153.284771 -27.997878, 153.279686 -27.997889, 153.279697 -28.002402, 153.284783 -28.002392))",8c293a52745057c4
1055_13806,0.25,"POLYGON ((153.284771 -27.997878, 153.284759 -27.993365, 153.279674 -27.993375, 153.279686 -27.997889, 153.284771 -27.997878))",8c293a52745057c4
1055_13807,0.25,"POLYGON ((153.284759 -27.993365, 153.284747 -27.988851, 153.279662 -27.988862, 153.279674 -27.993375, 153.284759 -27.993365))",8c293a52745057c4
1055_13808,0.25,"POLYGON ((153.284747 -27.988851, 153.284735 -27.984337, 153.279651 -27.984348, 153.279662 -27.988862, 153.284747 -27.988851))",8c293a52745057c4
1055_13809,0.25,"POLYGON ((153.284735 -27.984337, 153.284723 -27.979824, 153.279639 -27.979834, 153.279651 -27.984348, 153.284735 -27.984337))",8c293a52745057c4
1055_13810,0.25,"POLYGON ((153.284723 -27.979824, 153.284712 -27.97531, 153.279627 -27.975321, 153.279639 -27.979834, 153.284723 -27.979824))",8c293a52745057c4
1055_13811,0.25,"POLYGON ((153.284712 -27.97531, 153.2847 -27.970797, 153.279616 -27.970807, 153.279627 -27.975321, 153.284712 -27.97531))",8c293a52745057c4
1055_13812,0.25,"POLYGON ((153.2847 -27.970797, 153.284688 -27.966283, 153.279604 -27.966293, 153.279616 -27.970807, 153.2847 -27.970797))",8c293a52745057c4
1055_13813,0.25,"POLYGON ((153.284688 -27.966283, 153.284676 -27.961769, 153.279593 -27.96178, 153.279604 -27.966293, 153.284688 -27.966283))",8c293a52745057c4
1055_13814,0.25,"POLYGON ((153.284676 -27.961769, 153.284664 -27.957256, 153.279581 -27.957266, 153.279593 -27.96178, 153.284676 -27.961769))",8c293a52745057c4
1055_13815,0.25,"POLYGON ((153.284664 -27.957256, 153.284652 -27.952742, 153.279569 -27.952753, 153.279581 -27.957266, 153.284664 -27.957256))",8c293a52745057c4
1055_13816,0.25,"POLYGON ((153.284652 -27.952742, 153.28464 -27.948229, 153.279558 -27.948239, 153.279569 -27.952753, 153.284652 -27.952742))",8c293a52745057c4
1055_13817,0.25,"POLYGON ((153.28464 -27.948229, 153.284629 -27.943715, 153.279546 -27.943725, 153.279558 -27.948239, 153.28464 -27.948229))",8c293a52745057c4
1055_13818,0.25,"POLYGON ((153.284629 -27.943715, 153.284617 -27.939201, 153.279534 -27.939212, 153.279546 -27.943725, 153.284629 -27.943715))",8c293a52745057c4
1055_13819,0.25,"POLYGON ((153.284617 -27.939201, 153.284605 -27.934688, 153.279523 -27.934698, 153.279534 -27.939212, 153.284617 -27.939201))",8c293a52745057c4
1055_13820,0.25,"POLYGON ((153.284605 -27.934688, 153.284593 -27.930174, 153.279511 -27.930184, 153.279523 -27.934698, 153.284605 -27.934688))",8c293a52745057c4
1055_13821,0.25,"POLYGON ((153.284593 -27.930174, 153.284581 -27.92566, 153.2795 -27.925671, 153.279511 -27.930184, 153.284593 -27.930174))",8c293a52745057c4
1055_13822,0.25,"POLYGON ((153.284581 -27.92566, 153.28457 -27.921147, 153.279488 -27.921157, 153.2795 -27.925671, 153.284581 -27.92566))",8c293a52745057c4
1055_13823,0.25,"POLYGON ((153.28457 -27.921147, 153.284558 -27.916633, 153.279476 -27.916643, 153.279488 -27.921157, 153.28457 -27.921147))",8c293a52745057c4
1055_13824,0.25,"POLYGON ((153.284558 -27.916633, 153.284546 -27.912119, 153.279465 -27.91213, 153.279476 -27.916643, 153.284558 -27.916633))",8c293a52745057c4
1055_13825,0.25,"POLYGON ((153.284546 -27.912119, 153.284534 -27.907606, 153.279453 -27.907616, 153.279465 -27.91213, 153.284546 -27.912119))",8c293a52745057c4
1055_13826,0.25,"POLYGON ((153.284534 -27.907606, 153.284522 -27.903092, 153.279442 -27.903103, 153.279453 -27.907616, 153.284534 -27.907606))",8c293a52745057c4
1055_13827,0.25,"POLYGON ((153.284522 -27.903092, 153.28451 -27.898578, 153.27943 -27.898589, 153.279442 -27.903103, 153.284522 -27.903092))",8c293a52745057c4
1055_13828,0.25,"POLYGON ((153.28451 -27.898578, 153.284499 -27.894065, 153.279418 -27.894075, 153.27943 -27.898589, 153.28451 -27.898578))",8c293a52745057c4
1055_13829,0.25,"POLYGON ((153.284499 -27.894065, 153.284487 -27.889551, 153.279407 -27.889562, 153.279418 -27.894075, 153.284499 -27.894065))",8c293a52745057c4
1055_13830,0.25,"POLYGON ((153.284487 -27.889551, 153.284475 -27.885037, 153.279395 -27.885048, 153.279407 -27.889562, 153.284487 -27.889551))",8c293a52745057c4
1055_13831,0.25,"POLYGON ((153.284475 -27.885037, 153.284463 -27.880524, 153.279384 -27.880534, 153.279395 -27.885048, 153.284475 -27.885037))",8c293a52745057c4
1055_13832,0.25,"POLYGON ((153.284463 -27.880524, 153.284451 -27.87601, 153.279372 -27.876021, 153.279384 -27.880534, 153.284463 -27.880524))",8c293a52745057c4
1055_13833,0.25,"POLYGON ((153.284451 -27.87601, 153.28444 -27.871496, 153.27936 -27.871507, 153.279372 -27.876021, 153.284451 -27.87601))",8c293a52745057c4
1055_13834,0.25,"POLYGON ((153.28444 -27.871496, 153.284428 -27.866983, 153.279349 -27.866993, 153.27936 -27.871507, 153.28444 -27.871496))",8c293a52745057c4
1055_13835,0.25,"POLYGON ((153.284428 -27.866983, 153.284416 -27.862469, 153.279337 -27.862479, 153.279349 -27.866993, 153.284428 -27.866983))",8c293a52745057c4
1055_13836,0.25,"POLYGON ((153.284416 -27.862469, 153.284404 -27.857955, 153.279326 -27.857966, 153.279337 -27.862479, 153.284416 -27.862469))",8c293a52745057c4
1055_13837,0.25,"POLYGON ((153.284404 -27.857955, 153.284393 -27.853442, 153.279314 -27.853452, 153.279326 -27.857966, 153.284404 -27.857955))",8c293a52745057c4
1055_13838,0.25,"POLYGON ((153.284393 -27.853442, 153.284381 -27.848928, 153.279303 -27.848938, 153.279314 -27.853452, 153.284393 -27.853442))",8c293a52745057c4
1055_13839,0.25,"POLYGON ((153.284381 -27.848928, 153.284369 -27.844414, 153.279291 -27.844425, 153.279303 -27.848938, 153.284381 -27.848928))",8c293a52745057c4
1055_13840,0.25,"POLYGON ((153.284369 -27.844414, 153.284357 -27.839901, 153.279279 -27.839911, 153.279291 -27.844425, 153.284369 -27.844414))",8c293a52745057c4
1055_13841,0.25,"POLYGON ((153.284357 -27.839901, 153.284345 -27.835387, 153.279268 -27.835397, 153.279279 -27.839911, 153.284357 -27.839901))",8c293a52745057c4
1055_13842,0.25,"POLYGON ((153.284345 -27.835387, 153.284334 -27.830873, 153.279256 -27.830884, 153.279268 -27.835397, 153.284345 -27.835387))",8c293a52745057c4
1055_13843,0.25,"POLYGON ((153.284334 -27.830873, 153.284322 -27.82636, 153.279245 -27.82637, 153.279256 -27.830884, 153.284334 -27.830873))",8c293a52745057c4
1055_13844,0.25,"POLYGON ((153.284322 -27.82636, 153.28431 -27.821846, 153.279233 -27.821856, 153.279245 -27.82637, 153.284322 -27.82636))",8c293a52745057c4
1055_13845,0.25,"POLYGON ((153.28431 -27.821846, 153.284298 -27.817332, 153.279222 -27.817342, 153.279233 -27.821856, 153.28431 -27.821846))",8c293a52745057c4
1055_13846,0.25,"POLYGON ((153.284298 -27.817332, 153.284287 -27.812818, 153.27921 -27.812829, 153.279222 -27.817342, 153.284298 -27.817332))",8c293a52745057c4
1055_13847,0.25,"POLYGON ((153.284287 -27.812818, 153.284275 -27.808305, 153.279199 -27.808315, 153.27921 -27.812829, 153.284287 -27.812818))",8c293a52745057c4
1055_13848,0.25,"POLYGON ((153.284275 -27.808305, 153.284263 -27.803791, 153.279187 -27.803801, 153.279199 -27.808315, 153.284275 -27.808305))",8c293a52745057c4
1055_13849,0.25,"POLYGON ((153.284263 -27.803791, 153.284251 -27.799277, 153.279176 -27.799288, 153.279187 -27.803801, 153.284263 -27.803791))",8c293a52745057c4
1055_13850,0.25,"POLYGON ((153.284251 -27.799277, 153.28424 -27.794764, 153.279164 -27.794774, 153.279176 -27.799288, 153.284251 -27.799277))",8c293a52745057c4
1055_13851,0.25,"POLYGON ((153.28424 -27.794764, 153.284228 -27.79025, 153.279153 -27.79026, 153.279164 -27.794774, 153.28424 -27.794764))",8c293a52745057c4
1055_13852,0.25,"POLYGON ((153.284228 -27.79025, 153.284216 -27.785736, 153.279141 -27.785746, 153.279153 -27.79026, 153.284228 -27.79025))",8c293a52745057c4
1055_13853,0.25,"POLYGON ((153.284216 -27.785736, 153.284204 -27.781222, 153.279129 -27.781233, 153.279141 -27.785746, 153.284216 -27.785736))",8c293a52745057c4
1055_13854,0.25,"POLYGON ((153.284204 -27.781222, 153.284193 -27.776709, 153.279118 -27.776719, 153.279129 -27.781233, 153.284204 -27.781222))",8c293a52745057c4
1055_13855,0.25,"POLYGON ((153.284193 -27.776709, 153.284181 -27.772195, 153.279106 -27.772205, 153.279118 -27.776719, 153.284193 -27.776709))",8c293a52745057c4
1055_13856,0.25,"POLYGON ((153.284181 -27.772195, 153.284169 -27.767681, 153.279095 -27.767691, 153.279106 -27.772205, 153.284181 -27.772195))",8c293a52745057c4
1055_13857,0.25,"POLYGON ((153.284169 -27.767681, 153.284158 -27.763167, 153.279083 -27.763178, 153.279095 -27.767691, 153.284169 -27.767681))",8c293a52745057c4
1055_13858,0.25,"POLYGON ((153.284158 -27.763167, 153.284146 -27.758654, 153.279072 -27.758664, 153.279083 -27.763178, 153.284158 -27.763167))",8c293a52745057c4
1055_13859,0.25,"POLYGON ((153.284146 -27.758654, 153.284134 -27.75414, 153.27906 -27.75415, 153.279072 -27.758664, 153.284146 -27.758654))",8c293a52745057c4
1055_13860,0.25,"POLYGON ((153.284134 -27.75414, 153.284122 -27.749626, 153.279049 -27.749636, 153.27906 -27.75415, 153.284134 -27.75414))",8c293a52745057c4
1055_13861,0.25,"POLYGON ((153.284122 -27.749626, 153.284111 -27.745112, 153.279037 -27.745123, 153.279049 -27.749636, 153.284122 -27.749626))",8c293a52745057c4
1055_13862,0.25,"POLYGON ((153.284111 -27.745112, 153.284099 -27.740599, 153.279026 -27.740609, 153.279037 -27.745123, 153.284111 -27.745112))",8c293a52745057c4
1055_13863,0.25,"POLYGON ((153.284099 -27.740599, 153.284087 -27.736085, 153.279014 -27.736095, 153.279026 -27.740609, 153.284099 -27.740599))",8c293a52745057c4
1055_13864,0.25,"POLYGON ((153.284087 -27.736085, 153.284076 -27.731571, 153.279003 -27.731581, 153.279014 -27.736095, 153.284087 -27.736085))",8c293a52745057c4
1055_13865,0.25,"POLYGON ((153.284076 -27.731571, 153.284064 -27.727057, 153.278991 -27.727068, 153.279003 -27.731581, 153.284076 -27.731571))",8c293a52745057c4
1055_13866,0.25,"POLYGON ((153.284064 -27.727057, 153.284052 -27.722544, 153.27898 -27.722554, 153.278991 -27.727068, 153.284064 -27.727057))",8c293a52745057c4
1055_13867,0.25,"POLYGON ((153.284052 -27.722544, 153.28404 -27.71803, 153.278968 -27.71804, 153.27898 -27.722554, 153.284052 -27.722544))",8c293a52745057c4
1055_13868,0.25,"POLYGON ((153.28404 -27.71803, 153.284029 -27.713516, 153.278957 -27.713526, 153.278968 -27.71804, 153.28404 -27.71803))",8c293a52745057c4
1055_13869,0.25,"POLYGON ((153.284029 -27.713516, 153.284017 -27.709002, 153.278945 -27.709012, 153.278957 -27.713526, 153.284029 -27.713516))",8c293a52745057c4
1055_13870,0.25,"POLYGON ((153.284017 -27.709002, 153.284005 -27.704488, 153.278934 -27.704499, 153.278945 -27.709012, 153.284017 -27.709002))",8c293a52745057c4
1055_13871,0.25,"POLYGON ((153.284005 -27.704488, 153.283994 -27.699975, 153.278922 -27.699985, 153.278934 -27.704499, 153.284005 -27.704488))",8c293a52745057c4
1055_13872,0.25,"POLYGON ((153.283994 -27.699975, 153.283982 -27.695461, 153.278911 -27.695471, 153.278922 -27.699985, 153.283994 -27.699975))",8c293a52745057c4
1055_13873,0.024216038994197036,"POLYGON ((153.283982 -27.695461, 153.28397 -27.690947, 153.2789 -27.690957, 153.278911 -27.695471, 153.283982 -27.695461))",8c293a52745057c4
1056_13753,0.1321889802661539,"POLYGON ((153.2905 -28.237084, 153.290488 -28.23257, 153.285392 -28.232581, 153.285404 -28.237095, 153.2905 -28.237084))",8c293a52745057c4
1056_13754,0.25,"POLYGON ((153.290488 -28.23257, 153.290476 -28.228057, 153.28538 -28.228068, 153.285392 -28.232581, 153.290488 -28.23257))",8c293a52745057c4
1056_13755,0.25,"POLYGON ((153.290476 -28.228057, 153.290463 -28.223544, 153.285368 -28.223554, 153.28538 -28.228068, 153.290476 -28.228057))",8c293a52745057c4
1056_13756,0.25,"POLYGON ((153.290463 -28.223544, 153.290451 -28.21903, 153.285356 -28.219041, 153.285368 -28.223554, 153.290463 -28.223544))",8c293a52745057c4
1056_13757,0.25,"POLYGON ((153.290451 -28.21903, 153.290439 -28.214517, 153.285344 -28.214527, 153.285356 -28.219041, 153.290451 -28.21903))",8c293a52745057c4
1056_13758,0.25,"POLYGON ((153.290439 -28.214517, 153.290427 -28.210003, 153.285332 -28.210014, 153.285344 -28.214527, 153.290439 -28.214517))",8c293a52745057c4
1056_13759,0.25,"POLYGON ((153.290427 -28.210003, 153.290414 -28.20549, 153.28532 -28.2055, 153.285332 -28.210014, 153.290427 -28.210003))",8c293a52745057c4
1056_13760,0.25,"POLYGON ((153.290414 -28.20549, 153.290402 -28.200976, 153.285308 -28.200987, 153.28532 -28.2055, 153.290414 -28.20549))",8c293a52745057c4
1056_13761,0.25,"POLYGON ((153.290402 -28.200976, 153.29039 -28.196463, 153.285296 -28.196474, 153.285308 -28.200987, 153.290402 -28.200976))",8c293a52745057c4
1056_13762,0.25,"POLYGON ((153.29039 -28.196463, 153.290378 -28.191949, 153.285284 -28.19196, 153.285296 -28.196474, 153.29039 -28.196463))",8c293a52745057c4
1056_13763,0.25,"POLYGON ((153.290378 -28.191949, 153.290366 -28.187436, 153.285272 -28.187447, 153.285284 -28.19196, 153.290378 -28.191949))",8c293a52745057c4
1056_13764,0.25,"POLYGON ((153.290366 -28.187436, 153.290353 -28.182922, 153.28526 -28.182933, 153.285272 -28.187447, 153.290366 -28.187436))",8c293a52745057c4
1056_13765,0.25,"POLYGON ((153.290353 -28.182922, 153.290341 -28.178409, 153.285248 -28.17842, 153.28526 -28.182933, 153.290353 -28.182922))",8c293a52745057c4
1056_13766,0.25,"POLYGON ((153.290341 -28.178409, 153.290329 -28.173895, 153.285236 -28.173906, 153.285248 -28.17842, 153.290341 -28.178409))",8c293a52745057c4
1056_13767,0.25,"POLYGON ((153.290329 -28.173895, 153.290317 -28.169382, 153.285224 -28.169393, 153.285236 -28.173906, 153.290329 -28.173895))",8c293a52745057c4
1056_13768,0.25,"POLYGON ((153.290317 -28.169382, 153.290305 -28.164869, 153.285212 -28.164879, 153.285224 -28.169393, 153.290317 -28.169382))",8c293a52745057c4
1056_13769,0.25,"POLYGON ((153.290305 -28.164869, 153.290293 -28.160355, 153.2852 -28.160366, 153.285212 -28.164879, 153.290305 -28.164869))",8c293a52745057c4
1056_13770,0.25,"POLYGON ((153.290293 -28.160355, 153.29028 -28.155842, 153.285188 -28.155852, 153.2852 -28.160366, 153.290293 -28.160355))",8c293a52745057c4
1056_13771,0.25,"POLYGON ((153.29028 -28.155842, 153.290268 -28.151328, 153.285176 -28.151339, 153.285188 -28.155852, 153.29028 -28.155842))",8c293a52745057c4
1056_13772,0.25,"POLYGON ((153.290268 -28.151328, 153.290256 -28.146815, 153.285164 -28.146825, 153.285176 -28.151339, 153.290268 -28.151328))",8c293a52745057c4
1056_13773,0.25,"POLYGON ((153.290256 -28.146815, 153.290244 -28.142301, 153.285152 -28.142312, 153.285164 -28.146825, 153.290256 -28.146815))",8c293a52745057c4
1056_13774,0.25,"POLYGON ((153.290244 -28.142301, 153.290232 -28.137788, 153.28514 -28.137798, 153.285152 -28.142312, 153.290244 -28.142301))",8c293a52745057c4
1056_13775,0.25,"POLYGON ((153.290232 -28.137788, 153.29022 -28.133274, 153.285128 -28.133285, 153.28514 -28.137798, 153.290232 -28.137788))",8c293a52745057c4
1056_13776,0.25,"POLYGON ((153.29022 -28.133274, 153.290207 -28.128761, 153.285116 -28.128771, 153.285128 -28.133285, 153.29022 -28.133274))",8c293a52745057c4
1056_13777,0.25,"POLYGON ((153.290207 -28.128761, 153.290195 -28.124247, 153.285104 -28.124258, 153.285116 -28.128771, 153.290207 -28.128761))",8c293a52745057c4
1056_13778,0.25,"POLYGON ((153.290195 -28.124247, 153.290183 -28.119734, 153.285092 -28.119744, 153.285104 -28.124258, 153.290195 -28.124247))",8c293a52745057c4
1056_13779,0.25,"POLYGON ((153.290183 -28.119734, 153.290171 -28.11522, 153.28508 -28.115231, 153.285092 -28.119744, 153.290183 -28.119734))",8c293a52745057c4
1056_13780,0.25,"POLYGON ((153.290171 -28.11522, 153.290159 -28.110707, 153.285068 -28.110717, 153.28508 -28.115231, 153.290171 -28.11522))",8c293a52745057c4
1056_13781,0.25,"POLYGON ((153.290159 -28.110707, 153.290147 -28.106193, 153.285056 -28.106204, 153.285068 -28.110717, 153.290159 -28.110707))",8c293a52745057c4
1056_13782,0.25,"POLYGON ((153.290147 -28.106193, 153.290134 -28.101679, 153.285044 -28.10169, 153.285056 -28.106204, 153.290147 -28.106193))",8c293a52745057c4
1056_13783,0.25,"POLYGON ((153.290134 -28.101679, 153.290122 -28.097166, 153.285033 -28.097177, 153.285044 -28.10169, 153.290134 -28.101679))",8c293a52745057c4
1056_13784,0.25,"POLYGON ((153.290122 -28.097166, 153.29011 -28.092652, 153.285021 -28.092663, 153.285033 -28.097177, 153.290122 -28.097166))",8c293a52745057c4
1056_13785,0.25,"POLYGON ((153.29011 -28.092652, 153.290098 -28.088139, 153.285009 -28.08815, 153.285021 -28.092663, 153.29011 -28.092652))",8c293a52745057c4
1056_13786,0.25,"POLYGON ((153.290098 -28.088139, 153.290086 -28.083625, 153.284997 -28.083636, 153.285009 -28.08815, 153.290098 -28.088139))",8c293a52745057c4
1056_13787,0.25,"POLYGON ((153.290086 -28.083625, 153.290074 -28.079112, 153.284985 -28.079122, 153.284997 -28.083636, 153.290086 -28.083625))",8c293a52745057c4
1056_13788,0.25,"POLYGON ((153.290074 -28.079112, 153.290062 -28.074598, 153.284973 -28.074609, 153.284985 -28.079122, 153.290074 -28.079112))",8c293a52745057c4
1056_13789,0.25,"POLYGON ((153.290062 -28.074598, 153.29005 -28.070085, 153.284961 -28.070095, 153.284973 -28.074609, 153.290062 -28.074598))",8c293a52745057c4
1056_13790,0.25,"POLYGON ((153.29005 -28.070085, 153.290037 -28.065571, 153.284949 -28.065582, 153.284961 -28.070095, 153.29005 -28.070085))",8c293a52745057c4
1056_13791,0.25,"POLYGON ((153.290037 -28.065571, 153.290025 -28.061058, 153.284937 -28.061068, 153.284949 -28.065582, 153.290037 -28.065571))",8c293a52745057c4
1056_13792,0.25,"POLYGON ((153.290025 -28.061058, 153.290013 -28.056544, 153.284925 -28.056555, 153.284937 -28.061068, 153.290025 -28.061058))",8c293a52745057c4
1056_13793,0.25,"POLYGON ((153.290013 -28.056544, 153.290001 -28.052031, 153.284913 -28.052041, 153.284925 -28.056555, 153.290013 -28.056544))",8c293a52745057c4
1056_13794,0.25,"POLYGON ((153.290001 -28.052031, 153.289989 -28.047517, 153.284902 -28.047528, 153.284913 -28.052041, 153.290001 -28.052031))",8c293a52745057c4
1056_13795,0.25,"POLYGON ((153.289989 -28.047517, 153.289977 -28.043003, 153.28489 -28.043014, 153.284902 -28.047528, 153.289989 -28.047517))",8c293a52745057c4
1056_13796,0.25,"POLYGON ((153.289977 -28.043003, 153.289965 -28.03849, 153.284878 -28.0385, 153.28489 -28.043014, 153.289977 -28.043003))",8c293a52745057c4
1056_13797,0.25,"POLYGON ((153.289965 -28.03849, 153.289953 -28.033976, 153.284866 -28.033987, 153.284878 -28.0385, 153.289965 -28.03849))",8c293a52745057c4
1056_13798,0.25,"POLYGON ((153.289953 -28.033976, 153.289941 -28.029463, 153.284854 -28.029473, 153.284866 -28.033987, 153.289953 -28.033976))",8c293a52745057c4
1056_13799,0.25,"POLYGON ((153.289941 -28.029463, 153.289928 -28.024949, 153.284842 -28.02496, 153.284854 -28.029473, 153.289941 -28.029463))",8c293a52745057c4
1056_13800,0.25,"POLYGON ((153.289928 -28.024949, 153.289916 -28.020436, 153.28483 -28.020446, 153.284842 -28.02496, 153.289928 -28.024949))",8c293a52745057c4
1056_13801,0.25,"POLYGON ((153.289916 -28.020436, 153.289904 -28.015922, 153.284818 -28.015933, 153.28483 -28.020446, 153.289916 -28.020436))",8c293a52745057c4
1056_13802,0.25,"POLYGON ((153.289904 -28.015922, 153.289892 -28.011408, 153.284806 -28.011419, 153.284818 -28.015933, 153.289904 -28.015922))",8c293a52745057c4
1056_13803,0.25,"POLYGON ((153.289892 -28.011408, 153.28988 -28.006895, 153.284795 -28.006905, 153.284806 -28.011419, 153.289892 -28.011408))",8c293a52745057c4
1056_13804,0.25,"POLYGON ((153.28988 -28.006895, 153.289868 -28.002381, 153.284783 -28.002392, 153.284795 -28.006905, 153.28988 -28.006895))",8c293a52745057c4
1056_13805,0.25,"POLYGON ((153.289868 -28.002381, 153.289856 -27.997868, 153.284771 -27.997878, 153.284783 -28.002392, 153.289868 -28.002381))",8c293a52745057c4
1056_13806,0.25,"POLYGON ((153.289856 -27.997868, 153.289844 -27.993354, 153.284759 -27.993365, 153.284771 -27.997878, 153.289856 -27.997868))",8c293a52745057c4
1056_13807,0.25,"POLYGON ((153.289844 -27.993354, 153.289832 -27.98884, 153.284747 -27.988851, 153.284759 -27.993365, 153.289844 -27.993354))",8c293a52745057c4
1056_13808,0.25,"POLYGON ((153.289832 -27.98884, 153.28982 -27.984327, 153.284735 -27.984337, 153.284747 -27.988851, 153.289832 -27.98884))",8c293a52745057c4
1056_13809,0.25,"POLYGON ((153.28982 -27.984327, 153.289808 -27.979813, 153.284723 -27.979824, 153.284735 -27.984337, 153.28982 -27.984327))",8c293a52745057c4
1056_13810,0.25,"POLYGON ((153.289808 -27.979813, 153.289796 -27.9753, 153.284712 -27.97531, 153.284723 -27.979824, 153.289808 -27.979813))",8c293a52745057c4
1056_13811,0.25,"POLYGON ((153.289796 -27.9753, 153.289784 -27.970786, 153.2847 -27.970797, 153.284712 -27.97531, 153.289796 -27.9753))",8c293a52745057c4
1056_13812,0.25,"POLYGON ((153.289784 -27.970786, 153.289772 -27.966272, 153.284688 -27.966283, 153.2847 -27.970797, 153.289784 -27.970786))",8c293a52745057c4
1056_13813,0.25,"POLYGON ((153.289772 -27.966272, 153.289759 -27.961759, 153.284676 -27.961769, 153.284688 -27.966283, 153.289772 -27.966272))",8c293a52745057c4
1056_13814,0.25,"POLYGON ((153.289759 -27.961759, 153.289747 -27.957245, 153.284664 -27.957256, 153.284676 -27.961769, 153.289759 -27.961759))",8c293a52745057c4
1056_13815,0.25,"POLYGON ((153.289747 -27.957245, 153.289735 -27.952732, 153.284652 -27.952742, 153.284664 -27.957256, 153.289747 -27.957245))",8c293a52745057c4
1056_13816,0.25,"POLYGON ((153.289735 -27.952732, 153.289723 -27.948218, 153.28464 -27.948229, 153.284652 -27.952742, 153.289735 -27.952732))",8c293a52745057c4
1056_13817,0.25,"POLYGON ((153.289723 -27.948218, 153.289711 -27.943704, 153.284629 -27.943715, 153.28464 -27.948229, 153.289723 -27.948218))",8c293a52745057c4
1056_13818,0.25,"POLYGON ((153.289711 -27.943704, 153.289699 -27.939191, 153.284617 -27.939201, 153.284629 -27.943715, 153.289711 -27.943704))",8c293a52745057c4
1056_13819,0.25,"POLYGON ((153.289699 -27.939191, 153.289687 -27.934677, 153.284605 -27.934688, 153.284617 -27.939201, 153.289699 -27.939191))",8c293a52745057c4
1056_13820,0.25,"POLYGON ((153.289687 -27.934677, 153.289675 -27.930163, 153.284593 -27.930174, 153.284605 -27.934688, 153.289687 -27.934677))",8c293a52745057c4
1056_13821,0.25,"POLYGON ((153.289675 -27.930163, 153.289663 -27.92565, 153.284581 -27.92566, 153.284593 -27.930174, 153.289675 -27.930163))",8c293a52745057c4
1056_13822,0.25,"POLYGON ((153.289663 -27.92565, 153.289651 -27.921136, 153.28457 -27.921147, 153.284581 -27.92566, 153.289663 -27.92565))",8c293a52745057c4
1056_13823,0.25,"POLYGON ((153.289651 -27.921136, 153.289639 -27.916622, 153.284558 -27.916633, 153.28457 -27.921147, 153.289651 -27.921136))",8c293a52745057c4
1056_13824,0.25,"POLYGON ((153.289639 -27.916622, 153.289627 -27.912109, 153.284546 -27.912119, 153.284558 -27.916633, 153.289639 -27.916622))",8c293a52745057c4
1056_13825,0.25,"POLYGON ((153.289627 -27.912109, 153.289615 -27.907595, 153.284534 -27.907606, 153.284546 -27.912119, 153.289627 -27.912109))",8c293a52745057c4
1056_13826,0.25,"POLYGON ((153.289615 -27.907595, 153.289603 -27.903082, 153.284522 -27.903092, 153.284534 -27.907606, 153.289615 -27.907595))",8c293a52745057c4
1056_13827,0.25,"POLYGON ((153.289603 -27.903082, 153.289591 -27.898568, 153.28451 -27.898578, 153.284522 -27.903092, 153.289603 -27.903082))",8c293a52745057c4
1056_13828,0.25,"POLYGON ((153.289591 -27.898568, 153.289579 -27.894054, 153.284499 -27.894065, 153.28451 -27.898578, 153.289591 -27.898568))",8c293a52745057c4
1056_13829,0.25,"POLYGON ((153.289579 -27.894054, 153.289567 -27.889541, 153.284487 -27.889551, 153.284499 -27.894065, 153.289579 -27.894054))",8c293a52745057c4
1056_13830,0.25,"POLYGON ((153.289567 -27.889541, 153.289555 -27.885027, 153.284475 -27.885037, 153.284487 -27.889551, 153.289567 -27.889541))",8c293a52745057c4
1056_13831,0.25,"POLYGON ((153.289555 -27.885027, 153.289543 -27.880513, 153.284463 -27.880524, 153.284475 -27.885037, 153.289555 -27.885027))",8c293a52745057c4
1056_13832,0.25,"POLYGON ((153.289543 -27.880513, 153.289531 -27.876, 153.284451 -27.87601, 153.284463 -27.880524, 153.289543 -27.880513))",8c293a52745057c4
1056_13833,0.25,"POLYGON ((153.289531 -27.876, 153.289519 -27.871486, 153.28444 -27.871496, 153.284451 -27.87601, 153.289531 -27.876))",8c293a52745057c4
1056_13834,0.25,"POLYGON ((153.289519 -27.871486, 153.289507 -27.866972, 153.284428 -27.866983, 153.28444 -27.871496, 153.289519 -27.871486))",8c293a52745057c4
1056_13835,0.25,"POLYGON ((153.289507 -27.866972, 153.289495 -27.862459, 153.284416 -27.862469, 153.284428 -27.866983, 153.289507 -27.866972))",8c293a52745057c4
1056_13836,0.25,"POLYGON ((153.289495 -27.862459, 153.289483 -27.857945, 153.284404 -27.857955, 153.284416 -27.862469, 153.289495 -27.862459))",8c293a52745057c4
1056_13837,0.25,"POLYGON ((153.289483 -27.857945, 153.289471 -27.853431, 153.284393 -27.853442, 153.284404 -27.857955, 153.289483 -27.857945))",8c293a52745057c4
1056_13838,0.25,"POLYGON ((153.289471 -27.853431, 153.289459 -27.848917, 153.284381 -27.848928, 153.284393 -27.853442, 153.289471 -27.853431))",8c293a52745057c4
1056_13839,0.25,"POLYGON ((153.289459 -27.848917, 153.289447 -27.844404, 153.284369 -27.844414, 153.284381 -27.848928, 153.289459 -27.848917))",8c293a52745057c4
1056_13840,0.25,"POLYGON ((153.289447 -27.844404, 153.289435 -27.83989, 153.284357 -27.839901, 153.284369 -27.844414, 153.289447 -27.844404))",8c293a52745057c4
1056_13841,0.25,"POLYGON ((153.289435 -27.83989, 153.289423 -27.835376, 153.284345 -27.835387, 153.284357 -27.839901, 153.289435 -27.83989))",8c293a52745057c4
1056_13842,0.25,"POLYGON ((153.289423 -27.835376, 153.289411 -27.830863, 153.284334 -27.830873, 153.284345 -27.835387, 153.289423 -27.835376))",8c293a52745057c4
1056_13843,0.25,"POLYGON ((153.289411 -27.830863, 153.289399 -27.826349, 153.284322 -27.82636, 153.284334 -27.830873, 153.289411 -27.830863))",8c293a52745057c4
1056_13844,0.25,"POLYGON ((153.289399 -27.826349, 153.289387 -27.821835, 153.28431 -27.821846, 153.284322 -27.82636, 153.289399 -27.826349))",8c293a52745057c4
1056_13845,0.25,"POLYGON ((153.289387 -27.821835, 153.289375 -27.817322, 153.284298 -27.817332, 153.28431 -27.821846, 153.289387 -27.821835))",8c293a52745057c4
1056_13846,0.25,"POLYGON ((153.289375 -27.817322, 153.289363 -27.812808, 153.284287 -27.812818, 153.284298 -27.817332, 153.289375 -27.817322))",8c293a52745057c4
1056_13847,0.25,"POLYGON ((153.289363 -27.812808, 153.289351 -27.808294, 153.284275 -27.808305, 153.284287 -27.812818, 153.289363 -27.812808))",8c293a52745057c4
1056_13848,0.25,"POLYGON ((153.289351 -27.808294, 153.289339 -27.80378, 153.284263 -27.803791, 153.284275 -27.808305, 153.289351 -27.808294))",8c293a52745057c4
1056_13849,0.25,"POLYGON ((153.289339 -27.80378, 153.289327 -27.799267, 153.284251 -27.799277, 153.284263 -27.803791, 153.289339 -27.80378))",8c293a52745057c4
1056_13850,0.25,"POLYGON ((153.289327 -27.799267, 153.289315 -27.794753, 153.28424 -27.794764, 153.284251 -27.799277, 153.289327 -27.799267))",8c293a52745057c4
1056_13851,0.25,"POLYGON ((153.289315 -27.794753, 153.289303 -27.790239, 153.284228 -27.79025, 153.28424 -27.794764, 153.289315 -27.794753))",8c293a52745057c4
1056_13852,0.25,"POLYGON ((153.289303 -27.790239, 153.289291 -27.785726, 153.284216 -27.785736, 153.284228 -27.79025, 153.289303 -27.790239))",8c293a52745057c4
1056_13853,0.25,"POLYGON ((153.289291 -27.785726, 153.28928 -27.781212, 153.284204 -27.781222, 153.284216 -27.785736, 153.289291 -27.785726))",8c293a52745057c4
1056_13854,0.25,"POLYGON ((153.28928 -27.781212, 153.289268 -27.776698, 153.284193 -27.776709, 153.284204 -27.781222, 153.28928 -27.781212))",8c293a52745057c4
1056_13855,0.25,"POLYGON ((153.289268 -27.776698, 153.289256 -27.772184, 153.284181 -27.772195, 153.284193 -27.776709, 153.289268 -27.776698))",8c293a52745057c4
1056_13856,0.25,"POLYGON ((153.289256 -27.772184, 153.289244 -27.767671, 153.284169 -27.767681, 153.284181 -27.772195, 153.289256 -27.772184))",8c293a52745057c4
1056_13857,0.25,"POLYGON ((153.289244 -27.767671, 153.289232 -27.763157, 153.284158 -27.763167, 153.284169 -27.767681, 153.289244 -27.767671))",8c293a52745057c4
1056_13858,0.25,"POLYGON ((153.289232 -27.763157, 153.28922 -27.758643, 153.284146 -27.758654, 153.284158 -27.763167, 153.289232 -27.763157))",8c293a52745057c4
1056_13859,0.25,"POLYGON ((153.28922 -27.758643, 153.289208 -27.754129, 153.284134 -27.75414, 153.284146 -27.758654, 153.28922 -27.758643))",8c293a52745057c4
1056_13860,0.25,"POLYGON ((153.289208 -27.754129, 153.289196 -27.749616, 153.284122 -27.749626, 153.284134 -27.75414, 153.289208 -27.754129))",8c293a52745057c4
1056_13861,0.25,"POLYGON ((153.289196 -27.749616, 153.289184 -27.745102, 153.284111 -27.745112, 153.284122 -27.749626, 153.289196 -27.749616))",8c293a52745057c4
1056_13862,0.25,"POLYGON ((153.289184 -27.745102, 153.289172 -27.740588, 153.284099 -27.740599, 153.284111 -27.745112, 153.289184 -27.745102))",8c293a52745057c4
1056_13863,0.25,"POLYGON ((153.289172 -27.740588, 153.28916 -27.736074, 153.284087 -27.736085, 153.284099 -27.740599, 153.289172 -27.740588))",8c293a52745057c4
1056_13864,0.25,"POLYGON ((153.28916 -27.736074, 153.289148 -27.731561, 153.284076 -27.731571, 153.284087 -27.736085, 153.28916 -27.736074))",8c293a52745057c4
1056_13865,0.25,"POLYGON ((153.289148 -27.731561, 153.289136 -27.727047, 153.284064 -27.727057, 153.284076 -27.731571, 153.289148 -27.731561))",8c293a52745057c4
1056_13866,0.25,"POLYGON ((153.289136 -27.727047, 153.289124 -27.722533, 153.284052 -27.722544, 153.284064 -27.727057, 153.289136 -27.727047))",8c293a52745057c4
1056_13867,0.25,"POLYGON ((153.289124 -27.722533, 153.289113 -27.718019, 153.28404 -27.71803, 153.284052 -27.722544, 153.289124 -27.722533))",8c293a52745057c4
1056_13868,0.25,"POLYGON ((153.289113 -27.718019, 153.289101 -27.713505, 153.284029 -27.713516, 153.28404 -27.71803, 153.289113 -27.718019))",8c293a52745057c4
1056_13869,0.25,"POLYGON ((153.289101 -27.713505, 153.289089 -27.708992, 153.284017 -27.709002, 153.284029 -27.713516, 153.289101 -27.713505))",8c293a52745057c4
1056_13870,0.25,"POLYGON ((153.289089 -27.708992, 153.289077 -27.704478, 153.284005 -27.704488, 153.284017 -27.709002, 153.289089 -27.708992))",8c293a52745057c4
1056_13871,0.25,"POLYGON ((153.289077 -27.704478, 153.289065 -27.699964, 153.283994 -27.699975, 153.284005 -27.704488, 153.289077 -27.704478))",8c293a52745057c4
1056_13872,0.25,"POLYGON ((153.289065 -27.699964, 153.289053 -27.69545, 153.283982 -27.695461, 153.283994 -27.699975, 153.289065 -27.699964))",8c293a52745057c4
1056_13873,0.09466713137486074,"POLYGON ((153.289053 -27.69545, 153.289041 -27.690937, 153.28397 -27.690947, 153.283982 -27.695461, 153.289053 -27.69545))",8c293a52745057c4
1057_13753,0.0642667085339843,"POLYGON ((153.295596 -28.237073, 153.295584 -28.232559, 153.290488 -28.23257, 153.2905 -28.237084, 153.295596 -28.237073))",8c293a52745057c4
1057_13754,0.25,"POLYGON ((153.295584 -28.232559, 153.295572 -28.228046, 153.290476 -28.228057, 153.290488 -28.23257, 153.295584 -28.232559))",8c293a52745057c4
1057_13755,0.25,"POLYGON ((153.295572 -28.228046, 153.295559 -28.223533, 153.290463 -28.223544, 153.290476 -28.228057, 153.295572 -28.228046))",8c293a52745057c4
1057_13756,0.25,"POLYGON ((153.295559 -28.223533, 153.295547 -28.219019, 153.290451 -28.21903, 153.290463 -28.223544, 153.295559 -28.223533))",8c293a52745057c4
1057_13757,0.25,"POLYGON ((153.295547 -28.219019, 153.295534 -28.214506, 153.290439 -28.214517, 153.290451 -28.21903, 153.295547 -28.219019))",8c293a52745057c4
1057_13758,0.25,"POLYGON ((153.295534 -28.214506, 153.295522 -28.209992, 153.290427 -28.210003, 153.290439 -28.214517, 153.295534 -28.214506))",8c293a52745057c4
1057_13759,0.25,"POLYGON ((153.295522 -28.209992, 153.295509 -28.205479, 153.290414 -28.20549, 153.290427 -28.210003, 153.295522 -28.209992))",8c293a52745057c4
1057_13760,0.25,"POLYGON ((153.295509 -28.205479, 153.295497 -28.200965, 153.290402 -28.200976, 153.290414 -28.20549, 153.295509 -28.205479))",8c293a52745057c4
1057_13761,0.25,"POLYGON ((153.295497 -28.200965, 153.295485 -28.196452, 153.29039 -28.196463, 153.290402 -28.200976, 153.295497 -28.200965))",8c293a52745057c4
1057_13762,0.25,"POLYGON ((153.295485 -28.196452, 153.295472 -28.191938, 153.290378 -28.191949, 153.29039 -28.196463, 153.295485 -28.196452))",8c293a52745057c4
1057_13763,0.25,"POLYGON ((153.295472 -28.191938, 153.29546 -28.187425, 153.290366 -28.187436, 153.290378 -28.191949, 153.295472 -28.191938))",8c293a52745057c4
1057_13764,0.25,"POLYGON ((153.29546 -28.187425, 153.295447 -28.182912, 153.290353 -28.182922, 153.290366 -28.187436, 153.29546 -28.187425))",8c293a52745057c4
1057_13765,0.25,"POLYGON ((153.295447 -28.182912, 153.295435 -28.178398, 153.290341 -28.178409, 153.290353 -28.182922, 153.295447 -28.182912))",8c293a52745057c4
1057_13766,0.25,"POLYGON ((153.295435 -28.178398, 153.295423 -28.173885, 153.290329 -28.173895, 153.290341 -28.178409, 153.295435 -28.178398))",8c293a52745057c4
1057_13767,0.25,"POLYGON ((153.295423 -28.173885, 153.29541 -28.169371, 153.290317 -28.169382, 153.290329 -28.173895, 153.295423 -28.173885))",8c293a52745057c4
1057_13768,0.25,"POLYGON ((153.29541 -28.169371, 153.295398 -28.164858, 153.290305 -28.164869, 153.290317 -28.169382, 153.29541 -28.169371))",8c293a52745057c4
1057_13769,0.25,"POLYGON ((153.295398 -28.164858, 153.295385 -28.160344, 153.290293 -28.160355, 153.290305 -28.164869, 153.295398 -28.164858))",8c293a52745057c4
1057_13770,0.25,"POLYGON ((153.295385 -28.160344, 153.295373 -28.155831, 153.29028 -28.155842, 153.290293 -28.160355, 153.295385 -28.160344))",8c293a52745057c4
1057_13771,0.25,"POLYGON ((153.295373 -28.155831, 153.295361 -28.151317, 153.290268 -28.151328, 153.29028 -28.155842, 153.295373 -28.155831))",8c293a52745057c4
1057_13772,0.25,"POLYGON ((153.295361 -28.151317, 153.295348 -28.146804, 153.290256 -28.146815, 153.290268 -28.151328, 153.295361 -28.151317))",8c293a52745057c4
1057_13773,0.25,"POLYGON ((153.295348 -28.146804, 153.295336 -28.14229, 153.290244 -28.142301, 153.290256 -28.146815, 153.295348 -28.146804))",8c293a52745057c4
1057_13774,0.25,"POLYGON ((153.295336 -28.14229, 153.295323 -28.137777, 153.290232 -28.137788, 153.290244 -28.142301, 153.295336 -28.14229))",8c293a52745057c4
1057_13775,0.25,"POLYGON ((153.295323 -28.137777, 153.295311 -28.133263, 153.29022 -28.133274, 153.290232 -28.137788, 153.295323 -28.137777))",8c293a52745057c4
1057_13776,0.25,"POLYGON ((153.295311 -28.133263, 153.295299 -28.12875, 153.290207 -28.128761, 153.29022 -28.133274, 153.295311 -28.133263))",8c293a52745057c4
1057_13777,0.25,"POLYGON ((153.295299 -28.12875, 153.295286 -28.124236, 153.290195 -28.124247, 153.290207 -28.128761, 153.295299 -28.12875))",8c293a52745057c4
1057_13778,0.25,"POLYGON ((153.295286 -28.124236, 153.295274 -28.119723, 153.290183 -28.119734, 153.290195 -28.124247, 153.295286 -28.124236))",8c293a52745057c4
1057_13779,0.25,"POLYGON ((153.295274 -28.119723, 153.295262 -28.115209, 153.290171 -28.11522, 153.290183 -28.119734, 153.295274 -28.119723))",8c293a52745057c4
1057_13780,0.25,"POLYGON ((153.295262 -28.115209, 153.295249 -28.110696, 153.290159 -28.110707, 153.290171 -28.11522, 153.295262 -28.115209))",8c293a52745057c4
1057_13781,0.25,"POLYGON ((153.295249 -28.110696, 153.295237 -28.106182, 153.290147 -28.106193, 153.290159 -28.110707, 153.295249 -28.110696))",8c293a52745057c4
1057_13782,0.25,"POLYGON ((153.295237 -28.106182, 153.295224 -28.101669, 153.290134 -28.101679, 153.290147 -28.106193, 153.295237 -28.106182))",8c293a52745057c4
1057_13783,0.25,"POLYGON ((153.295224 -28.101669, 153.295212 -28.097155, 153.290122 -28.097166, 153.290134 -28.101679, 153.295224 -28.101669))",8c293a52745057c4
1057_13784,0.25,"POLYGON ((153.295212 -28.097155, 153.2952 -28.092642, 153.29011 -28.092652, 153.290122 -28.097166, 153.295212 -28.097155))",8c293a52745057c4
1057_13785,0.25,"POLYGON ((153.2952 -28.092642, 153.295187 -28.088128, 153.290098 -28.088139, 153.29011 -28.092652, 153.2952 -28.092642))",8c293a52745057c4
1057_13786,0.25,"POLYGON ((153.295187 -28.088128, 153.295175 -28.083615, 153.290086 -28.083625, 153.290098 -28.088139, 153.295187 -28.088128))",8c293a52745057c4
1057_13787,0.25,"POLYGON ((153.295175 -28.083615, 153.295163 -28.079101, 153.290074 -28.079112, 153.290086 -28.083625, 153.295175 -28.083615))",8c293a52745057c4
1057_13788,0.25,"POLYGON ((153.295163 -28.079101, 153.29515 -28.074587, 153.290062 -28.074598, 153.290074 -28.079112, 153.295163 -28.079101))",8c293a52745057c4
1057_13789,0.25,"POLYGON ((153.29515 -28.074587, 153.295138 -28.070074, 153.29005 -28.070085, 153.290062 -28.074598, 153.29515 -28.074587))",8c293a52745057c4
1057_13790,0.25,"POLYGON ((153.295138 -28.070074, 153.295126 -28.06556, 153.290037 -28.065571, 153.29005 -28.070085, 153.295138 -28.070074))",8c293a52745057c4
1057_13791,0.25,"POLYGON ((153.295126 -28.06556, 153.295113 -28.061047, 153.290025 -28.061058, 153.290037 -28.065571, 153.295126 -28.06556))",8c293a52745057c4
1057_13792,0.25,"POLYGON ((153.295113 -28.061047, 153.295101 -28.056533, 153.290013 -28.056544, 153.290025 -28.061058, 153.295113 -28.061047))",8c293a52745057c4
1057_13793,0.25,"POLYGON ((153.295101 -28.056533, 153.295089 -28.05202, 153.290001 -28.052031, 153.290013 -28.056544, 153.295101 -28.056533))",8c293a52745057c4
1057_13794,0.25,"POLYGON ((153.295089 -28.05202, 153.295076 -28.047506, 153.289989 -28.047517, 153.290001 -28.052031, 153.295089 -28.05202))",8c293a52745057c4
1057_13795,0.25,"POLYGON ((153.295076 -28.047506, 153.295064 -28.042993, 153.289977 -28.043003, 153.289989 -28.047517, 153.295076 -28.047506))",8c293a52745057c4
1057_13796,0.25,"POLYGON ((153.295064 -28.042993, 153.295052 -28.038479, 153.289965 -28.03849, 153.289977 -28.043003, 153.295064 -28.042993))",8c293a52745057c4
1057_13797,0.25,"POLYGON ((153.295052 -28.038479, 153.29504 -28.033965, 153.289953 -28.033976, 153.289965 -28.03849, 153.295052 -28.038479))",8c293a52745057c4
1057_13798,0.25,"POLYGON ((153.29504 -28.033965, 153.295027 -28.029452, 153.289941 -28.029463, 153.289953 -28.033976, 153.29504 -28.033965))",8c293a52745057c4
1057_13799,0.25,"POLYGON ((153.295027 -28.029452, 153.295015 -28.024938, 153.289928 -28.024949, 153.289941 -28.029463, 153.295027 -28.029452))",8c293a52745057c4
1057_13800,0.25,"POLYGON ((153.295015 -28.024938, 153.295003 -28.020425, 153.289916 -28.020436, 153.289928 -28.024949, 153.295015 -28.024938))",8c293a52745057c4
1057_13801,0.25,"POLYGON ((153.295003 -28.020425, 153.29499 -28.015911, 153.289904 -28.015922, 153.289916 -28.020436, 153.295003 -28.020425))",8c293a52745057c4
1057_13802,0.25,"POLYGON ((153.29499 -28.015911, 153.294978 -28.011398, 153.289892 -28.011408, 153.289904 -28.015922, 153.29499 -28.015911))",8c293a52745057c4
1057_13803,0.25,"POLYGON ((153.294978 -28.011398, 153.294966 -28.006884, 153.28988 -28.006895, 153.289892 -28.011408, 153.294978 -28.011398))",8c293a52745057c4
1057_13804,0.25,"POLYGON ((153.294966 -28.006884, 153.294953 -28.00237, 153.289868 -28.002381, 153.28988 -28.006895, 153.294966 -28.006884))",8c293a52745057c4
1057_13805,0.25,"POLYGON ((153.294953 -28.00237, 153.294941 -27.997857, 153.289856 -27.997868, 153.289868 -28.002381, 153.294953 -28.00237))",8c293a52745057c4
1057_13806,0.25,"POLYGON ((153.294941 -27.997857, 153.294929 -27.993343, 153.289844 -27.993354, 153.289856 -27.997868, 153.294941 -27.997857))",8c293a52745057c4
1057_13807,0.25,"POLYGON ((153.294929 -27.993343, 153.294917 -27.98883, 153.289832 -27.98884, 153.289844 -27.993354, 153.294929 -27.993343))",8c293a52745057c4
1057_13808,0.25,"POLYGON ((153.294917 -27.98883, 153.294904 -27.984316, 153.28982 -27.984327, 153.289832 -27.98884, 153.294917 -27.98883))",8c293a52745057c4
1057_13809,0.25,"POLYGON ((153.294904 -27.984316, 153.294892 -27.979802, 153.289808 -27.979813, 153.28982 -27.984327, 153.294904 -27.984316))",8c293a52745057c4
1057_13810,0.25,"POLYGON ((153.294892 -27.979802, 153.29488 -27.975289, 153.289796 -27.9753, 153.289808 -27.979813, 153.294892 -27.979802))",8c293a52745057c4
1057_13811,0.25,"POLYGON ((153.29488 -27.975289, 153.294867 -27.970775, 153.289784 -27.970786, 153.289796 -27.9753, 153.29488 -27.975289))",8c293a52745057c4
1057_13812,0.25,"POLYGON ((153.294867 -27.970775, 153.294855 -27.966262, 153.289772 -27.966272, 153.289784 -27.970786, 153.294867 -27.970775))",8c293a52745057c4
1057_13813,0.25,"POLYGON ((153.294855 -27.966262, 153.294843 -27.961748, 153.289759 -27.961759, 153.289772 -27.966272, 153.294855 -27.966262))",8c293a52745057c4
1057_13814,0.25,"POLYGON ((153.294843 -27.961748, 153.294831 -27.957234, 153.289747 -27.957245, 153.289759 -27.961759, 153.294843 -27.961748))",8c293a52745057c4
1057_13815,0.25,"POLYGON ((153.294831 -27.957234, 153.294818 -27.952721, 153.289735 -27.952732, 153.289747 -27.957245, 153.294831 -27.957234))",8c293a52745057c4
1057_13816,0.25,"POLYGON ((153.294818 -27.952721, 153.294806 -27.948207, 153.289723 -27.948218, 153.289735 -27.952732, 153.294818 -27.952721))",8c293a52745057c4
1057_13817,0.25,"POLYGON ((153.294806 -27.948207, 153.294794 -27.943694, 153.289711 -27.943704, 153.289723 -27.948218, 153.294806 -27.948207))",8c293a52745057c4
1057_13818,0.25,"POLYGON ((153.294794 -27.943694, 153.294782 -27.93918, 153.289699 -27.939191, 153.289711 -27.943704, 153.294794 -27.943694))",8c293a52745057c4
1057_13819,0.25,"POLYGON ((153.294782 -27.93918, 153.294769 -27.934666, 153.289687 -27.934677, 153.289699 -27.939191, 153.294782 -27.93918))",8c293a52745057c4
1057_13820,0.25,"POLYGON ((153.294769 -27.934666, 153.294757 -27.930153, 153.289675 -27.930163, 153.289687 -27.934677, 153.294769 -27.934666))",8c293a52745057c4
1057_13821,0.25,"POLYGON ((153.294757 -27.930153, 153.294745 -27.925639, 153.289663 -27.92565, 153.289675 -27.930163, 153.294757 -27.930153))",8c293a52745057c4
1057_13822,0.25,"POLYGON ((153.294745 -27.925639, 153.294733 -27.921125, 153.289651 -27.921136, 153.289663 -27.92565, 153.294745 -27.925639))",8c293a52745057c4
1057_13823,0.25,"POLYGON ((153.294733 -27.921125, 153.29472 -27.916612, 153.289639 -27.916622, 153.289651 -27.921136, 153.294733 -27.921125))",8c293a52745057c4
1057_13824,0.25,"POLYGON ((153.29472 -27.916612, 153.294708 -27.912098, 153.289627 -27.912109, 153.289639 -27.916622, 153.29472 -27.916612))",8c293a52745057c4
1057_13825,0.25,"POLYGON ((153.294708 -27.912098, 153.294696 -27.907584, 153.289615 -27.907595, 153.289627 -27.912109, 153.294708 -27.912098))",8c293a52745057c4
1057_13826,0.25,"POLYGON ((153.294696 -27.907584, 153.294684 -27.903071, 153.289603 -27.903082, 153.289615 -27.907595, 153.294696 -27.907584))",8c293a52745057c4
1057_13827,0.25,"POLYGON ((153.294684 -27.903071, 153.294671 -27.898557, 153.289591 -27.898568, 153.289603 -27.903082, 153.294684 -27.903071))",8c293a52745057c4
1057_13828,0.25,"POLYGON ((153.294671 -27.898557, 153.294659 -27.894043, 153.289579 -27.894054, 153.289591 -27.898568, 153.294671 -27.898557))",8c293a52745057c4
1057_13829,0.25,"POLYGON ((153.294659 -27.894043, 153.294647 -27.88953, 153.289567 -27.889541, 153.289579 -27.894054, 153.294659 -27.894043))",8c293a52745057c4
1057_13830,0.25,"POLYGON ((153.294647 -27.88953, 153.294635 -27.885016, 153.289555 -27.885027, 153.289567 -27.889541, 153.294647 -27.88953))",8c293a52745057c4
1057_13831,0.25,"POLYGON ((153.294635 -27.885016, 153.294623 -27.880502, 153.289543 -27.880513, 153.289555 -27.885027, 153.294635 -27.885016))",8c293a52745057c4
1057_13832,0.25,"POLYGON ((153.294623 -27.880502, 153.29461 -27.875989, 153.289531 -27.876, 153.289543 -27.880513, 153.294623 -27.880502))",8c293a52745057c4
1057_13833,0.25,"POLYGON ((153.29461 -27.875989, 153.294598 -27.871475, 153.289519 -27.871486, 153.289531 -27.876, 153.29461 -27.875989))",8c293a52745057c4
1057_13834,0.25,"POLYGON ((153.294598 -27.871475, 153.294586 -27.866961, 153.289507 -27.866972, 153.289519 -27.871486, 153.294598 -27.871475))",8c293a52745057c4
1057_13835,0.25,"POLYGON ((153.294586 -27.866961, 153.294574 -27.862448, 153.289495 -27.862459, 153.289507 -27.866972, 153.294586 -27.866961))",8c293a52745057c4
1057_13836,0.25,"POLYGON ((153.294574 -27.862448, 153.294562 -27.857934, 153.289483 -27.857945, 153.289495 -27.862459, 153.294574 -27.862448))",8c293a52745057c4
1057_13837,0.25,"POLYGON ((153.294562 -27.857934, 153.294549 -27.85342, 153.289471 -27.853431, 153.289483 -27.857945, 153.294562 -27.857934))",8c293a52745057c4
1057_13838,0.25,"POLYGON ((153.294549 -27.85342, 153.294537 -27.848907, 153.289459 -27.848917, 153.289471 -27.853431, 153.294549 -27.85342))",8c293a52745057c4
1057_13839,0.25,"POLYGON ((153.294537 -27.848907, 153.294525 -27.844393, 153.289447 -27.844404, 153.289459 -27.848917, 153.294537 -27.848907))",8c293a52745057c4
1057_13840,0.25,"POLYGON ((153.294525 -27.844393, 153.294513 -27.839879, 153.289435 -27.83989, 153.289447 -27.844404, 153.294525 -27.844393))",8c293a52745057c4
1057_13841,0.25,"POLYGON ((153.294513 -27.839879, 153.294501 -27.835366, 153.289423 -27.835376, 153.289435 -27.83989, 153.294513 -27.839879))",8c293a52745057c4
1057_13842,0.25,"POLYGON ((153.294501 -27.835366, 153.294488 -27.830852, 153.289411 -27.830863, 153.289423 -27.835376, 153.294501 -27.835366))",8c293a52745057c4
1057_13843,0.25,"POLYGON ((153.294488 -27.830852, 153.294476 -27.826338, 153.289399 -27.826349, 153.289411 -27.830863, 153.294488 -27.830852))",8c293a52745057c4
1057_13844,0.25,"POLYGON ((153.294476 -27.826338, 153.294464 -27.821825, 153.289387 -27.821835, 153.289399 -27.826349, 153.294476 -27.826338))",8c293a52745057c4
1057_13845,0.25,"POLYGON ((153.294464 -27.821825, 153.294452 -27.817311, 153.289375 -27.817322, 153.289387 -27.821835, 153.294464 -27.821825))",8c293a52745057c4
1057_13846,0.25,"POLYGON ((153.294452 -27.817311, 153.29444 -27.812797, 153.289363 -27.812808, 153.289375 -27.817322, 153.294452 -27.817311))",8c293a52745057c4
1057_13847,0.25,"POLYGON ((153.29444 -27.812797, 153.294427 -27.808283, 153.289351 -27.808294, 153.289363 -27.812808, 153.29444 -27.812797))",8c293a52745057c4
1057_13848,0.25,"POLYGON ((153.294427 -27.808283, 153.294415 -27.80377, 153.289339 -27.80378, 153.289351 -27.808294, 153.294427 -27.808283))",8c293a52745057c4
1057_13849,0.25,"POLYGON ((153.294415 -27.80377, 153.294403 -27.799256, 153.289327 -27.799267, 153.289339 -27.80378, 153.294415 -27.80377))",8c293a52745057c4
1057_13850,0.25,"POLYGON ((153.294403 -27.799256, 153.294391 -27.794742, 153.289315 -27.794753, 153.289327 -27.799267, 153.294403 -27.799256))",8c293a52745057c4
1057_13851,0.25,"POLYGON ((153.294391 -27.794742, 153.294379 -27.790229, 153.289303 -27.790239, 153.289315 -27.794753, 153.294391 -27.794742))",8c293a52745057c4
1057_13852,0.25,"POLYGON ((153.294379 -27.790229, 153.294367 -27.785715, 153.289291 -27.785726, 153.289303 -27.790239, 153.294379 -27.790229))",8c293a52745057c4
1057_13853,0.25,"POLYGON ((153.294367 -27.785715, 153.294355 -27.781201, 153.28928 -27.781212, 153.289291 -27.785726, 153.294367 -27.785715))",8c293a52745057c4
1057_13854,0.25,"POLYGON ((153.294355 -27.781201, 153.294342 -27.776687, 153.289268 -27.776698, 153.28928 -27.781212, 153.294355 -27.781201))",8c293a52745057c4
1057_13855,0.25,"POLYGON ((153.294342 -27.776687, 153.29433 -27.772174, 153.289256 -27.772184, 153.289268 -27.776698, 153.294342 -27.776687))",8c293a52745057c4
1057_13856,0.25,"POLYGON ((153.29433 -27.772174, 153.294318 -27.76766, 153.289244 -27.767671, 153.289256 -27.772184, 153.29433 -27.772174))",8c293a52745057c4
1057_13857,0.25,"POLYGON ((153.294318 -27.76766, 153.294306 -27.763146, 153.289232 -27.763157, 153.289244 -27.767671, 153.294318 -27.76766))",8c293a52745057c4
1057_13858,0.25,"POLYGON ((153.294306 -27.763146, 153.294294 -27.758632, 153.28922 -27.758643, 153.289232 -27.763157, 153.294306 -27.763146))",8c293a52745057c4
1057_13859,0.25,"POLYGON ((153.294294 -27.758632, 153.294282 -27.754119, 153.289208 -27.754129, 153.28922 -27.758643, 153.294294 -27.758632))",8c293a52745057c4
1057_13860,0.25,"POLYGON ((153.294282 -27.754119, 153.29427 -27.749605, 153.289196 -27.749616, 153.289208 -27.754129, 153.294282 -27.754119))",8c293a52745057c4
1057_13861,0.25,"POLYGON ((153.29427 -27.749605, 153.294257 -27.745091, 153.289184 -27.745102, 153.289196 -27.749616, 153.29427 -27.749605))",8c293a52745057c4
1057_13862,0.25,"POLYGON ((153.294257 -27.745091, 153.294245 -27.740577, 153.289172 -27.740588, 153.289184 -27.745102, 153.294257 -27.745091))",8c293a52745057c4
1057_13863,0.25,"POLYGON ((153.294245 -27.740577, 153.294233 -27.736064, 153.28916 -27.736074, 153.289172 -27.740588, 153.294245 -27.740577))",8c293a52745057c4
1057_13864,0.25,"POLYGON ((153.294233 -27.736064, 153.294221 -27.73155, 153.289148 -27.731561, 153.28916 -27.736074, 153.294233 -27.736064))",8c293a52745057c4
1057_13865,0.25,"POLYGON ((153.294221 -27.73155, 153.294209 -27.727036, 153.289136 -27.727047, 153.289148 -27.731561, 153.294221 -27.73155))",8c293a52745057c4
1057_13866,0.25,"POLYGON ((153.294209 -27.727036, 153.294197 -27.722522, 153.289124 -27.722533, 153.289136 -27.727047, 153.294209 -27.727036))",8c293a52745057c4
1057_13867,0.25,"POLYGON ((153.294197 -27.722522, 153.294185 -27.718009, 153.289113 -27.718019, 153.289124 -27.722533, 153.294197 -27.722522))",8c293a52745057c4
1057_13868,0.25,"POLYGON ((153.294185 -27.718009, 153.294173 -27.713495, 153.289101 -27.713505, 153.289113 -27.718019, 153.294185 -27.718009))",8c293a52745057c4
1057_13869,0.25,"POLYGON ((153.294173 -27.713495, 153.29416 -27.708981, 153.289089 -27.708992, 153.289101 -27.713505, 153.294173 -27.713495))",8c293a52745057c4
1057_13870,0.25,"POLYGON ((153.29416 -27.708981, 153.294148 -27.704467, 153.289077 -27.704478, 153.289089 -27.708992, 153.29416 -27.708981))",8c293a52745057c4
1057_13871,0.2497138012394769,"POLYGON ((153.294148 -27.704467, 153.294136 -27.699953, 153.289065 -27.699964, 153.289077 -27.704478, 153.294148 -27.704467))",8c293a52745057c4
1057_13872,0.2071883001447388,"POLYGON ((153.294136 -27.699953, 153.294124 -27.69544, 153.289053 -27.69545, 153.289065 -27.699964, 153.294136 -27.699953))",8c293a52745057c4
1057_13873,0.14251368269311038,"POLYGON ((153.294124 -27.69544, 153.294112 -27.690926, 153.289041 -27.690937, 153.289053 -27.69545, 153.294124 -27.69544))",8c293a52745057c4
1058_13752,0.007553839252891923,"POLYGON ((153.300705 -28.241575, 153.300693 -28.237062, 153.295596 -28.237073, 153.295609 -28.241586, 153.300705 -28.241575))",8c293a52745057c4
1058_13753,0.15993980797623522,"POLYGON ((153.300693 -28.237062, 153.30068 -28.232548, 153.295584 -28.232559, 153.295596 -28.237073, 153.300693 -28.237062))",8c293a52745057c4
1058_13754,0.25,"POLYGON ((153.30068 -28.232548, 153.300668 -28.228035, 153.295572 -28.228046, 153.295584 -28.232559, 153.30068 -28.232548))",8c293a52745057c4
1058_13755,0.25,"POLYGON ((153.300668 -28.228035, 153.300655 -28.223522, 153.295559 -28.223533, 153.295572 -28.228046, 153.300668 -28.228035))",8c293a52745057c4
1058_13756,0.25,"POLYGON ((153.300655 -28.223522, 153.300642 -28.219008, 153.295547 -28.219019, 153.295559 -28.223533, 153.300655 -28.223522))",8c293a52745057c4
1058_13757,0.25,"POLYGON ((153.300642 -28.219008, 153.30063 -28.214495, 153.295534 -28.214506, 153.295547 -28.219019, 153.300642 -28.219008))",8c293a52745057c4
1058_13758,0.25,"POLYGON ((153.30063 -28.214495, 153.300617 -28.209981, 153.295522 -28.209992, 153.295534 -28.214506, 153.30063 -28.214495))",8c293a52745057c4
1058_13759,0.25,"POLYGON ((153.300617 -28.209981, 153.300604 -28.205468, 153.295509 -28.205479, 153.295522 -28.209992, 153.300617 -28.209981))",8c293a52745057c4
1058_13760,0.25,"POLYGON ((153.300604 -28.205468, 153.300592 -28.200954, 153.295497 -28.200965, 153.295509 -28.205479, 153.300604 -28.205468))",8c293a52745057c4
1058_13761,0.25,"POLYGON ((153.300592 -28.200954, 153.300579 -28.196441, 153.295485 -28.196452, 153.295497 -28.200965, 153.300592 -28.200954))",8c293a52745057c4
1058_13762,0.25,"POLYGON ((153.300579 -28.196441, 153.300566 -28.191927, 153.295472 -28.191938, 153.295485 -28.196452, 153.300579 -28.196441))",8c293a52745057c4
1058_13763,0.25,"POLYGON ((153.300566 -28.191927, 153.300554 -28.187414, 153.29546 -28.187425, 153.295472 -28.191938, 153.300566 -28.191927))",8c293a52745057c4
1058_13764,0.25,"POLYGON ((153.300554 -28.187414, 153.300541 -28.1829, 153.295447 -28.182912, 153.29546 -28.187425, 153.300554 -28.187414))",8c293a52745057c4
1058_13765,0.25,"POLYGON ((153.300541 -28.1829, 153.300529 -28.178387, 153.295435 -28.178398, 153.295447 -28.182912, 153.300541 -28.1829))",8c293a52745057c4
1058_13766,0.25,"POLYGON ((153.300529 -28.178387, 153.300516 -28.173873, 153.295423 -28.173885, 153.295435 -28.178398, 153.300529 -28.178387))",8c293a52745057c4
1058_13767,0.25,"POLYGON ((153.300516 -28.173873, 153.300503 -28.16936, 153.29541 -28.169371, 153.295423 -28.173885, 153.300516 -28.173873))",8c293a52745057c4
1058_13768,0.25,"POLYGON ((153.300503 -28.16936, 153.300491 -28.164847, 153.295398 -28.164858, 153.29541 -28.169371, 153.300503 -28.16936))",8c293a52745057c4
1058_13769,0.25,"POLYGON ((153.300491 -28.164847, 153.300478 -28.160333, 153.295385 -28.160344, 153.295398 -28.164858, 153.300491 -28.164847))",8c293a52745057c4
1058_13770,0.25,"POLYGON ((153.300478 -28.160333, 153.300466 -28.15582, 153.295373 -28.155831, 153.295385 -28.160344, 153.300478 -28.160333))",8c293a52745057c4
1058_13771,0.25,"POLYGON ((153.300466 -28.15582, 153.300453 -28.151306, 153.295361 -28.151317, 153.295373 -28.155831, 153.300466 -28.15582))",8c293a52745057c4
1058_13772,0.25,"POLYGON ((153.300453 -28.151306, 153.30044 -28.146793, 153.295348 -28.146804, 153.295361 -28.151317, 153.300453 -28.151306))",8c293a52745057c4
1058_13773,0.25,"POLYGON ((153.30044 -28.146793, 153.300428 -28.142279, 153.295336 -28.14229, 153.295348 -28.146804, 153.30044 -28.146793))",8c293a52745057c4
1058_13774,0.25,"POLYGON ((153.300428 -28.142279, 153.300415 -28.137766, 153.295323 -28.137777, 153.295336 -28.14229, 153.300428 -28.142279))",8c293a52745057c4
1058_13775,0.25,"POLYGON ((153.300415 -28.137766, 153.300403 -28.133252, 153.295311 -28.133263, 153.295323 -28.137777, 153.300415 -28.137766))",8c293a52745057c4
1058_13776,0.25,"POLYGON ((153.300403 -28.133252, 153.30039 -28.128739, 153.295299 -28.12875, 153.295311 -28.133263, 153.300403 -28.133252))",8c293a52745057c4
1058_13777,0.25,"POLYGON ((153.30039 -28.128739, 153.300377 -28.124225, 153.295286 -28.124236, 153.295299 -28.12875, 153.30039 -28.128739))",8c293a52745057c4
1058_13778,0.25,"POLYGON ((153.300377 -28.124225, 153.300365 -28.119712, 153.295274 -28.119723, 153.295286 -28.124236, 153.300377 -28.124225))",8c293a52745057c4
1058_13779,0.25,"POLYGON ((153.300365 -28.119712, 153.300352 -28.115198, 153.295262 -28.115209, 153.295274 -28.119723, 153.300365 -28.119712))",8c293a52745057c4
1058_13780,0.25,"POLYGON ((153.300352 -28.115198, 153.30034 -28.110685, 153.295249 -28.110696, 153.295262 -28.115209, 153.300352 -28.115198))",8c293a52745057c4
1058_13781,0.25,"POLYGON ((153.30034 -28.110685, 153.300327 -28.106171, 153.295237 -28.106182, 153.295249 -28.110696, 153.30034 -28.110685))",8c293a52745057c4
1058_13782,0.25,"POLYGON ((153.300327 -28.106171, 153.300315 -28.101658, 153.295224 -28.101669, 153.295237 -28.106182, 153.300327 -28.106171))",8c293a52745057c4
1058_13783,0.25,"POLYGON ((153.300315 -28.101658, 153.300302 -28.097144, 153.295212 -28.097155, 153.295224 -28.101669, 153.300315 -28.101658))",8c293a52745057c4
1058_13784,0.25,"POLYGON ((153.300302 -28.097144, 153.300289 -28.092631, 153.2952 -28.092642, 153.295212 -28.097155, 153.300302 -28.097144))",8c293a52745057c4
1058_13785,0.25,"POLYGON ((153.300289 -28.092631, 153.300277 -28.088117, 153.295187 -28.088128, 153.2952 -28.092642, 153.300289 -28.092631))",8c293a52745057c4
1058_13786,0.25,"POLYGON ((153.300277 -28.088117, 153.300264 -28.083603, 153.295175 -28.083615, 153.295187 -28.088128, 153.300277 -28.088117))",8c293a52745057c4
1058_13787,0.25,"POLYGON ((153.300264 -28.083603, 153.300252 -28.07909, 153.295163 -28.079101, 153.295175 -28.083615, 153.300264 -28.083603))",8c293a52745057c4
1058_13788,0.25,"POLYGON ((153.300252 -28.07909, 153.300239 -28.074576, 153.29515 -28.074587, 153.295163 -28.079101, 153.300252 -28.07909))",8c293a52745057c4
1058_13789,0.25,"POLYGON ((153.300239 -28.074576, 153.300227 -28.070063, 153.295138 -28.070074, 153.29515 -28.074587, 153.300239 -28.074576))",8c293a52745057c4
1058_13790,0.25,"POLYGON ((153.300227 -28.070063, 153.300214 -28.065549, 153.295126 -28.06556, 153.295138 -28.070074, 153.300227 -28.070063))",8c293a52745057c4
1058_13791,0.25,"POLYGON ((153.300214 -28.065549, 153.300202 -28.061036, 153.295113 -28.061047, 153.295126 -28.06556, 153.300214 -28.065549))",8c293a52745057c4
1058_13792,0.25,"POLYGON ((153.300202 -28.061036, 153.300189 -28.056522, 153.295101 -28.056533, 153.295113 -28.061047, 153.300202 -28.061036))",8c293a52745057c4
1058_13793,0.25,"POLYGON ((153.300189 -28.056522, 153.300176 -28.052009, 153.295089 -28.05202, 153.295101 -28.056533, 153.300189 -28.056522))",8c293a52745057c4
1058_13794,0.25,"POLYGON ((153.300176 -28.052009, 153.300164 -28.047495, 153.295076 -28.047506, 153.295089 -28.05202, 153.300176 -28.052009))",8c293a52745057c4
1058_13795,0.25,"POLYGON ((153.300164 -28.047495, 153.300151 -28.042982, 153.295064 -28.042993, 153.295076 -28.047506, 153.300164 -28.047495))",8c293a52745057c4
1058_13796,0.25,"POLYGON ((153.300151 -28.042982, 153.300139 -28.038468, 153.295052 -28.038479, 153.295064 -28.042993, 153.300151 -28.042982))",8c293a52745057c4
1058_13797,0.25,"POLYGON ((153.300139 -28.038468, 153.300126 -28.033954, 153.29504 -28.033965, 153.295052 -28.038479, 153.300139 -28.038468))",8c293a52745057c4
1058_13798,0.25,"POLYGON ((153.300126 -28.033954, 153.300114 -28.029441, 153.295027 -28.029452, 153.29504 -28.033965, 153.300126 -28.033954))",8c293a52745057c4
1058_13799,0.25,"POLYGON ((153.300114 -28.029441, 153.300101 -28.024927, 153.295015 -28.024938, 153.295027 -28.029452, 153.300114 -28.029441))",8c293a52745057c4
1058_13800,0.25,"POLYGON ((153.300101 -28.024927, 153.300089 -28.020414, 153.295003 -28.020425, 153.295015 -28.024938, 153.300101 -28.024927))",8c293a52745057c4
1058_13801,0.25,"POLYGON ((153.300089 -28.020414, 153.300076 -28.0159, 153.29499 -28.015911, 153.295003 -28.020425, 153.300089 -28.020414))",8c293a52745057c4
1058_13802,0.25,"POLYGON ((153.300076 -28.0159, 153.300064 -28.011387, 153.294978 -28.011398, 153.29499 -28.015911, 153.300076 -28.0159))",8c293a52745057c4
1058_13803,0.25,"POLYGON ((153.300064 -28.011387, 153.300051 -28.006873, 153.294966 -28.006884, 153.294978 -28.011398, 153.300064 -28.011387))",8c293a52745057c4
1058_13804,0.25,"POLYGON ((153.300051 -28.006873, 153.300039 -28.002359, 153.294953 -28.00237, 153.294966 -28.006884, 153.300051 -28.006873))",8c293a52745057c4
1058_13805,0.25,"POLYGON ((153.300039 -28.002359, 153.300026 -27.997846, 153.294941 -27.997857, 153.294953 -28.00237, 153.300039 -28.002359))",8c293a52745057c4
1058_13806,0.25,"POLYGON ((153.300026 -27.997846, 153.300014 -27.993332, 153.294929 -27.993343, 153.294941 -27.997857, 153.300026 -27.997846))",8c293a52745057c4
1058_13807,0.25,"POLYGON ((153.300014 -27.993332, 153.300001 -27.988819, 153.294917 -27.98883, 153.294929 -27.993343, 153.300014 -27.993332))",8c293a52745057c4
1058_13808,0.25,"POLYGON ((153.300001 -27.988819, 153.299989 -27.984305, 153.294904 -27.984316, 153.294917 -27.98883, 153.300001 -27.988819))",8c293a52745057c4
1058_13809,0.25,"POLYGON ((153.299989 -27.984305, 153.299976 -27.979791, 153.294892 -27.979802, 153.294904 -27.984316, 153.299989 -27.984305))",8c293a52745057c4
1058_13810,0.25,"POLYGON ((153.299976 -27.979791, 153.299964 -27.975278, 153.29488 -27.975289, 153.294892 -27.979802, 153.299976 -27.979791))",8c293a52745057c4
1058_13811,0.25,"POLYGON ((153.299964 -27.975278, 153.299951 -27.970764, 153.294867 -27.970775, 153.29488 -27.975289, 153.299964 -27.975278))",8c293a52745057c4
1058_13812,0.25,"POLYGON ((153.299951 -27.970764, 153.299939 -27.966251, 153.294855 -27.966262, 153.294867 -27.970775, 153.299951 -27.970764))",8c293a52745057c4
1058_13813,0.25,"POLYGON ((153.299939 -27.966251, 153.299926 -27.961737, 153.294843 -27.961748, 153.294855 -27.966262, 153.299939 -27.966251))",8c293a52745057c4
1058_13814,0.25,"POLYGON ((153.299926 -27.961737, 153.299914 -27.957223, 153.294831 -27.957234, 153.294843 -27.961748, 153.299926 -27.961737))",8c293a52745057c4
1058_13815,0.25,"POLYGON ((153.299914 -27.957223, 153.299901 -27.95271, 153.294818 -27.952721, 153.294831 -27.957234, 153.299914 -27.957223))",8c293a52745057c4
1058_13816,0.25,"POLYGON ((153.299901 -27.95271, 153.299889 -27.948196, 153.294806 -27.948207, 153.294818 -27.952721, 153.299901 -27.95271))",8c293a52745057c4
1058_13817,0.25,"POLYGON ((153.299889 -27.948196, 153.299876 -27.943683, 153.294794 -27.943694, 153.294806 -27.948207, 153.299889 -27.948196))",8c293a52745057c4
1058_13818,0.25,"POLYGON ((153.299876 -27.943683, 153.299864 -27.939169, 153.294782 -27.93918, 153.294794 -27.943694, 153.299876 -27.943683))",8c293a52745057c4
1058_13819,0.25,"POLYGON ((153.299864 -27.939169, 153.299852 -27.934655, 153.294769 -27.934666, 153.294782 -27.93918, 153.299864 -27.939169))",8c293a52745057c4
1058_13820,0.25,"POLYGON ((153.299852 -27.934655, 153.299839 -27.930142, 153.294757 -27.930153, 153.294769 -27.934666, 153.299852 -27.934655))",8c293a52745057c4
1058_13821,0.25,"POLYGON ((153.299839 -27.930142, 153.299827 -27.925628, 153.294745 -27.925639, 153.294757 -27.930153, 153.299839 -27.930142))",8c293a52745057c4
1058_13822,0.25,"POLYGON ((153.299827 -27.925628, 153.299814 -27.921114, 153.294733 -27.921125, 153.294745 -27.925639, 153.299827 -27.925628))",8c293a52745057c4
1058_13823,0.25,"POLYGON ((153.299814 -27.921114, 153.299802 -27.916601, 153.29472 -27.916612, 153.294733 -27.921125, 153.299814 -27.921114))",8c293a52745057c4
1058_13824,0.25,"POLYGON ((153.299802 -27.916601, 153.299789 -27.912087, 153.294708 -27.912098, 153.29472 -27.916612, 153.299802 -27.916601))",8c293a52745057c4
1058_13825,0.25,"POLYGON ((153.299789 -27.912087, 153.299777 -27.907573, 153.294696 -27.907584, 153.294708 -27.912098, 153.299789 -27.912087))",8c293a52745057c4
1058_13826,0.25,"POLYGON ((153.299777 -27.907573, 153.299764 -27.90306, 153.294684 -27.903071, 153.294696 -27.907584, 153.299777 -27.907573))",8c293a52745057c4
1058_13827,0.25,"POLYGON ((153.299764 -27.90306, 153.299752 -27.898546, 153.294671 -27.898557, 153.294684 -27.903071, 153.299764 -27.90306))",8c293a52745057c4
1058_13828,0.25,"POLYGON ((153.299752 -27.898546, 153.29974 -27.894033, 153.294659 -27.894043, 153.294671 -27.898557, 153.299752 -27.898546))",8c293a52745057c4
1058_13829,0.25,"POLYGON ((153.29974 -27.894033, 153.299727 -27.889519, 153.294647 -27.88953, 153.294659 -27.894043, 153.29974 -27.894033))",8c293a52745057c4
1058_13830,0.25,"POLYGON ((153.299727 -27.889519, 153.299715 -27.885005, 153.294635 -27.885016, 153.294647 -27.88953, 153.299727 -27.889519))",8c293a52745057c4
1058_13831,0.25,"POLYGON ((153.299715 -27.885005, 153.299702 -27.880492, 153.294623 -27.880502, 153.294635 -27.885016, 153.299715 -27.885005))",8c293a52745057c4
1058_13832,0.25,"POLYGON ((153.299702 -27.880492, 153.29969 -27.875978, 153.29461 -27.875989, 153.294623 -27.880502, 153.299702 -27.880492))",8c293a52745057c4
1058_13833,0.25,"POLYGON ((153.29969 -27.875978, 153.299677 -27.871464, 153.294598 -27.871475, 153.29461 -27.875989, 153.29969 -27.875978))",8c293a52745057c4
1058_13834,0.25,"POLYGON ((153.299677 -27.871464, 153.299665 -27.866951, 153.294586 -27.866961, 153.294598 -27.871475, 153.299677 -27.871464))",8c293a52745057c4
1058_13835,0.25,"POLYGON ((153.299665 -27.866951, 153.299653 -27.862437, 153.294574 -27.862448, 153.294586 -27.866961, 153.299665 -27.866951))",8c293a52745057c4
1058_13836,0.25,"POLYGON ((153.299653 -27.862437, 153.29964 -27.857923, 153.294562 -27.857934, 153.294574 -27.862448, 153.299653 -27.862437))",8c293a52745057c4
1058_13837,0.25,"POLYGON ((153.29964 -27.857923, 153.299628 -27.853409, 153.294549 -27.85342, 153.294562 -27.857934, 153.29964 -27.857923))",8c293a52745057c4
1058_13838,0.25,"POLYGON ((153.299628 -27.853409, 153.299615 -27.848896, 153.294537 -27.848907, 153.294549 -27.85342, 153.299628 -27.853409))",8c293a52745057c4
1058_13839,0.25,"POLYGON ((153.299615 -27.848896, 153.299603 -27.844382, 153.294525 -27.844393, 153.294537 -27.848907, 153.299615 -27.848896))",8c293a52745057c4
1058_13840,0.25,"POLYGON ((153.299603 -27.844382, 153.299591 -27.839868, 153.294513 -27.839879, 153.294525 -27.844393, 153.299603 -27.844382))",8c293a52745057c4
1058_13841,0.25,"POLYGON ((153.299591 -27.839868, 153.299578 -27.835355, 153.294501 -27.835366, 153.294513 -27.839879, 153.299591 -27.839868))",8c293a52745057c4
1058_13842,0.25,"POLYGON ((153.299578 -27.835355, 153.299566 -27.830841, 153.294488 -27.830852, 153.294501 -27.835366, 153.299578 -27.835355))",8c293a52745057c4
1058_13843,0.25,"POLYGON ((153.299566 -27.830841, 153.299553 -27.826327, 153.294476 -27.826338, 153.294488 -27.830852, 153.299566 -27.830841))",8c293a52745057c4
1058_13844,0.25,"POLYGON ((153.299553 -27.826327, 153.299541 -27.821814, 153.294464 -27.821825, 153.294476 -27.826338, 153.299553 -27.826327))",8c293a52745057c4
1058_13845,0.25,"POLYGON ((153.299541 -27.821814, 153.299529 -27.8173, 153.294452 -27.817311, 153.294464 -27.821825, 153.299541 -27.821814))",8c293a52745057c4
1058_13846,0.25,"POLYGON ((153.299529 -27.8173, 153.299516 -27.812786, 153.29444 -27.812797, 153.294452 -27.817311, 153.299529 -27.8173))",8c293a52745057c4
1058_13847,0.25,"POLYGON ((153.299516 -27.812786, 153.299504 -27.808273, 153.294427 -27.808283, 153.29444 -27.812797, 153.299516 -27.812786))",8c293a52745057c4
1058_13848,0.25,"POLYGON ((153.299504 -27.808273, 153.299491 -27.803759, 153.294415 -27.80377, 153.294427 -27.808283, 153.299504 -27.808273))",8c293a52745057c4
1058_13849,0.25,"POLYGON ((153.299491 -27.803759, 153.299479 -27.799245, 153.294403 -27.799256, 153.294415 -27.80377, 153.299491 -27.803759))",8c293a52745057c4
1058_13850,0.25,"POLYGON ((153.299479 -27.799245, 153.299467 -27.794731, 153.294391 -27.794742, 153.294403 -27.799256, 153.299479 -27.799245))",8c293a52745057c4
1058_13851,0.25,"POLYGON ((153.299467 -27.794731, 153.299454 -27.790218, 153.294379 -27.790229, 153.294391 -27.794742, 153.299467 -27.794731))",8c293a52745057c4
1058_13852,0.25,"POLYGON ((153.299454 -27.790218, 153.299442 -27.785704, 153.294367 -27.785715, 153.294379 -27.790229, 153.299454 -27.790218))",8c293a52745057c4
1058_13853,0.25,"POLYGON ((153.299442 -27.785704, 153.29943 -27.78119, 153.294355 -27.781201, 153.294367 -27.785715, 153.299442 -27.785704))",8c293a52745057c4
1058_13854,0.25,"POLYGON ((153.29943 -27.78119, 153.299417 -27.776676, 153.294342 -27.776687, 153.294355 -27.781201, 153.29943 -27.78119))",8c293a52745057c4
1058_13855,0.25,"POLYGON ((153.299417 -27.776676, 153.299405 -27.772163, 153.29433 -27.772174, 153.294342 -27.776687, 153.299417 -27.776676))",8c293a52745057c4
1058_13856,0.25,"POLYGON ((153.299405 -27.772163, 153.299392 -27.767649, 153.294318 -27.76766, 153.29433 -27.772174, 153.299405 -27.772163))",8c293a52745057c4
1058_13857,0.25,"POLYGON ((153.299392 -27.767649, 153.29938 -27.763135, 153.294306 -27.763146, 153.294318 -27.76766, 153.299392 -27.767649))",8c293a52745057c4
1058_13858,0.25,"POLYGON ((153.29938 -27.763135, 153.299368 -27.758621, 153.294294 -27.758632, 153.294306 -27.763146, 153.29938 -27.763135))",8c293a52745057c4
1058_13859,0.25,"POLYGON ((153.299368 -27.758621, 153.299355 -27.754108, 153.294282 -27.754119, 153.294294 -27.758632, 153.299368 -27.758621))",8c293a52745057c4
1058_13860,0.25,"POLYGON ((153.299355 -27.754108, 153.299343 -27.749594, 153.29427 -27.749605, 153.294282 -27.754119, 153.299355 -27.754108))",8c293a52745057c4
1058_13861,0.25,"POLYGON ((153.299343 -27.749594, 153.299331 -27.74508, 153.294257 -27.745091, 153.29427 -27.749605, 153.299343 -27.749594))",8c293a52745057c4
1058_13862,0.25,"POLYGON ((153.299331 -27.74508, 153.299318 -27.740566, 153.294245 -27.740577, 153.294257 -27.745091, 153.299331 -27.74508))",8c293a52745057c4
1058_13863,0.25,"POLYGON ((153.299318 -27.740566, 153.299306 -27.736053, 153.294233 -27.736064, 153.294245 -27.740577, 153.299318 -27.740566))",8c293a52745057c4
1058_13864,0.25,"POLYGON ((153.299306 -27.736053, 153.299294 -27.731539, 153.294221 -27.73155, 153.294233 -27.736064, 153.299306 -27.736053))",8c293a52745057c4
1058_13865,0.25,"POLYGON ((153.299294 -27.731539, 153.299281 -27.727025, 153.294209 -27.727036, 153.294221 -27.73155, 153.299294 -27.731539))",8c293a52745057c4
1058_13866,0.25,"POLYGON ((153.299281 -27.727025, 153.299269 -27.722511, 153.294197 -27.722522, 153.294209 -27.727036, 153.299281 -27.727025))",8c293a52745057c4
1058_13867,0.25,"POLYGON ((153.299269 -27.722511, 153.299257 -27.717998, 153.294185 -27.718009, 153.294197 -27.722522, 153.299269 -27.722511))",8c293a52745057c4
1058_13868,0.25,"POLYGON ((153.299257 -27.717998, 153.299244 -27.713484, 153.294173 -27.713495, 153.294185 -27.718009, 153.299257 -27.717998))",8c293a52745057c4
1058_13869,0.25,"POLYGON ((153.299244 -27.713484, 153.299232 -27.70897, 153.29416 -27.708981, 153.294173 -27.713495, 153.299244 -27.713484))",8c293a52745057c4
1058_13870,0.23798929120332693,"POLYGON ((153.299232 -27.70897, 153.29922 -27.704456, 153.294148 -27.704467, 153.29416 -27.708981, 153.299232 -27.70897))",8c293a52745057c4
1058_13871,0.09692493057789658,"POLYGON ((153.29922 -27.704456, 153.299208 -27.699943, 153.294136 -27.699953, 153.294148 -27.704467, 153.29922 -27.704456))",8c293a52745057c4
1059_13752,0.10887530348977208,"POLYGON ((153.305802 -28.241564, 153.305789 -28.237051, 153.300693 -28.237062, 153.300705 -28.241575, 153.305802 -28.241564))",8c293a52745057c4
1059_13753,0.25,"POLYGON ((153.305789 -28.237051, 153.305776 -28.232537, 153.30068 -28.232548, 153.300693 -28.237062, 153.305789 -28.237051))",8c293a52745057c4
1059_13754,0.25,"POLYGON ((153.305776 -28.232537, 153.305764 -28.228024, 153.300668 -28.228035, 153.30068 -28.232548, 153.305776 -28.232537))",8c293a52745057c4
1059_13755,0.25,"POLYGON ((153.305764 -28.228024, 153.305751 -28.22351, 153.300655 -28.223522, 153.300668 -28.228035, 153.305764 -28.228024))",8c293a52745057c4
1059_13756,0.25,"POLYGON ((153.305751 -28.22351, 153.305738 -28.218997, 153.300642 -28.219008, 153.300655 -28.223522, 153.305751 -28.22351))",8c293a52745057c4
1059_13757,0.25,"POLYGON ((153.305738 -28.218997, 153.305725 -28.214483, 153.30063 -28.214495, 153.300642 -28.219008, 153.305738 -28.218997))",8c293a52745057c4
1059_13758,0.25,"POLYGON ((153.305725 -28.214483, 153.305712 -28.20997, 153.300617 -28.209981, 153.30063 -28.214495, 153.305725 -28.214483))",8c293a52745057c4
1059_13759,0.25,"POLYGON ((153.305712 -28.20997, 153.305699 -28.205456, 153.300604 -28.205468, 153.300617 -28.209981, 153.305712 -28.20997))",8c293a52745057c4
1059_13760,0.25,"POLYGON ((153.305699 -28.205456, 153.305686 -28.200943, 153.300592 -28.200954, 153.300604 -28.205468, 153.305699 -28.205456))",8c293a52745057c4
1059_13761,0.25,"POLYGON ((153.305686 -28.200943, 153.305674 -28.19643, 153.300579 -28.196441, 153.300592 -28.200954, 153.305686 -28.200943))",8c293a52745057c4
1059_13762,0.25,"POLYGON ((153.305674 -28.19643, 153.305661 -28.191916, 153.300566 -28.191927, 153.300579 -28.196441, 153.305674 -28.19643))",8c293a52745057c4
1059_13763,0.25,"POLYGON ((153.305661 -28.191916, 153.305648 -28.187403, 153.300554 -28.187414, 153.300566 -28.191927, 153.305661 -28.191916))",8c293a52745057c4
1059_13764,0.25,"POLYGON ((153.305648 -28.187403, 153.305635 -28.182889, 153.300541 -28.1829, 153.300554 -28.187414, 153.305648 -28.187403))",8c293a52745057c4
1059_13765,0.25,"POLYGON ((153.305635 -28.182889, 153.305622 -28.178376, 153.300529 -28.178387, 153.300541 -28.1829, 153.305635 -28.182889))",8c293a52745057c4
1059_13766,0.25,"POLYGON ((153.305622 -28.178376, 153.305609 -28.173862, 153.300516 -28.173873, 153.300529 -28.178387, 153.305622 -28.178376))",8c293a52745057c4
1059_13767,0.25,"POLYGON ((153.305609 -28.173862, 153.305597 -28.169349, 153.300503 -28.16936, 153.300516 -28.173873, 153.305609 -28.173862))",8c293a52745057c4
1059_13768,0.25,"POLYGON ((153.305597 -28.169349, 153.305584 -28.164835, 153.300491 -28.164847, 153.300503 -28.16936, 153.305597 -28.169349))",8c293a52745057c4
1059_13769,0.25,"POLYGON ((153.305584 -28.164835, 153.305571 -28.160322, 153.300478 -28.160333, 153.300491 -28.164847, 153.305584 -28.164835))",8c293a52745057c4
1059_13770,0.25,"POLYGON ((153.305571 -28.160322, 153.305558 -28.155808, 153.300466 -28.15582, 153.300478 -28.160333, 153.305571 -28.160322))",8c293a52745057c4
1059_13771,0.25,"POLYGON ((153.305558 -28.155808, 153.305545 -28.151295, 153.300453 -28.151306, 153.300466 -28.15582, 153.305558 -28.155808))",8c293a52745057c4
1059_13772,0.25,"POLYGON ((153.305545 -28.151295, 153.305532 -28.146781, 153.30044 -28.146793, 153.300453 -28.151306, 153.305545 -28.151295))",8c293a52745057c4
1059_13773,0.25,"POLYGON ((153.305532 -28.146781, 153.30552 -28.142268, 153.300428 -28.142279, 153.30044 -28.146793, 153.305532 -28.146781))",8c293a52745057c4
1059_13774,0.25,"POLYGON ((153.30552 -28.142268, 153.305507 -28.137754, 153.300415 -28.137766, 153.300428 -28.142279, 153.30552 -28.142268))",8c293a52745057c4
1059_13775,0.25,"POLYGON ((153.305507 -28.137754, 153.305494 -28.133241, 153.300403 -28.133252, 153.300415 -28.137766, 153.305507 -28.137754))",8c293a52745057c4
1059_13776,0.25,"POLYGON ((153.305494 -28.133241, 153.305481 -28.128727, 153.30039 -28.128739, 153.300403 -28.133252, 153.305494 -28.133241))",8c293a52745057c4
1059_13777,0.25,"POLYGON ((153.305481 -28.128727, 153.305468 -28.124214, 153.300377 -28.124225, 153.30039 -28.128739, 153.305481 -28.128727))",8c293a52745057c4
1059_13778,0.25,"POLYGON ((153.305468 -28.124214, 153.305456 -28.1197, 153.300365 -28.119712, 153.300377 -28.124225, 153.305468 -28.124214))",8c293a52745057c4
1059_13779,0.25,"POLYGON ((153.305456 -28.1197, 153.305443 -28.115187, 153.300352 -28.115198, 153.300365 -28.119712, 153.305456 -28.1197))",8c293a52745057c4
1059_13780,0.25,"POLYGON ((153.305443 -28.115187, 153.30543 -28.110673, 153.30034 -28.110685, 153.300352 -28.115198, 153.305443 -28.115187))",8c293a52745057c4
1059_13781,0.25,"POLYGON ((153.30543 -28.110673, 153.305417 -28.10616, 153.300327 -28.106171, 153.30034 -28.110685, 153.30543 -28.110673))",8c293a52745057c4
1059_13782,0.25,"POLYGON ((153.305417 -28.10616, 153.305405 -28.101646, 153.300315 -28.101658, 153.300327 -28.106171, 153.305417 -28.10616))",8c293a52745057c4
1059_13783,0.25,"POLYGON ((153.305405 -28.101646, 153.305392 -28.097133, 153.300302 -28.097144, 153.300315 -28.101658, 153.305405 -28.101646))",8c293a52745057c4
1059_13784,0.25,"POLYGON ((153.305392 -28.097133, 153.305379 -28.092619, 153.300289 -28.092631, 153.300302 -28.097144, 153.305392 -28.097133))",8c293a52745057c4
1059_13785,0.25,"POLYGON ((153.305379 -28.092619, 153.305366 -28.088106, 153.300277 -28.088117, 153.300289 -28.092631, 153.305379 -28.092619))",8c293a52745057c4
1059_13786,0.25,"POLYGON ((153.305366 -28.088106, 153.305353 -28.083592, 153.300264 -28.083603, 153.300277 -28.088117, 153.305366 -28.088106))",8c293a52745057c4
1059_13787,0.25,"POLYGON ((153.305353 -28.083592, 153.305341 -28.079079, 153.300252 -28.07909, 153.300264 -28.083603, 153.305353 -28.083592))",8c293a52745057c4
1059_13788,0.25,"POLYGON ((153.305341 -28.079079, 153.305328 -28.074565, 153.300239 -28.074576, 153.300252 -28.07909, 153.305341 -28.079079))",8c293a52745057c4
1059_13789,0.25,"POLYGON ((153.305328 -28.074565, 153.305315 -28.070052, 153.300227 -28.070063, 153.300239 -28.074576, 153.305328 -28.074565))",8c293a52745057c4
1059_13790,0.25,"POLYGON ((153.305315 -28.070052, 153.305302 -28.065538, 153.300214 -28.065549, 153.300227 -28.070063, 153.305315 -28.070052))",8c293a52745057c4
1059_13791,0.25,"POLYGON ((153.305302 -28.065538, 153.30529 -28.061025, 153.300202 -28.061036, 153.300214 -28.065549, 153.305302 -28.065538))",8c293a52745057c4
1059_13792,0.25,"POLYGON ((153.30529 -28.061025, 153.305277 -28.056511, 153.300189 -28.056522, 153.300202 -28.061036, 153.30529 -28.061025))",8c293a52745057c4
1059_13793,0.25,"POLYGON ((153.305277 -28.056511, 153.305264 -28.051997, 153.300176 -28.052009, 153.300189 -28.056522, 153.305277 -28.056511))",8c293a52745057c4
1059_13794,0.25,"POLYGON ((153.305264 -28.051997, 153.305251 -28.047484, 153.300164 -28.047495, 153.300176 -28.052009, 153.305264 -28.051997))",8c293a52745057c4
1059_13795,0.25,"POLYGON ((153.305251 -28.047484, 153.305239 -28.04297, 153.300151 -28.042982, 153.300164 -28.047495, 153.305251 -28.047484))",8c293a52745057c4
1059_13796,0.25,"POLYGON ((153.305239 -28.04297, 153.305226 -28.038457, 153.300139 -28.038468, 153.300151 -28.042982, 153.305239 -28.04297))",8c293a52745057c4
1059_13797,0.25,"POLYGON ((153.305226 -28.038457, 153.305213 -28.033943, 153.300126 -28.033954, 153.300139 -28.038468, 153.305226 -28.038457))",8c293a52745057c4
1059_13798,0.25,"POLYGON ((153.305213 -28.033943, 153.3052 -28.02943, 153.300114 -28.029441, 153.300126 -28.033954, 153.305213 -28.033943))",8c293a52745057c4
1059_13799,0.25,"POLYGON ((153.3052 -28.02943, 153.305188 -28.024916, 153.300101 -28.024927, 153.300114 -28.029441, 153.3052 -28.02943))",8c293a52745057c4
1059_13800,0.25,"POLYGON ((153.305188 -28.024916, 153.305175 -28.020403, 153.300089 -28.020414, 153.300101 -28.024927, 153.305188 -28.024916))",8c293a52745057c4
1059_13801,0.25,"POLYGON ((153.305175 -28.020403, 153.305162 -28.015889, 153.300076 -28.0159, 153.300089 -28.020414, 153.305175 -28.020403))",8c293a52745057c4
1059_13802,0.25,"POLYGON ((153.305162 -28.015889, 153.30515 -28.011375, 153.300064 -28.011387, 153.300076 -28.0159, 153.305162 -28.015889))",8c293a52745057c4
1059_13803,0.25,"POLYGON ((153.30515 -28.011375, 153.305137 -28.006862, 153.300051 -28.006873, 153.300064 -28.011387, 153.30515 -28.011375))",8c293a52745057c4
1059_13804,0.25,"POLYGON ((153.305137 -28.006862, 153.305124 -28.002348, 153.300039 -28.002359, 153.300051 -28.006873, 153.305137 -28.006862))",8c293a52745057c4
1059_13805,0.25,"POLYGON ((153.305124 -28.002348, 153.305111 -27.997835, 153.300026 -27.997846, 153.300039 -28.002359, 153.305124 -28.002348))",8c293a52745057c4
1059_13806,0.25,"POLYGON ((153.305111 -27.997835, 153.305099 -27.993321, 153.300014 -27.993332, 153.300026 -27.997846, 153.305111 -27.997835))",8c293a52745057c4
1059_13807,0.25,"POLYGON ((153.305099 -27.993321, 153.305086 -27.988807, 153.300001 -27.988819, 153.300014 -27.993332, 153.305099 -27.993321))",8c293a52745057c4
1059_13808,0.25,"POLYGON ((153.305086 -27.988807, 153.305073 -27.984294, 153.299989 -27.984305, 153.300001 -27.988819, 153.305086 -27.988807))",8c293a52745057c4
1059_13809,0.25,"POLYGON ((153.305073 -27.984294, 153.305061 -27.97978, 153.299976 -27.979791, 153.299989 -27.984305, 153.305073 -27.984294))",8c293a52745057c4
1059_13810,0.25,"POLYGON ((153.305061 -27.97978, 153.305048 -27.975267, 153.299964 -27.975278, 153.299976 -27.979791, 153.305061 -27.97978))",8c293a52745057c4
1059_13811,0.25,"POLYGON ((153.305048 -27.975267, 153.305035 -27.970753, 153.299951 -27.970764, 153.299964 -27.975278, 153.305048 -27.975267))",8c293a52745057c4
1059_13812,0.25,"POLYGON ((153.305035 -27.970753, 153.305022 -27.966239, 153.299939 -27.966251, 153.299951 -27.970764, 153.305035 -27.970753))",8c293a52745057c4
1059_13813,0.25,"POLYGON ((153.305022 -27.966239, 153.30501 -27.961726, 153.299926 -27.961737, 153.299939 -27.966251, 153.305022 -27.966239))",8c293a52745057c4
1059_13814,0.25,"POLYGON ((153.30501 -27.961726, 153.304997 -27.957212, 153.299914 -27.957223, 153.299926 -27.961737, 153.30501 -27.961726))",8c293a52745057c4
1059_13815,0.25,"POLYGON ((153.304997 -27.957212, 153.304984 -27.952699, 153.299901 -27.95271, 153.299914 -27.957223, 153.304997 -27.957212))",8c293a52745057c4
1059_13816,0.25,"POLYGON ((153.304984 -27.952699, 153.304972 -27.948185, 153.299889 -27.948196, 153.299901 -27.95271, 153.304984 -27.952699))",8c293a52745057c4
1059_13817,0.25,"POLYGON ((153.304972 -27.948185, 153.304959 -27.943671, 153.299876 -27.943683, 153.299889 -27.948196, 153.304972 -27.948185))",8c293a52745057c4
1059_13818,0.25,"POLYGON ((153.304959 -27.943671, 153.304946 -27.939158, 153.299864 -27.939169, 153.299876 -27.943683, 153.304959 -27.943671))",8c293a52745057c4
1059_13819,0.25,"POLYGON ((153.304946 -27.939158, 153.304934 -27.934644, 153.299852 -27.934655, 153.299864 -27.939169, 153.304946 -27.939158))",8c293a52745057c4
1059_13820,0.25,"POLYGON ((153.304934 -27.934644, 153.304921 -27.930131, 153.299839 -27.930142, 153.299852 -27.934655, 153.304934 -27.934644))",8c293a52745057c4
1059_13821,0.25,"POLYGON ((153.304921 -27.930131, 153.304908 -27.925617, 153.299827 -27.925628, 153.299839 -27.930142, 153.304921 -27.930131))",8c293a52745057c4
1059_13822,0.25,"POLYGON ((153.304908 -27.925617, 153.304896 -27.921103, 153.299814 -27.921114, 153.299827 -27.925628, 153.304908 -27.925617))",8c293a52745057c4
1059_13823,0.25,"POLYGON ((153.304896 -27.921103, 153.304883 -27.91659, 153.299802 -27.916601, 153.299814 -27.921114, 153.304896 -27.921103))",8c293a52745057c4
1059_13824,0.25,"POLYGON ((153.304883 -27.91659, 153.30487 -27.912076, 153.299789 -27.912087, 153.299802 -27.916601, 153.304883 -27.91659))",8c293a52745057c4
1059_13825,0.25,"POLYGON ((153.30487 -27.912076, 153.304858 -27.907562, 153.299777 -27.907573, 153.299789 -27.912087, 153.30487 -27.912076))",8c293a52745057c4
1059_13826,0.25,"POLYGON ((153.304858 -27.907562, 153.304845 -27.903049, 153.299764 -27.90306, 153.299777 -27.907573, 153.304858 -27.907562))",8c293a52745057c4
1059_13827,0.25,"POLYGON ((153.304845 -27.903049, 153.304832 -27.898535, 153.299752 -27.898546, 153.299764 -27.90306, 153.304845 -27.903049))",8c293a52745057c4
1059_13828,0.25,"POLYGON ((153.304832 -27.898535, 153.30482 -27.894021, 153.29974 -27.894033, 153.299752 -27.898546, 153.304832 -27.898535))",8c293a52745057c4
1059_13829,0.25,"POLYGON ((153.30482 -27.894021, 153.304807 -27.889508, 153.299727 -27.889519, 153.29974 -27.894033, 153.30482 -27.894021))",8c293a52745057c4
1059_13830,0.25,"POLYGON ((153.304807 -27.889508, 153.304794 -27.884994, 153.299715 -27.885005, 153.299727 -27.889519, 153.304807 -27.889508))",8c293a52745057c4
1059_13831,0.25,"POLYGON ((153.304794 -27.884994, 153.304782 -27.88048, 153.299702 -27.880492, 153.299715 -27.885005, 153.304794 -27.884994))",8c293a52745057c4
1059_13832,0.25,"POLYGON ((153.304782 -27.88048, 153.304769 -27.875967, 153.29969 -27.875978, 153.299702 -27.880492, 153.304782 -27.88048))",8c293a52745057c4
1059_13833,0.25,"POLYGON ((153.304769 -27.875967, 153.304757 -27.871453, 153.299677 -27.871464, 153.29969 -27.875978, 153.304769 -27.875967))",8c293a52745057c4
1059_13834,0.25,"POLYGON ((153.304757 -27.871453, 153.304744 -27.866939, 153.299665 -27.866951, 153.299677 -27.871464, 153.304757 -27.871453))",8c293a52745057c4
1059_13835,0.25,"POLYGON ((153.304744 -27.866939, 153.304731 -27.862426, 153.299653 -27.862437, 153.299665 -27.866951, 153.304744 -27.866939))",8c293a52745057c4
1059_13836,0.25,"POLYGON ((153.304731 -27.862426, 153.304719 -27.857912, 153.29964 -27.857923, 153.299653 -27.862437, 153.304731 -27.862426))",8c293a52745057c4
1059_13837,0.25,"POLYGON ((153.304719 -27.857912, 153.304706 -27.853398, 153.299628 -27.853409, 153.29964 -27.857923, 153.304719 -27.857912))",8c293a52745057c4
1059_13838,0.25,"POLYGON ((153.304706 -27.853398, 153.304693 -27.848885, 153.299615 -27.848896, 153.299628 -27.853409, 153.304706 -27.853398))",8c293a52745057c4
1059_13839,0.25,"POLYGON ((153.304693 -27.848885, 153.304681 -27.844371, 153.299603 -27.844382, 153.299615 -27.848896, 153.304693 -27.848885))",8c293a52745057c4
1059_13840,0.25,"POLYGON ((153.304681 -27.844371, 153.304668 -27.839857, 153.299591 -27.839868, 153.299603 -27.844382, 153.304681 -27.844371))",8c293a52745057c4
1059_13841,0.25,"POLYGON ((153.304668 -27.839857, 153.304656 -27.835344, 153.299578 -27.835355, 153.299591 -27.839868, 153.304668 -27.839857))",8c293a52745057c4
1059_13842,0.25,"POLYGON ((153.304656 -27.835344, 153.304643 -27.83083, 153.299566 -27.830841, 153.299578 -27.835355, 153.304656 -27.835344))",8c293a52745057c4
1059_13843,0.25,"POLYGON ((153.304643 -27.83083, 153.30463 -27.826316, 153.299553 -27.826327, 153.299566 -27.830841, 153.304643 -27.83083))",8c293a52745057c4
1059_13844,0.25,"POLYGON ((153.30463 -27.826316, 153.304618 -27.821803, 153.299541 -27.821814, 153.299553 -27.826327, 153.30463 -27.826316))",8c293a52745057c4
1059_13845,0.25,"POLYGON ((153.304618 -27.821803, 153.304605 -27.817289, 153.299529 -27.8173, 153.299541 -27.821814, 153.304618 -27.821803))",8c293a52745057c4
1059_13846,0.25,"POLYGON ((153.304605 -27.817289, 153.304593 -27.812775, 153.299516 -27.812786, 153.299529 -27.8173, 153.304605 -27.817289))",8c293a52745057c4
1059_13847,0.25,"POLYGON ((153.304593 -27.812775, 153.30458 -27.808261, 153.299504 -27.808273, 153.299516 -27.812786, 153.304593 -27.812775))",8c293a52745057c4
1059_13848,0.25,"POLYGON ((153.30458 -27.808261, 153.304567 -27.803748, 153.299491 -27.803759, 153.299504 -27.808273, 153.30458 -27.808261))",8c293a52745057c4
1059_13849,0.25,"POLYGON ((153.304567 -27.803748, 153.304555 -27.799234, 153.299479 -27.799245, 153.299491 -27.803759, 153.304567 -27.803748))",8c293a52745057c4
1059_13850,0.25,"POLYGON ((153.304555 -27.799234, 153.304542 -27.79472, 153.299467 -27.794731, 153.299479 -27.799245, 153.304555 -27.799234))",8c293a52745057c4
1059_13851,0.25,"POLYGON ((153.304542 -27.79472, 153.30453 -27.790207, 153.299454 -27.790218, 153.299467 -27.794731, 153.304542 -27.79472))",8c293a52745057c4
1059_13852,0.25,"POLYGON ((153.30453 -27.790207, 153.304517 -27.785693, 153.299442 -27.785704, 153.299454 -27.790218, 153.30453 -27.790207))",8c293a52745057c4
1059_13853,0.25,"POLYGON ((153.304517 -27.785693, 153.304505 -27.781179, 153.29943 -27.78119, 153.299442 -27.785704, 153.304517 -27.785693))",8c293a52745057c4
1059_13854,0.25,"POLYGON ((153.304505 -27.781179, 153.304492 -27.776665, 153.299417 -27.776676, 153.29943 -27.78119, 153.304505 -27.781179))",8c293a52745057c4
1059_13855,0.25,"POLYGON ((153.304492 -27.776665, 153.304479 -27.772152, 153.299405 -27.772163, 153.299417 -27.776676, 153.304492 -27.776665))",8c293a52745057c4
1059_13856,0.25,"POLYGON ((153.304479 -27.772152, 153.304467 -27.767638, 153.299392 -27.767649, 153.299405 -27.772163, 153.304479 -27.772152))",8c293a52745057c4
1059_13857,0.25,"POLYGON ((153.304467 -27.767638, 153.304454 -27.763124, 153.29938 -27.763135, 153.299392 -27.767649, 153.304467 -27.767638))",8c293a52745057c4
1059_13858,0.25,"POLYGON ((153.304454 -27.763124, 153.304442 -27.75861, 153.299368 -27.758621, 153.29938 -27.763135, 153.304454 -27.763124))",8c293a52745057c4
1059_13859,0.25,"POLYGON ((153.304442 -27.75861, 153.304429 -27.754097, 153.299355 -27.754108, 153.299368 -27.758621, 153.304442 -27.75861))",8c293a52745057c4
1059_13860,0.25,"POLYGON ((153.304429 -27.754097, 153.304417 -27.749583, 153.299343 -27.749594, 153.299355 -27.754108, 153.304429 -27.754097))",8c293a52745057c4
1059_13861,0.25,"POLYGON ((153.304417 -27.749583, 153.304404 -27.745069, 153.299331 -27.74508, 153.299343 -27.749594, 153.304417 -27.749583))",8c293a52745057c4
1059_13862,0.25,"POLYGON ((153.304404 -27.745069, 153.304392 -27.740555, 153.299318 -27.740566, 153.299331 -27.74508, 153.304404 -27.745069))",8c293a52745057c4
1059_13863,0.25,"POLYGON ((153.304392 -27.740555, 153.304379 -27.736042, 153.299306 -27.736053, 153.299318 -27.740566, 153.304392 -27.740555))",8c293a52745057c4
1059_13864,0.25,"POLYGON ((153.304379 -27.736042, 153.304366 -27.731528, 153.299294 -27.731539, 153.299306 -27.736053, 153.304379 -27.736042))",8c293a52745057c4
1059_13865,0.25,"POLYGON ((153.304366 -27.731528, 153.304354 -27.727014, 153.299281 -27.727025, 153.299294 -27.731539, 153.304366 -27.731528))",8c293a52745057c4
1059_13866,0.25,"POLYGON ((153.304354 -27.727014, 153.304341 -27.7225, 153.299269 -27.722511, 153.299281 -27.727025, 153.304354 -27.727014))",8c293a52745057c4
1059_13867,0.25,"POLYGON ((153.304341 -27.7225, 153.304329 -27.717987, 153.299257 -27.717998, 153.299269 -27.722511, 153.304341 -27.7225))",8c293a52745057c4
1059_13868,0.25,"POLYGON ((153.304329 -27.717987, 153.304316 -27.713473, 153.299244 -27.713484, 153.299257 -27.717998, 153.304329 -27.717987))",8c293a52745057c4
1059_13869,0.2299303628808625,"POLYGON ((153.304316 -27.713473, 153.304304 -27.708959, 153.299232 -27.70897, 153.299244 -27.713484, 153.304316 -27.713473))",8c293a52745057c4
1059_13870,0.03013305511430646,"POLYGON ((153.304304 -27.708959, 153.304291 -27.704445, 153.29922 -27.704456, 153.299232 -27.70897, 153.304304 -27.708959))",8c293a52745057c4
1060_13752,0.07398497387721181,"POLYGON ((153.310899 -28.241552, 153.310886 -28.237039, 153.305789 -28.237051, 153.305802 -28.241564, 153.310899 -28.241552))",8c293a52745057c4
1060_13753,0.25,"POLYGON ((153.310886 -28.237039, 153.310873 -28.232526, 153.305776 -28.232537, 153.305789 -28.237051, 153.310886 -28.237039))",8c293a52745057c4
1060_13754,0.25,"POLYGON ((153.310873 -28.232526, 153.31086 -28.228012, 153.305764 -28.228024, 153.305776 -28.232537, 153.310873 -28.232526))",8c293a52745057c4
1060_13755,0.25,"POLYGON ((153.31086 -28.228012, 153.310846 -28.223499, 153.305751 -28.22351, 153.305764 -28.228024, 153.31086 -28.228012))",8c293a52745057c4
1060_13756,0.25,"POLYGON ((153.310846 -28.223499, 153.310833 -28.218985, 153.305738 -28.218997, 153.305751 -28.22351, 153.310846 -28.223499))",8c293a52745057c4
1060_13757,0.25,"POLYGON ((153.310833 -28.218985, 153.31082 -28.214472, 153.305725 -28.214483, 153.305738 -28.218997, 153.310833 -28.218985))",8c293a52745057c4
1060_13758,0.25,"POLYGON ((153.31082 -28.214472, 153.310807 -28.209958, 153.305712 -28.20997, 153.305725 -28.214483, 153.31082 -28.214472))",8c293a52745057c4
1060_13759,0.25,"POLYGON ((153.310807 -28.209958, 153.310794 -28.205445, 153.305699 -28.205456, 153.305712 -28.20997, 153.310807 -28.209958))",8c293a52745057c4
1060_13760,0.25,"POLYGON ((153.310794 -28.205445, 153.310781 -28.200932, 153.305686 -28.200943, 153.305699 -28.205456, 153.310794 -28.205445))",8c293a52745057c4
1060_13761,0.25,"POLYGON ((153.310781 -28.200932, 153.310768 -28.196418, 153.305674 -28.19643, 153.305686 -28.200943, 153.310781 -28.200932))",8c293a52745057c4
1060_13762,0.25,"POLYGON ((153.310768 -28.196418, 153.310755 -28.191905, 153.305661 -28.191916, 153.305674 -28.19643, 153.310768 -28.196418))",8c293a52745057c4
1060_13763,0.25,"POLYGON ((153.310755 -28.191905, 153.310742 -28.187391, 153.305648 -28.187403, 153.305661 -28.191916, 153.310755 -28.191905))",8c293a52745057c4
1060_13764,0.25,"POLYGON ((153.310742 -28.187391, 153.310729 -28.182878, 153.305635 -28.182889, 153.305648 -28.187403, 153.310742 -28.187391))",8c293a52745057c4
1060_13765,0.25,"POLYGON ((153.310729 -28.182878, 153.310716 -28.178364, 153.305622 -28.178376, 153.305635 -28.182889, 153.310729 -28.182878))",8c293a52745057c4
1060_13766,0.25,"POLYGON ((153.310716 -28.178364, 153.310703 -28.173851, 153.305609 -28.173862, 153.305622 -28.178376, 153.310716 -28.178364))",8c293a52745057c4
1060_13767,0.25,"POLYGON ((153.310703 -28.173851, 153.31069 -28.169337, 153.305597 -28.169349, 153.305609 -28.173862, 153.310703 -28.173851))",8c293a52745057c4
1060_13768,0.25,"POLYGON ((153.31069 -28.169337, 153.310677 -28.164824, 153.305584 -28.164835, 153.305597 -28.169349, 153.31069 -28.169337))",8c293a52745057c4
1060_13769,0.25,"POLYGON ((153.310677 -28.164824, 153.310664 -28.16031, 153.305571 -28.160322, 153.305584 -28.164835, 153.310677 -28.164824))",8c293a52745057c4
1060_13770,0.25,"POLYGON ((153.310664 -28.16031, 153.310651 -28.155797, 153.305558 -28.155808, 153.305571 -28.160322, 153.310664 -28.16031))",8c293a52745057c4
1060_13771,0.25,"POLYGON ((153.310651 -28.155797, 153.310638 -28.151283, 153.305545 -28.151295, 153.305558 -28.155808, 153.310651 -28.155797))",8c293a52745057c4
1060_13772,0.25,"POLYGON ((153.310638 -28.151283, 153.310625 -28.14677, 153.305532 -28.146781, 153.305545 -28.151295, 153.310638 -28.151283))",8c293a52745057c4
1060_13773,0.25,"POLYGON ((153.310625 -28.14677, 153.310612 -28.142256, 153.30552 -28.142268, 153.305532 -28.146781, 153.310625 -28.14677))",8c293a52745057c4
1060_13774,0.25,"POLYGON ((153.310612 -28.142256, 153.310599 -28.137743, 153.305507 -28.137754, 153.30552 -28.142268, 153.310612 -28.142256))",8c293a52745057c4
1060_13775,0.25,"POLYGON ((153.310599 -28.137743, 153.310586 -28.133229, 153.305494 -28.133241, 153.305507 -28.137754, 153.310599 -28.137743))",8c293a52745057c4
1060_13776,0.25,"POLYGON ((153.310586 -28.133229, 153.310573 -28.128716, 153.305481 -28.128727, 153.305494 -28.133241, 153.310586 -28.133229))",8c293a52745057c4
1060_13777,0.25,"POLYGON ((153.310573 -28.128716, 153.31056 -28.124202, 153.305468 -28.124214, 153.305481 -28.128727, 153.310573 -28.128716))",8c293a52745057c4
1060_13778,0.25,"POLYGON ((153.31056 -28.124202, 153.310547 -28.119689, 153.305456 -28.1197, 153.305468 -28.124214, 153.31056 -28.124202))",8c293a52745057c4
1060_13779,0.25,"POLYGON ((153.310547 -28.119689, 153.310534 -28.115175, 153.305443 -28.115187, 153.305456 -28.1197, 153.310547 -28.119689))",8c293a52745057c4
1060_13780,0.25,"POLYGON ((153.310534 -28.115175, 153.310521 -28.110662, 153.30543 -28.110673, 153.305443 -28.115187, 153.310534 -28.115175))",8c293a52745057c4
1060_13781,0.25,"POLYGON ((153.310521 -28.110662, 153.310508 -28.106148, 153.305417 -28.10616, 153.30543 -28.110673, 153.310521 -28.110662))",8c293a52745057c4
1060_13782,0.25,"POLYGON ((153.310508 -28.106148, 153.310495 -28.101635, 153.305405 -28.101646, 153.305417 -28.10616, 153.310508 -28.106148))",8c293a52745057c4
1060_13783,0.25,"POLYGON ((153.310495 -28.101635, 153.310482 -28.097121, 153.305392 -28.097133, 153.305405 -28.101646, 153.310495 -28.101635))",8c293a52745057c4
1060_13784,0.25,"POLYGON ((153.310482 -28.097121, 153.310469 -28.092608, 153.305379 -28.092619, 153.305392 -28.097133, 153.310482 -28.097121))",8c293a52745057c4
1060_13785,0.25,"POLYGON ((153.310469 -28.092608, 153.310456 -28.088094, 153.305366 -28.088106, 153.305379 -28.092619, 153.310469 -28.092608))",8c293a52745057c4
1060_13786,0.25,"POLYGON ((153.310456 -28.088094, 153.310443 -28.083581, 153.305353 -28.083592, 153.305366 -28.088106, 153.310456 -28.088094))",8c293a52745057c4
1060_13787,0.25,"POLYGON ((153.310443 -28.083581, 153.31043 -28.079067, 153.305341 -28.079079, 153.305353 -28.083592, 153.310443 -28.083581))",8c293a52745057c4
1060_13788,0.25,"POLYGON ((153.31043 -28.079067, 153.310417 -28.074554, 153.305328 -28.074565, 153.305341 -28.079079, 153.31043 -28.079067))",8c293a52745057c4
1060_13789,0.25,"POLYGON ((153.310417 -28.074554, 153.310404 -28.07004, 153.305315 -28.070052, 153.305328 -28.074565, 153.310417 -28.074554))",8c293a52745057c4
1060_13790,0.25,"POLYGON ((153.310404 -28.07004, 153.310391 -28.065527, 153.305302 -28.065538, 153.305315 -28.070052, 153.310404 -28.07004))",8c293a52745057c4
1060_13791,0.25,"POLYGON ((153.310391 -28.065527, 153.310378 -28.061013, 153.30529 -28.061025, 153.305302 -28.065538, 153.310391 -28.065527))",8c293a52745057c4
1060_13792,0.25,"POLYGON ((153.310378 -28.061013, 153.310365 -28.0565, 153.305277 -28.056511, 153.30529 -28.061025, 153.310378 -28.061013))",8c293a52745057c4
1060_13793,0.25,"POLYGON ((153.310365 -28.0565, 153.310352 -28.051986, 153.305264 -28.051997, 153.305277 -28.056511, 153.310365 -28.0565))",8c293a52745057c4
1060_13794,0.25,"POLYGON ((153.310352 -28.051986, 153.310339 -28.047472, 153.305251 -28.047484, 153.305264 -28.051997, 153.310352 -28.051986))",8c293a52745057c4
1060_13795,0.25,"POLYGON ((153.310339 -28.047472, 153.310326 -28.042959, 153.305239 -28.04297, 153.305251 -28.047484, 153.310339 -28.047472))",8c293a52745057c4
1060_13796,0.25,"POLYGON ((153.310326 -28.042959, 153.310313 -28.038445, 153.305226 -28.038457, 153.305239 -28.04297, 153.310326 -28.042959))",8c293a52745057c4
1060_13797,0.25,"POLYGON ((153.310313 -28.038445, 153.3103 -28.033932, 153.305213 -28.033943, 153.305226 -28.038457, 153.310313 -28.038445))",8c293a52745057c4
1060_13798,0.25,"POLYGON ((153.3103 -28.033932, 153.310287 -28.029418, 153.3052 -28.02943, 153.305213 -28.033943, 153.3103 -28.033932))",8c293a52745057c4
1060_13799,0.25,"POLYGON ((153.310287 -28.029418, 153.310274 -28.024905, 153.305188 -28.024916, 153.3052 -28.02943, 153.310287 -28.029418))",8c293a52745057c4
1060_13800,0.25,"POLYGON ((153.310274 -28.024905, 153.310261 -28.020391, 153.305175 -28.020403, 153.305188 -28.024916, 153.310274 -28.024905))",8c293a52745057c4
1060_13801,0.25,"POLYGON ((153.310261 -28.020391, 153.310248 -28.015878, 153.305162 -28.015889, 153.305175 -28.020403, 153.310261 -28.020391))",8c293a52745057c4
1060_13802,0.25,"POLYGON ((153.310248 -28.015878, 153.310235 -28.011364, 153.30515 -28.011375, 153.305162 -28.015889, 153.310248 -28.015878))",8c293a52745057c4
1060_13803,0.25,"POLYGON ((153.310235 -28.011364, 153.310222 -28.00685, 153.305137 -28.006862, 153.30515 -28.011375, 153.310235 -28.011364))",8c293a52745057c4
1060_13804,0.25,"POLYGON ((153.310222 -28.00685, 153.310209 -28.002337, 153.305124 -28.002348, 153.305137 -28.006862, 153.310222 -28.00685))",8c293a52745057c4
1060_13805,0.25,"POLYGON ((153.310209 -28.002337, 153.310197 -27.997823, 153.305111 -27.997835, 153.305124 -28.002348, 153.310209 -28.002337))",8c293a52745057c4
1060_13806,0.25,"POLYGON ((153.310197 -27.997823, 153.310184 -27.99331, 153.305099 -27.993321, 153.305111 -27.997835, 153.310197 -27.997823))",8c293a52745057c4
1060_13807,0.25,"POLYGON ((153.310184 -27.99331, 153.310171 -27.988796, 153.305086 -27.988807, 153.305099 -27.993321, 153.310184 -27.99331))",8c293a52745057c4
1060_13808,0.25,"POLYGON ((153.310171 -27.988796, 153.310158 -27.984282, 153.305073 -27.984294, 153.305086 -27.988807, 153.310171 -27.988796))",8c293a52745057c4
1060_13809,0.25,"POLYGON ((153.310158 -27.984282, 153.310145 -27.979769, 153.305061 -27.97978, 153.305073 -27.984294, 153.310158 -27.984282))",8c293a52745057c4
1060_13810,0.25,"POLYGON ((153.310145 -27.979769, 153.310132 -27.975255, 153.305048 -27.975267, 153.305061 -27.97978, 153.310145 -27.979769))",8c293a52745057c4
1060_13811,0.25,"POLYGON ((153.310132 -27.975255, 153.310119 -27.970742, 153.305035 -27.970753, 153.305048 -27.975267, 153.310132 -27.975255))",8c293a52745057c4
1060_13812,0.25,"POLYGON ((153.310119 -27.970742, 153.310106 -27.966228, 153.305022 -27.966239, 153.305035 -27.970753, 153.310119 -27.970742))",8c293a52745057c4
1060_13813,0.25,"POLYGON ((153.310106 -27.966228, 153.310093 -27.961714, 153.30501 -27.961726, 153.305022 -27.966239, 153.310106 -27.966228))",8c293a52745057c4
1060_13814,0.25,"POLYGON ((153.310093 -27.961714, 153.31008 -27.957201, 153.304997 -27.957212, 153.30501 -27.961726, 153.310093 -27.961714))",8c293a52745057c4
1060_13815,0.25,"POLYGON ((153.31008 -27.957201, 153.310067 -27.952687, 153.304984 -27.952699, 153.304997 -27.957212, 153.31008 -27.957201))",8c293a52745057c4
1060_13816,0.25,"POLYGON ((153.310067 -27.952687, 153.310055 -27.948174, 153.304972 -27.948185, 153.304984 -27.952699, 153.310067 -27.952687))",8c293a52745057c4
1060_13817,0.25,"POLYGON ((153.310055 -27.948174, 153.310042 -27.94366, 153.304959 -27.943671, 153.304972 -27.948185, 153.310055 -27.948174))",8c293a52745057c4
1060_13818,0.25,"POLYGON ((153.310042 -27.94366, 153.310029 -27.939146, 153.304946 -27.939158, 153.304959 -27.943671, 153.310042 -27.94366))",8c293a52745057c4
1060_13819,0.25,"POLYGON ((153.310029 -27.939146, 153.310016 -27.934633, 153.304934 -27.934644, 153.304946 -27.939158, 153.310029 -27.939146))",8c293a52745057c4
1060_13820,0.25,"POLYGON ((153.310016 -27.934633, 153.310003 -27.930119, 153.304921 -27.930131, 153.304934 -27.934644, 153.310016 -27.934633))",8c293a52745057c4
1060_13821,0.25,"POLYGON ((153.310003 -27.930119, 153.30999 -27.925606, 153.304908 -27.925617, 153.304921 -27.930131, 153.310003 -27.930119))",8c293a52745057c4
1060_13822,0.25,"POLYGON ((153.30999 -27.925606, 153.309977 -27.921092, 153.304896 -27.921103, 153.304908 -27.925617, 153.30999 -27.925606))",8c293a52745057c4
1060_13823,0.25,"POLYGON ((153.309977 -27.921092, 153.309964 -27.916578, 153.304883 -27.91659, 153.304896 -27.921103, 153.309977 -27.921092))",8c293a52745057c4
1060_13824,0.25,"POLYGON ((153.309964 -27.916578, 153.309951 -27.912065, 153.30487 -27.912076, 153.304883 -27.91659, 153.309964 -27.916578))",8c293a52745057c4
1060_13825,0.25,"POLYGON ((153.309951 -27.912065, 153.309939 -27.907551, 153.304858 -27.907562, 153.30487 -27.912076, 153.309951 -27.912065))",8c293a52745057c4
1060_13826,0.25,"POLYGON ((153.309939 -27.907551, 153.309926 -27.903037, 153.304845 -27.903049, 153.304858 -27.907562, 153.309939 -27.907551))",8c293a52745057c4
1060_13827,0.25,"POLYGON ((153.309926 -27.903037, 153.309913 -27.898524, 153.304832 -27.898535, 153.304845 -27.903049, 153.309926 -27.903037))",8c293a52745057c4
1060_13828,0.25,"POLYGON ((153.309913 -27.898524, 153.3099 -27.89401, 153.30482 -27.894021, 153.304832 -27.898535, 153.309913 -27.898524))",8c293a52745057c4
1060_13829,0.25,"POLYGON ((153.3099 -27.89401, 153.309887 -27.889496, 153.304807 -27.889508, 153.30482 -27.894021, 153.3099 -27.89401))",8c293a52745057c4
1060_13830,0.25,"POLYGON ((153.309887 -27.889496, 153.309874 -27.884983, 153.304794 -27.884994, 153.304807 -27.889508, 153.309887 -27.889496))",8c293a52745057c4
1060_13831,0.25,"POLYGON ((153.309874 -27.884983, 153.309861 -27.880469, 153.304782 -27.88048, 153.304794 -27.884994, 153.309874 -27.884983))",8c293a52745057c4
1060_13832,0.25,"POLYGON ((153.309861 -27.880469, 153.309849 -27.875955, 153.304769 -27.875967, 153.304782 -27.88048, 153.309861 -27.880469))",8c293a52745057c4
1060_13833,0.25,"POLYGON ((153.309849 -27.875955, 153.309836 -27.871442, 153.304757 -27.871453, 153.304769 -27.875967, 153.309849 -27.875955))",8c293a52745057c4
1060_13834,0.25,"POLYGON ((153.309836 -27.871442, 153.309823 -27.866928, 153.304744 -27.866939, 153.304757 -27.871453, 153.309836 -27.871442))",8c293a52745057c4
1060_13835,0.25,"POLYGON ((153.309823 -27.866928, 153.30981 -27.862414, 153.304731 -27.862426, 153.304744 -27.866939, 153.309823 -27.866928))",8c293a52745057c4
1060_13836,0.25,"POLYGON ((153.30981 -27.862414, 153.309797 -27.857901, 153.304719 -27.857912, 153.304731 -27.862426, 153.30981 -27.862414))",8c293a52745057c4
1060_13837,0.25,"POLYGON ((153.309797 -27.857901, 153.309784 -27.853387, 153.304706 -27.853398, 153.304719 -27.857912, 153.309797 -27.857901))",8c293a52745057c4
1060_13838,0.25,"POLYGON ((153.309784 -27.853387, 153.309772 -27.848873, 153.304693 -27.848885, 153.304706 -27.853398, 153.309784 -27.853387))",8c293a52745057c4
1060_13839,0.25,"POLYGON ((153.309772 -27.848873, 153.309759 -27.84436, 153.304681 -27.844371, 153.304693 -27.848885, 153.309772 -27.848873))",8c293a52745057c4
1060_13840,0.25,"POLYGON ((153.309759 -27.84436, 153.309746 -27.839846, 153.304668 -27.839857, 153.304681 -27.844371, 153.309759 -27.84436))",8c293a52745057c4
1060_13841,0.25,"POLYGON ((153.309746 -27.839846, 153.309733 -27.835332, 153.304656 -27.835344, 153.304668 -27.839857, 153.309746 -27.839846))",8c293a52745057c4
1060_13842,0.25,"POLYGON ((153.309733 -27.835332, 153.30972 -27.830819, 153.304643 -27.83083, 153.304656 -27.835344, 153.309733 -27.835332))",8c293a52745057c4
1060_13843,0.25,"POLYGON ((153.30972 -27.830819, 153.309708 -27.826305, 153.30463 -27.826316, 153.304643 -27.83083, 153.30972 -27.830819))",8c293a52745057c4
1060_13844,0.25,"POLYGON ((153.309708 -27.826305, 153.309695 -27.821791, 153.304618 -27.821803, 153.30463 -27.826316, 153.309708 -27.826305))",8c293a52745057c4
1060_13845,0.25,"POLYGON ((153.309695 -27.821791, 153.309682 -27.817278, 153.304605 -27.817289, 153.304618 -27.821803, 153.309695 -27.821791))",8c293a52745057c4
1060_13846,0.25,"POLYGON ((153.309682 -27.817278, 153.309669 -27.812764, 153.304593 -27.812775, 153.304605 -27.817289, 153.309682 -27.817278))",8c293a52745057c4
1060_13847,0.25,"POLYGON ((153.309669 -27.812764, 153.309656 -27.80825, 153.30458 -27.808261, 153.304593 -27.812775, 153.309669 -27.812764))",8c293a52745057c4
1060_13848,0.25,"POLYGON ((153.309656 -27.80825, 153.309644 -27.803736, 153.304567 -27.803748, 153.30458 -27.808261, 153.309656 -27.80825))",8c293a52745057c4
1060_13849,0.25,"POLYGON ((153.309644 -27.803736, 153.309631 -27.799223, 153.304555 -27.799234, 153.304567 -27.803748, 153.309644 -27.803736))",8c293a52745057c4
1060_13850,0.25,"POLYGON ((153.309631 -27.799223, 153.309618 -27.794709, 153.304542 -27.79472, 153.304555 -27.799234, 153.309631 -27.799223))",8c293a52745057c4
1060_13851,0.25,"POLYGON ((153.309618 -27.794709, 153.309605 -27.790195, 153.30453 -27.790207, 153.304542 -27.79472, 153.309618 -27.794709))",8c293a52745057c4
1060_13852,0.25,"POLYGON ((153.309605 -27.790195, 153.309592 -27.785682, 153.304517 -27.785693, 153.30453 -27.790207, 153.309605 -27.790195))",8c293a52745057c4
1060_13853,0.25,"POLYGON ((153.309592 -27.785682, 153.30958 -27.781168, 153.304505 -27.781179, 153.304517 -27.785693, 153.309592 -27.785682))",8c293a52745057c4
1060_13854,0.25,"POLYGON ((153.30958 -27.781168, 153.309567 -27.776654, 153.304492 -27.776665, 153.304505 -27.781179, 153.30958 -27.781168))",8c293a52745057c4
1060_13855,0.25,"POLYGON ((153.309567 -27.776654, 153.309554 -27.77214, 153.304479 -27.772152, 153.304492 -27.776665, 153.309567 -27.776654))",8c293a52745057c4
1060_13856,0.25,"POLYGON ((153.309554 -27.77214, 153.309541 -27.767627, 153.304467 -27.767638, 153.304479 -27.772152, 153.309554 -27.77214))",8c293a52745057c4
1060_13857,0.25,"POLYGON ((153.309541 -27.767627, 153.309528 -27.763113, 153.304454 -27.763124, 153.304467 -27.767638, 153.309541 -27.767627))",8c293a52745057c4
1060_13858,0.25,"POLYGON ((153.309528 -27.763113, 153.309516 -27.758599, 153.304442 -27.75861, 153.304454 -27.763124, 153.309528 -27.763113))",8c293a52745057c4
1060_13859,0.25,"POLYGON ((153.309516 -27.758599, 153.309503 -27.754085, 153.304429 -27.754097, 153.304442 -27.75861, 153.309516 -27.758599))",8c293a52745057c4
1060_13860,0.25,"POLYGON ((153.309503 -27.754085, 153.30949 -27.749572, 153.304417 -27.749583, 153.304429 -27.754097, 153.309503 -27.754085))",8c293a52745057c4
1060_13861,0.25,"POLYGON ((153.30949 -27.749572, 153.309477 -27.745058, 153.304404 -27.745069, 153.304417 -27.749583, 153.30949 -27.749572))",8c293a52745057c4
1060_13862,0.25,"POLYGON ((153.309477 -27.745058, 153.309465 -27.740544, 153.304392 -27.740555, 153.304404 -27.745069, 153.309477 -27.745058))",8c293a52745057c4
1060_13863,0.25,"POLYGON ((153.309465 -27.740544, 153.309452 -27.73603, 153.304379 -27.736042, 153.304392 -27.740555, 153.309465 -27.740544))",8c293a52745057c4
1060_13864,0.25,"POLYGON ((153.309452 -27.73603, 153.309439 -27.731517, 153.304366 -27.731528, 153.304379 -27.736042, 153.309452 -27.73603))",8c293a52745057c4
1060_13865,0.25,"POLYGON ((153.309439 -27.731517, 153.309426 -27.727003, 153.304354 -27.727014, 153.304366 -27.731528, 153.309439 -27.731517))",8c293a52745057c4
1060_13866,0.25,"POLYGON ((153.309426 -27.727003, 153.309414 -27.722489, 153.304341 -27.7225, 153.304354 -27.727014, 153.309426 -27.727003))",8c293a52745057c4
1060_13867,0.25,"POLYGON ((153.309414 -27.722489, 153.309401 -27.717975, 153.304329 -27.717987, 153.304341 -27.7225, 153.309414 -27.722489))",8c293a52745057c4
1060_13868,0.25,"POLYGON ((153.309401 -27.717975, 153.309388 -27.713462, 153.304316 -27.713473, 153.304329 -27.717987, 153.309401 -27.717975))",8c293a52745057c4
1060_13869,0.16559226265743013,"POLYGON ((153.309388 -27.713462, 153.309375 -27.708948, 153.304304 -27.708959, 153.304316 -27.713473, 153.309388 -27.713462))",8c293a52745057c4
1061_13752,0.024671304302006297,"POLYGON ((153.315995 -28.241541, 153.315982 -28.237027, 153.310886 -28.237039, 153.310899 -28.241552, 153.315995 -28.241541))",8c293a52745057c4
1061_13753,0.25,"POLYGON ((153.315982 -28.237027, 153.315969 -28.232514, 153.310873 -28.232526, 153.310886 -28.237039, 153.315982 -28.237027))",8c293a52745057c4
1061_13754,0.25,"POLYGON ((153.315969 -28.232514, 153.315956 -28.228, 153.31086 -28.228012, 153.310873 -28.232526, 153.315969 -28.232514))",8c293a52745057c4
1061_13755,0.25,"POLYGON ((153.315956 -28.228, 153.315942 -28.223487, 153.310846 -28.223499, 153.31086 -28.228012, 153.315956 -28.228))",8c293a52745057c4
1061_13756,0.25,"POLYGON ((153.315942 -28.223487, 153.315929 -28.218974, 153.310833 -28.218985, 153.310846 -28.223499, 153.315942 -28.223487))",8c293a52745057c4
1061_13757,0.25,"POLYGON ((153.315929 -28.218974, 153.315916 -28.21446, 153.31082 -28.214472, 153.310833 -28.218985, 153.315929 -28.218974))",8c293a52745057c4
1061_13758,0.25,"POLYGON ((153.315916 -28.21446, 153.315902 -28.209947, 153.310807 -28.209958, 153.31082 -28.214472, 153.315916 -28.21446))",8c293a52745057c4
1061_13759,0.25,"POLYGON ((153.315902 -28.209947, 153.315889 -28.205433, 153.310794 -28.205445, 153.310807 -28.209958, 153.315902 -28.209947))",8c293a52745057c4
1061_13760,0.25,"POLYGON ((153.315889 -28.205433, 153.315876 -28.20092, 153.310781 -28.200932, 153.310794 -28.205445, 153.315889 -28.205433))",8c293a52745057c4
1061_13761,0.25,"POLYGON ((153.315876 -28.20092, 153.315863 -28.196406, 153.310768 -28.196418, 153.310781 -28.200932, 153.315876 -28.20092))",8c293a52745057c4
1061_13762,0.25,"POLYGON ((153.315863 -28.196406, 153.315849 -28.191893, 153.310755 -28.191905, 153.310768 -28.196418, 153.315863 -28.196406))",8c293a52745057c4
1061_13763,0.25,"POLYGON ((153.315849 -28.191893, 153.315836 -28.187379, 153.310742 -28.187391, 153.310755 -28.191905, 153.315849 -28.191893))",8c293a52745057c4
1061_13764,0.25,"POLYGON ((153.315836 -28.187379, 153.315823 -28.182866, 153.310729 -28.182878, 153.310742 -28.187391, 153.315836 -28.187379))",8c293a52745057c4
1061_13765,0.25,"POLYGON ((153.315823 -28.182866, 153.31581 -28.178353, 153.310716 -28.178364, 153.310729 -28.182878, 153.315823 -28.182866))",8c293a52745057c4
1061_13766,0.25,"POLYGON ((153.31581 -28.178353, 153.315796 -28.173839, 153.310703 -28.173851, 153.310716 -28.178364, 153.31581 -28.178353))",8c293a52745057c4
1061_13767,0.25,"POLYGON ((153.315796 -28.173839, 153.315783 -28.169326, 153.31069 -28.169337, 153.310703 -28.173851, 153.315796 -28.173839))",8c293a52745057c4
1061_13768,0.25,"POLYGON ((153.315783 -28.169326, 153.31577 -28.164812, 153.310677 -28.164824, 153.31069 -28.169337, 153.315783 -28.169326))",8c293a52745057c4
1061_13769,0.25,"POLYGON ((153.31577 -28.164812, 153.315757 -28.160299, 153.310664 -28.16031, 153.310677 -28.164824, 153.31577 -28.164812))",8c293a52745057c4
1061_13770,0.25,"POLYGON ((153.315757 -28.160299, 153.315743 -28.155785, 153.310651 -28.155797, 153.310664 -28.16031, 153.315757 -28.160299))",8c293a52745057c4
1061_13771,0.25,"POLYGON ((153.315743 -28.155785, 153.31573 -28.151272, 153.310638 -28.151283, 153.310651 -28.155797, 153.315743 -28.155785))",8c293a52745057c4
1061_13772,0.25,"POLYGON ((153.31573 -28.151272, 153.315717 -28.146758, 153.310625 -28.14677, 153.310638 -28.151283, 153.31573 -28.151272))",8c293a52745057c4
1061_13773,0.25,"POLYGON ((153.315717 -28.146758, 153.315704 -28.142245, 153.310612 -28.142256, 153.310625 -28.14677, 153.315717 -28.146758))",8c293a52745057c4
1061_13774,0.25,"POLYGON ((153.315704 -28.142245, 153.31569 -28.137731, 153.310599 -28.137743, 153.310612 -28.142256, 153.315704 -28.142245))",8c293a52745057c4
1061_13775,0.25,"POLYGON ((153.31569 -28.137731, 153.315677 -28.133218, 153.310586 -28.133229, 153.310599 -28.137743, 153.31569 -28.137731))",8c293a52745057c4
1061_13776,0.25,"POLYGON ((153.315677 -28.133218, 153.315664 -28.128704, 153.310573 -28.128716, 153.310586 -28.133229, 153.315677 -28.133218))",8c293a52745057c4
1061_13777,0.25,"POLYGON ((153.315664 -28.128704, 153.315651 -28.124191, 153.31056 -28.124202, 153.310573 -28.128716, 153.315664 -28.128704))",8c293a52745057c4
1061_13778,0.25,"POLYGON ((153.315651 -28.124191, 153.315637 -28.119677, 153.310547 -28.119689, 153.31056 -28.124202, 153.315651 -28.124191))",8c293a52745057c4
1061_13779,0.25,"POLYGON ((153.315637 -28.119677, 153.315624 -28.115164, 153.310534 -28.115175, 153.310547 -28.119689, 153.315637 -28.119677))",8c293a52745057c4
1061_13780,0.25,"POLYGON ((153.315624 -28.115164, 153.315611 -28.11065, 153.310521 -28.110662, 153.310534 -28.115175, 153.315624 -28.115164))",8c293a52745057c4
1061_13781,0.25,"POLYGON ((153.315611 -28.11065, 153.315598 -28.106137, 153.310508 -28.106148, 153.310521 -28.110662, 153.315611 -28.11065))",8c293a52745057c4
1061_13782,0.25,"POLYGON ((153.315598 -28.106137, 153.315585 -28.101623, 153.310495 -28.101635, 153.310508 -28.106148, 153.315598 -28.106137))",8c293a52745057c4
1061_13783,0.25,"POLYGON ((153.315585 -28.101623, 153.315571 -28.09711, 153.310482 -28.097121, 153.310495 -28.101635, 153.315585 -28.101623))",8c293a52745057c4
1061_13784,0.25,"POLYGON ((153.315571 -28.09711, 153.315558 -28.092596, 153.310469 -28.092608, 153.310482 -28.097121, 153.315571 -28.09711))",8c293a52745057c4
1061_13785,0.25,"POLYGON ((153.315558 -28.092596, 153.315545 -28.088083, 153.310456 -28.088094, 153.310469 -28.092608, 153.315558 -28.092596))",8c293a52745057c4
1061_13786,0.25,"POLYGON ((153.315545 -28.088083, 153.315532 -28.083569, 153.310443 -28.083581, 153.310456 -28.088094, 153.315545 -28.088083))",8c293a52745057c4
1061_13787,0.25,"POLYGON ((153.315532 -28.083569, 153.315519 -28.079056, 153.31043 -28.079067, 153.310443 -28.083581, 153.315532 -28.083569))",8c293a52745057c4
1061_13788,0.25,"POLYGON ((153.315519 -28.079056, 153.315505 -28.074542, 153.310417 -28.074554, 153.31043 -28.079067, 153.315519 -28.079056))",8c293a52745057c4
1061_13789,0.25,"POLYGON ((153.315505 -28.074542, 153.315492 -28.070029, 153.310404 -28.07004, 153.310417 -28.074554, 153.315505 -28.074542))",8c293a52745057c4
1061_13790,0.25,"POLYGON ((153.315492 -28.070029, 153.315479 -28.065515, 153.310391 -28.065527, 153.310404 -28.07004, 153.315492 -28.070029))",8c293a52745057c4
1061_13791,0.25,"POLYGON ((153.315479 -28.065515, 153.315466 -28.061002, 153.310378 -28.061013, 153.310391 -28.065527, 153.315479 -28.065515))",8c293a52745057c4
1061_13792,0.25,"POLYGON ((153.315466 -28.061002, 153.315453 -28.056488, 153.310365 -28.0565, 153.310378 -28.061013, 153.315466 -28.061002))",8c293a52745057c4
1061_13793,0.25,"POLYGON ((153.315453 -28.056488, 153.315439 -28.051974, 153.310352 -28.051986, 153.310365 -28.0565, 153.315453 -28.056488))",8c293a52745057c4
1061_13794,0.25,"POLYGON ((153.315439 -28.051974, 153.315426 -28.047461, 153.310339 -28.047472, 153.310352 -28.051986, 153.315439 -28.051974))",8c293a52745057c4
1061_13795,0.25,"POLYGON ((153.315426 -28.047461, 153.315413 -28.042947, 153.310326 -28.042959, 153.310339 -28.047472, 153.315426 -28.047461))",8c293a52745057c4
1061_13796,0.25,"POLYGON ((153.315413 -28.042947, 153.3154 -28.038434, 153.310313 -28.038445, 153.310326 -28.042959, 153.315413 -28.042947))",8c293a52745057c4
1061_13797,0.25,"POLYGON ((153.3154 -28.038434, 153.315387 -28.03392, 153.3103 -28.033932, 153.310313 -28.038445, 153.3154 -28.038434))",8c293a52745057c4
1061_13798,0.25,"POLYGON ((153.315387 -28.03392, 153.315374 -28.029407, 153.310287 -28.029418, 153.3103 -28.033932, 153.315387 -28.03392))",8c293a52745057c4
1061_13799,0.25,"POLYGON ((153.315374 -28.029407, 153.315361 -28.024893, 153.310274 -28.024905, 153.310287 -28.029418, 153.315374 -28.029407))",8c293a52745057c4
1061_13800,0.25,"POLYGON ((153.315361 -28.024893, 153.315347 -28.02038, 153.310261 -28.020391, 153.310274 -28.024905, 153.315361 -28.024893))",8c293a52745057c4
1061_13801,0.25,"POLYGON ((153.315347 -28.02038, 153.315334 -28.015866, 153.310248 -28.015878, 153.310261 -28.020391, 153.315347 -28.02038))",8c293a52745057c4
1061_13802,0.25,"POLYGON ((153.315334 -28.015866, 153.315321 -28.011352, 153.310235 -28.011364, 153.310248 -28.015878, 153.315334 -28.015866))",8c293a52745057c4
1061_13803,0.25,"POLYGON ((153.315321 -28.011352, 153.315308 -28.006839, 153.310222 -28.00685, 153.310235 -28.011364, 153.315321 -28.011352))",8c293a52745057c4
1061_13804,0.25,"POLYGON ((153.315308 -28.006839, 153.315295 -28.002325, 153.310209 -28.002337, 153.310222 -28.00685, 153.315308 -28.006839))",8c293a52745057c4
1061_13805,0.25,"POLYGON ((153.315295 -28.002325, 153.315282 -27.997812, 153.310197 -27.997823, 153.310209 -28.002337, 153.315295 -28.002325))",8c293a52745057c4
1061_13806,0.25,"POLYGON ((153.315282 -27.997812, 153.315268 -27.993298, 153.310184 -27.99331, 153.310197 -27.997823, 153.315282 -27.997812))",8c293a52745057c4
1061_13807,0.25,"POLYGON ((153.315268 -27.993298, 153.315255 -27.988785, 153.310171 -27.988796, 153.310184 -27.99331, 153.315268 -27.993298))",8c293a52745057c4
1061_13808,0.25,"POLYGON ((153.315255 -27.988785, 153.315242 -27.984271, 153.310158 -27.984282, 153.310171 -27.988796, 153.315255 -27.988785))",8c293a52745057c4
1061_13809,0.25,"POLYGON ((153.315242 -27.984271, 153.315229 -27.979757, 153.310145 -27.979769, 153.310158 -27.984282, 153.315242 -27.984271))",8c293a52745057c4
1061_13810,0.25,"POLYGON ((153.315229 -27.979757, 153.315216 -27.975244, 153.310132 -27.975255, 153.310145 -27.979769, 153.315229 -27.979757))",8c293a52745057c4
1061_13811,0.25,"POLYGON ((153.315216 -27.975244, 153.315203 -27.97073, 153.310119 -27.970742, 153.310132 -27.975255, 153.315216 -27.975244))",8c293a52745057c4
1061_13812,0.25,"POLYGON ((153.315203 -27.97073, 153.31519 -27.966217, 153.310106 -27.966228, 153.310119 -27.970742, 153.315203 -27.97073))",8c293a52745057c4
1061_13813,0.25,"POLYGON ((153.31519 -27.966217, 153.315177 -27.961703, 153.310093 -27.961714, 153.310106 -27.966228, 153.31519 -27.966217))",8c293a52745057c4
1061_13814,0.25,"POLYGON ((153.315177 -27.961703, 153.315164 -27.957189, 153.31008 -27.957201, 153.310093 -27.961714, 153.315177 -27.961703))",8c293a52745057c4
1061_13815,0.25,"POLYGON ((153.315164 -27.957189, 153.31515 -27.952676, 153.310067 -27.952687, 153.31008 -27.957201, 153.315164 -27.957189))",8c293a52745057c4
1061_13816,0.25,"POLYGON ((153.31515 -27.952676, 153.315137 -27.948162, 153.310055 -27.948174, 153.310067 -27.952687, 153.31515 -27.952676))",8c293a52745057c4
1061_13817,0.25,"POLYGON ((153.315137 -27.948162, 153.315124 -27.943648, 153.310042 -27.94366, 153.310055 -27.948174, 153.315137 -27.948162))",8c293a52745057c4
1061_13818,0.25,"POLYGON ((153.315124 -27.943648, 153.315111 -27.939135, 153.310029 -27.939146, 153.310042 -27.94366, 153.315124 -27.943648))",8c293a52745057c4
1061_13819,0.25,"POLYGON ((153.315111 -27.939135, 153.315098 -27.934621, 153.310016 -27.934633, 153.310029 -27.939146, 153.315111 -27.939135))",8c293a52745057c4
1061_13820,0.25,"POLYGON ((153.315098 -27.934621, 153.315085 -27.930108, 153.310003 -27.930119, 153.310016 -27.934633, 153.315098 -27.934621))",8c293a52745057c4
1061_13821,0.25,"POLYGON ((153.315085 -27.930108, 153.315072 -27.925594, 153.30999 -27.925606, 153.310003 -27.930119, 153.315085 -27.930108))",8c293a52745057c4
1061_13822,0.25,"POLYGON ((153.315072 -27.925594, 153.315059 -27.92108, 153.309977 -27.921092, 153.30999 -27.925606, 153.315072 -27.925594))",8c293a52745057c4
1061_13823,0.25,"POLYGON ((153.315059 -27.92108, 153.315046 -27.916567, 153.309964 -27.916578, 153.309977 -27.921092, 153.315059 -27.92108))",8c293a52745057c4
1061_13824,0.25,"POLYGON ((153.315046 -27.916567, 153.315033 -27.912053, 153.309951 -27.912065, 153.309964 -27.916578, 153.315046 -27.916567))",8c293a52745057c4
1061_13825,0.25,"POLYGON ((153.315033 -27.912053, 153.31502 -27.907539, 153.309939 -27.907551, 153.309951 -27.912065, 153.315033 -27.912053))",8c293a52745057c4
1061_13826,0.25,"POLYGON ((153.31502 -27.907539, 153.315006 -27.903026, 153.309926 -27.903037, 153.309939 -27.907551, 153.31502 -27.907539))",8c293a52745057c4
1061_13827,0.25,"POLYGON ((153.315006 -27.903026, 153.314993 -27.898512, 153.309913 -27.898524, 153.309926 -27.903037, 153.315006 -27.903026))",8c293a52745057c4
1061_13828,0.25,"POLYGON ((153.314993 -27.898512, 153.31498 -27.893999, 153.3099 -27.89401, 153.309913 -27.898524, 153.314993 -27.898512))",8c293a52745057c4
1061_13829,0.25,"POLYGON ((153.31498 -27.893999, 153.314967 -27.889485, 153.309887 -27.889496, 153.3099 -27.89401, 153.31498 -27.893999))",8c293a52745057c4
1061_13830,0.25,"POLYGON ((153.314967 -27.889485, 153.314954 -27.884971, 153.309874 -27.884983, 153.309887 -27.889496, 153.314967 -27.889485))",8c293a52745057c4
1061_13831,0.25,"POLYGON ((153.314954 -27.884971, 153.314941 -27.880458, 153.309861 -27.880469, 153.309874 -27.884983, 153.314954 -27.884971))",8c293a52745057c4
1061_13832,0.25,"POLYGON ((153.314941 -27.880458, 153.314928 -27.875944, 153.309849 -27.875955, 153.309861 -27.880469, 153.314941 -27.880458))",8c293a52745057c4
1061_13833,0.25,"POLYGON ((153.314928 -27.875944, 153.314915 -27.87143, 153.309836 -27.871442, 153.309849 -27.875955, 153.314928 -27.875944))",8c293a52745057c4
1061_13834,0.25,"POLYGON ((153.314915 -27.87143, 153.314902 -27.866917, 153.309823 -27.866928, 153.309836 -27.871442, 153.314915 -27.87143))",8c293a52745057c4
1061_13835,0.25,"POLYGON ((153.314902 -27.866917, 153.314889 -27.862403, 153.30981 -27.862414, 153.309823 -27.866928, 153.314902 -27.866917))",8c293a52745057c4
1061_13836,0.25,"POLYGON ((153.314889 -27.862403, 153.314876 -27.857889, 153.309797 -27.857901, 153.30981 -27.862414, 153.314889 -27.862403))",8c293a52745057c4
1061_13837,0.25,"POLYGON ((153.314876 -27.857889, 153.314863 -27.853376, 153.309784 -27.853387, 153.309797 -27.857901, 153.314876 -27.857889))",8c293a52745057c4
1061_13838,0.25,"POLYGON ((153.314863 -27.853376, 153.31485 -27.848862, 153.309772 -27.848873, 153.309784 -27.853387, 153.314863 -27.853376))",8c293a52745057c4
1061_13839,0.25,"POLYGON ((153.31485 -27.848862, 153.314837 -27.844348, 153.309759 -27.84436, 153.309772 -27.848873, 153.31485 -27.848862))",8c293a52745057c4
1061_13840,0.25,"POLYGON ((153.314837 -27.844348, 153.314824 -27.839835, 153.309746 -27.839846, 153.309759 -27.84436, 153.314837 -27.844348))",8c293a52745057c4
1061_13841,0.25,"POLYGON ((153.314824 -27.839835, 153.314811 -27.835321, 153.309733 -27.835332, 153.309746 -27.839846, 153.314824 -27.839835))",8c293a52745057c4
1061_13842,0.25,"POLYGON ((153.314811 -27.835321, 153.314798 -27.830807, 153.30972 -27.830819, 153.309733 -27.835332, 153.314811 -27.835321))",8c293a52745057c4
1061_13843,0.25,"POLYGON ((153.314798 -27.830807, 153.314785 -27.826293, 153.309708 -27.826305, 153.30972 -27.830819, 153.314798 -27.830807))",8c293a52745057c4
1061_13844,0.25,"POLYGON ((153.314785 -27.826293, 153.314772 -27.82178, 153.309695 -27.821791, 153.309708 -27.826305, 153.314785 -27.826293))",8c293a52745057c4
1061_13845,0.25,"POLYGON ((153.314772 -27.82178, 153.314759 -27.817266, 153.309682 -27.817278, 153.309695 -27.821791, 153.314772 -27.82178))",8c293a52745057c4
1061_13846,0.25,"POLYGON ((153.314759 -27.817266, 153.314746 -27.812752, 153.309669 -27.812764, 153.309682 -27.817278, 153.314759 -27.817266))",8c293a52745057c4
1061_13847,0.25,"POLYGON ((153.314746 -27.812752, 153.314733 -27.808239, 153.309656 -27.80825, 153.309669 -27.812764, 153.314746 -27.812752))",8c293a52745057c4
1061_13848,0.25,"POLYGON ((153.314733 -27.808239, 153.31472 -27.803725, 153.309644 -27.803736, 153.309656 -27.80825, 153.314733 -27.808239))",8c293a52745057c4
1061_13849,0.25,"POLYGON ((153.31472 -27.803725, 153.314707 -27.799211, 153.309631 -27.799223, 153.309644 -27.803736, 153.31472 -27.803725))",8c293a52745057c4
1061_13850,0.25,"POLYGON ((153.314707 -27.799211, 153.314694 -27.794698, 153.309618 -27.794709, 153.309631 -27.799223, 153.314707 -27.799211))",8c293a52745057c4
1061_13851,0.25,"POLYGON ((153.314694 -27.794698, 153.314681 -27.790184, 153.309605 -27.790195, 153.309618 -27.794709, 153.314694 -27.794698))",8c293a52745057c4
1061_13852,0.25,"POLYGON ((153.314681 -27.790184, 153.314668 -27.78567, 153.309592 -27.785682, 153.309605 -27.790195, 153.314681 -27.790184))",8c293a52745057c4
1061_13853,0.25,"POLYGON ((153.314668 -27.78567, 153.314655 -27.781156, 153.30958 -27.781168, 153.309592 -27.785682, 153.314668 -27.78567))",8c293a52745057c4
1061_13854,0.25,"POLYGON ((153.314655 -27.781156, 153.314642 -27.776643, 153.309567 -27.776654, 153.30958 -27.781168, 153.314655 -27.781156))",8c293a52745057c4
1061_13855,0.25,"POLYGON ((153.314642 -27.776643, 153.314629 -27.772129, 153.309554 -27.77214, 153.309567 -27.776654, 153.314642 -27.776643))",8c293a52745057c4
1061_13856,0.25,"POLYGON ((153.314629 -27.772129, 153.314616 -27.767615, 153.309541 -27.767627, 153.309554 -27.77214, 153.314629 -27.772129))",8c293a52745057c4
1061_13857,0.25,"POLYGON ((153.314616 -27.767615, 153.314603 -27.763101, 153.309528 -27.763113, 153.309541 -27.767627, 153.314616 -27.767615))",8c293a52745057c4
1061_13858,0.25,"POLYGON ((153.314603 -27.763101, 153.31459 -27.758588, 153.309516 -27.758599, 153.309528 -27.763113, 153.314603 -27.763101))",8c293a52745057c4
1061_13859,0.25,"POLYGON ((153.31459 -27.758588, 153.314577 -27.754074, 153.309503 -27.754085, 153.309516 -27.758599, 153.31459 -27.758588))",8c293a52745057c4
1061_13860,0.25,"POLYGON ((153.314577 -27.754074, 153.314564 -27.74956, 153.30949 -27.749572, 153.309503 -27.754085, 153.314577 -27.754074))",8c293a52745057c4
1061_13861,0.25,"POLYGON ((153.314564 -27.74956, 153.314551 -27.745046, 153.309477 -27.745058, 153.30949 -27.749572, 153.314564 -27.74956))",8c293a52745057c4
1061_13862,0.25,"POLYGON ((153.314551 -27.745046, 153.314538 -27.740533, 153.309465 -27.740544, 153.309477 -27.745058, 153.314551 -27.745046))",8c293a52745057c4
1061_13863,0.25,"POLYGON ((153.314538 -27.740533, 153.314525 -27.736019, 153.309452 -27.73603, 153.309465 -27.740544, 153.314538 -27.740533))",8c293a52745057c4
1061_13864,0.25,"POLYGON ((153.314525 -27.736019, 153.314512 -27.731505, 153.309439 -27.731517, 153.309452 -27.73603, 153.314525 -27.736019))",8c293a52745057c4
1061_13865,0.25,"POLYGON ((153.314512 -27.731505, 153.314499 -27.726991, 153.309426 -27.727003, 153.309439 -27.731517, 153.314512 -27.731505))",8c293a52745057c4
1061_13866,0.25,"POLYGON ((153.314499 -27.726991, 153.314486 -27.722478, 153.309414 -27.722489, 153.309426 -27.727003, 153.314499 -27.726991))",8c293a52745057c4
1061_13867,0.25,"POLYGON ((153.314486 -27.722478, 153.314473 -27.717964, 153.309401 -27.717975, 153.309414 -27.722489, 153.314486 -27.722478))",8c293a52745057c4
1061_13868,0.25,"POLYGON ((153.314473 -27.717964, 153.31446 -27.71345, 153.309388 -27.713462, 153.309401 -27.717975, 153.314473 -27.717964))",8c293a52745057c4
1061_13869,0.21540842311188169,"POLYGON ((153.31446 -27.71345, 153.314447 -27.708936, 153.309375 -27.708948, 153.309388 -27.713462, 153.31446 -27.71345))",8c293a52745057c4
1061_13870,0.00106918907149123,"POLYGON ((153.314447 -27.708936, 153.314434 -27.704423, 153.309363 -27.704434, 153.309375 -27.708948, 153.314447 -27.708936))",8c293a52745057c4
1062_13752,0.0663159602838444,"POLYGON ((153.321092 -28.241529, 153.321079 -28.237015, 153.315982 -28.237027, 153.315995 -28.241541, 153.321092 -28.241529))",8c293a52745057c4
1062_13753,0.25,"POLYGON ((153.321079 -28.237015, 153.321065 -28.232502, 153.315969 -28.232514, 153.315982 -28.237027, 153.321079 -28.237015))",8c293a52745057c4
1062_13754,0.25,"POLYGON ((153.321065 -28.232502, 153.321052 -28.227989, 153.315956 -28.228, 153.315969 -28.232514, 153.321065 -28.232502))",8c293a52745057c4
1062_13755,0.25,"POLYGON ((153.321052 -28.227989, 153.321038 -28.223475, 153.315942 -28.223487, 153.315956 -28.228, 153.321052 -28.227989))",8c293a52745057c4
1062_13756,0.25,"POLYGON ((153.321038 -28.223475, 153.321025 -28.218962, 153.315929 -28.218974, 153.315942 -28.223487, 153.321038 -28.223475))",8c293a52745057c4
1062_13757,0.25,"POLYGON ((153.321025 -28.218962, 153.321011 -28.214448, 153.315916 -28.21446, 153.315929 -28.218974, 153.321025 -28.218962))",8c293a52745057c4
1062_13758,0.25,"POLYGON ((153.321011 -28.214448, 153.320998 -28.209935, 153.315902 -28.209947, 153.315916 -28.21446, 153.321011 -28.214448))",8c293a52745057c4
1062_13759,0.25,"POLYGON ((153.320998 -28.209935, 153.320984 -28.205421, 153.315889 -28.205433, 153.315902 -28.209947, 153.320998 -28.209935))",8c293a52745057c4
1062_13760,0.25,"POLYGON ((153.320984 -28.205421, 153.320971 -28.200908, 153.315876 -28.20092, 153.315889 -28.205433, 153.320984 -28.205421))",8c293a52745057c4
1062_13761,0.25,"POLYGON ((153.320971 -28.200908, 153.320957 -28.196395, 153.315863 -28.196406, 153.315876 -28.20092, 153.320971 -28.200908))",8c293a52745057c4
1062_13762,0.25,"POLYGON ((153.320957 -28.196395, 153.320944 -28.191881, 153.315849 -28.191893, 153.315863 -28.196406, 153.320957 -28.196395))",8c293a52745057c4
1062_13763,0.25,"POLYGON ((153.320944 -28.191881, 153.32093 -28.187368, 153.315836 -28.187379, 153.315849 -28.191893, 153.320944 -28.191881))",8c293a52745057c4
1062_13764,0.25,"POLYGON ((153.32093 -28.187368, 153.320917 -28.182854, 153.315823 -28.182866, 153.315836 -28.187379, 153.32093 -28.187368))",8c293a52745057c4
1062_13765,0.25,"POLYGON ((153.320917 -28.182854, 153.320903 -28.178341, 153.31581 -28.178353, 153.315823 -28.182866, 153.320917 -28.182854))",8c293a52745057c4
1062_13766,0.25,"POLYGON ((153.320903 -28.178341, 153.32089 -28.173827, 153.315796 -28.173839, 153.31581 -28.178353, 153.320903 -28.178341))",8c293a52745057c4
1062_13767,0.25,"POLYGON ((153.32089 -28.173827, 153.320876 -28.169314, 153.315783 -28.169326, 153.315796 -28.173839, 153.32089 -28.173827))",8c293a52745057c4
1062_13768,0.25,"POLYGON ((153.320876 -28.169314, 153.320863 -28.1648, 153.31577 -28.164812, 153.315783 -28.169326, 153.320876 -28.169314))",8c293a52745057c4
1062_13769,0.25,"POLYGON ((153.320863 -28.1648, 153.320849 -28.160287, 153.315757 -28.160299, 153.31577 -28.164812, 153.320863 -28.1648))",8c293a52745057c4
1062_13770,0.25,"POLYGON ((153.320849 -28.160287, 153.320836 -28.155773, 153.315743 -28.155785, 153.315757 -28.160299, 153.320849 -28.160287))",8c293a52745057c4
1062_13771,0.25,"POLYGON ((153.320836 -28.155773, 153.320822 -28.15126, 153.31573 -28.151272, 153.315743 -28.155785, 153.320836 -28.155773))",8c293a52745057c4
1062_13772,0.25,"POLYGON ((153.320822 -28.15126, 153.320809 -28.146746, 153.315717 -28.146758, 153.31573 -28.151272, 153.320822 -28.15126))",8c293a52745057c4
1062_13773,0.25,"POLYGON ((153.320809 -28.146746, 153.320795 -28.142233, 153.315704 -28.142245, 153.315717 -28.146758, 153.320809 -28.146746))",8c293a52745057c4
1062_13774,0.25,"POLYGON ((153.320795 -28.142233, 153.320782 -28.137719, 153.31569 -28.137731, 153.315704 -28.142245, 153.320795 -28.142233))",8c293a52745057c4
1062_13775,0.25,"POLYGON ((153.320782 -28.137719, 153.320769 -28.133206, 153.315677 -28.133218, 153.31569 -28.137731, 153.320782 -28.137719))",8c293a52745057c4
1062_13776,0.25,"POLYGON ((153.320769 -28.133206, 153.320755 -28.128692, 153.315664 -28.128704, 153.315677 -28.133218, 153.320769 -28.133206))",8c293a52745057c4
1062_13777,0.25,"POLYGON ((153.320755 -28.128692, 153.320742 -28.124179, 153.315651 -28.124191, 153.315664 -28.128704, 153.320755 -28.128692))",8c293a52745057c4
1062_13778,0.25,"POLYGON ((153.320742 -28.124179, 153.320728 -28.119665, 153.315637 -28.119677, 153.315651 -28.124191, 153.320742 -28.124179))",8c293a52745057c4
1062_13779,0.25,"POLYGON ((153.320728 -28.119665, 153.320715 -28.115152, 153.315624 -28.115164, 153.315637 -28.119677, 153.320728 -28.119665))",8c293a52745057c4
1062_13780,0.25,"POLYGON ((153.320715 -28.115152, 153.320701 -28.110638, 153.315611 -28.11065, 153.315624 -28.115164, 153.320715 -28.115152))",8c293a52745057c4
1062_13781,0.25,"POLYGON ((153.320701 -28.110638, 153.320688 -28.106125, 153.315598 -28.106137, 153.315611 -28.11065, 153.320701 -28.110638))",8c293a52745057c4
1062_13782,0.25,"POLYGON ((153.320688 -28.106125, 153.320675 -28.101611, 153.315585 -28.101623, 153.315598 -28.106137, 153.320688 -28.106125))",8c293a52745057c4
1062_13783,0.25,"POLYGON ((153.320675 -28.101611, 153.320661 -28.097098, 153.315571 -28.09711, 153.315585 -28.101623, 153.320675 -28.101611))",8c293a52745057c4
1062_13784,0.25,"POLYGON ((153.320661 -28.097098, 153.320648 -28.092584, 153.315558 -28.092596, 153.315571 -28.09711, 153.320661 -28.097098))",8c293a52745057c4
1062_13785,0.25,"POLYGON ((153.320648 -28.092584, 153.320634 -28.088071, 153.315545 -28.088083, 153.315558 -28.092596, 153.320648 -28.092584))",8c293a52745057c4
1062_13786,0.25,"POLYGON ((153.320634 -28.088071, 153.320621 -28.083557, 153.315532 -28.083569, 153.315545 -28.088083, 153.320634 -28.088071))",8c293a52745057c4
1062_13787,0.25,"POLYGON ((153.320621 -28.083557, 153.320608 -28.079044, 153.315519 -28.079056, 153.315532 -28.083569, 153.320621 -28.083557))",8c293a52745057c4
1062_13788,0.25,"POLYGON ((153.320608 -28.079044, 153.320594 -28.07453, 153.315505 -28.074542, 153.315519 -28.079056, 153.320608 -28.079044))",8c293a52745057c4
1062_13789,0.25,"POLYGON ((153.320594 -28.07453, 153.320581 -28.070017, 153.315492 -28.070029, 153.315505 -28.074542, 153.320594 -28.07453))",8c293a52745057c4
1062_13790,0.25,"POLYGON ((153.320581 -28.070017, 153.320567 -28.065503, 153.315479 -28.065515, 153.315492 -28.070029, 153.320581 -28.070017))",8c293a52745057c4
1062_13791,0.25,"POLYGON ((153.320567 -28.065503, 153.320554 -28.06099, 153.315466 -28.061002, 153.315479 -28.065515, 153.320567 -28.065503))",8c293a52745057c4
1062_13792,0.25,"POLYGON ((153.320554 -28.06099, 153.320541 -28.056476, 153.315453 -28.056488, 153.315466 -28.061002, 153.320554 -28.06099))",8c293a52745057c4
1062_13793,0.25,"POLYGON ((153.320541 -28.056476, 153.320527 -28.051963, 153.315439 -28.051974, 153.315453 -28.056488, 153.320541 -28.056476))",8c293a52745057c4
1062_13794,0.25,"POLYGON ((153.320527 -28.051963, 153.320514 -28.047449, 153.315426 -28.047461, 153.315439 -28.051974, 153.320527 -28.051963))",8c293a52745057c4
1062_13795,0.25,"POLYGON ((153.320514 -28.047449, 153.3205 -28.042936, 153.315413 -28.042947, 153.315426 -28.047461, 153.320514 -28.047449))",8c293a52745057c4
1062_13796,0.25,"POLYGON ((153.3205 -28.042936, 153.320487 -28.038422, 153.3154 -28.038434, 153.315413 -28.042947, 153.3205 -28.042936))",8c293a52745057c4
1062_13797,0.25,"POLYGON ((153.320487 -28.038422, 153.320474 -28.033908, 153.315387 -28.03392, 153.3154 -28.038434, 153.320487 -28.038422))",8c293a52745057c4
1062_13798,0.25,"POLYGON ((153.320474 -28.033908, 153.32046 -28.029395, 153.315374 -28.029407, 153.315387 -28.03392, 153.320474 -28.033908))",8c293a52745057c4
1062_13799,0.25,"POLYGON ((153.32046 -28.029395, 153.320447 -28.024881, 153.315361 -28.024893, 153.315374 -28.029407, 153.32046 -28.029395))",8c293a52745057c4
1062_13800,0.25,"POLYGON ((153.320447 -28.024881, 153.320434 -28.020368, 153.315347 -28.02038, 153.315361 -28.024893, 153.320447 -28.024881))",8c293a52745057c4
1062_13801,0.25,"POLYGON ((153.320434 -28.020368, 153.32042 -28.015854, 153.315334 -28.015866, 153.315347 -28.02038, 153.320434 -28.020368))",8c293a52745057c4
1062_13802,0.25,"POLYGON ((153.32042 -28.015854, 153.320407 -28.011341, 153.315321 -28.011352, 153.315334 -28.015866, 153.32042 -28.015854))",8c293a52745057c4
1062_13803,0.25,"POLYGON ((153.320407 -28.011341, 153.320393 -28.006827, 153.315308 -28.006839, 153.315321 -28.011352, 153.320407 -28.011341))",8c293a52745057c4
1062_13804,0.25,"POLYGON ((153.320393 -28.006827, 153.32038 -28.002314, 153.315295 -28.002325, 153.315308 -28.006839, 153.320393 -28.006827))",8c293a52745057c4
1062_13805,0.25,"POLYGON ((153.32038 -28.002314, 153.320367 -27.9978, 153.315282 -27.997812, 153.315295 -28.002325, 153.32038 -28.002314))",8c293a52745057c4
1062_13806,0.25,"POLYGON ((153.320367 -27.9978, 153.320353 -27.993286, 153.315268 -27.993298, 153.315282 -27.997812, 153.320367 -27.9978))",8c293a52745057c4
1062_13807,0.25,"POLYGON ((153.320353 -27.993286, 153.32034 -27.988773, 153.315255 -27.988785, 153.315268 -27.993298, 153.320353 -27.993286))",8c293a52745057c4
1062_13808,0.25,"POLYGON ((153.32034 -27.988773, 153.320327 -27.984259, 153.315242 -27.984271, 153.315255 -27.988785, 153.32034 -27.988773))",8c293a52745057c4
1062_13809,0.25,"POLYGON ((153.320327 -27.984259, 153.320313 -27.979746, 153.315229 -27.979757, 153.315242 -27.984271, 153.320327 -27.984259))",8c293a52745057c4
1062_13810,0.25,"POLYGON ((153.320313 -27.979746, 153.3203 -27.975232, 153.315216 -27.975244, 153.315229 -27.979757, 153.320313 -27.979746))",8c293a52745057c4
1062_13811,0.25,"POLYGON ((153.3203 -27.975232, 153.320287 -27.970718, 153.315203 -27.97073, 153.315216 -27.975244, 153.3203 -27.975232))",8c293a52745057c4
1062_13812,0.25,"POLYGON ((153.320287 -27.970718, 153.320273 -27.966205, 153.31519 -27.966217, 153.315203 -27.97073, 153.320287 -27.970718))",8c293a52745057c4
1062_13813,0.25,"POLYGON ((153.320273 -27.966205, 153.32026 -27.961691, 153.315177 -27.961703, 153.31519 -27.966217, 153.320273 -27.966205))",8c293a52745057c4
1062_13814,0.25,"POLYGON ((153.32026 -27.961691, 153.320247 -27.957178, 153.315164 -27.957189, 153.315177 -27.961703, 153.32026 -27.961691))",8c293a52745057c4
1062_13815,0.25,"POLYGON ((153.320247 -27.957178, 153.320233 -27.952664, 153.31515 -27.952676, 153.315164 -27.957189, 153.320247 -27.957178))",8c293a52745057c4
1062_13816,0.25,"POLYGON ((153.320233 -27.952664, 153.32022 -27.94815, 153.315137 -27.948162, 153.31515 -27.952676, 153.320233 -27.952664))",8c293a52745057c4
1062_13817,0.25,"POLYGON ((153.32022 -27.94815, 153.320207 -27.943637, 153.315124 -27.943648, 153.315137 -27.948162, 153.32022 -27.94815))",8c293a52745057c4
1062_13818,0.25,"POLYGON ((153.320207 -27.943637, 153.320193 -27.939123, 153.315111 -27.939135, 153.315124 -27.943648, 153.320207 -27.943637))",8c293a52745057c4
1062_13819,0.25,"POLYGON ((153.320193 -27.939123, 153.32018 -27.93461, 153.315098 -27.934621, 153.315111 -27.939135, 153.320193 -27.939123))",8c293a52745057c4
1062_13820,0.25,"POLYGON ((153.32018 -27.93461, 153.320167 -27.930096, 153.315085 -27.930108, 153.315098 -27.934621, 153.32018 -27.93461))",8c293a52745057c4
1062_13821,0.25,"POLYGON ((153.320167 -27.930096, 153.320154 -27.925582, 153.315072 -27.925594, 153.315085 -27.930108, 153.320167 -27.930096))",8c293a52745057c4
1062_13822,0.25,"POLYGON ((153.320154 -27.925582, 153.32014 -27.921069, 153.315059 -27.92108, 153.315072 -27.925594, 153.320154 -27.925582))",8c293a52745057c4
1062_13823,0.25,"POLYGON ((153.32014 -27.921069, 153.320127 -27.916555, 153.315046 -27.916567, 153.315059 -27.92108, 153.32014 -27.921069))",8c293a52745057c4
1062_13824,0.25,"POLYGON ((153.320127 -27.916555, 153.320114 -27.912041, 153.315033 -27.912053, 153.315046 -27.916567, 153.320127 -27.916555))",8c293a52745057c4
1062_13825,0.25,"POLYGON ((153.320114 -27.912041, 153.3201 -27.907528, 153.31502 -27.907539, 153.315033 -27.912053, 153.320114 -27.912041))",8c293a52745057c4
1062_13826,0.25,"POLYGON ((153.3201 -27.907528, 153.320087 -27.903014, 153.315006 -27.903026, 153.31502 -27.907539, 153.3201 -27.907528))",8c293a52745057c4
1062_13827,0.25,"POLYGON ((153.320087 -27.903014, 153.320074 -27.8985, 153.314993 -27.898512, 153.315006 -27.903026, 153.320087 -27.903014))",8c293a52745057c4
1062_13828,0.25,"POLYGON ((153.320074 -27.8985, 153.320061 -27.893987, 153.31498 -27.893999, 153.314993 -27.898512, 153.320074 -27.8985))",8c293a52745057c4
1062_13829,0.25,"POLYGON ((153.320061 -27.893987, 153.320047 -27.889473, 153.314967 -27.889485, 153.31498 -27.893999, 153.320061 -27.893987))",8c293a52745057c4
1062_13830,0.25,"POLYGON ((153.320047 -27.889473, 153.320034 -27.88496, 153.314954 -27.884971, 153.314967 -27.889485, 153.320047 -27.889473))",8c293a52745057c4
1062_13831,0.25,"POLYGON ((153.320034 -27.88496, 153.320021 -27.880446, 153.314941 -27.880458, 153.314954 -27.884971, 153.320034 -27.88496))",8c293a52745057c4
1062_13832,0.25,"POLYGON ((153.320021 -27.880446, 153.320007 -27.875932, 153.314928 -27.875944, 153.314941 -27.880458, 153.320021 -27.880446))",8c293a52745057c4
1062_13833,0.25,"POLYGON ((153.320007 -27.875932, 153.319994 -27.871419, 153.314915 -27.87143, 153.314928 -27.875944, 153.320007 -27.875932))",8c293a52745057c4
1062_13834,0.25,"POLYGON ((153.319994 -27.871419, 153.319981 -27.866905, 153.314902 -27.866917, 153.314915 -27.87143, 153.319994 -27.871419))",8c293a52745057c4
1062_13835,0.25,"POLYGON ((153.319981 -27.866905, 153.319968 -27.862391, 153.314889 -27.862403, 153.314902 -27.866917, 153.319981 -27.866905))",8c293a52745057c4
1062_13836,0.25,"POLYGON ((153.319968 -27.862391, 153.319954 -27.857878, 153.314876 -27.857889, 153.314889 -27.862403, 153.319968 -27.862391))",8c293a52745057c4
1062_13837,0.25,"POLYGON ((153.319954 -27.857878, 153.319941 -27.853364, 153.314863 -27.853376, 153.314876 -27.857889, 153.319954 -27.857878))",8c293a52745057c4
1062_13838,0.25,"POLYGON ((153.319941 -27.853364, 153.319928 -27.84885, 153.31485 -27.848862, 153.314863 -27.853376, 153.319941 -27.853364))",8c293a52745057c4
1062_13839,0.25,"POLYGON ((153.319928 -27.84885, 153.319915 -27.844337, 153.314837 -27.844348, 153.31485 -27.848862, 153.319928 -27.84885))",8c293a52745057c4
1062_13840,0.25,"POLYGON ((153.319915 -27.844337, 153.319901 -27.839823, 153.314824 -27.839835, 153.314837 -27.844348, 153.319915 -27.844337))",8c293a52745057c4
1062_13841,0.25,"POLYGON ((153.319901 -27.839823, 153.319888 -27.835309, 153.314811 -27.835321, 153.314824 -27.839835, 153.319901 -27.839823))",8c293a52745057c4
1062_13842,0.25,"POLYGON ((153.319888 -27.835309, 153.319875 -27.830795, 153.314798 -27.830807, 153.314811 -27.835321, 153.319888 -27.835309))",8c293a52745057c4
1062_13843,0.25,"POLYGON ((153.319875 -27.830795, 153.319862 -27.826282, 153.314785 -27.826293, 153.314798 -27.830807, 153.319875 -27.830795))",8c293a52745057c4
1062_13844,0.25,"POLYGON ((153.319862 -27.826282, 153.319849 -27.821768, 153.314772 -27.82178, 153.314785 -27.826293, 153.319862 -27.826282))",8c293a52745057c4
1062_13845,0.25,"POLYGON ((153.319849 -27.821768, 153.319835 -27.817254, 153.314759 -27.817266, 153.314772 -27.82178, 153.319849 -27.821768))",8c293a52745057c4
1062_13846,0.25,"POLYGON ((153.319835 -27.817254, 153.319822 -27.812741, 153.314746 -27.812752, 153.314759 -27.817266, 153.319835 -27.817254))",8c293a52745057c4
1062_13847,0.25,"POLYGON ((153.319822 -27.812741, 153.319809 -27.808227, 153.314733 -27.808239, 153.314746 -27.812752, 153.319822 -27.812741))",8c293a52745057c4
1062_13848,0.25,"POLYGON ((153.319809 -27.808227, 153.319796 -27.803713, 153.31472 -27.803725, 153.314733 -27.808239, 153.319809 -27.808227))",8c293a52745057c4
1062_13849,0.25,"POLYGON ((153.319796 -27.803713, 153.319782 -27.7992, 153.314707 -27.799211, 153.31472 -27.803725, 153.319796 -27.803713))",8c293a52745057c4
1062_13850,0.25,"POLYGON ((153.319782 -27.7992, 153.319769 -27.794686, 153.314694 -27.794698, 153.314707 -27.799211, 153.319782 -27.7992))",8c293a52745057c4
1062_13851,0.25,"POLYGON ((153.319769 -27.794686, 153.319756 -27.790172, 153.314681 -27.790184, 153.314694 -27.794698, 153.319769 -27.794686))",8c293a52745057c4
1062_13852,0.25,"POLYGON ((153.319756 -27.790172, 153.319743 -27.785658, 153.314668 -27.78567, 153.314681 -27.790184, 153.319756 -27.790172))",8c293a52745057c4
1062_13853,0.25,"POLYGON ((153.319743 -27.785658, 153.31973 -27.781145, 153.314655 -27.781156, 153.314668 -27.78567, 153.319743 -27.785658))",8c293a52745057c4
1062_13854,0.25,"POLYGON ((153.31973 -27.781145, 153.319716 -27.776631, 153.314642 -27.776643, 153.314655 -27.781156, 153.31973 -27.781145))",8c293a52745057c4
1062_13855,0.25,"POLYGON ((153.319716 -27.776631, 153.319703 -27.772117, 153.314629 -27.772129, 153.314642 -27.776643, 153.319716 -27.776631))",8c293a52745057c4
1062_13856,0.25,"POLYGON ((153.319703 -27.772117, 153.31969 -27.767604, 153.314616 -27.767615, 153.314629 -27.772129, 153.319703 -27.772117))",8c293a52745057c4
1062_13857,0.25,"POLYGON ((153.31969 -27.767604, 153.319677 -27.76309, 153.314603 -27.763101, 153.314616 -27.767615, 153.31969 -27.767604))",8c293a52745057c4
1062_13858,0.25,"POLYGON ((153.319677 -27.76309, 153.319664 -27.758576, 153.31459 -27.758588, 153.314603 -27.763101, 153.319677 -27.76309))",8c293a52745057c4
1062_13859,0.25,"POLYGON ((153.319664 -27.758576, 153.31965 -27.754062, 153.314577 -27.754074, 153.31459 -27.758588, 153.319664 -27.758576))",8c293a52745057c4
1062_13860,0.25,"POLYGON ((153.31965 -27.754062, 153.319637 -27.749549, 153.314564 -27.74956, 153.314577 -27.754074, 153.31965 -27.754062))",8c293a52745057c4
1062_13861,0.25,"POLYGON ((153.319637 -27.749549, 153.319624 -27.745035, 153.314551 -27.745046, 153.314564 -27.74956, 153.319637 -27.749549))",8c293a52745057c4
1062_13862,0.25,"POLYGON ((153.319624 -27.745035, 153.319611 -27.740521, 153.314538 -27.740533, 153.314551 -27.745046, 153.319624 -27.745035))",8c293a52745057c4
1062_13863,0.25,"POLYGON ((153.319611 -27.740521, 153.319598 -27.736007, 153.314525 -27.736019, 153.314538 -27.740533, 153.319611 -27.740521))",8c293a52745057c4
1062_13864,0.25,"POLYGON ((153.319598 -27.736007, 153.319585 -27.731494, 153.314512 -27.731505, 153.314525 -27.736019, 153.319598 -27.736007))",8c293a52745057c4
1062_13865,0.25,"POLYGON ((153.319585 -27.731494, 153.319571 -27.72698, 153.314499 -27.726991, 153.314512 -27.731505, 153.319585 -27.731494))",8c293a52745057c4
1062_13866,0.25,"POLYGON ((153.319571 -27.72698, 153.319558 -27.722466, 153.314486 -27.722478, 153.314499 -27.726991, 153.319571 -27.72698))",8c293a52745057c4
1062_13867,0.25,"POLYGON ((153.319558 -27.722466, 153.319545 -27.717952, 153.314473 -27.717964, 153.314486 -27.722478, 153.319558 -27.722466))",8c293a52745057c4
1062_13868,0.25,"POLYGON ((153.319545 -27.717952, 153.319532 -27.713439, 153.31446 -27.71345, 153.314473 -27.717964, 153.319545 -27.717952))",8c293a52745057c4
1062_13869,0.25,"POLYGON ((153.319532 -27.713439, 153.319519 -27.708925, 153.314447 -27.708936, 153.31446 -27.71345, 153.319532 -27.713439))",8c293a52745057c4
1062_13870,0.07723305932484867,"POLYGON ((153.319519 -27.708925, 153.319506 -27.704411, 153.314434 -27.704423, 153.314447 -27.708936, 153.319519 -27.708925))",8c293a52745057c4
1063_13752,0.010677198083087275,"POLYGON ((153.326189 -28.241517, 153.326175 -28.237003, 153.321079 -28.237015, 153.321092 -28.241529, 153.326189 -28.241517))",8c293a52745057c4
1063_13753,0.2202586440777186,"POLYGON ((153.326175 -28.237003, 153.326161 -28.23249, 153.321065 -28.232502, 153.321079 -28.237015, 153.326175 -28.237003))",8c293a52745057c4
1063_13754,0.25,"POLYGON ((153.326161 -28.23249, 153.326148 -28.227977, 153.321052 -28.227989, 153.321065 -28.232502, 153.326161 -28.23249))",8c293a52745057c4
1063_13755,0.25,"POLYGON ((153.326148 -28.227977, 153.326134 -28.223463, 153.321038 -28.223475, 153.321052 -28.227989, 153.326148 -28.227977))",8c293a52745057c4
1063_13756,0.25,"POLYGON ((153.326134 -28.223463, 153.32612 -28.21895, 153.321025 -28.218962, 153.321038 -28.223475, 153.326134 -28.223463))",8c293a52745057c4
1063_13757,0.25,"POLYGON ((153.32612 -28.21895, 153.326106 -28.214436, 153.321011 -28.214448, 153.321025 -28.218962, 153.32612 -28.21895))",8c293a52745057c4
1063_13758,0.25,"POLYGON ((153.326106 -28.214436, 153.326093 -28.209923, 153.320998 -28.209935, 153.321011 -28.214448, 153.326106 -28.214436))",8c293a52745057c4
1063_13759,0.25,"POLYGON ((153.326093 -28.209923, 153.326079 -28.205409, 153.320984 -28.205421, 153.320998 -28.209935, 153.326093 -28.209923))",8c293a52745057c4
1063_13760,0.25,"POLYGON ((153.326079 -28.205409, 153.326065 -28.200896, 153.320971 -28.200908, 153.320984 -28.205421, 153.326079 -28.205409))",8c293a52745057c4
1063_13761,0.25,"POLYGON ((153.326065 -28.200896, 153.326052 -28.196383, 153.320957 -28.196395, 153.320971 -28.200908, 153.326065 -28.200896))",8c293a52745057c4
1063_13762,0.25,"POLYGON ((153.326052 -28.196383, 153.326038 -28.191869, 153.320944 -28.191881, 153.320957 -28.196395, 153.326052 -28.196383))",8c293a52745057c4
1063_13763,0.25,"POLYGON ((153.326038 -28.191869, 153.326024 -28.187356, 153.32093 -28.187368, 153.320944 -28.191881, 153.326038 -28.191869))",8c293a52745057c4
1063_13764,0.25,"POLYGON ((153.326024 -28.187356, 153.32601 -28.182842, 153.320917 -28.182854, 153.32093 -28.187368, 153.326024 -28.187356))",8c293a52745057c4
1063_13765,0.25,"POLYGON ((153.32601 -28.182842, 153.325997 -28.178329, 153.320903 -28.178341, 153.320917 -28.182854, 153.32601 -28.182842))",8c293a52745057c4
1063_13766,0.25,"POLYGON ((153.325997 -28.178329, 153.325983 -28.173815, 153.32089 -28.173827, 153.320903 -28.178341, 153.325997 -28.178329))",8c293a52745057c4
1063_13767,0.25,"POLYGON ((153.325983 -28.173815, 153.325969 -28.169302, 153.320876 -28.169314, 153.32089 -28.173827, 153.325983 -28.173815))",8c293a52745057c4
1063_13768,0.25,"POLYGON ((153.325969 -28.169302, 153.325956 -28.164788, 153.320863 -28.1648, 153.320876 -28.169314, 153.325969 -28.169302))",8c293a52745057c4
1063_13769,0.25,"POLYGON ((153.325956 -28.164788, 153.325942 -28.160275, 153.320849 -28.160287, 153.320863 -28.1648, 153.325956 -28.164788))",8c293a52745057c4
1063_13770,0.25,"POLYGON ((153.325942 -28.160275, 153.325928 -28.155761, 153.320836 -28.155773, 153.320849 -28.160287, 153.325942 -28.160275))",8c293a52745057c4
1063_13771,0.25,"POLYGON ((153.325928 -28.155761, 153.325915 -28.151248, 153.320822 -28.15126, 153.320836 -28.155773, 153.325928 -28.155761))",8c293a52745057c4
1063_13772,0.25,"POLYGON ((153.325915 -28.151248, 153.325901 -28.146734, 153.320809 -28.146746, 153.320822 -28.15126, 153.325915 -28.151248))",8c293a52745057c4
1063_13773,0.25,"POLYGON ((153.325901 -28.146734, 153.325887 -28.142221, 153.320795 -28.142233, 153.320809 -28.146746, 153.325901 -28.146734))",8c293a52745057c4
1063_13774,0.25,"POLYGON ((153.325887 -28.142221, 153.325874 -28.137707, 153.320782 -28.137719, 153.320795 -28.142233, 153.325887 -28.142221))",8c293a52745057c4
1063_13775,0.25,"POLYGON ((153.325874 -28.137707, 153.32586 -28.133194, 153.320769 -28.133206, 153.320782 -28.137719, 153.325874 -28.137707))",8c293a52745057c4
1063_13776,0.25,"POLYGON ((153.32586 -28.133194, 153.325846 -28.12868, 153.320755 -28.128692, 153.320769 -28.133206, 153.32586 -28.133194))",8c293a52745057c4
1063_13777,0.25,"POLYGON ((153.325846 -28.12868, 153.325833 -28.124167, 153.320742 -28.124179, 153.320755 -28.128692, 153.325846 -28.12868))",8c293a52745057c4
1063_13778,0.25,"POLYGON ((153.325833 -28.124167, 153.325819 -28.119653, 153.320728 -28.119665, 153.320742 -28.124179, 153.325833 -28.124167))",8c293a52745057c4
1063_13779,0.25,"POLYGON ((153.325819 -28.119653, 153.325805 -28.11514, 153.320715 -28.115152, 153.320728 -28.119665, 153.325819 -28.119653))",8c293a52745057c4
1063_13780,0.25,"POLYGON ((153.325805 -28.11514, 153.325792 -28.110626, 153.320701 -28.110638, 153.320715 -28.115152, 153.325805 -28.11514))",8c293a52745057c4
1063_13781,0.25,"POLYGON ((153.325792 -28.110626, 153.325778 -28.106113, 153.320688 -28.106125, 153.320701 -28.110638, 153.325792 -28.110626))",8c293a52745057c4
1063_13782,0.25,"POLYGON ((153.325778 -28.106113, 153.325765 -28.101599, 153.320675 -28.101611, 153.320688 -28.106125, 153.325778 -28.106113))",8c293a52745057c4
1063_13783,0.25,"POLYGON ((153.325765 -28.101599, 153.325751 -28.097086, 153.320661 -28.097098, 153.320675 -28.101611, 153.325765 -28.101599))",8c293a52745057c4
1063_13784,0.25,"POLYGON ((153.325751 -28.097086, 153.325737 -28.092572, 153.320648 -28.092584, 153.320661 -28.097098, 153.325751 -28.097086))",8c293a52745057c4
1063_13785,0.25,"POLYGON ((153.325737 -28.092572, 153.325724 -28.088059, 153.320634 -28.088071, 153.320648 -28.092584, 153.325737 -28.092572))",8c293a52745057c4
1063_13786,0.25,"POLYGON ((153.325724 -28.088059, 153.32571 -28.083545, 153.320621 -28.083557, 153.320634 -28.088071, 153.325724 -28.088059))",8c293a52745057c4
1063_13787,0.25,"POLYGON ((153.32571 -28.083545, 153.325696 -28.079032, 153.320608 -28.079044, 153.320621 -28.083557, 153.32571 -28.083545))",8c293a52745057c4
1063_13788,0.25,"POLYGON ((153.325696 -28.079032, 153.325683 -28.074518, 153.320594 -28.07453, 153.320608 -28.079044, 153.325696 -28.079032))",8c293a52745057c4
1063_13789,0.25,"POLYGON ((153.325683 -28.074518, 153.325669 -28.070005, 153.320581 -28.070017, 153.320594 -28.07453, 153.325683 -28.074518))",8c293a52745057c4
1063_13790,0.25,"POLYGON ((153.325669 -28.070005, 153.325656 -28.065491, 153.320567 -28.065503, 153.320581 -28.070017, 153.325669 -28.070005))",8c293a52745057c4
1063_13791,0.25,"POLYGON ((153.325656 -28.065491, 153.325642 -28.060978, 153.320554 -28.06099, 153.320567 -28.065503, 153.325656 -28.065491))",8c293a52745057c4
1063_13792,0.25,"POLYGON ((153.325642 -28.060978, 153.325628 -28.056464, 153.320541 -28.056476, 153.320554 -28.06099, 153.325642 -28.060978))",8c293a52745057c4
1063_13793,0.25,"POLYGON ((153.325628 -28.056464, 153.325615 -28.051951, 153.320527 -28.051963, 153.320541 -28.056476, 153.325628 -28.056464))",8c293a52745057c4
1063_13794,0.25,"POLYGON ((153.325615 -28.051951, 153.325601 -28.047437, 153.320514 -28.047449, 153.320527 -28.051963, 153.325615 -28.051951))",8c293a52745057c4
1063_13795,0.25,"POLYGON ((153.325601 -28.047437, 153.325588 -28.042924, 153.3205 -28.042936, 153.320514 -28.047449, 153.325601 -28.047437))",8c293a52745057c4
1063_13796,0.25,"POLYGON ((153.325588 -28.042924, 153.325574 -28.03841, 153.320487 -28.038422, 153.3205 -28.042936, 153.325588 -28.042924))",8c293a52745057c4
1063_13797,0.25,"POLYGON ((153.325574 -28.03841, 153.32556 -28.033897, 153.320474 -28.033908, 153.320487 -28.038422, 153.325574 -28.03841))",8c293a52745057c4
1063_13798,0.25,"POLYGON ((153.32556 -28.033897, 153.325547 -28.029383, 153.32046 -28.029395, 153.320474 -28.033908, 153.32556 -28.033897))",8c293a52745057c4
1063_13799,0.25,"POLYGON ((153.325547 -28.029383, 153.325533 -28.024869, 153.320447 -28.024881, 153.32046 -28.029395, 153.325547 -28.029383))",8c293a52745057c4
1063_13800,0.25,"POLYGON ((153.325533 -28.024869, 153.32552 -28.020356, 153.320434 -28.020368, 153.320447 -28.024881, 153.325533 -28.024869))",8c293a52745057c4
1063_13801,0.25,"POLYGON ((153.32552 -28.020356, 153.325506 -28.015842, 153.32042 -28.015854, 153.320434 -28.020368, 153.32552 -28.020356))",8c293a52745057c4
1063_13802,0.25,"POLYGON ((153.325506 -28.015842, 153.325493 -28.011329, 153.320407 -28.011341, 153.32042 -28.015854, 153.325506 -28.015842))",8c293a52745057c4
1063_13803,0.25,"POLYGON ((153.325493 -28.011329, 153.325479 -28.006815, 153.320393 -28.006827, 153.320407 -28.011341, 153.325493 -28.011329))",8c293a52745057c4
1063_13804,0.25,"POLYGON ((153.325479 -28.006815, 153.325465 -28.002302, 153.32038 -28.002314, 153.320393 -28.006827, 153.325479 -28.006815))",8c293a52745057c4
1063_13805,0.25,"POLYGON ((153.325465 -28.002302, 153.325452 -27.997788, 153.320367 -27.9978, 153.32038 -28.002314, 153.325465 -28.002302))",8c293a52745057c4
1063_13806,0.25,"POLYGON ((153.325452 -27.997788, 153.325438 -27.993274, 153.320353 -27.993286, 153.320367 -27.9978, 153.325452 -27.997788))",8c293a52745057c4
1063_13807,0.25,"POLYGON ((153.325438 -27.993274, 153.325425 -27.988761, 153.32034 -27.988773, 153.320353 -27.993286, 153.325438 -27.993274))",8c293a52745057c4
1063_13808,0.25,"POLYGON ((153.325425 -27.988761, 153.325411 -27.984247, 153.320327 -27.984259, 153.32034 -27.988773, 153.325425 -27.988761))",8c293a52745057c4
1063_13809,0.25,"POLYGON ((153.325411 -27.984247, 153.325398 -27.979734, 153.320313 -27.979746, 153.320327 -27.984259, 153.325411 -27.984247))",8c293a52745057c4
1063_13810,0.25,"POLYGON ((153.325398 -27.979734, 153.325384 -27.97522, 153.3203 -27.975232, 153.320313 -27.979746, 153.325398 -27.979734))",8c293a52745057c4
1063_13811,0.25,"POLYGON ((153.325384 -27.97522, 153.325371 -27.970706, 153.320287 -27.970718, 153.3203 -27.975232, 153.325384 -27.97522))",8c293a52745057c4
1063_13812,0.25,"POLYGON ((153.325371 -27.970706, 153.325357 -27.966193, 153.320273 -27.966205, 153.320287 -27.970718, 153.325371 -27.970706))",8c293a52745057c4
1063_13813,0.25,"POLYGON ((153.325357 -27.966193, 153.325343 -27.961679, 153.32026 -27.961691, 153.320273 -27.966205, 153.325357 -27.966193))",8c293a52745057c4
1063_13814,0.25,"POLYGON ((153.325343 -27.961679, 153.32533 -27.957166, 153.320247 -27.957178, 153.32026 -27.961691, 153.325343 -27.961679))",8c293a52745057c4
1063_13815,0.25,"POLYGON ((153.32533 -27.957166, 153.325316 -27.952652, 153.320233 -27.952664, 153.320247 -27.957178, 153.32533 -27.957166))",8c293a52745057c4
1063_13816,0.25,"POLYGON ((153.325316 -27.952652, 153.325303 -27.948138, 153.32022 -27.94815, 153.320233 -27.952664, 153.325316 -27.952652))",8c293a52745057c4
1063_13817,0.25,"POLYGON ((153.325303 -27.948138, 153.325289 -27.943625, 153.320207 -27.943637, 153.32022 -27.94815, 153.325303 -27.948138))",8c293a52745057c4
1063_13818,0.25,"POLYGON ((153.325289 -27.943625, 153.325276 -27.939111, 153.320193 -27.939123, 153.320207 -27.943637, 153.325289 -27.943625))",8c293a52745057c4
1063_13819,0.25,"POLYGON ((153.325276 -27.939111, 153.325262 -27.934598, 153.32018 -27.93461, 153.320193 -27.939123, 153.325276 -27.939111))",8c293a52745057c4
1063_13820,0.25,"POLYGON ((153.325262 -27.934598, 153.325249 -27.930084, 153.320167 -27.930096, 153.32018 -27.93461, 153.325262 -27.934598))",8c293a52745057c4
1063_13821,0.25,"POLYGON ((153.325249 -27.930084, 153.325235 -27.92557, 153.320154 -27.925582, 153.320167 -27.930096, 153.325249 -27.930084))",8c293a52745057c4
1063_13822,0.25,"POLYGON ((153.325235 -27.92557, 153.325222 -27.921057, 153.32014 -27.921069, 153.320154 -27.925582, 153.325235 -27.92557))",8c293a52745057c4
1063_13823,0.25,"POLYGON ((153.325222 -27.921057, 153.325208 -27.916543, 153.320127 -27.916555, 153.32014 -27.921069, 153.325222 -27.921057))",8c293a52745057c4
1063_13824,0.25,"POLYGON ((153.325208 -27.916543, 153.325195 -27.912029, 153.320114 -27.912041, 153.320127 -27.916555, 153.325208 -27.916543))",8c293a52745057c4
1063_13825,0.25,"POLYGON ((153.325195 -27.912029, 153.325181 -27.907516, 153.3201 -27.907528, 153.320114 -27.912041, 153.325195 -27.912029))",8c293a52745057c4
1063_13826,0.25,"POLYGON ((153.325181 -27.907516, 153.325168 -27.903002, 153.320087 -27.903014, 153.3201 -27.907528, 153.325181 -27.907516))",8c293a52745057c4
1063_13827,0.25,"POLYGON ((153.325168 -27.903002, 153.325154 -27.898489, 153.320074 -27.8985, 153.320087 -27.903014, 153.325168 -27.903002))",8c293a52745057c4
1063_13828,0.25,"POLYGON ((153.325154 -27.898489, 153.325141 -27.893975, 153.320061 -27.893987, 153.320074 -27.8985, 153.325154 -27.898489))",8c293a52745057c4
1063_13829,0.25,"POLYGON ((153.325141 -27.893975, 153.325127 -27.889461, 153.320047 -27.889473, 153.320061 -27.893987, 153.325141 -27.893975))",8c293a52745057c4
1063_13830,0.25,"POLYGON ((153.325127 -27.889461, 153.325114 -27.884948, 153.320034 -27.88496, 153.320047 -27.889473, 153.325127 -27.889461))",8c293a52745057c4
1063_13831,0.25,"POLYGON ((153.325114 -27.884948, 153.3251 -27.880434, 153.320021 -27.880446, 153.320034 -27.88496, 153.325114 -27.884948))",8c293a52745057c4
1063_13832,0.25,"POLYGON ((153.3251 -27.880434, 153.325087 -27.87592, 153.320007 -27.875932, 153.320021 -27.880446, 153.3251 -27.880434))",8c293a52745057c4
1063_13833,0.25,"POLYGON ((153.325087 -27.87592, 153.325073 -27.871407, 153.319994 -27.871419, 153.320007 -27.875932, 153.325087 -27.87592))",8c293a52745057c4
1063_13834,0.25,"POLYGON ((153.325073 -27.871407, 153.32506 -27.866893, 153.319981 -27.866905, 153.319994 -27.871419, 153.325073 -27.871407))",8c293a52745057c4
1063_13835,0.25,"POLYGON ((153.32506 -27.866893, 153.325046 -27.862379, 153.319968 -27.862391, 153.319981 -27.866905, 153.32506 -27.866893))",8c293a52745057c4
1063_13836,0.25,"POLYGON ((153.325046 -27.862379, 153.325033 -27.857866, 153.319954 -27.857878, 153.319968 -27.862391, 153.325046 -27.862379))",8c293a52745057c4
1063_13837,0.25,"POLYGON ((153.325033 -27.857866, 153.32502 -27.853352, 153.319941 -27.853364, 153.319954 -27.857878, 153.325033 -27.857866))",8c293a52745057c4
1063_13838,0.25,"POLYGON ((153.32502 -27.853352, 153.325006 -27.848838, 153.319928 -27.84885, 153.319941 -27.853364, 153.32502 -27.853352))",8c293a52745057c4
1063_13839,0.25,"POLYGON ((153.325006 -27.848838, 153.324993 -27.844325, 153.319915 -27.844337, 153.319928 -27.84885, 153.325006 -27.848838))",8c293a52745057c4
1063_13840,0.25,"POLYGON ((153.324993 -27.844325, 153.324979 -27.839811, 153.319901 -27.839823, 153.319915 -27.844337, 153.324993 -27.844325))",8c293a52745057c4
1063_13841,0.25,"POLYGON ((153.324979 -27.839811, 153.324966 -27.835297, 153.319888 -27.835309, 153.319901 -27.839823, 153.324979 -27.839811))",8c293a52745057c4
1063_13842,0.25,"POLYGON ((153.324966 -27.835297, 153.324952 -27.830784, 153.319875 -27.830795, 153.319888 -27.835309, 153.324966 -27.835297))",8c293a52745057c4
1063_13843,0.25,"POLYGON ((153.324952 -27.830784, 153.324939 -27.82627, 153.319862 -27.826282, 153.319875 -27.830795, 153.324952 -27.830784))",8c293a52745057c4
1063_13844,0.25,"POLYGON ((153.324939 -27.82627, 153.324925 -27.821756, 153.319849 -27.821768, 153.319862 -27.826282, 153.324939 -27.82627))",8c293a52745057c4
1063_13845,0.25,"POLYGON ((153.324925 -27.821756, 153.324912 -27.817243, 153.319835 -27.817254, 153.319849 -27.821768, 153.324925 -27.821756))",8c293a52745057c4
1063_13846,0.25,"POLYGON ((153.324912 -27.817243, 153.324899 -27.812729, 153.319822 -27.812741, 153.319835 -27.817254, 153.324912 -27.817243))",8c293a52745057c4
1063_13847,0.25,"POLYGON ((153.324899 -27.812729, 153.324885 -27.808215, 153.319809 -27.808227, 153.319822 -27.812741, 153.324899 -27.812729))",8c293a52745057c4
1063_13848,0.25,"POLYGON ((153.324885 -27.808215, 153.324872 -27.803701, 153.319796 -27.803713, 153.319809 -27.808227, 153.324885 -27.808215))",8c293a52745057c4
1063_13849,0.25,"POLYGON ((153.324872 -27.803701, 153.324858 -27.799188, 153.319782 -27.7992, 153.319796 -27.803713, 153.324872 -27.803701))",8c293a52745057c4
1063_13850,0.25,"POLYGON ((153.324858 -27.799188, 153.324845 -27.794674, 153.319769 -27.794686, 153.319782 -27.7992, 153.324858 -27.799188))",8c293a52745057c4
1063_13851,0.25,"POLYGON ((153.324845 -27.794674, 153.324831 -27.79016, 153.319756 -27.790172, 153.319769 -27.794686, 153.324845 -27.794674))",8c293a52745057c4
1063_13852,0.25,"POLYGON ((153.324831 -27.79016, 153.324818 -27.785647, 153.319743 -27.785658, 153.319756 -27.790172, 153.324831 -27.79016))",8c293a52745057c4
1063_13853,0.25,"POLYGON ((153.324818 -27.785647, 153.324805 -27.781133, 153.31973 -27.781145, 153.319743 -27.785658, 153.324818 -27.785647))",8c293a52745057c4
1063_13854,0.25,"POLYGON ((153.324805 -27.781133, 153.324791 -27.776619, 153.319716 -27.776631, 153.31973 -27.781145, 153.324805 -27.781133))",8c293a52745057c4
1063_13855,0.25,"POLYGON ((153.324791 -27.776619, 153.324778 -27.772105, 153.319703 -27.772117, 153.319716 -27.776631, 153.324791 -27.776619))",8c293a52745057c4
1063_13856,0.25,"POLYGON ((153.324778 -27.772105, 153.324764 -27.767592, 153.31969 -27.767604, 153.319703 -27.772117, 153.324778 -27.772105))",8c293a52745057c4
1063_13857,0.25,"POLYGON ((153.324764 -27.767592, 153.324751 -27.763078, 153.319677 -27.76309, 153.31969 -27.767604, 153.324764 -27.767592))",8c293a52745057c4
1063_13858,0.25,"POLYGON ((153.324751 -27.763078, 153.324738 -27.758564, 153.319664 -27.758576, 153.319677 -27.76309, 153.324751 -27.763078))",8c293a52745057c4
1063_13859,0.25,"POLYGON ((153.324738 -27.758564, 153.324724 -27.754051, 153.31965 -27.754062, 153.319664 -27.758576, 153.324738 -27.758564))",8c293a52745057c4
1063_13860,0.25,"POLYGON ((153.324724 -27.754051, 153.324711 -27.749537, 153.319637 -27.749549, 153.31965 -27.754062, 153.324724 -27.754051))",8c293a52745057c4
1063_13861,0.25,"POLYGON ((153.324711 -27.749537, 153.324697 -27.745023, 153.319624 -27.745035, 153.319637 -27.749549, 153.324711 -27.749537))",8c293a52745057c4
1063_13862,0.25,"POLYGON ((153.324697 -27.745023, 153.324684 -27.740509, 153.319611 -27.740521, 153.319624 -27.745035, 153.324697 -27.745023))",8c293a52745057c4
1063_13863,0.25,"POLYGON ((153.324684 -27.740509, 153.324671 -27.735996, 153.319598 -27.736007, 153.319611 -27.740521, 153.324684 -27.740509))",8c293a52745057c4
1063_13864,0.25,"POLYGON ((153.324671 -27.735996, 153.324657 -27.731482, 153.319585 -27.731494, 153.319598 -27.736007, 153.324671 -27.735996))",8c293a52745057c4
1063_13865,0.25,"POLYGON ((153.324657 -27.731482, 153.324644 -27.726968, 153.319571 -27.72698, 153.319585 -27.731494, 153.324657 -27.731482))",8c293a52745057c4
1063_13866,0.25,"POLYGON ((153.324644 -27.726968, 153.324631 -27.722454, 153.319558 -27.722466, 153.319571 -27.72698, 153.324644 -27.726968))",8c293a52745057c4
1063_13867,0.25,"POLYGON ((153.324631 -27.722454, 153.324617 -27.717941, 153.319545 -27.717952, 153.319558 -27.722466, 153.324631 -27.722454))",8c293a52745057c4
1063_13868,0.25,"POLYGON ((153.324617 -27.717941, 153.324604 -27.713427, 153.319532 -27.713439, 153.319545 -27.717952, 153.324617 -27.717941))",8c293a52745057c4
1063_13869,0.25,"POLYGON ((153.324604 -27.713427, 153.32459 -27.708913, 153.319519 -27.708925, 153.319532 -27.713439, 153.324604 -27.713427))",8c293a52745057c4
1063_13870,0.2339453393927883,"POLYGON ((153.32459 -27.708913, 153.324577 -27.704399, 153.319506 -27.704411, 153.319519 -27.708925, 153.32459 -27.708913))",8c293a52745057c4
1063_13871,0.0964004322245239,"POLYGON ((153.324577 -27.704399, 153.324564 -27.699885, 153.319493 -27.699897, 153.319506 -27.704411, 153.324577 -27.704399))",8c293a52745057c4
1063_13872,0.0014478345124146023,"POLYGON ((153.324564 -27.699885, 153.32455 -27.695372, 153.319479 -27.695383, 153.319493 -27.699897, 153.324564 -27.699885))",8c293a52745057c4
1064_13751,0.0029386051854469503,"POLYGON ((153.331299 -28.246018, 153.331285 -28.241505, 153.326189 -28.241517, 153.326202 -28.24603, 153.331299 -28.246018))",8c293a52745057c4
1064_13752,0.023803999256121082,"POLYGON ((153.331285 -28.241505, 153.331271 -28.236991, 153.326175 -28.237003, 153.326189 -28.241517, 153.331285 -28.241505))",8c293a52745057c4
1064_13753,0.22824422172672382,"POLYGON ((153.331271 -28.236991, 153.331257 -28.232478, 153.326161 -28.23249, 153.326175 -28.237003, 153.331271 -28.236991))",8c293a52745057c4
1064_13754,0.25,"POLYGON ((153.331257 -28.232478, 153.331243 -28.227964, 153.326148 -28.227977, 153.326161 -28.23249, 153.331257 -28.232478))",8c293a52745057c4
1064_13755,0.25,"POLYGON ((153.331243 -28.227964, 153.33123 -28.223451, 153.326134 -28.223463, 153.326148 -28.227977, 153.331243 -28.227964))",8c293a52745057c4
1064_13756,0.25,"POLYGON ((153.33123 -28.223451, 153.331216 -28.218937, 153.32612 -28.21895, 153.326134 -28.223463, 153.33123 -28.223451))",8c293a52745057c4
1064_13757,0.25,"POLYGON ((153.331216 -28.218937, 153.331202 -28.214424, 153.326106 -28.214436, 153.32612 -28.21895, 153.331216 -28.218937))",8c293a52745057c4
1064_13758,0.25,"POLYGON ((153.331202 -28.214424, 153.331188 -28.209911, 153.326093 -28.209923, 153.326106 -28.214436, 153.331202 -28.214424))",8c293a52745057c4
1064_13759,0.25,"POLYGON ((153.331188 -28.209911, 153.331174 -28.205397, 153.326079 -28.205409, 153.326093 -28.209923, 153.331188 -28.209911))",8c293a52745057c4
1064_13760,0.25,"POLYGON ((153.331174 -28.205397, 153.33116 -28.200884, 153.326065 -28.200896, 153.326079 -28.205409, 153.331174 -28.205397))",8c293a52745057c4
1064_13761,0.25,"POLYGON ((153.33116 -28.200884, 153.331146 -28.19637, 153.326052 -28.196383, 153.326065 -28.200896, 153.33116 -28.200884))",8c293a52745057c4
1064_13762,0.25,"POLYGON ((153.331146 -28.19637, 153.331132 -28.191857, 153.326038 -28.191869, 153.326052 -28.196383, 153.331146 -28.19637))",8c293a52745057c4
1064_13763,0.25,"POLYGON ((153.331132 -28.191857, 153.331118 -28.187343, 153.326024 -28.187356, 153.326038 -28.191869, 153.331132 -28.191857))",8c293a52745057c4
1064_13764,0.25,"POLYGON ((153.331118 -28.187343, 153.331104 -28.18283, 153.32601 -28.182842, 153.326024 -28.187356, 153.331118 -28.187343))",8c293a52745057c4
1064_13765,0.25,"POLYGON ((153.331104 -28.18283, 153.33109 -28.178316, 153.325997 -28.178329, 153.32601 -28.182842, 153.331104 -28.18283))",8c293a52745057c4
1064_13766,0.25,"POLYGON ((153.33109 -28.178316, 153.331077 -28.173803, 153.325983 -28.173815, 153.325997 -28.178329, 153.33109 -28.178316))",8c293a52745057c4
1064_13767,0.25,"POLYGON ((153.331077 -28.173803, 153.331063 -28.16929, 153.325969 -28.169302, 153.325983 -28.173815, 153.331077 -28.173803))",8c293a52745057c4
1064_13768,0.25,"POLYGON ((153.331063 -28.16929, 153.331049 -28.164776, 153.325956 -28.164788, 153.325969 -28.169302, 153.331063 -28.16929))",8c293a52745057c4
1064_13769,0.25,"POLYGON ((153.331049 -28.164776, 153.331035 -28.160263, 153.325942 -28.160275, 153.325956 -28.164788, 153.331049 -28.164776))",8c293a52745057c4
1064_13770,0.25,"POLYGON ((153.331035 -28.160263, 153.331021 -28.155749, 153.325928 -28.155761, 153.325942 -28.160275, 153.331035 -28.160263))",8c293a52745057c4
1064_13771,0.25,"POLYGON ((153.331021 -28.155749, 153.331007 -28.151236, 153.325915 -28.151248, 153.325928 -28.155761, 153.331021 -28.155749))",8c293a52745057c4
1064_13772,0.25,"POLYGON ((153.331007 -28.151236, 153.330993 -28.146722, 153.325901 -28.146734, 153.325915 -28.151248, 153.331007 -28.151236))",8c293a52745057c4
1064_13773,0.25,"POLYGON ((153.330993 -28.146722, 153.330979 -28.142209, 153.325887 -28.142221, 153.325901 -28.146734, 153.330993 -28.146722))",8c293a52745057c4
1064_13774,0.25,"POLYGON ((153.330979 -28.142209, 153.330965 -28.137695, 153.325874 -28.137707, 153.325887 -28.142221, 153.330979 -28.142209))",8c293a52745057c4
1064_13775,0.25,"POLYGON ((153.330965 -28.137695, 153.330952 -28.133182, 153.32586 -28.133194, 153.325874 -28.137707, 153.330965 -28.137695))",8c293a52745057c4
1064_13776,0.25,"POLYGON ((153.330952 -28.133182, 153.330938 -28.128668, 153.325846 -28.12868, 153.32586 -28.133194, 153.330952 -28.133182))",8c293a52745057c4
1064_13777,0.25,"POLYGON ((153.330938 -28.128668, 153.330924 -28.124155, 153.325833 -28.124167, 153.325846 -28.12868, 153.330938 -28.128668))",8c293a52745057c4
1064_13778,0.25,"POLYGON ((153.330924 -28.124155, 153.33091 -28.119641, 153.325819 -28.119653, 153.325833 -28.124167, 153.330924 -28.124155))",8c293a52745057c4
1064_13779,0.25,"POLYGON ((153.33091 -28.119641, 153.330896 -28.115128, 153.325805 -28.11514, 153.325819 -28.119653, 153.33091 -28.119641))",8c293a52745057c4
1064_13780,0.25,"POLYGON ((153.330896 -28.115128, 153.330882 -28.110614, 153.325792 -28.110626, 153.325805 -28.11514, 153.330896 -28.115128))",8c293a52745057c4
1064_13781,0.25,"POLYGON ((153.330882 -28.110614, 153.330868 -28.106101, 153.325778 -28.106113, 153.325792 -28.110626, 153.330882 -28.110614))",8c293a52745057c4
1064_13782,0.25,"POLYGON ((153.330868 -28.106101, 153.330855 -28.101587, 153.325765 -28.101599, 153.325778 -28.106113, 153.330868 -28.106101))",8c293a52745057c4
1064_13783,0.25,"POLYGON ((153.330855 -28.101587, 153.330841 -28.097074, 153.325751 -28.097086, 153.325765 -28.101599, 153.330855 -28.101587))",8c293a52745057c4
1064_13784,0.25,"POLYGON ((153.330841 -28.097074, 153.330827 -28.09256, 153.325737 -28.092572, 153.325751 -28.097086, 153.330841 -28.097074))",8c293a52745057c4
1064_13785,0.25,"POLYGON ((153.330827 -28.09256, 153.330813 -28.088047, 153.325724 -28.088059, 153.325737 -28.092572, 153.330827 -28.09256))",8c293a52745057c4
1064_13786,0.25,"POLYGON ((153.330813 -28.088047, 153.330799 -28.083533, 153.32571 -28.083545, 153.325724 -28.088059, 153.330813 -28.088047))",8c293a52745057c4
1064_13787,0.25,"POLYGON ((153.330799 -28.083533, 153.330785 -28.07902, 153.325696 -28.079032, 153.32571 -28.083545, 153.330799 -28.083533))",8c293a52745057c4
1064_13788,0.25,"POLYGON ((153.330785 -28.07902, 153.330772 -28.074506, 153.325683 -28.074518, 153.325696 -28.079032, 153.330785 -28.07902))",8c293a52745057c4
1064_13789,0.25,"POLYGON ((153.330772 -28.074506, 153.330758 -28.069993, 153.325669 -28.070005, 153.325683 -28.074518, 153.330772 -28.074506))",8c293a52745057c4
1064_13790,0.25,"POLYGON ((153.330758 -28.069993, 153.330744 -28.065479, 153.325656 -28.065491, 153.325669 -28.070005, 153.330758 -28.069993))",8c293a52745057c4
1064_13791,0.25,"POLYGON ((153.330744 -28.065479, 153.33073 -28.060966, 153.325642 -28.060978, 153.325656 -28.065491, 153.330744 -28.065479))",8c293a52745057c4
1064_13792,0.25,"POLYGON ((153.33073 -28.060966, 153.330716 -28.056452, 153.325628 -28.056464, 153.325642 -28.060978, 153.33073 -28.060966))",8c293a52745057c4
1064_13793,0.25,"POLYGON ((153.330716 -28.056452, 153.330702 -28.051939, 153.325615 -28.051951, 153.325628 -28.056464, 153.330716 -28.056452))",8c293a52745057c4
1064_13794,0.25,"POLYGON ((153.330702 -28.051939, 153.330689 -28.047425, 153.325601 -28.047437, 153.325615 -28.051951, 153.330702 -28.051939))",8c293a52745057c4
1064_13795,0.25,"POLYGON ((153.330689 -28.047425, 153.330675 -28.042911, 153.325588 -28.042924, 153.325601 -28.047437, 153.330689 -28.047425))",8c293a52745057c4
1064_13796,0.25,"POLYGON ((153.330675 -28.042911, 153.330661 -28.038398, 153.325574 -28.03841, 153.325588 -28.042924, 153.330675 -28.042911))",8c293a52745057c4
1064_13797,0.25,"POLYGON ((153.330661 -28.038398, 153.330647 -28.033884, 153.32556 -28.033897, 153.325574 -28.03841, 153.330661 -28.038398))",8c293a52745057c4
1064_13798,0.25,"POLYGON ((153.330647 -28.033884, 153.330633 -28.029371, 153.325547 -28.029383, 153.32556 -28.033897, 153.330647 -28.033884))",8c293a52745057c4
1064_13799,0.25,"POLYGON ((153.330633 -28.029371, 153.33062 -28.024857, 153.325533 -28.024869, 153.325547 -28.029383, 153.330633 -28.029371))",8c293a52745057c4
1064_13800,0.25,"POLYGON ((153.33062 -28.024857, 153.330606 -28.020344, 153.32552 -28.020356, 153.325533 -28.024869, 153.33062 -28.024857))",8c293a52745057c4
1064_13801,0.25,"POLYGON ((153.330606 -28.020344, 153.330592 -28.01583, 153.325506 -28.015842, 153.32552 -28.020356, 153.330606 -28.020344))",8c293a52745057c4
1064_13802,0.25,"POLYGON ((153.330592 -28.01583, 153.330578 -28.011317, 153.325493 -28.011329, 153.325506 -28.015842, 153.330592 -28.01583))",8c293a52745057c4
1064_13803,0.25,"POLYGON ((153.330578 -28.011317, 153.330565 -28.006803, 153.325479 -28.006815, 153.325493 -28.011329, 153.330578 -28.011317))",8c293a52745057c4
1064_13804,0.25,"POLYGON ((153.330565 -28.006803, 153.330551 -28.002289, 153.325465 -28.002302, 153.325479 -28.006815, 153.330565 -28.006803))",8c293a52745057c4
1064_13805,0.25,"POLYGON ((153.330551 -28.002289, 153.330537 -27.997776, 153.325452 -27.997788, 153.325465 -28.002302, 153.330551 -28.002289))",8c293a52745057c4
1064_13806,0.25,"POLYGON ((153.330537 -27.997776, 153.330523 -27.993262, 153.325438 -27.993274, 153.325452 -27.997788, 153.330537 -27.997776))",8c293a52745057c4
1064_13807,0.25,"POLYGON ((153.330523 -27.993262, 153.330509 -27.988749, 153.325425 -27.988761, 153.325438 -27.993274, 153.330523 -27.993262))",8c293a52745057c4
1064_13808,0.25,"POLYGON ((153.330509 -27.988749, 153.330496 -27.984235, 153.325411 -27.984247, 153.325425 -27.988761, 153.330509 -27.988749))",8c293a52745057c4
1064_13809,0.25,"POLYGON ((153.330496 -27.984235, 153.330482 -27.979722, 153.325398 -27.979734, 153.325411 -27.984247, 153.330496 -27.984235))",8c293a52745057c4
1064_13810,0.25,"POLYGON ((153.330482 -27.979722, 153.330468 -27.975208, 153.325384 -27.97522, 153.325398 -27.979734, 153.330482 -27.979722))",8c293a52745057c4
1064_13811,0.25,"POLYGON ((153.330468 -27.975208, 153.330454 -27.970694, 153.325371 -27.970706, 153.325384 -27.97522, 153.330468 -27.975208))",8c293a52745057c4
1064_13812,0.25,"POLYGON ((153.330454 -27.970694, 153.330441 -27.966181, 153.325357 -27.966193, 153.325371 -27.970706, 153.330454 -27.970694))",8c293a52745057c4
1064_13813,0.25,"POLYGON ((153.330441 -27.966181, 153.330427 -27.961667, 153.325343 -27.961679, 153.325357 -27.966193, 153.330441 -27.966181))",8c293a52745057c4
1064_13814,0.25,"POLYGON ((153.330427 -27.961667, 153.330413 -27.957154, 153.32533 -27.957166, 153.325343 -27.961679, 153.330427 -27.961667))",8c293a52745057c4
1064_13815,0.25,"POLYGON ((153.330413 -27.957154, 153.330399 -27.95264, 153.325316 -27.952652, 153.32533 -27.957166, 153.330413 -27.957154))",8c293a52745057c4
1064_13816,0.25,"POLYGON ((153.330399 -27.95264, 153.330386 -27.948126, 153.325303 -27.948138, 153.325316 -27.952652, 153.330399 -27.95264))",8c293a52745057c4
1064_13817,0.25,"POLYGON ((153.330386 -27.948126, 153.330372 -27.943613, 153.325289 -27.943625, 153.325303 -27.948138, 153.330386 -27.948126))",8c293a52745057c4
1064_13818,0.25,"POLYGON ((153.330372 -27.943613, 153.330358 -27.939099, 153.325276 -27.939111, 153.325289 -27.943625, 153.330372 -27.943613))",8c293a52745057c4
1064_13819,0.25,"POLYGON ((153.330358 -27.939099, 153.330345 -27.934586, 153.325262 -27.934598, 153.325276 -27.939111, 153.330358 -27.939099))",8c293a52745057c4
1064_13820,0.25,"POLYGON ((153.330345 -27.934586, 153.330331 -27.930072, 153.325249 -27.930084, 153.325262 -27.934598, 153.330345 -27.934586))",8c293a52745057c4
1064_13821,0.25,"POLYGON ((153.330331 -27.930072, 153.330317 -27.925558, 153.325235 -27.92557, 153.325249 -27.930084, 153.330331 -27.930072))",8c293a52745057c4
1064_13822,0.25,"POLYGON ((153.330317 -27.925558, 153.330303 -27.921045, 153.325222 -27.921057, 153.325235 -27.92557, 153.330317 -27.925558))",8c293a52745057c4
1064_13823,0.25,"POLYGON ((153.330303 -27.921045, 153.33029 -27.916531, 153.325208 -27.916543, 153.325222 -27.921057, 153.330303 -27.921045))",8c293a52745057c4
1064_13824,0.25,"POLYGON ((153.33029 -27.916531, 153.330276 -27.912017, 153.325195 -27.912029, 153.325208 -27.916543, 153.33029 -27.916531))",8c293a52745057c4
1064_13825,0.25,"POLYGON ((153.330276 -27.912017, 153.330262 -27.907504, 153.325181 -27.907516, 153.325195 -27.912029, 153.330276 -27.912017))",8c293a52745057c4
1064_13826,0.25,"POLYGON ((153.330262 -27.907504, 153.330248 -27.90299, 153.325168 -27.903002, 153.325181 -27.907516, 153.330262 -27.907504))",8c293a52745057c4
1064_13827,0.25,"POLYGON ((153.330248 -27.90299, 153.330235 -27.898477, 153.325154 -27.898489, 153.325168 -27.903002, 153.330248 -27.90299))",8c293a52745057c4
1064_13828,0.25,"POLYGON ((153.330235 -27.898477, 153.330221 -27.893963, 153.325141 -27.893975, 153.325154 -27.898489, 153.330235 -27.898477))",8c293a52745057c4
1064_13829,0.25,"POLYGON ((153.330221 -27.893963, 153.330207 -27.889449, 153.325127 -27.889461, 153.325141 -27.893975, 153.330221 -27.893963))",8c293a52745057c4
1064_13830,0.25,"POLYGON ((153.330207 -27.889449, 153.330194 -27.884936, 153.325114 -27.884948, 153.325127 -27.889461, 153.330207 -27.889449))",8c293a52745057c4
1064_13831,0.25,"POLYGON ((153.330194 -27.884936, 153.33018 -27.880422, 153.3251 -27.880434, 153.325114 -27.884948, 153.330194 -27.884936))",8c293a52745057c4
1064_13832,0.25,"POLYGON ((153.33018 -27.880422, 153.330166 -27.875908, 153.325087 -27.87592, 153.3251 -27.880434, 153.33018 -27.880422))",8c293a52745057c4
1064_13833,0.25,"POLYGON ((153.330166 -27.875908, 153.330153 -27.871395, 153.325073 -27.871407, 153.325087 -27.87592, 153.330166 -27.875908))",8c293a52745057c4
1064_13834,0.25,"POLYGON ((153.330153 -27.871395, 153.330139 -27.866881, 153.32506 -27.866893, 153.325073 -27.871407, 153.330153 -27.871395))",8c293a52745057c4
1064_13835,0.25,"POLYGON ((153.330139 -27.866881, 153.330125 -27.862367, 153.325046 -27.862379, 153.32506 -27.866893, 153.330139 -27.866881))",8c293a52745057c4
1064_13836,0.25,"POLYGON ((153.330125 -27.862367, 153.330112 -27.857854, 153.325033 -27.857866, 153.325046 -27.862379, 153.330125 -27.862367))",8c293a52745057c4
1064_13837,0.25,"POLYGON ((153.330112 -27.857854, 153.330098 -27.85334, 153.32502 -27.853352, 153.325033 -27.857866, 153.330112 -27.857854))",8c293a52745057c4
1064_13838,0.25,"POLYGON ((153.330098 -27.85334, 153.330084 -27.848826, 153.325006 -27.848838, 153.32502 -27.853352, 153.330098 -27.85334))",8c293a52745057c4
1064_13839,0.25,"POLYGON ((153.330084 -27.848826, 153.330071 -27.844313, 153.324993 -27.844325, 153.325006 -27.848838, 153.330084 -27.848826))",8c293a52745057c4
1064_13840,0.25,"POLYGON ((153.330071 -27.844313, 153.330057 -27.839799, 153.324979 -27.839811, 153.324993 -27.844325, 153.330071 -27.844313))",8c293a52745057c4
1064_13841,0.25,"POLYGON ((153.330057 -27.839799, 153.330043 -27.835285, 153.324966 -27.835297, 153.324979 -27.839811, 153.330057 -27.839799))",8c293a52745057c4
1064_13842,0.25,"POLYGON ((153.330043 -27.835285, 153.33003 -27.830772, 153.324952 -27.830784, 153.324966 -27.835297, 153.330043 -27.835285))",8c293a52745057c4
1064_13843,0.25,"POLYGON ((153.33003 -27.830772, 153.330016 -27.826258, 153.324939 -27.82627, 153.324952 -27.830784, 153.33003 -27.830772))",8c293a52745057c4
1064_13844,0.25,"POLYGON ((153.330016 -27.826258, 153.330002 -27.821744, 153.324925 -27.821756, 153.324939 -27.82627, 153.330016 -27.826258))",8c293a52745057c4
1064_13845,0.25,"POLYGON ((153.330002 -27.821744, 153.329989 -27.817231, 153.324912 -27.817243, 153.324925 -27.821756, 153.330002 -27.821744))",8c293a52745057c4
1064_13846,0.25,"POLYGON ((153.329989 -27.817231, 153.329975 -27.812717, 153.324899 -27.812729, 153.324912 -27.817243, 153.329989 -27.817231))",8c293a52745057c4
1064_13847,0.25,"POLYGON ((153.329975 -27.812717, 153.329961 -27.808203, 153.324885 -27.808215, 153.324899 -27.812729, 153.329975 -27.812717))",8c293a52745057c4
1064_13848,0.25,"POLYGON ((153.329961 -27.808203, 153.329948 -27.803689, 153.324872 -27.803701, 153.324885 -27.808215, 153.329961 -27.808203))",8c293a52745057c4
1064_13849,0.25,"POLYGON ((153.329948 -27.803689, 153.329934 -27.799176, 153.324858 -27.799188, 153.324872 -27.803701, 153.329948 -27.803689))",8c293a52745057c4
1064_13850,0.25,"POLYGON ((153.329934 -27.799176, 153.32992 -27.794662, 153.324845 -27.794674, 153.324858 -27.799188, 153.329934 -27.799176))",8c293a52745057c4
1064_13851,0.25,"POLYGON ((153.32992 -27.794662, 153.329907 -27.790148, 153.324831 -27.79016, 153.324845 -27.794674, 153.32992 -27.794662))",8c293a52745057c4
1064_13852,0.25,"POLYGON ((153.329907 -27.790148, 153.329893 -27.785635, 153.324818 -27.785647, 153.324831 -27.79016, 153.329907 -27.790148))",8c293a52745057c4
1064_13853,0.25,"POLYGON ((153.329893 -27.785635, 153.32988 -27.781121, 153.324805 -27.781133, 153.324818 -27.785647, 153.329893 -27.785635))",8c293a52745057c4
1064_13854,0.25,"POLYGON ((153.32988 -27.781121, 153.329866 -27.776607, 153.324791 -27.776619, 153.324805 -27.781133, 153.32988 -27.781121))",8c293a52745057c4
1064_13855,0.25,"POLYGON ((153.329866 -27.776607, 153.329852 -27.772093, 153.324778 -27.772105, 153.324791 -27.776619, 153.329866 -27.776607))",8c293a52745057c4
1064_13856,0.25,"POLYGON ((153.329852 -27.772093, 153.329839 -27.76758, 153.324764 -27.767592, 153.324778 -27.772105, 153.329852 -27.772093))",8c293a52745057c4
1064_13857,0.25,"POLYGON ((153.329839 -27.76758, 153.329825 -27.763066, 153.324751 -27.763078, 153.324764 -27.767592, 153.329839 -27.76758))",8c293a52745057c4
1064_13858,0.25,"POLYGON ((153.329825 -27.763066, 153.329812 -27.758552, 153.324738 -27.758564, 153.324751 -27.763078, 153.329825 -27.763066))",8c293a52745057c4
1064_13859,0.25,"POLYGON ((153.329812 -27.758552, 153.329798 -27.754039, 153.324724 -27.754051, 153.324738 -27.758564, 153.329812 -27.758552))",8c293a52745057c4
1064_13860,0.25,"POLYGON ((153.329798 -27.754039, 153.329784 -27.749525, 153.324711 -27.749537, 153.324724 -27.754051, 153.329798 -27.754039))",8c293a52745057c4
1064_13861,0.25,"POLYGON ((153.329784 -27.749525, 153.329771 -27.745011, 153.324697 -27.745023, 153.324711 -27.749537, 153.329784 -27.749525))",8c293a52745057c4
1064_13862,0.25,"POLYGON ((153.329771 -27.745011, 153.329757 -27.740497, 153.324684 -27.740509, 153.324697 -27.745023, 153.329771 -27.745011))",8c293a52745057c4
1064_13863,0.25,"POLYGON ((153.329757 -27.740497, 153.329744 -27.735984, 153.324671 -27.735996, 153.324684 -27.740509, 153.329757 -27.740497))",8c293a52745057c4
1064_13864,0.25,"POLYGON ((153.329744 -27.735984, 153.32973 -27.73147, 153.324657 -27.731482, 153.324671 -27.735996, 153.329744 -27.735984))",8c293a52745057c4
1064_13865,0.25,"POLYGON ((153.32973 -27.73147, 153.329716 -27.726956, 153.324644 -27.726968, 153.324657 -27.731482, 153.32973 -27.73147))",8c293a52745057c4
1064_13866,0.25,"POLYGON ((153.329716 -27.726956, 153.329703 -27.722442, 153.324631 -27.722454, 153.324644 -27.726968, 153.329716 -27.726956))",8c293a52745057c4
1064_13867,0.25,"POLYGON ((153.329703 -27.722442, 153.329689 -27.717929, 153.324617 -27.717941, 153.324631 -27.722454, 153.329703 -27.722442))",8c293a52745057c4
1064_13868,0.25,"POLYGON ((153.329689 -27.717929, 153.329676 -27.713415, 153.324604 -27.713427, 153.324617 -27.717941, 153.329689 -27.717929))",8c293a52745057c4
1064_13869,0.25,"POLYGON ((153.329676 -27.713415, 153.329662 -27.708901, 153.32459 -27.708913, 153.324604 -27.713427, 153.329676 -27.713415))",8c293a52745057c4
1064_13870,0.25,"POLYGON ((153.329662 -27.708901, 153.329649 -27.704387, 153.324577 -27.704399, 153.32459 -27.708913, 153.329662 -27.708901))",8c293a52745057c4
1064_13871,0.25,"POLYGON ((153.329649 -27.704387, 153.329635 -27.699873, 153.324564 -27.699885, 153.324577 -27.704399, 153.329649 -27.704387))",8c293a52745057c4
1064_13872,0.17691389086941028,"POLYGON ((153.329635 -27.699873, 153.329621 -27.69536, 153.32455 -27.695372, 153.324564 -27.699885, 153.329635 -27.699873))",8c293a52745057c4
1065_13750,0.07154781967393874,"POLYGON ((153.33641 -28.250519, 153.336396 -28.246006, 153.331299 -28.246018, 153.331313 -28.250531, 153.33641 -28.250519))",8c293a52745057c4
1065_13751,0.2434184260941564,"POLYGON ((153.336396 -28.246006, 153.336382 -28.241492, 153.331285 -28.241505, 153.331299 -28.246018, 153.336396 -28.246006))",8c293a52745057c4
1065_13752,0.25,"POLYGON ((153.336382 -28.241492, 153.336368 -28.236979, 153.331271 -28.236991, 153.331285 -28.241505, 153.336382 -28.241492))",8c293a52745057c4
1065_13753,0.25,"POLYGON ((153.336368 -28.236979, 153.336354 -28.232465, 153.331257 -28.232478, 153.331271 -28.236991, 153.336368 -28.236979))",8c293a52745057c4
1065_13754,0.25,"POLYGON ((153.336354 -28.232465, 153.336339 -28.227952, 153.331243 -28.227964, 153.331257 -28.232478, 153.336354 -28.232465))",8c293a52745057c4
1065_13755,0.25,"POLYGON ((153.336339 -28.227952, 153.336325 -28.223438, 153.33123 -28.223451, 153.331243 -28.227964, 153.336339 -28.227952))",8c293a52745057c4
1065_13756,0.25,"POLYGON ((153.336325 -28.223438, 153.336311 -28.218925, 153.331216 -28.218937, 153.33123 -28.223451, 153.336325 -28.223438))",8c293a52745057c4
1065_13757,0.25,"POLYGON ((153.336311 -28.218925, 153.336297 -28.214412, 153.331202 -28.214424, 153.331216 -28.218937, 153.336311 -28.218925))",8c293a52745057c4
1065_13758,0.25,"POLYGON ((153.336297 -28.214412, 153.336283 -28.209898, 153.331188 -28.209911, 153.331202 -28.214424, 153.336297 -28.214412))",8c293a52745057c4
1065_13759,0.25,"POLYGON ((153.336283 -28.209898, 153.336269 -28.205385, 153.331174 -28.205397, 153.331188 -28.209911, 153.336283 -28.209898))",8c293a52745057c4
1065_13760,0.25,"POLYGON ((153.336269 -28.205385, 153.336255 -28.200871, 153.33116 -28.200884, 153.331174 -28.205397, 153.336269 -28.205385))",8c293a52745057c4
1065_13761,0.25,"POLYGON ((153.336255 -28.200871, 153.336241 -28.196358, 153.331146 -28.19637, 153.33116 -28.200884, 153.336255 -28.200871))",8c293a52745057c4
1065_13762,0.25,"POLYGON ((153.336241 -28.196358, 153.336226 -28.191844, 153.331132 -28.191857, 153.331146 -28.19637, 153.336241 -28.196358))",8c293a52745057c4
1065_13763,0.25,"POLYGON ((153.336226 -28.191844, 153.336212 -28.187331, 153.331118 -28.187343, 153.331132 -28.191857, 153.336226 -28.191844))",8c293a52745057c4
1065_13764,0.25,"POLYGON ((153.336212 -28.187331, 153.336198 -28.182818, 153.331104 -28.18283, 153.331118 -28.187343, 153.336212 -28.187331))",8c293a52745057c4
1065_13765,0.25,"POLYGON ((153.336198 -28.182818, 153.336184 -28.178304, 153.33109 -28.178316, 153.331104 -28.18283, 153.336198 -28.182818))",8c293a52745057c4
1065_13766,0.25,"POLYGON ((153.336184 -28.178304, 153.33617 -28.173791, 153.331077 -28.173803, 153.33109 -28.178316, 153.336184 -28.178304))",8c293a52745057c4
1065_13767,0.25,"POLYGON ((153.33617 -28.173791, 153.336156 -28.169277, 153.331063 -28.16929, 153.331077 -28.173803, 153.33617 -28.173791))",8c293a52745057c4
1065_13768,0.25,"POLYGON ((153.336156 -28.169277, 153.336142 -28.164764, 153.331049 -28.164776, 153.331063 -28.16929, 153.336156 -28.169277))",8c293a52745057c4
1065_13769,0.25,"POLYGON ((153.336142 -28.164764, 153.336128 -28.16025, 153.331035 -28.160263, 153.331049 -28.164776, 153.336142 -28.164764))",8c293a52745057c4
1065_13770,0.25,"POLYGON ((153.336128 -28.16025, 153.336114 -28.155737, 153.331021 -28.155749, 153.331035 -28.160263, 153.336128 -28.16025))",8c293a52745057c4
1065_13771,0.25,"POLYGON ((153.336114 -28.155737, 153.336099 -28.151223, 153.331007 -28.151236, 153.331021 -28.155749, 153.336114 -28.155737))",8c293a52745057c4
1065_13772,0.25,"POLYGON ((153.336099 -28.151223, 153.336085 -28.14671, 153.330993 -28.146722, 153.331007 -28.151236, 153.336099 -28.151223))",8c293a52745057c4
1065_13773,0.25,"POLYGON ((153.336085 -28.14671, 153.336071 -28.142196, 153.330979 -28.142209, 153.330993 -28.146722, 153.336085 -28.14671))",8c293a52745057c4
1065_13774,0.25,"POLYGON ((153.336071 -28.142196, 153.336057 -28.137683, 153.330965 -28.137695, 153.330979 -28.142209, 153.336071 -28.142196))",8c293a52745057c4
1065_13775,0.25,"POLYGON ((153.336057 -28.137683, 153.336043 -28.133169, 153.330952 -28.133182, 153.330965 -28.137695, 153.336057 -28.137683))",8c293a52745057c4
1065_13776,0.25,"POLYGON ((153.336043 -28.133169, 153.336029 -28.128656, 153.330938 -28.128668, 153.330952 -28.133182, 153.336043 -28.133169))",8c293a52745057c4
1065_13777,0.25,"POLYGON ((153.336029 -28.128656, 153.336015 -28.124142, 153.330924 -28.124155, 153.330938 -28.128668, 153.336029 -28.128656))",8c293a52745057c4
1065_13778,0.25,"POLYGON ((153.336015 -28.124142, 153.336001 -28.119629, 153.33091 -28.119641, 153.330924 -28.124155, 153.336015 -28.124142))",8c293a52745057c4
1065_13779,0.25,"POLYGON ((153.336001 -28.119629, 153.335987 -28.115115, 153.330896 -28.115128, 153.33091 -28.119641, 153.336001 -28.119629))",8c293a52745057c4
1065_13780,0.25,"POLYGON ((153.335987 -28.115115, 153.335973 -28.110602, 153.330882 -28.110614, 153.330896 -28.115128, 153.335987 -28.115115))",8c293a52745057c4
1065_13781,0.25,"POLYGON ((153.335973 -28.110602, 153.335959 -28.106088, 153.330868 -28.106101, 153.330882 -28.110614, 153.335973 -28.110602))",8c293a52745057c4
1065_13782,0.25,"POLYGON ((153.335959 -28.106088, 153.335945 -28.101575, 153.330855 -28.101587, 153.330868 -28.106101, 153.335959 -28.106088))",8c293a52745057c4
1065_13783,0.25,"POLYGON ((153.335945 -28.101575, 153.335931 -28.097061, 153.330841 -28.097074, 153.330855 -28.101587, 153.335945 -28.101575))",8c293a52745057c4
1065_13784,0.25,"POLYGON ((153.335931 -28.097061, 153.335916 -28.092548, 153.330827 -28.09256, 153.330841 -28.097074, 153.335931 -28.097061))",8c293a52745057c4
1065_13785,0.25,"POLYGON ((153.335916 -28.092548, 153.335902 -28.088034, 153.330813 -28.088047, 153.330827 -28.09256, 153.335916 -28.092548))",8c293a52745057c4
1065_13786,0.25,"POLYGON ((153.335902 -28.088034, 153.335888 -28.083521, 153.330799 -28.083533, 153.330813 -28.088047, 153.335902 -28.088034))",8c293a52745057c4
1065_13787,0.25,"POLYGON ((153.335888 -28.083521, 153.335874 -28.079007, 153.330785 -28.07902, 153.330799 -28.083533, 153.335888 -28.083521))",8c293a52745057c4
1065_13788,0.25,"POLYGON ((153.335874 -28.079007, 153.33586 -28.074494, 153.330772 -28.074506, 153.330785 -28.07902, 153.335874 -28.079007))",8c293a52745057c4
1065_13789,0.25,"POLYGON ((153.33586 -28.074494, 153.335846 -28.06998, 153.330758 -28.069993, 153.330772 -28.074506, 153.33586 -28.074494))",8c293a52745057c4
1065_13790,0.25,"POLYGON ((153.335846 -28.06998, 153.335832 -28.065467, 153.330744 -28.065479, 153.330758 -28.069993, 153.335846 -28.06998))",8c293a52745057c4
1065_13791,0.25,"POLYGON ((153.335832 -28.065467, 153.335818 -28.060953, 153.33073 -28.060966, 153.330744 -28.065479, 153.335832 -28.065467))",8c293a52745057c4
1065_13792,0.25,"POLYGON ((153.335818 -28.060953, 153.335804 -28.05644, 153.330716 -28.056452, 153.33073 -28.060966, 153.335818 -28.060953))",8c293a52745057c4
1065_13793,0.25,"POLYGON ((153.335804 -28.05644, 153.33579 -28.051926, 153.330702 -28.051939, 153.330716 -28.056452, 153.335804 -28.05644))",8c293a52745057c4
1065_13794,0.25,"POLYGON ((153.33579 -28.051926, 153.335776 -28.047413, 153.330689 -28.047425, 153.330702 -28.051939, 153.33579 -28.051926))",8c293a52745057c4
1065_13795,0.25,"POLYGON ((153.335776 -28.047413, 153.335762 -28.042899, 153.330675 -28.042911, 153.330689 -28.047425, 153.335776 -28.047413))",8c293a52745057c4
1065_13796,0.25,"POLYGON ((153.335762 -28.042899, 153.335748 -28.038386, 153.330661 -28.038398, 153.330675 -28.042911, 153.335762 -28.042899))",8c293a52745057c4
1065_13797,0.25,"POLYGON ((153.335748 -28.038386, 153.335734 -28.033872, 153.330647 -28.033884, 153.330661 -28.038398, 153.335748 -28.038386))",8c293a52745057c4
1065_13798,0.25,"POLYGON ((153.335734 -28.033872, 153.33572 -28.029358, 153.330633 -28.029371, 153.330647 -28.033884, 153.335734 -28.033872))",8c293a52745057c4
1065_13799,0.25,"POLYGON ((153.33572 -28.029358, 153.335706 -28.024845, 153.33062 -28.024857, 153.330633 -28.029371, 153.33572 -28.029358))",8c293a52745057c4
1065_13800,0.25,"POLYGON ((153.335706 -28.024845, 153.335692 -28.020331, 153.330606 -28.020344, 153.33062 -28.024857, 153.335706 -28.024845))",8c293a52745057c4
1065_13801,0.25,"POLYGON ((153.335692 -28.020331, 153.335678 -28.015818, 153.330592 -28.01583, 153.330606 -28.020344, 153.335692 -28.020331))",8c293a52745057c4
1065_13802,0.25,"POLYGON ((153.335678 -28.015818, 153.335664 -28.011304, 153.330578 -28.011317, 153.330592 -28.01583, 153.335678 -28.015818))",8c293a52745057c4
1065_13803,0.25,"POLYGON ((153.335664 -28.011304, 153.33565 -28.006791, 153.330565 -28.006803, 153.330578 -28.011317, 153.335664 -28.011304))",8c293a52745057c4
1065_13804,0.25,"POLYGON ((153.33565 -28.006791, 153.335636 -28.002277, 153.330551 -28.002289, 153.330565 -28.006803, 153.33565 -28.006791))",8c293a52745057c4
1065_13805,0.25,"POLYGON ((153.335636 -28.002277, 153.335622 -27.997764, 153.330537 -27.997776, 153.330551 -28.002289, 153.335636 -28.002277))",8c293a52745057c4
1065_13806,0.25,"POLYGON ((153.335622 -27.997764, 153.335608 -27.99325, 153.330523 -27.993262, 153.330537 -27.997776, 153.335622 -27.997764))",8c293a52745057c4
1065_13807,0.25,"POLYGON ((153.335608 -27.99325, 153.335594 -27.988736, 153.330509 -27.988749, 153.330523 -27.993262, 153.335608 -27.99325))",8c293a52745057c4
1065_13808,0.25,"POLYGON ((153.335594 -27.988736, 153.33558 -27.984223, 153.330496 -27.984235, 153.330509 -27.988749, 153.335594 -27.988736))",8c293a52745057c4
1065_13809,0.25,"POLYGON ((153.33558 -27.984223, 153.335566 -27.979709, 153.330482 -27.979722, 153.330496 -27.984235, 153.33558 -27.984223))",8c293a52745057c4
1065_13810,0.25,"POLYGON ((153.335566 -27.979709, 153.335552 -27.975196, 153.330468 -27.975208, 153.330482 -27.979722, 153.335566 -27.979709))",8c293a52745057c4
1065_13811,0.25,"POLYGON ((153.335552 -27.975196, 153.335538 -27.970682, 153.330454 -27.970694, 153.330468 -27.975208, 153.335552 -27.975196))",8c293a52745057c4
1065_13812,0.25,"POLYGON ((153.335538 -27.970682, 153.335524 -27.966168, 153.330441 -27.966181, 153.330454 -27.970694, 153.335538 -27.970682))",8c293a52745057c4
1065_13813,0.25,"POLYGON ((153.335524 -27.966168, 153.33551 -27.961655, 153.330427 -27.961667, 153.330441 -27.966181, 153.335524 -27.966168))",8c293a52745057c4
1065_13814,0.25,"POLYGON ((153.33551 -27.961655, 153.335496 -27.957141, 153.330413 -27.957154, 153.330427 -27.961667, 153.33551 -27.961655))",8c293a52745057c4
1065_13815,0.25,"POLYGON ((153.335496 -27.957141, 153.335482 -27.952628, 153.330399 -27.95264, 153.330413 -27.957154, 153.335496 -27.957141))",8c293a52745057c4
1065_13816,0.25,"POLYGON ((153.335482 -27.952628, 153.335468 -27.948114, 153.330386 -27.948126, 153.330399 -27.95264, 153.335482 -27.952628))",8c293a52745057c4
1065_13817,0.25,"POLYGON ((153.335468 -27.948114, 153.335455 -27.9436, 153.330372 -27.943613, 153.330386 -27.948126, 153.335468 -27.948114))",8c293a52745057c4
1065_13818,0.25,"POLYGON ((153.335455 -27.9436, 153.335441 -27.939087, 153.330358 -27.939099, 153.330372 -27.943613, 153.335455 -27.9436))",8c293a52745057c4
1065_13819,0.25,"POLYGON ((153.335441 -27.939087, 153.335427 -27.934573, 153.330345 -27.934586, 153.330358 -27.939099, 153.335441 -27.939087))",8c293a52745057c4
1065_13820,0.25,"POLYGON ((153.335427 -27.934573, 153.335413 -27.93006, 153.330331 -27.930072, 153.330345 -27.934586, 153.335427 -27.934573))",8c293a52745057c4
1065_13821,0.25,"POLYGON ((153.335413 -27.93006, 153.335399 -27.925546, 153.330317 -27.925558, 153.330331 -27.930072, 153.335413 -27.93006))",8c293a52745057c4
1065_13822,0.25,"POLYGON ((153.335399 -27.925546, 153.335385 -27.921032, 153.330303 -27.921045, 153.330317 -27.925558, 153.335399 -27.925546))",8c293a52745057c4
1065_13823,0.25,"POLYGON ((153.335385 -27.921032, 153.335371 -27.916519, 153.33029 -27.916531, 153.330303 -27.921045, 153.335385 -27.921032))",8c293a52745057c4
1065_13824,0.25,"POLYGON ((153.335371 -27.916519, 153.335357 -27.912005, 153.330276 -27.912017, 153.33029 -27.916531, 153.335371 -27.916519))",8c293a52745057c4
1065_13825,0.25,"POLYGON ((153.335357 -27.912005, 153.335343 -27.907492, 153.330262 -27.907504, 153.330276 -27.912017, 153.335357 -27.912005))",8c293a52745057c4
1065_13826,0.25,"POLYGON ((153.335343 -27.907492, 153.335329 -27.902978, 153.330248 -27.90299, 153.330262 -27.907504, 153.335343 -27.907492))",8c293a52745057c4
1065_13827,0.25,"POLYGON ((153.335329 -27.902978, 153.335315 -27.898464, 153.330235 -27.898477, 153.330248 -27.90299, 153.335329 -27.902978))",8c293a52745057c4
1065_13828,0.25,"POLYGON ((153.335315 -27.898464, 153.335301 -27.893951, 153.330221 -27.893963, 153.330235 -27.898477, 153.335315 -27.898464))",8c293a52745057c4
1065_13829,0.25,"POLYGON ((153.335301 -27.893951, 153.335287 -27.889437, 153.330207 -27.889449, 153.330221 -27.893963, 153.335301 -27.893951))",8c293a52745057c4
1065_13830,0.25,"POLYGON ((153.335287 -27.889437, 153.335274 -27.884923, 153.330194 -27.884936, 153.330207 -27.889449, 153.335287 -27.889437))",8c293a52745057c4
1065_13831,0.25,"POLYGON ((153.335274 -27.884923, 153.33526 -27.88041, 153.33018 -27.880422, 153.330194 -27.884936, 153.335274 -27.884923))",8c293a52745057c4
1065_13832,0.25,"POLYGON ((153.33526 -27.88041, 153.335246 -27.875896, 153.330166 -27.875908, 153.33018 -27.880422, 153.33526 -27.88041))",8c293a52745057c4
1065_13833,0.25,"POLYGON ((153.335246 -27.875896, 153.335232 -27.871382, 153.330153 -27.871395, 153.330166 -27.875908, 153.335246 -27.875896))",8c293a52745057c4
1065_13834,0.25,"POLYGON ((153.335232 -27.871382, 153.335218 -27.866869, 153.330139 -27.866881, 153.330153 -27.871395, 153.335232 -27.871382))",8c293a52745057c4
1065_13835,0.25,"POLYGON ((153.335218 -27.866869, 153.335204 -27.862355, 153.330125 -27.862367, 153.330139 -27.866881, 153.335218 -27.866869))",8c293a52745057c4
1065_13836,0.25,"POLYGON ((153.335204 -27.862355, 153.33519 -27.857841, 153.330112 -27.857854, 153.330125 -27.862367, 153.335204 -27.862355))",8c293a52745057c4
1065_13837,0.25,"POLYGON ((153.33519 -27.857841, 153.335176 -27.853328, 153.330098 -27.85334, 153.330112 -27.857854, 153.33519 -27.857841))",8c293a52745057c4
1065_13838,0.25,"POLYGON ((153.335176 -27.853328, 153.335162 -27.848814, 153.330084 -27.848826, 153.330098 -27.85334, 153.335176 -27.853328))",8c293a52745057c4
1065_13839,0.25,"POLYGON ((153.335162 -27.848814, 153.335149 -27.8443, 153.330071 -27.844313, 153.330084 -27.848826, 153.335162 -27.848814))",8c293a52745057c4
1065_13840,0.25,"POLYGON ((153.335149 -27.8443, 153.335135 -27.839787, 153.330057 -27.839799, 153.330071 -27.844313, 153.335149 -27.8443))",8c293a52745057c4
1065_13841,0.25,"POLYGON ((153.335135 -27.839787, 153.335121 -27.835273, 153.330043 -27.835285, 153.330057 -27.839799, 153.335135 -27.839787))",8c293a52745057c4
1065_13842,0.25,"POLYGON ((153.335121 -27.835273, 153.335107 -27.830759, 153.33003 -27.830772, 153.330043 -27.835285, 153.335121 -27.835273))",8c293a52745057c4
1065_13843,0.25,"POLYGON ((153.335107 -27.830759, 153.335093 -27.826246, 153.330016 -27.826258, 153.33003 -27.830772, 153.335107 -27.830759))",8c293a52745057c4
1065_13844,0.25,"POLYGON ((153.335093 -27.826246, 153.335079 -27.821732, 153.330002 -27.821744, 153.330016 -27.826258, 153.335093 -27.826246))",8c293a52745057c4
1065_13845,0.25,"POLYGON ((153.335079 -27.821732, 153.335065 -27.817218, 153.329989 -27.817231, 153.330002 -27.821744, 153.335079 -27.821732))",8c293a52745057c4
1065_13846,0.25,"POLYGON ((153.335065 -27.817218, 153.335052 -27.812705, 153.329975 -27.812717, 153.329989 -27.817231, 153.335065 -27.817218))",8c293a52745057c4
1065_13847,0.25,"POLYGON ((153.335052 -27.812705, 153.335038 -27.808191, 153.329961 -27.808203, 153.329975 -27.812717, 153.335052 -27.812705))",8c293a52745057c4
1065_13848,0.25,"POLYGON ((153.335038 -27.808191, 153.335024 -27.803677, 153.329948 -27.803689, 153.329961 -27.808203, 153.335038 -27.808191))",8c293a52745057c4
1065_13849,0.25,"POLYGON ((153.335024 -27.803677, 153.33501 -27.799163, 153.329934 -27.799176, 153.329948 -27.803689, 153.335024 -27.803677))",8c293a52745057c4
1065_13850,0.25,"POLYGON ((153.33501 -27.799163, 153.334996 -27.79465, 153.32992 -27.794662, 153.329934 -27.799176, 153.33501 -27.799163))",8c293a52745057c4
1065_13851,0.25,"POLYGON ((153.334996 -27.79465, 153.334982 -27.790136, 153.329907 -27.790148, 153.32992 -27.794662, 153.334996 -27.79465))",8c293a52745057c4
1065_13852,0.25,"POLYGON ((153.334982 -27.790136, 153.334968 -27.785622, 153.329893 -27.785635, 153.329907 -27.790148, 153.334982 -27.790136))",8c293a52745057c4
1065_13853,0.25,"POLYGON ((153.334968 -27.785622, 153.334955 -27.781109, 153.32988 -27.781121, 153.329893 -27.785635, 153.334968 -27.785622))",8c293a52745057c4
1065_13854,0.25,"POLYGON ((153.334955 -27.781109, 153.334941 -27.776595, 153.329866 -27.776607, 153.32988 -27.781121, 153.334955 -27.781109))",8c293a52745057c4
1065_13855,0.25,"POLYGON ((153.334941 -27.776595, 153.334927 -27.772081, 153.329852 -27.772093, 153.329866 -27.776607, 153.334941 -27.776595))",8c293a52745057c4
1065_13856,0.25,"POLYGON ((153.334927 -27.772081, 153.334913 -27.767567, 153.329839 -27.76758, 153.329852 -27.772093, 153.334927 -27.772081))",8c293a52745057c4
1065_13857,0.25,"POLYGON ((153.334913 -27.767567, 153.334899 -27.763054, 153.329825 -27.763066, 153.329839 -27.76758, 153.334913 -27.767567))",8c293a52745057c4
1065_13858,0.25,"POLYGON ((153.334899 -27.763054, 153.334886 -27.75854, 153.329812 -27.758552, 153.329825 -27.763066, 153.334899 -27.763054))",8c293a52745057c4
1065_13859,0.25,"POLYGON ((153.334886 -27.75854, 153.334872 -27.754026, 153.329798 -27.754039, 153.329812 -27.758552, 153.334886 -27.75854))",8c293a52745057c4
1065_13860,0.25,"POLYGON ((153.334872 -27.754026, 153.334858 -27.749513, 153.329784 -27.749525, 153.329798 -27.754039, 153.334872 -27.754026))",8c293a52745057c4
1065_13861,0.25,"POLYGON ((153.334858 -27.749513, 153.334844 -27.744999, 153.329771 -27.745011, 153.329784 -27.749525, 153.334858 -27.749513))",8c293a52745057c4
1065_13862,0.25,"POLYGON ((153.334844 -27.744999, 153.33483 -27.740485, 153.329757 -27.740497, 153.329771 -27.745011, 153.334844 -27.744999))",8c293a52745057c4
1065_13863,0.25,"POLYGON ((153.33483 -27.740485, 153.334816 -27.735971, 153.329744 -27.735984, 153.329757 -27.740497, 153.33483 -27.740485))",8c293a52745057c4
1065_13864,0.25,"POLYGON ((153.334816 -27.735971, 153.334803 -27.731458, 153.32973 -27.73147, 153.329744 -27.735984, 153.334816 -27.735971))",8c293a52745057c4
1065_13865,0.25,"POLYGON ((153.334803 -27.731458, 153.334789 -27.726944, 153.329716 -27.726956, 153.32973 -27.73147, 153.334803 -27.731458))",8c293a52745057c4
1065_13866,0.25,"POLYGON ((153.334789 -27.726944, 153.334775 -27.72243, 153.329703 -27.722442, 153.329716 -27.726956, 153.334789 -27.726944))",8c293a52745057c4
1065_13867,0.25,"POLYGON ((153.334775 -27.72243, 153.334761 -27.717916, 153.329689 -27.717929, 153.329703 -27.722442, 153.334775 -27.72243))",8c293a52745057c4
1065_13868,0.25,"POLYGON ((153.334761 -27.717916, 153.334748 -27.713403, 153.329676 -27.713415, 153.329689 -27.717929, 153.334761 -27.717916))",8c293a52745057c4
1065_13869,0.25,"POLYGON ((153.334748 -27.713403, 153.334734 -27.708889, 153.329662 -27.708901, 153.329676 -27.713415, 153.334748 -27.713403))",8c293a52745057c4
1065_13870,0.25,"POLYGON ((153.334734 -27.708889, 153.33472 -27.704375, 153.329649 -27.704387, 153.329662 -27.708901, 153.334734 -27.708889))",8c293a52745057c4
1065_13871,0.25,"POLYGON ((153.33472 -27.704375, 153.334706 -27.699861, 153.329635 -27.699873, 153.329649 -27.704387, 153.33472 -27.704375))",8c293a52745057c4
1065_13872,0.224226295626516,"POLYGON ((153.334706 -27.699861, 153.334692 -27.695348, 153.329621 -27.69536, 153.329635 -27.699873, 153.334706 -27.699861))",8c293a52745057c4
1066_13749,8.875440757000639e-06,"POLYGON ((153.341522 -28.25502, 153.341507 -28.250506, 153.33641 -28.250519, 153.336424 -28.255032, 153.341522 -28.25502))",8c293a52745057c4
1066_13750,0.21592650625147977,"POLYGON ((153.341507 -28.250506, 153.341493 -28.245993, 153.336396 -28.246006, 153.33641 -28.250519, 153.341507 -28.250506))",8c293a52745057c4
1066_13751,0.25,"POLYGON ((153.341493 -28.245993, 153.341479 -28.241479, 153.336382 -28.241492, 153.336396 -28.246006, 153.341493 -28.245993))",8c293a52745057c4
1066_13752,0.25,"POLYGON ((153.341479 -28.241479, 153.341464 -28.236966, 153.336368 -28.236979, 153.336382 -28.241492, 153.341479 -28.241479))",8c293a52745057c4
1066_13753,0.25,"POLYGON ((153.341464 -28.236966, 153.34145 -28.232453, 153.336354 -28.232465, 153.336368 -28.236979, 153.341464 -28.236966))",8c293a52745057c4
1066_13754,0.25,"POLYGON ((153.34145 -28.232453, 153.341435 -28.227939, 153.336339 -28.227952, 153.336354 -28.232465, 153.34145 -28.232453))",8c293a52745057c4
1066_13755,0.25,"POLYGON ((153.341435 -28.227939, 153.341421 -28.223426, 153.336325 -28.223438, 153.336339 -28.227952, 153.341435 -28.227939))",8c293a52745057c4
1066_13756,0.25,"POLYGON ((153.341421 -28.223426, 153.341407 -28.218912, 153.336311 -28.218925, 153.336325 -28.223438, 153.341421 -28.223426))",8c293a52745057c4
1066_13757,0.25,"POLYGON ((153.341407 -28.218912, 153.341392 -28.214399, 153.336297 -28.214412, 153.336311 -28.218925, 153.341407 -28.218912))",8c293a52745057c4
1066_13758,0.25,"POLYGON ((153.341392 -28.214399, 153.341378 -28.209886, 153.336283 -28.209898, 153.336297 -28.214412, 153.341392 -28.214399))",8c293a52745057c4
1066_13759,0.25,"POLYGON ((153.341378 -28.209886, 153.341364 -28.205372, 153.336269 -28.205385, 153.336283 -28.209898, 153.341378 -28.209886))",8c293a52745057c4
1066_13760,0.25,"POLYGON ((153.341364 -28.205372, 153.341349 -28.200859, 153.336255 -28.200871, 153.336269 -28.205385, 153.341364 -28.205372))",8c293a52745057c4
1066_13761,0.25,"POLYGON ((153.341349 -28.200859, 153.341335 -28.196345, 153.336241 -28.196358, 153.336255 -28.200871, 153.341349 -28.200859))",8c293a52745057c4
1066_13762,0.25,"POLYGON ((153.341335 -28.196345, 153.341321 -28.191832, 153.336226 -28.191844, 153.336241 -28.196358, 153.341335 -28.196345))",8c293a52745057c4
1066_13763,0.25,"POLYGON ((153.341321 -28.191832, 153.341306 -28.187318, 153.336212 -28.187331, 153.336226 -28.191844, 153.341321 -28.191832))",8c293a52745057c4
1066_13764,0.25,"POLYGON ((153.341306 -28.187318, 153.341292 -28.182805, 153.336198 -28.182818, 153.336212 -28.187331, 153.341306 -28.187318))",8c293a52745057c4
1066_13765,0.25,"POLYGON ((153.341292 -28.182805, 153.341278 -28.178291, 153.336184 -28.178304, 153.336198 -28.182818, 153.341292 -28.182805))",8c293a52745057c4
1066_13766,0.25,"POLYGON ((153.341278 -28.178291, 153.341263 -28.173778, 153.33617 -28.173791, 153.336184 -28.178304, 153.341278 -28.178291))",8c293a52745057c4
1066_13767,0.25,"POLYGON ((153.341263 -28.173778, 153.341249 -28.169265, 153.336156 -28.169277, 153.33617 -28.173791, 153.341263 -28.173778))",8c293a52745057c4
1066_13768,0.25,"POLYGON ((153.341249 -28.169265, 153.341235 -28.164751, 153.336142 -28.164764, 153.336156 -28.169277, 153.341249 -28.169265))",8c293a52745057c4
1066_13769,0.25,"POLYGON ((153.341235 -28.164751, 153.34122 -28.160238, 153.336128 -28.16025, 153.336142 -28.164764, 153.341235 -28.164751))",8c293a52745057c4
1066_13770,0.25,"POLYGON ((153.34122 -28.160238, 153.341206 -28.155724, 153.336114 -28.155737, 153.336128 -28.16025, 153.34122 -28.160238))",8c293a52745057c4
1066_13771,0.25,"POLYGON ((153.341206 -28.155724, 153.341192 -28.151211, 153.336099 -28.151223, 153.336114 -28.155737, 153.341206 -28.155724))",8c293a52745057c4
1066_13772,0.25,"POLYGON ((153.341192 -28.151211, 153.341177 -28.146697, 153.336085 -28.14671, 153.336099 -28.151223, 153.341192 -28.151211))",8c293a52745057c4
1066_13773,0.25,"POLYGON ((153.341177 -28.146697, 153.341163 -28.142184, 153.336071 -28.142196, 153.336085 -28.14671, 153.341177 -28.146697))",8c293a52745057c4
1066_13774,0.25,"POLYGON ((153.341163 -28.142184, 153.341149 -28.13767, 153.336057 -28.137683, 153.336071 -28.142196, 153.341163 -28.142184))",8c293a52745057c4
1066_13775,0.25,"POLYGON ((153.341149 -28.13767, 153.341135 -28.133157, 153.336043 -28.133169, 153.336057 -28.137683, 153.341149 -28.13767))",8c293a52745057c4
1066_13776,0.25,"POLYGON ((153.341135 -28.133157, 153.34112 -28.128643, 153.336029 -28.128656, 153.336043 -28.133169, 153.341135 -28.133157))",8c293a52745057c4
1066_13777,0.25,"POLYGON ((153.34112 -28.128643, 153.341106 -28.12413, 153.336015 -28.124142, 153.336029 -28.128656, 153.34112 -28.128643))",8c293a52745057c4
1066_13778,0.25,"POLYGON ((153.341106 -28.12413, 153.341092 -28.119616, 153.336001 -28.119629, 153.336015 -28.124142, 153.341106 -28.12413))",8c293a52745057c4
1066_13779,0.25,"POLYGON ((153.341092 -28.119616, 153.341077 -28.115103, 153.335987 -28.115115, 153.336001 -28.119629, 153.341092 -28.119616))",8c293a52745057c4
1066_13780,0.25,"POLYGON ((153.341077 -28.115103, 153.341063 -28.110589, 153.335973 -28.110602, 153.335987 -28.115115, 153.341077 -28.115103))",8c293a52745057c4
1066_13781,0.25,"POLYGON ((153.341063 -28.110589, 153.341049 -28.106076, 153.335959 -28.106088, 153.335973 -28.110602, 153.341063 -28.110589))",8c293a52745057c4
1066_13782,0.25,"POLYGON ((153.341049 -28.106076, 153.341035 -28.101562, 153.335945 -28.101575, 153.335959 -28.106088, 153.341049 -28.106076))",8c293a52745057c4
1066_13783,0.25,"POLYGON ((153.341035 -28.101562, 153.34102 -28.097049, 153.335931 -28.097061, 153.335945 -28.101575, 153.341035 -28.101562))",8c293a52745057c4
1066_13784,0.25,"POLYGON ((153.34102 -28.097049, 153.341006 -28.092535, 153.335916 -28.092548, 153.335931 -28.097061, 153.34102 -28.097049))",8c293a52745057c4
1066_13785,0.25,"POLYGON ((153.341006 -28.092535, 153.340992 -28.088022, 153.335902 -28.088034, 153.335916 -28.092548, 153.341006 -28.092535))",8c293a52745057c4
1066_13786,0.25,"POLYGON ((153.340992 -28.088022, 153.340978 -28.083508, 153.335888 -28.083521, 153.335902 -28.088034, 153.340992 -28.088022))",8c293a52745057c4
1066_13787,0.25,"POLYGON ((153.340978 -28.083508, 153.340963 -28.078995, 153.335874 -28.079007, 153.335888 -28.083521, 153.340978 -28.083508))",8c293a52745057c4
1066_13788,0.25,"POLYGON ((153.340963 -28.078995, 153.340949 -28.074481, 153.33586 -28.074494, 153.335874 -28.079007, 153.340963 -28.078995))",8c293a52745057c4
1066_13789,0.25,"POLYGON ((153.340949 -28.074481, 153.340935 -28.069968, 153.335846 -28.06998, 153.33586 -28.074494, 153.340949 -28.074481))",8c293a52745057c4
1066_13790,0.25,"POLYGON ((153.340935 -28.069968, 153.340921 -28.065454, 153.335832 -28.065467, 153.335846 -28.06998, 153.340935 -28.069968))",8c293a52745057c4
1066_13791,0.25,"POLYGON ((153.340921 -28.065454, 153.340906 -28.060941, 153.335818 -28.060953, 153.335832 -28.065467, 153.340921 -28.065454))",8c293a52745057c4
1066_13792,0.25,"POLYGON ((153.340906 -28.060941, 153.340892 -28.056427, 153.335804 -28.05644, 153.335818 -28.060953, 153.340906 -28.060941))",8c293a52745057c4
1066_13793,0.25,"POLYGON ((153.340892 -28.056427, 153.340878 -28.051914, 153.33579 -28.051926, 153.335804 -28.05644, 153.340892 -28.056427))",8c293a52745057c4
1066_13794,0.25,"POLYGON ((153.340878 -28.051914, 153.340864 -28.0474, 153.335776 -28.047413, 153.33579 -28.051926, 153.340878 -28.051914))",8c293a52745057c4
1066_13795,0.25,"POLYGON ((153.340864 -28.0474, 153.340849 -28.042887, 153.335762 -28.042899, 153.335776 -28.047413, 153.340864 -28.0474))",8c293a52745057c4
1066_13796,0.25,"POLYGON ((153.340849 -28.042887, 153.340835 -28.038373, 153.335748 -28.038386, 153.335762 -28.042899, 153.340849 -28.042887))",8c293a52745057c4
1066_13797,0.25,"POLYGON ((153.340835 -28.038373, 153.340821 -28.03386, 153.335734 -28.033872, 153.335748 -28.038386, 153.340835 -28.038373))",8c293a52745057c4
1066_13798,0.25,"POLYGON ((153.340821 -28.03386, 153.340807 -28.029346, 153.33572 -28.029358, 153.335734 -28.033872, 153.340821 -28.03386))",8c293a52745057c4
1066_13799,0.25,"POLYGON ((153.340807 -28.029346, 153.340792 -28.024832, 153.335706 -28.024845, 153.33572 -28.029358, 153.340807 -28.029346))",8c293a52745057c4
1066_13800,0.25,"POLYGON ((153.340792 -28.024832, 153.340778 -28.020319, 153.335692 -28.020331, 153.335706 -28.024845, 153.340792 -28.024832))",8c293a52745057c4
1066_13801,0.25,"POLYGON ((153.340778 -28.020319, 153.340764 -28.015805, 153.335678 -28.015818, 153.335692 -28.020331, 153.340778 -28.020319))",8c293a52745057c4
1066_13802,0.25,"POLYGON ((153.340764 -28.015805, 153.34075 -28.011292, 153.335664 -28.011304, 153.335678 -28.015818, 153.340764 -28.015805))",8c293a52745057c4
1066_13803,0.25,"POLYGON ((153.34075 -28.011292, 153.340736 -28.006778, 153.33565 -28.006791, 153.335664 -28.011304, 153.34075 -28.011292))",8c293a52745057c4
1066_13804,0.25,"POLYGON ((153.340736 -28.006778, 153.340721 -28.002265, 153.335636 -28.002277, 153.33565 -28.006791, 153.340736 -28.006778))",8c293a52745057c4
1066_13805,0.25,"POLYGON ((153.340721 -28.002265, 153.340707 -27.997751, 153.335622 -27.997764, 153.335636 -28.002277, 153.340721 -28.002265))",8c293a52745057c4
1066_13806,0.25,"POLYGON ((153.340707 -27.997751, 153.340693 -27.993237, 153.335608 -27.99325, 153.335622 -27.997764, 153.340707 -27.997751))",8c293a52745057c4
1066_13807,0.25,"POLYGON ((153.340693 -27.993237, 153.340679 -27.988724, 153.335594 -27.988736, 153.335608 -27.99325, 153.340693 -27.993237))",8c293a52745057c4
1066_13808,0.25,"POLYGON ((153.340679 -27.988724, 153.340665 -27.98421, 153.33558 -27.984223, 153.335594 -27.988736, 153.340679 -27.988724))",8c293a52745057c4
1066_13809,0.25,"POLYGON ((153.340665 -27.98421, 153.34065 -27.979697, 153.335566 -27.979709, 153.33558 -27.984223, 153.340665 -27.98421))",8c293a52745057c4
1066_13810,0.25,"POLYGON ((153.34065 -27.979697, 153.340636 -27.975183, 153.335552 -27.975196, 153.335566 -27.979709, 153.34065 -27.979697))",8c293a52745057c4
1066_13811,0.25,"POLYGON ((153.340636 -27.975183, 153.340622 -27.97067, 153.335538 -27.970682, 153.335552 -27.975196, 153.340636 -27.975183))",8c293a52745057c4
1066_13812,0.25,"POLYGON ((153.340622 -27.97067, 153.340608 -27.966156, 153.335524 -27.966168, 153.335538 -27.970682, 153.340622 -27.97067))",8c293a52745057c4
1066_13813,0.25,"POLYGON ((153.340608 -27.966156, 153.340594 -27.961642, 153.33551 -27.961655, 153.335524 -27.966168, 153.340608 -27.966156))",8c293a52745057c4
1066_13814,0.25,"POLYGON ((153.340594 -27.961642, 153.34058 -27.957129, 153.335496 -27.957141, 153.33551 -27.961655, 153.340594 -27.961642))",8c293a52745057c4
1066_13815,0.25,"POLYGON ((153.34058 -27.957129, 153.340565 -27.952615, 153.335482 -27.952628, 153.335496 -27.957141, 153.34058 -27.957129))",8c293a52745057c4
1066_13816,0.25,"POLYGON ((153.340565 -27.952615, 153.340551 -27.948102, 153.335468 -27.948114, 153.335482 -27.952628, 153.340565 -27.952615))",8c293a52745057c4
1066_13817,0.25,"POLYGON ((153.340551 -27.948102, 153.340537 -27.943588, 153.335455 -27.9436, 153.335468 -27.948114, 153.340551 -27.948102))",8c293a52745057c4
1066_13818,0.25,"POLYGON ((153.340537 -27.943588, 153.340523 -27.939074, 153.335441 -27.939087, 153.335455 -27.9436, 153.340537 -27.943588))",8c293a52745057c4
1066_13819,0.25,"POLYGON ((153.340523 -27.939074, 153.340509 -27.934561, 153.335427 -27.934573, 153.335441 -27.939087, 153.340523 -27.939074))",8c293a52745057c4
1066_13820,0.25,"POLYGON ((153.340509 -27.934561, 153.340495 -27.930047, 153.335413 -27.93006, 153.335427 -27.934573, 153.340509 -27.934561))",8c293a52745057c4
1066_13821,0.25,"POLYGON ((153.340495 -27.930047, 153.340481 -27.925534, 153.335399 -27.925546, 153.335413 -27.93006, 153.340495 -27.930047))",8c293a52745057c4
1066_13822,0.25,"POLYGON ((153.340481 -27.925534, 153.340466 -27.92102, 153.335385 -27.921032, 153.335399 -27.925546, 153.340481 -27.925534))",8c293a52745057c4
1066_13823,0.25,"POLYGON ((153.340466 -27.92102, 153.340452 -27.916506, 153.335371 -27.916519, 153.335385 -27.921032, 153.340466 -27.92102))",8c293a52745057c4
1066_13824,0.25,"POLYGON ((153.340452 -27.916506, 153.340438 -27.911993, 153.335357 -27.912005, 153.335371 -27.916519, 153.340452 -27.916506))",8c293a52745057c4
1066_13825,0.25,"POLYGON ((153.340438 -27.911993, 153.340424 -27.907479, 153.335343 -27.907492, 153.335357 -27.912005, 153.340438 -27.911993))",8c293a52745057c4
1066_13826,0.25,"POLYGON ((153.340424 -27.907479, 153.34041 -27.902965, 153.335329 -27.902978, 153.335343 -27.907492, 153.340424 -27.907479))",8c293a52745057c4
1066_13827,0.25,"POLYGON ((153.34041 -27.902965, 153.340396 -27.898452, 153.335315 -27.898464, 153.335329 -27.902978, 153.34041 -27.902965))",8c293a52745057c4
1066_13828,0.25,"POLYGON ((153.340396 -27.898452, 153.340382 -27.893938, 153.335301 -27.893951, 153.335315 -27.898464, 153.340396 -27.898452))",8c293a52745057c4
1066_13829,0.25,"POLYGON ((153.340382 -27.893938, 153.340367 -27.889425, 153.335287 -27.889437, 153.335301 -27.893951, 153.340382 -27.893938))",8c293a52745057c4
1066_13830,0.25,"POLYGON ((153.340367 -27.889425, 153.340353 -27.884911, 153.335274 -27.884923, 153.335287 -27.889437, 153.340367 -27.889425))",8c293a52745057c4
1066_13831,0.25,"POLYGON ((153.340353 -27.884911, 153.340339 -27.880397, 153.33526 -27.88041, 153.335274 -27.884923, 153.340353 -27.884911))",8c293a52745057c4
1066_13832,0.25,"POLYGON ((153.340339 -27.880397, 153.340325 -27.875884, 153.335246 -27.875896, 153.33526 -27.88041, 153.340339 -27.880397))",8c293a52745057c4
1066_13833,0.25,"POLYGON ((153.340325 -27.875884, 153.340311 -27.87137, 153.335232 -27.871382, 153.335246 -27.875896, 153.340325 -27.875884))",8c293a52745057c4
1066_13834,0.25,"POLYGON ((153.340311 -27.87137, 153.340297 -27.866856, 153.335218 -27.866869, 153.335232 -27.871382, 153.340311 -27.87137))",8c293a52745057c4
1066_13835,0.25,"POLYGON ((153.340297 -27.866856, 153.340283 -27.862343, 153.335204 -27.862355, 153.335218 -27.866869, 153.340297 -27.866856))",8c293a52745057c4
1066_13836,0.25,"POLYGON ((153.340283 -27.862343, 153.340269 -27.857829, 153.33519 -27.857841, 153.335204 -27.862355, 153.340283 -27.862343))",8c293a52745057c4
1066_13837,0.25,"POLYGON ((153.340269 -27.857829, 153.340255 -27.853315, 153.335176 -27.853328, 153.33519 -27.857841, 153.340269 -27.857829))",8c293a52745057c4
1066_13838,0.25,"POLYGON ((153.340255 -27.853315, 153.340241 -27.848802, 153.335162 -27.848814, 153.335176 -27.853328, 153.340255 -27.853315))",8c293a52745057c4
1066_13839,0.25,"POLYGON ((153.340241 -27.848802, 153.340226 -27.844288, 153.335149 -27.8443, 153.335162 -27.848814, 153.340241 -27.848802))",8c293a52745057c4
1066_13840,0.25,"POLYGON ((153.340226 -27.844288, 153.340212 -27.839774, 153.335135 -27.839787, 153.335149 -27.8443, 153.340226 -27.844288))",8c293a52745057c4
1066_13841,0.25,"POLYGON ((153.340212 -27.839774, 153.340198 -27.835261, 153.335121 -27.835273, 153.335135 -27.839787, 153.340212 -27.839774))",8c293a52745057c4
1066_13842,0.25,"POLYGON ((153.340198 -27.835261, 153.340184 -27.830747, 153.335107 -27.830759, 153.335121 -27.835273, 153.340198 -27.835261))",8c293a52745057c4
1066_13843,0.25,"POLYGON ((153.340184 -27.830747, 153.34017 -27.826233, 153.335093 -27.826246, 153.335107 -27.830759, 153.340184 -27.830747))",8c293a52745057c4
1066_13844,0.25,"POLYGON ((153.34017 -27.826233, 153.340156 -27.82172, 153.335079 -27.821732, 153.335093 -27.826246, 153.34017 -27.826233))",8c293a52745057c4
1066_13845,0.25,"POLYGON ((153.340156 -27.82172, 153.340142 -27.817206, 153.335065 -27.817218, 153.335079 -27.821732, 153.340156 -27.82172))",8c293a52745057c4
1066_13846,0.25,"POLYGON ((153.340142 -27.817206, 153.340128 -27.812692, 153.335052 -27.812705, 153.335065 -27.817218, 153.340142 -27.817206))",8c293a52745057c4
1066_13847,0.25,"POLYGON ((153.340128 -27.812692, 153.340114 -27.808178, 153.335038 -27.808191, 153.335052 -27.812705, 153.340128 -27.812692))",8c293a52745057c4
1066_13848,0.25,"POLYGON ((153.340114 -27.808178, 153.3401 -27.803665, 153.335024 -27.803677, 153.335038 -27.808191, 153.340114 -27.808178))",8c293a52745057c4
1066_13849,0.25,"POLYGON ((153.3401 -27.803665, 153.340086 -27.799151, 153.33501 -27.799163, 153.335024 -27.803677, 153.3401 -27.803665))",8c293a52745057c4
1066_13850,0.25,"POLYGON ((153.340086 -27.799151, 153.340072 -27.794637, 153.334996 -27.79465, 153.33501 -27.799163, 153.340086 -27.799151))",8c293a52745057c4
1066_13851,0.25,"POLYGON ((153.340072 -27.794637, 153.340058 -27.790124, 153.334982 -27.790136, 153.334996 -27.79465, 153.340072 -27.794637))",8c293a52745057c4
1066_13852,0.25,"POLYGON ((153.340058 -27.790124, 153.340044 -27.78561, 153.334968 -27.785622, 153.334982 -27.790136, 153.340058 -27.790124))",8c293a52745057c4
1066_13853,0.25,"POLYGON ((153.340044 -27.78561, 153.34003 -27.781096, 153.334955 -27.781109, 153.334968 -27.785622, 153.340044 -27.78561))",8c293a52745057c4
1066_13854,0.25,"POLYGON ((153.34003 -27.781096, 153.340016 -27.776583, 153.334941 -27.776595, 153.334955 -27.781109, 153.34003 -27.781096))",8c293a52745057c4
1066_13855,0.25,"POLYGON ((153.340016 -27.776583, 153.340002 -27.772069, 153.334927 -27.772081, 153.334941 -27.776595, 153.340016 -27.776583))",8c293a52745057c4
1066_13856,0.25,"POLYGON ((153.340002 -27.772069, 153.339988 -27.767555, 153.334913 -27.767567, 153.334927 -27.772081, 153.340002 -27.772069))",8c293a52745057c4
1066_13857,0.25,"POLYGON ((153.339988 -27.767555, 153.339973 -27.763041, 153.334899 -27.763054, 153.334913 -27.767567, 153.339988 -27.767555))",8c293a52745057c4
1066_13858,0.25,"POLYGON ((153.339973 -27.763041, 153.339959 -27.758528, 153.334886 -27.75854, 153.334899 -27.763054, 153.339973 -27.763041))",8c293a52745057c4
1066_13859,0.25,"POLYGON ((153.339959 -27.758528, 153.339945 -27.754014, 153.334872 -27.754026, 153.334886 -27.75854, 153.339959 -27.758528))",8c293a52745057c4
1066_13860,0.25,"POLYGON ((153.339945 -27.754014, 153.339931 -27.7495, 153.334858 -27.749513, 153.334872 -27.754026, 153.339945 -27.754014))",8c293a52745057c4
1066_13861,0.25,"POLYGON ((153.339931 -27.7495, 153.339917 -27.744986, 153.334844 -27.744999, 153.334858 -27.749513, 153.339931 -27.7495))",8c293a52745057c4
1066_13862,0.25,"POLYGON ((153.339917 -27.744986, 153.339903 -27.740473, 153.33483 -27.740485, 153.334844 -27.744999, 153.339917 -27.744986))",8c293a52745057c4
1066_13863,0.25,"POLYGON ((153.339903 -27.740473, 153.339889 -27.735959, 153.334816 -27.735971, 153.33483 -27.740485, 153.339903 -27.740473))",8c293a52745057c4
1066_13864,0.25,"POLYGON ((153.339889 -27.735959, 153.339875 -27.731445, 153.334803 -27.731458, 153.334816 -27.735971, 153.339889 -27.735959))",8c293a52745057c4
1066_13865,0.25,"POLYGON ((153.339875 -27.731445, 153.339861 -27.726931, 153.334789 -27.726944, 153.334803 -27.731458, 153.339875 -27.731445))",8c293a52745057c4
1066_13866,0.25,"POLYGON ((153.339861 -27.726931, 153.339847 -27.722418, 153.334775 -27.72243, 153.334789 -27.726944, 153.339861 -27.726931))",8c293a52745057c4
1066_13867,0.25,"POLYGON ((153.339847 -27.722418, 153.339833 -27.717904, 153.334761 -27.717916, 153.334775 -27.72243, 153.339847 -27.722418))",8c293a52745057c4
1066_13868,0.25,"POLYGON ((153.339833 -27.717904, 153.339819 -27.71339, 153.334748 -27.713403, 153.334761 -27.717916, 153.339833 -27.717904))",8c293a52745057c4
1066_13869,0.25,"POLYGON ((153.339819 -27.71339, 153.339805 -27.708876, 153.334734 -27.708889, 153.334748 -27.713403, 153.339819 -27.71339))",8c293a52745057c4
1066_13870,0.25,"POLYGON ((153.339805 -27.708876, 153.339791 -27.704363, 153.33472 -27.704375, 153.334734 -27.708889, 153.339805 -27.708876))",8c293a52745057c4
1066_13871,0.25,"POLYGON ((153.339791 -27.704363, 153.339777 -27.699849, 153.334706 -27.699861, 153.33472 -27.704375, 153.339791 -27.704363))",8c293a52745057c4
1066_13872,0.18946356128809863,"POLYGON ((153.339777 -27.699849, 153.339763 -27.695335, 153.334692 -27.695348, 153.334706 -27.699861, 153.339777 -27.699849))",8c293a52745057c4
1067_13750,0.18428495144758295,"POLYGON ((153.346604 -28.250493, 153.34659 -28.24598, 153.341493 -28.245993, 153.341507 -28.250506, 153.346604 -28.250493))",8c293a52745057c4
1067_13751,0.25,"POLYGON ((153.34659 -28.24598, 153.346575 -28.241467, 153.341479 -28.241479, 153.341493 -28.245993, 153.34659 -28.24598))",8c293a52745057c4
1067_13752,0.25,"POLYGON ((153.346575 -28.241467, 153.346561 -28.236953, 153.341464 -28.236966, 153.341479 -28.241479, 153.346575 -28.241467))",8c293a52745057c4
1067_13753,0.25,"POLYGON ((153.346561 -28.236953, 153.346546 -28.23244, 153.34145 -28.232453, 153.341464 -28.236966, 153.346561 -28.236953))",8c293a52745057c4
1067_13754,0.25,"POLYGON ((153.346546 -28.23244, 153.346531 -28.227926, 153.341435 -28.227939, 153.34145 -28.232453, 153.346546 -28.23244))",8c293a52745057c4
1067_13755,0.25,"POLYGON ((153.346531 -28.227926, 153.346517 -28.223413, 153.341421 -28.223426, 153.341435 -28.227939, 153.346531 -28.227926))",8c293a52745057c4
1067_13756,0.25,"POLYGON ((153.346517 -28.223413, 153.346502 -28.2189, 153.341407 -28.218912, 153.341421 -28.223426, 153.346517 -28.223413))",8c293a52745057c4
1067_13757,0.25,"POLYGON ((153.346502 -28.2189, 153.346488 -28.214386, 153.341392 -28.214399, 153.341407 -28.218912, 153.346502 -28.2189))",8c293a52745057c4
1067_13758,0.25,"POLYGON ((153.346488 -28.214386, 153.346473 -28.209873, 153.341378 -28.209886, 153.341392 -28.214399, 153.346488 -28.214386))",8c293a52745057c4
1067_13759,0.25,"POLYGON ((153.346473 -28.209873, 153.346459 -28.205359, 153.341364 -28.205372, 153.341378 -28.209886, 153.346473 -28.209873))",8c293a52745057c4
1067_13760,0.25,"POLYGON ((153.346459 -28.205359, 153.346444 -28.200846, 153.341349 -28.200859, 153.341364 -28.205372, 153.346459 -28.205359))",8c293a52745057c4
1067_13761,0.25,"POLYGON ((153.346444 -28.200846, 153.346429 -28.196332, 153.341335 -28.196345, 153.341349 -28.200859, 153.346444 -28.200846))",8c293a52745057c4
1067_13762,0.25,"POLYGON ((153.346429 -28.196332, 153.346415 -28.191819, 153.341321 -28.191832, 153.341335 -28.196345, 153.346429 -28.196332))",8c293a52745057c4
1067_13763,0.25,"POLYGON ((153.346415 -28.191819, 153.3464 -28.187306, 153.341306 -28.187318, 153.341321 -28.191832, 153.346415 -28.191819))",8c293a52745057c4
1067_13764,0.25,"POLYGON ((153.3464 -28.187306, 153.346386 -28.182792, 153.341292 -28.182805, 153.341306 -28.187318, 153.3464 -28.187306))",8c293a52745057c4
1067_13765,0.25,"POLYGON ((153.346386 -28.182792, 153.346371 -28.178279, 153.341278 -28.178291, 153.341292 -28.182805, 153.346386 -28.182792))",8c293a52745057c4
1067_13766,0.25,"POLYGON ((153.346371 -28.178279, 153.346357 -28.173765, 153.341263 -28.173778, 153.341278 -28.178291, 153.346371 -28.178279))",8c293a52745057c4
1067_13767,0.25,"POLYGON ((153.346357 -28.173765, 153.346342 -28.169252, 153.341249 -28.169265, 153.341263 -28.173778, 153.346357 -28.173765))",8c293a52745057c4
1067_13768,0.25,"POLYGON ((153.346342 -28.169252, 153.346328 -28.164738, 153.341235 -28.164751, 153.341249 -28.169265, 153.346342 -28.169252))",8c293a52745057c4
1067_13769,0.25,"POLYGON ((153.346328 -28.164738, 153.346313 -28.160225, 153.34122 -28.160238, 153.341235 -28.164751, 153.346328 -28.164738))",8c293a52745057c4
1067_13770,0.25,"POLYGON ((153.346313 -28.160225, 153.346299 -28.155711, 153.341206 -28.155724, 153.34122 -28.160238, 153.346313 -28.160225))",8c293a52745057c4
1067_13771,0.25,"POLYGON ((153.346299 -28.155711, 153.346284 -28.151198, 153.341192 -28.151211, 153.341206 -28.155724, 153.346299 -28.155711))",8c293a52745057c4
1067_13772,0.25,"POLYGON ((153.346284 -28.151198, 153.34627 -28.146684, 153.341177 -28.146697, 153.341192 -28.151211, 153.346284 -28.151198))",8c293a52745057c4
1067_13773,0.25,"POLYGON ((153.34627 -28.146684, 153.346255 -28.142171, 153.341163 -28.142184, 153.341177 -28.146697, 153.34627 -28.146684))",8c293a52745057c4
1067_13774,0.25,"POLYGON ((153.346255 -28.142171, 153.346241 -28.137658, 153.341149 -28.13767, 153.341163 -28.142184, 153.346255 -28.142171))",8c293a52745057c4
1067_13775,0.25,"POLYGON ((153.346241 -28.137658, 153.346226 -28.133144, 153.341135 -28.133157, 153.341149 -28.13767, 153.346241 -28.137658))",8c293a52745057c4
1067_13776,0.25,"POLYGON ((153.346226 -28.133144, 153.346212 -28.128631, 153.34112 -28.128643, 153.341135 -28.133157, 153.346226 -28.133144))",8c293a52745057c4
1067_13777,0.25,"POLYGON ((153.346212 -28.128631, 153.346197 -28.124117, 153.341106 -28.12413, 153.34112 -28.128643, 153.346212 -28.128631))",8c293a52745057c4
1067_13778,0.25,"POLYGON ((153.346197 -28.124117, 153.346183 -28.119604, 153.341092 -28.119616, 153.341106 -28.12413, 153.346197 -28.124117))",8c293a52745057c4
1067_13779,0.25,"POLYGON ((153.346183 -28.119604, 153.346168 -28.11509, 153.341077 -28.115103, 153.341092 -28.119616, 153.346183 -28.119604))",8c293a52745057c4
1067_13780,0.25,"POLYGON ((153.346168 -28.11509, 153.346154 -28.110577, 153.341063 -28.110589, 153.341077 -28.115103, 153.346168 -28.11509))",8c293a52745057c4
1067_13781,0.25,"POLYGON ((153.346154 -28.110577, 153.346139 -28.106063, 153.341049 -28.106076, 153.341063 -28.110589, 153.346154 -28.110577))",8c293a52745057c4
1067_13782,0.25,"POLYGON ((153.346139 -28.106063, 153.346125 -28.10155, 153.341035 -28.101562, 153.341049 -28.106076, 153.346139 -28.106063))",8c293a52745057c4
1067_13783,0.25,"POLYGON ((153.346125 -28.10155, 153.34611 -28.097036, 153.34102 -28.097049, 153.341035 -28.101562, 153.346125 -28.10155))",8c293a52745057c4
1067_13784,0.25,"POLYGON ((153.34611 -28.097036, 153.346096 -28.092523, 153.341006 -28.092535, 153.34102 -28.097049, 153.34611 -28.097036))",8c293a52745057c4
1067_13785,0.25,"POLYGON ((153.346096 -28.092523, 153.346081 -28.088009, 153.340992 -28.088022, 153.341006 -28.092535, 153.346096 -28.092523))",8c293a52745057c4
1067_13786,0.25,"POLYGON ((153.346081 -28.088009, 153.346067 -28.083496, 153.340978 -28.083508, 153.340992 -28.088022, 153.346081 -28.088009))",8c293a52745057c4
1067_13787,0.25,"POLYGON ((153.346067 -28.083496, 153.346052 -28.078982, 153.340963 -28.078995, 153.340978 -28.083508, 153.346067 -28.083496))",8c293a52745057c4
1067_13788,0.25,"POLYGON ((153.346052 -28.078982, 153.346038 -28.074469, 153.340949 -28.074481, 153.340963 -28.078995, 153.346052 -28.078982))",8c293a52745057c4
1067_13789,0.25,"POLYGON ((153.346038 -28.074469, 153.346023 -28.069955, 153.340935 -28.069968, 153.340949 -28.074481, 153.346038 -28.074469))",8c293a52745057c4
1067_13790,0.25,"POLYGON ((153.346023 -28.069955, 153.346009 -28.065442, 153.340921 -28.065454, 153.340935 -28.069968, 153.346023 -28.069955))",8c293a52745057c4
1067_13791,0.25,"POLYGON ((153.346009 -28.065442, 153.345994 -28.060928, 153.340906 -28.060941, 153.340921 -28.065454, 153.346009 -28.065442))",8c293a52745057c4
1067_13792,0.25,"POLYGON ((153.345994 -28.060928, 153.34598 -28.056414, 153.340892 -28.056427, 153.340906 -28.060941, 153.345994 -28.060928))",8c293a52745057c4
1067_13793,0.25,"POLYGON ((153.34598 -28.056414, 153.345965 -28.051901, 153.340878 -28.051914, 153.340892 -28.056427, 153.34598 -28.056414))",8c293a52745057c4
1067_13794,0.25,"POLYGON ((153.345965 -28.051901, 153.345951 -28.047387, 153.340864 -28.0474, 153.340878 -28.051914, 153.345965 -28.051901))",8c293a52745057c4
1067_13795,0.25,"POLYGON ((153.345951 -28.047387, 153.345937 -28.042874, 153.340849 -28.042887, 153.340864 -28.0474, 153.345951 -28.047387))",8c293a52745057c4
1067_13796,0.25,"POLYGON ((153.345937 -28.042874, 153.345922 -28.03836, 153.340835 -28.038373, 153.340849 -28.042887, 153.345937 -28.042874))",8c293a52745057c4
1067_13797,0.25,"POLYGON ((153.345922 -28.03836, 153.345908 -28.033847, 153.340821 -28.03386, 153.340835 -28.038373, 153.345922 -28.03836))",8c293a52745057c4
1067_13798,0.25,"POLYGON ((153.345908 -28.033847, 153.345893 -28.029333, 153.340807 -28.029346, 153.340821 -28.03386, 153.345908 -28.033847))",8c293a52745057c4
1067_13799,0.25,"POLYGON ((153.345893 -28.029333, 153.345879 -28.02482, 153.340792 -28.024832, 153.340807 -28.029346, 153.345893 -28.029333))",8c293a52745057c4
1067_13800,0.25,"POLYGON ((153.345879 -28.02482, 153.345864 -28.020306, 153.340778 -28.020319, 153.340792 -28.024832, 153.345879 -28.02482))",8c293a52745057c4
1067_13801,0.25,"POLYGON ((153.345864 -28.020306, 153.34585 -28.015793, 153.340764 -28.015805, 153.340778 -28.020319, 153.345864 -28.020306))",8c293a52745057c4
1067_13802,0.25,"POLYGON ((153.34585 -28.015793, 153.345836 -28.011279, 153.34075 -28.011292, 153.340764 -28.015805, 153.34585 -28.015793))",8c293a52745057c4
1067_13803,0.25,"POLYGON ((153.345836 -28.011279, 153.345821 -28.006765, 153.340736 -28.006778, 153.34075 -28.011292, 153.345836 -28.011279))",8c293a52745057c4
1067_13804,0.25,"POLYGON ((153.345821 -28.006765, 153.345807 -28.002252, 153.340721 -28.002265, 153.340736 -28.006778, 153.345821 -28.006765))",8c293a52745057c4
1067_13805,0.25,"POLYGON ((153.345807 -28.002252, 153.345792 -27.997738, 153.340707 -27.997751, 153.340721 -28.002265, 153.345807 -28.002252))",8c293a52745057c4
1067_13806,0.25,"POLYGON ((153.345792 -27.997738, 153.345778 -27.993225, 153.340693 -27.993237, 153.340707 -27.997751, 153.345792 -27.997738))",8c293a52745057c4
1067_13807,0.25,"POLYGON ((153.345778 -27.993225, 153.345764 -27.988711, 153.340679 -27.988724, 153.340693 -27.993237, 153.345778 -27.993225))",8c293a52745057c4
1067_13808,0.25,"POLYGON ((153.345764 -27.988711, 153.345749 -27.984198, 153.340665 -27.98421, 153.340679 -27.988724, 153.345764 -27.988711))",8c293a52745057c4
1067_13809,0.25,"POLYGON ((153.345749 -27.984198, 153.345735 -27.979684, 153.34065 -27.979697, 153.340665 -27.98421, 153.345749 -27.984198))",8c293a52745057c4
1067_13810,0.25,"POLYGON ((153.345735 -27.979684, 153.34572 -27.97517, 153.340636 -27.975183, 153.34065 -27.979697, 153.345735 -27.979684))",8c293a52745057c4
1067_13811,0.25,"POLYGON ((153.34572 -27.97517, 153.345706 -27.970657, 153.340622 -27.97067, 153.340636 -27.975183, 153.34572 -27.97517))",8c293a52745057c4
1067_13812,0.25,"POLYGON ((153.345706 -27.970657, 153.345692 -27.966143, 153.340608 -27.966156, 153.340622 -27.97067, 153.345706 -27.970657))",8c293a52745057c4
1067_13813,0.25,"POLYGON ((153.345692 -27.966143, 153.345677 -27.96163, 153.340594 -27.961642, 153.340608 -27.966156, 153.345692 -27.966143))",8c293a52745057c4
1067_13814,0.25,"POLYGON ((153.345677 -27.96163, 153.345663 -27.957116, 153.34058 -27.957129, 153.340594 -27.961642, 153.345677 -27.96163))",8c293a52745057c4
1067_13815,0.25,"POLYGON ((153.345663 -27.957116, 153.345648 -27.952603, 153.340565 -27.952615, 153.34058 -27.957129, 153.345663 -27.957116))",8c293a52745057c4
1067_13816,0.25,"POLYGON ((153.345648 -27.952603, 153.345634 -27.948089, 153.340551 -27.948102, 153.340565 -27.952615, 153.345648 -27.952603))",8c293a52745057c4
1067_13817,0.25,"POLYGON ((153.345634 -27.948089, 153.34562 -27.943575, 153.340537 -27.943588, 153.340551 -27.948102, 153.345634 -27.948089))",8c293a52745057c4
1067_13818,0.25,"POLYGON ((153.34562 -27.943575, 153.345605 -27.939062, 153.340523 -27.939074, 153.340537 -27.943588, 153.34562 -27.943575))",8c293a52745057c4
1067_13819,0.25,"POLYGON ((153.345605 -27.939062, 153.345591 -27.934548, 153.340509 -27.934561, 153.340523 -27.939074, 153.345605 -27.939062))",8c293a52745057c4
1067_13820,0.25,"POLYGON ((153.345591 -27.934548, 153.345577 -27.930034, 153.340495 -27.930047, 153.340509 -27.934561, 153.345591 -27.934548))",8c293a52745057c4
1067_13821,0.25,"POLYGON ((153.345577 -27.930034, 153.345562 -27.925521, 153.340481 -27.925534, 153.340495 -27.930047, 153.345577 -27.930034))",8c293a52745057c4
1067_13822,0.25,"POLYGON ((153.345562 -27.925521, 153.345548 -27.921007, 153.340466 -27.92102, 153.340481 -27.925534, 153.345562 -27.925521))",8c293a52745057c4
1067_13823,0.25,"POLYGON ((153.345548 -27.921007, 153.345534 -27.916494, 153.340452 -27.916506, 153.340466 -27.92102, 153.345548 -27.921007))",8c293a52745057c4
1067_13824,0.25,"POLYGON ((153.345534 -27.916494, 153.345519 -27.91198, 153.340438 -27.911993, 153.340452 -27.916506, 153.345534 -27.916494))",8c293a52745057c4
1067_13825,0.25,"POLYGON ((153.345519 -27.91198, 153.345505 -27.907466, 153.340424 -27.907479, 153.340438 -27.911993, 153.345519 -27.91198))",8c293a52745057c4
1067_13826,0.25,"POLYGON ((153.345505 -27.907466, 153.345491 -27.902953, 153.34041 -27.902965, 153.340424 -27.907479, 153.345505 -27.907466))",8c293a52745057c4
1067_13827,0.25,"POLYGON ((153.345491 -27.902953, 153.345476 -27.898439, 153.340396 -27.898452, 153.34041 -27.902965, 153.345491 -27.902953))",8c293a52745057c4
1067_13828,0.25,"POLYGON ((153.345476 -27.898439, 153.345462 -27.893926, 153.340382 -27.893938, 153.340396 -27.898452, 153.345476 -27.898439))",8c293a52745057c4
1067_13829,0.25,"POLYGON ((153.345462 -27.893926, 153.345448 -27.889412, 153.340367 -27.889425, 153.340382 -27.893938, 153.345462 -27.893926))",8c293a52745057c4
1067_13830,0.25,"POLYGON ((153.345448 -27.889412, 153.345433 -27.884898, 153.340353 -27.884911, 153.340367 -27.889425, 153.345448 -27.889412))",8c293a52745057c4
1067_13831,0.25,"POLYGON ((153.345433 -27.884898, 153.345419 -27.880385, 153.340339 -27.880397, 153.340353 -27.884911, 153.345433 -27.884898))",8c293a52745057c4
1067_13832,0.25,"POLYGON ((153.345419 -27.880385, 153.345405 -27.875871, 153.340325 -27.875884, 153.340339 -27.880397, 153.345419 -27.880385))",8c293a52745057c4
1067_13833,0.25,"POLYGON ((153.345405 -27.875871, 153.34539 -27.871357, 153.340311 -27.87137, 153.340325 -27.875884, 153.345405 -27.875871))",8c293a52745057c4
1067_13834,0.25,"POLYGON ((153.34539 -27.871357, 153.345376 -27.866844, 153.340297 -27.866856, 153.340311 -27.87137, 153.34539 -27.871357))",8c293a52745057c4
1067_13835,0.25,"POLYGON ((153.345376 -27.866844, 153.345362 -27.86233, 153.340283 -27.862343, 153.340297 -27.866856, 153.345376 -27.866844))",8c293a52745057c4
1067_13836,0.25,"POLYGON ((153.345362 -27.86233, 153.345347 -27.857816, 153.340269 -27.857829, 153.340283 -27.862343, 153.345362 -27.86233))",8c293a52745057c4
1067_13837,0.25,"POLYGON ((153.345347 -27.857816, 153.345333 -27.853303, 153.340255 -27.853315, 153.340269 -27.857829, 153.345347 -27.857816))",8c293a52745057c4
1067_13838,0.25,"POLYGON ((153.345333 -27.853303, 153.345319 -27.848789, 153.340241 -27.848802, 153.340255 -27.853315, 153.345333 -27.853303))",8c293a52745057c4
1067_13839,0.25,"POLYGON ((153.345319 -27.848789, 153.345304 -27.844275, 153.340226 -27.844288, 153.340241 -27.848802, 153.345319 -27.848789))",8c293a52745057c4
1067_13840,0.25,"POLYGON ((153.345304 -27.844275, 153.34529 -27.839762, 153.340212 -27.839774, 153.340226 -27.844288, 153.345304 -27.844275))",8c293a52745057c4
1067_13841,0.25,"POLYGON ((153.34529 -27.839762, 153.345276 -27.835248, 153.340198 -27.835261, 153.340212 -27.839774, 153.34529 -27.839762))",8c293a52745057c4
1067_13842,0.25,"POLYGON ((153.345276 -27.835248, 153.345262 -27.830734, 153.340184 -27.830747, 153.340198 -27.835261, 153.345276 -27.835248))",8c293a52745057c4
1067_13843,0.25,"POLYGON ((153.345262 -27.830734, 153.345247 -27.826221, 153.34017 -27.826233, 153.340184 -27.830747, 153.345262 -27.830734))",8c293a52745057c4
1067_13844,0.25,"POLYGON ((153.345247 -27.826221, 153.345233 -27.821707, 153.340156 -27.82172, 153.34017 -27.826233, 153.345247 -27.826221))",8c293a52745057c4
1067_13845,0.25,"POLYGON ((153.345233 -27.821707, 153.345219 -27.817193, 153.340142 -27.817206, 153.340156 -27.82172, 153.345233 -27.821707))",8c293a52745057c4
1067_13846,0.25,"POLYGON ((153.345219 -27.817193, 153.345204 -27.81268, 153.340128 -27.812692, 153.340142 -27.817206, 153.345219 -27.817193))",8c293a52745057c4
1067_13847,0.25,"POLYGON ((153.345204 -27.81268, 153.34519 -27.808166, 153.340114 -27.808178, 153.340128 -27.812692, 153.345204 -27.81268))",8c293a52745057c4
1067_13848,0.25,"POLYGON ((153.34519 -27.808166, 153.345176 -27.803652, 153.3401 -27.803665, 153.340114 -27.808178, 153.34519 -27.808166))",8c293a52745057c4
1067_13849,0.25,"POLYGON ((153.345176 -27.803652, 153.345162 -27.799138, 153.340086 -27.799151, 153.3401 -27.803665, 153.345176 -27.803652))",8c293a52745057c4
1067_13850,0.25,"POLYGON ((153.345162 -27.799138, 153.345147 -27.794625, 153.340072 -27.794637, 153.340086 -27.799151, 153.345162 -27.799138))",8c293a52745057c4
1067_13851,0.25,"POLYGON ((153.345147 -27.794625, 153.345133 -27.790111, 153.340058 -27.790124, 153.340072 -27.794637, 153.345147 -27.794625))",8c293a52745057c4
1067_13852,0.25,"POLYGON ((153.345133 -27.790111, 153.345119 -27.785597, 153.340044 -27.78561, 153.340058 -27.790124, 153.345133 -27.790111))",8c293a52745057c4
1067_13853,0.25,"POLYGON ((153.345119 -27.785597, 153.345105 -27.781084, 153.34003 -27.781096, 153.340044 -27.78561, 153.345119 -27.785597))",8c293a52745057c4
1067_13854,0.25,"POLYGON ((153.345105 -27.781084, 153.34509 -27.77657, 153.340016 -27.776583, 153.34003 -27.781096, 153.345105 -27.781084))",8c293a52745057c4
1067_13855,0.25,"POLYGON ((153.34509 -27.77657, 153.345076 -27.772056, 153.340002 -27.772069, 153.340016 -27.776583, 153.34509 -27.77657))",8c293a52745057c4
1067_13856,0.25,"POLYGON ((153.345076 -27.772056, 153.345062 -27.767543, 153.339988 -27.767555, 153.340002 -27.772069, 153.345076 -27.772056))",8c293a52745057c4
1067_13857,0.25,"POLYGON ((153.345062 -27.767543, 153.345048 -27.763029, 153.339973 -27.763041, 153.339988 -27.767555, 153.345062 -27.767543))",8c293a52745057c4
1067_13858,0.25,"POLYGON ((153.345048 -27.763029, 153.345033 -27.758515, 153.339959 -27.758528, 153.339973 -27.763041, 153.345048 -27.763029))",8c293a52745057c4
1067_13859,0.25,"POLYGON ((153.345033 -27.758515, 153.345019 -27.754001, 153.339945 -27.754014, 153.339959 -27.758528, 153.345033 -27.758515))",8c293a52745057c4
1067_13860,0.25,"POLYGON ((153.345019 -27.754001, 153.345005 -27.749488, 153.339931 -27.7495, 153.339945 -27.754014, 153.345019 -27.754001))",8c293a52745057c4
1067_13861,0.25,"POLYGON ((153.345005 -27.749488, 153.344991 -27.744974, 153.339917 -27.744986, 153.339931 -27.7495, 153.345005 -27.749488))",8c293a52745057c4
1067_13862,0.25,"POLYGON ((153.344991 -27.744974, 153.344977 -27.74046, 153.339903 -27.740473, 153.339917 -27.744986, 153.344991 -27.744974))",8c293a52745057c4
1067_13863,0.25,"POLYGON ((153.344977 -27.74046, 153.344962 -27.735946, 153.339889 -27.735959, 153.339903 -27.740473, 153.344977 -27.74046))",8c293a52745057c4
1067_13864,0.25,"POLYGON ((153.344962 -27.735946, 153.344948 -27.731433, 153.339875 -27.731445, 153.339889 -27.735959, 153.344962 -27.735946))",8c293a52745057c4
1067_13865,0.25,"POLYGON ((153.344948 -27.731433, 153.344934 -27.726919, 153.339861 -27.726931, 153.339875 -27.731445, 153.344948 -27.731433))",8c293a52745057c4
1067_13866,0.25,"POLYGON ((153.344934 -27.726919, 153.34492 -27.722405, 153.339847 -27.722418, 153.339861 -27.726931, 153.344934 -27.726919))",8c293a52745057c4
1067_13867,0.25,"POLYGON ((153.34492 -27.722405, 153.344905 -27.717891, 153.339833 -27.717904, 153.339847 -27.722418, 153.34492 -27.722405))",8c293a52745057c4
1067_13868,0.25,"POLYGON ((153.344905 -27.717891, 153.344891 -27.713378, 153.339819 -27.71339, 153.339833 -27.717904, 153.344905 -27.717891))",8c293a52745057c4
1067_13869,0.25,"POLYGON ((153.344891 -27.713378, 153.344877 -27.708864, 153.339805 -27.708876, 153.339819 -27.71339, 153.344891 -27.713378))",8c293a52745057c4
1067_13870,0.25,"POLYGON ((153.344877 -27.708864, 153.344863 -27.70435, 153.339791 -27.704363, 153.339805 -27.708876, 153.344877 -27.708864))",8c293a52745057c4
1067_13871,0.25,"POLYGON ((153.344863 -27.70435, 153.344849 -27.699836, 153.339777 -27.699849, 153.339791 -27.704363, 153.344863 -27.70435))",8c293a52745057c4
1067_13872,0.2229400682312057,"POLYGON ((153.344849 -27.699836, 153.344835 -27.695323, 153.339763 -27.695335, 153.339777 -27.699849, 153.344849 -27.699836))",8c293a52745057c4
1067_13873,0.005108408610080495,"POLYGON ((153.344835 -27.695323, 153.34482 -27.690809, 153.33975 -27.690821, 153.339763 -27.695335, 153.344835 -27.695323))",8c293a52745057c4
1068_13750,0.16837185200979046,"POLYGON ((153.351701 -28.25048, 153.351687 -28.245967, 153.34659 -28.24598, 153.346604 -28.250493, 153.351701 -28.25048))",8c293a52745057c4
1068_13751,0.25,"POLYGON ((153.351687 -28.245967, 153.351672 -28.241454, 153.346575 -28.241467, 153.34659 -28.24598, 153.351687 -28.245967))",8c293a52745057c4
1068_13752,0.25,"POLYGON ((153.351672 -28.241454, 153.351657 -28.23694, 153.346561 -28.236953, 153.346575 -28.241467, 153.351672 -28.241454))",8c293a52745057c4
1068_13753,0.25,"POLYGON ((153.351657 -28.23694, 153.351642 -28.232427, 153.346546 -28.23244, 153.346561 -28.236953, 153.351657 -28.23694))",8c293a52745057c4
1068_13754,0.25,"POLYGON ((153.351642 -28.232427, 153.351627 -28.227913, 153.346531 -28.227926, 153.346546 -28.23244, 153.351642 -28.232427))",8c293a52745057c4
1068_13755,0.25,"POLYGON ((153.351627 -28.227913, 153.351613 -28.2234, 153.346517 -28.223413, 153.346531 -28.227926, 153.351627 -28.227913))",8c293a52745057c4
1068_13756,0.25,"POLYGON ((153.351613 -28.2234, 153.351598 -28.218887, 153.346502 -28.2189, 153.346517 -28.223413, 153.351613 -28.2234))",8c293a52745057c4
1068_13757,0.25,"POLYGON ((153.351598 -28.218887, 153.351583 -28.214373, 153.346488 -28.214386, 153.346502 -28.2189, 153.351598 -28.218887))",8c293a52745057c4
1068_13758,0.25,"POLYGON ((153.351583 -28.214373, 153.351568 -28.20986, 153.346473 -28.209873, 153.346488 -28.214386, 153.351583 -28.214373))",8c293a52745057c4
1068_13759,0.25,"POLYGON ((153.351568 -28.20986, 153.351553 -28.205346, 153.346459 -28.205359, 153.346473 -28.209873, 153.351568 -28.20986))",8c293a52745057c4
1068_13760,0.25,"POLYGON ((153.351553 -28.205346, 153.351539 -28.200833, 153.346444 -28.200846, 153.346459 -28.205359, 153.351553 -28.205346))",8c293a52745057c4
1068_13761,0.25,"POLYGON ((153.351539 -28.200833, 153.351524 -28.196319, 153.346429 -28.196332, 153.346444 -28.200846, 153.351539 -28.200833))",8c293a52745057c4
1068_13762,0.25,"POLYGON ((153.351524 -28.196319, 153.351509 -28.191806, 153.346415 -28.191819, 153.346429 -28.196332, 153.351524 -28.196319))",8c293a52745057c4
1068_13763,0.25,"POLYGON ((153.351509 -28.191806, 153.351494 -28.187293, 153.3464 -28.187306, 153.346415 -28.191819, 153.351509 -28.191806))",8c293a52745057c4
1068_13764,0.25,"POLYGON ((153.351494 -28.187293, 153.35148 -28.182779, 153.346386 -28.182792, 153.3464 -28.187306, 153.351494 -28.187293))",8c293a52745057c4
1068_13765,0.25,"POLYGON ((153.35148 -28.182779, 153.351465 -28.178266, 153.346371 -28.178279, 153.346386 -28.182792, 153.35148 -28.182779))",8c293a52745057c4
1068_13766,0.25,"POLYGON ((153.351465 -28.178266, 153.35145 -28.173752, 153.346357 -28.173765, 153.346371 -28.178279, 153.351465 -28.178266))",8c293a52745057c4
1068_13767,0.25,"POLYGON ((153.35145 -28.173752, 153.351435 -28.169239, 153.346342 -28.169252, 153.346357 -28.173765, 153.35145 -28.173752))",8c293a52745057c4
1068_13768,0.25,"POLYGON ((153.351435 -28.169239, 153.351421 -28.164725, 153.346328 -28.164738, 153.346342 -28.169252, 153.351435 -28.169239))",8c293a52745057c4
1068_13769,0.25,"POLYGON ((153.351421 -28.164725, 153.351406 -28.160212, 153.346313 -28.160225, 153.346328 -28.164738, 153.351421 -28.164725))",8c293a52745057c4
1068_13770,0.25,"POLYGON ((153.351406 -28.160212, 153.351391 -28.155698, 153.346299 -28.155711, 153.346313 -28.160225, 153.351406 -28.160212))",8c293a52745057c4
1068_13771,0.25,"POLYGON ((153.351391 -28.155698, 153.351376 -28.151185, 153.346284 -28.151198, 153.346299 -28.155711, 153.351391 -28.155698))",8c293a52745057c4
1068_13772,0.25,"POLYGON ((153.351376 -28.151185, 153.351362 -28.146672, 153.34627 -28.146684, 153.346284 -28.151198, 153.351376 -28.151185))",8c293a52745057c4
1068_13773,0.25,"POLYGON ((153.351362 -28.146672, 153.351347 -28.142158, 153.346255 -28.142171, 153.34627 -28.146684, 153.351362 -28.146672))",8c293a52745057c4
1068_13774,0.25,"POLYGON ((153.351347 -28.142158, 153.351332 -28.137645, 153.346241 -28.137658, 153.346255 -28.142171, 153.351347 -28.142158))",8c293a52745057c4
1068_13775,0.25,"POLYGON ((153.351332 -28.137645, 153.351318 -28.133131, 153.346226 -28.133144, 153.346241 -28.137658, 153.351332 -28.137645))",8c293a52745057c4
1068_13776,0.25,"POLYGON ((153.351318 -28.133131, 153.351303 -28.128618, 153.346212 -28.128631, 153.346226 -28.133144, 153.351318 -28.133131))",8c293a52745057c4
1068_13777,0.25,"POLYGON ((153.351303 -28.128618, 153.351288 -28.124104, 153.346197 -28.124117, 153.346212 -28.128631, 153.351303 -28.128618))",8c293a52745057c4
1068_13778,0.25,"POLYGON ((153.351288 -28.124104, 153.351273 -28.119591, 153.346183 -28.119604, 153.346197 -28.124117, 153.351288 -28.124104))",8c293a52745057c4
1068_13779,0.25,"POLYGON ((153.351273 -28.119591, 153.351259 -28.115077, 153.346168 -28.11509, 153.346183 -28.119604, 153.351273 -28.119591))",8c293a52745057c4
1068_13780,0.25,"POLYGON ((153.351259 -28.115077, 153.351244 -28.110564, 153.346154 -28.110577, 153.346168 -28.11509, 153.351259 -28.115077))",8c293a52745057c4
1068_13781,0.25,"POLYGON ((153.351244 -28.110564, 153.351229 -28.10605, 153.346139 -28.106063, 153.346154 -28.110577, 153.351244 -28.110564))",8c293a52745057c4
1068_13782,0.25,"POLYGON ((153.351229 -28.10605, 153.351215 -28.101537, 153.346125 -28.10155, 153.346139 -28.106063, 153.351229 -28.10605))",8c293a52745057c4
1068_13783,0.25,"POLYGON ((153.351215 -28.101537, 153.3512 -28.097023, 153.34611 -28.097036, 153.346125 -28.10155, 153.351215 -28.101537))",8c293a52745057c4
1068_13784,0.25,"POLYGON ((153.3512 -28.097023, 153.351185 -28.09251, 153.346096 -28.092523, 153.34611 -28.097036, 153.3512 -28.097023))",8c293a52745057c4
1068_13785,0.25,"POLYGON ((153.351185 -28.09251, 153.35117 -28.087996, 153.346081 -28.088009, 153.346096 -28.092523, 153.351185 -28.09251))",8c293a52745057c4
1068_13786,0.25,"POLYGON ((153.35117 -28.087996, 153.351156 -28.083483, 153.346067 -28.083496, 153.346081 -28.088009, 153.35117 -28.087996))",8c293a52745057c4
1068_13787,0.25,"POLYGON ((153.351156 -28.083483, 153.351141 -28.078969, 153.346052 -28.078982, 153.346067 -28.083496, 153.351156 -28.083483))",8c293a52745057c4
1068_13788,0.25,"POLYGON ((153.351141 -28.078969, 153.351126 -28.074456, 153.346038 -28.074469, 153.346052 -28.078982, 153.351141 -28.078969))",8c293a52745057c4
1068_13789,0.25,"POLYGON ((153.351126 -28.074456, 153.351112 -28.069942, 153.346023 -28.069955, 153.346038 -28.074469, 153.351126 -28.074456))",8c293a52745057c4
1068_13790,0.25,"POLYGON ((153.351112 -28.069942, 153.351097 -28.065429, 153.346009 -28.065442, 153.346023 -28.069955, 153.351112 -28.069942))",8c293a52745057c4
1068_13791,0.25,"POLYGON ((153.351097 -28.065429, 153.351082 -28.060915, 153.345994 -28.060928, 153.346009 -28.065442, 153.351097 -28.065429))",8c293a52745057c4
1068_13792,0.25,"POLYGON ((153.351082 -28.060915, 153.351068 -28.056402, 153.34598 -28.056414, 153.345994 -28.060928, 153.351082 -28.060915))",8c293a52745057c4
1068_13793,0.25,"POLYGON ((153.351068 -28.056402, 153.351053 -28.051888, 153.345965 -28.051901, 153.34598 -28.056414, 153.351068 -28.056402))",8c293a52745057c4
1068_13794,0.25,"POLYGON ((153.351053 -28.051888, 153.351038 -28.047375, 153.345951 -28.047387, 153.345965 -28.051901, 153.351053 -28.051888))",8c293a52745057c4
1068_13795,0.25,"POLYGON ((153.351038 -28.047375, 153.351024 -28.042861, 153.345937 -28.042874, 153.345951 -28.047387, 153.351038 -28.047375))",8c293a52745057c4
1068_13796,0.25,"POLYGON ((153.351024 -28.042861, 153.351009 -28.038347, 153.345922 -28.03836, 153.345937 -28.042874, 153.351024 -28.042861))",8c293a52745057c4
1068_13797,0.25,"POLYGON ((153.351009 -28.038347, 153.350994 -28.033834, 153.345908 -28.033847, 153.345922 -28.03836, 153.351009 -28.038347))",8c293a52745057c4
1068_13798,0.25,"POLYGON ((153.350994 -28.033834, 153.35098 -28.02932, 153.345893 -28.029333, 153.345908 -28.033847, 153.350994 -28.033834))",8c293a52745057c4
1068_13799,0.25,"POLYGON ((153.35098 -28.02932, 153.350965 -28.024807, 153.345879 -28.02482, 153.345893 -28.029333, 153.35098 -28.02932))",8c293a52745057c4
1068_13800,0.25,"POLYGON ((153.350965 -28.024807, 153.350951 -28.020293, 153.345864 -28.020306, 153.345879 -28.02482, 153.350965 -28.024807))",8c293a52745057c4
1068_13801,0.25,"POLYGON ((153.350951 -28.020293, 153.350936 -28.01578, 153.34585 -28.015793, 153.345864 -28.020306, 153.350951 -28.020293))",8c293a52745057c4
1068_13802,0.25,"POLYGON ((153.350936 -28.01578, 153.350921 -28.011266, 153.345836 -28.011279, 153.34585 -28.015793, 153.350936 -28.01578))",8c293a52745057c4
1068_13803,0.25,"POLYGON ((153.350921 -28.011266, 153.350907 -28.006753, 153.345821 -28.006765, 153.345836 -28.011279, 153.350921 -28.011266))",8c293a52745057c4
1068_13804,0.25,"POLYGON ((153.350907 -28.006753, 153.350892 -28.002239, 153.345807 -28.002252, 153.345821 -28.006765, 153.350907 -28.006753))",8c293a52745057c4
1068_13805,0.25,"POLYGON ((153.350892 -28.002239, 153.350877 -27.997725, 153.345792 -27.997738, 153.345807 -28.002252, 153.350892 -28.002239))",8c293a52745057c4
1068_13806,0.25,"POLYGON ((153.350877 -27.997725, 153.350863 -27.993212, 153.345778 -27.993225, 153.345792 -27.997738, 153.350877 -27.997725))",8c293a52745057c4
1068_13807,0.25,"POLYGON ((153.350863 -27.993212, 153.350848 -27.988698, 153.345764 -27.988711, 153.345778 -27.993225, 153.350863 -27.993212))",8c293a52745057c4
1068_13808,0.25,"POLYGON ((153.350848 -27.988698, 153.350834 -27.984185, 153.345749 -27.984198, 153.345764 -27.988711, 153.350848 -27.988698))",8c293a52745057c4
1068_13809,0.25,"POLYGON ((153.350834 -27.984185, 153.350819 -27.979671, 153.345735 -27.979684, 153.345749 -27.984198, 153.350834 -27.984185))",8c293a52745057c4
1068_13810,0.25,"POLYGON ((153.350819 -27.979671, 153.350804 -27.975158, 153.34572 -27.97517, 153.345735 -27.979684, 153.350819 -27.979671))",8c293a52745057c4
1068_13811,0.25,"POLYGON ((153.350804 -27.975158, 153.35079 -27.970644, 153.345706 -27.970657, 153.34572 -27.97517, 153.350804 -27.975158))",8c293a52745057c4
1068_13812,0.25,"POLYGON ((153.35079 -27.970644, 153.350775 -27.96613, 153.345692 -27.966143, 153.345706 -27.970657, 153.35079 -27.970644))",8c293a52745057c4
1068_13813,0.25,"POLYGON ((153.350775 -27.96613, 153.350761 -27.961617, 153.345677 -27.96163, 153.345692 -27.966143, 153.350775 -27.96613))",8c293a52745057c4
1068_13814,0.25,"POLYGON ((153.350761 -27.961617, 153.350746 -27.957103, 153.345663 -27.957116, 153.345677 -27.96163, 153.350761 -27.961617))",8c293a52745057c4
1068_13815,0.25,"POLYGON ((153.350746 -27.957103, 153.350731 -27.95259, 153.345648 -27.952603, 153.345663 -27.957116, 153.350746 -27.957103))",8c293a52745057c4
1068_13816,0.25,"POLYGON ((153.350731 -27.95259, 153.350717 -27.948076, 153.345634 -27.948089, 153.345648 -27.952603, 153.350731 -27.95259))",8c293a52745057c4
1068_13817,0.25,"POLYGON ((153.350717 -27.948076, 153.350702 -27.943562, 153.34562 -27.943575, 153.345634 -27.948089, 153.350717 -27.948076))",8c293a52745057c4
1068_13818,0.25,"POLYGON ((153.350702 -27.943562, 153.350688 -27.939049, 153.345605 -27.939062, 153.34562 -27.943575, 153.350702 -27.943562))",8c293a52745057c4
1068_13819,0.25,"POLYGON ((153.350688 -27.939049, 153.350673 -27.934535, 153.345591 -27.934548, 153.345605 -27.939062, 153.350688 -27.939049))",8c293a52745057c4
1068_13820,0.25,"POLYGON ((153.350673 -27.934535, 153.350659 -27.930022, 153.345577 -27.930034, 153.345591 -27.934548, 153.350673 -27.934535))",8c293a52745057c4
1068_13821,0.25,"POLYGON ((153.350659 -27.930022, 153.350644 -27.925508, 153.345562 -27.925521, 153.345577 -27.930034, 153.350659 -27.930022))",8c293a52745057c4
1068_13822,0.25,"POLYGON ((153.350644 -27.925508, 153.350629 -27.920994, 153.345548 -27.921007, 153.345562 -27.925521, 153.350644 -27.925508))",8c293a52745057c4
1068_13823,0.25,"POLYGON ((153.350629 -27.920994, 153.350615 -27.916481, 153.345534 -27.916494, 153.345548 -27.921007, 153.350629 -27.920994))",8c293a52745057c4
1068_13824,0.25,"POLYGON ((153.350615 -27.916481, 153.3506 -27.911967, 153.345519 -27.91198, 153.345534 -27.916494, 153.350615 -27.916481))",8c293a52745057c4
1068_13825,0.25,"POLYGON ((153.3506 -27.911967, 153.350586 -27.907454, 153.345505 -27.907466, 153.345519 -27.91198, 153.3506 -27.911967))",8c293a52745057c4
1068_13826,0.25,"POLYGON ((153.350586 -27.907454, 153.350571 -27.90294, 153.345491 -27.902953, 153.345505 -27.907466, 153.350586 -27.907454))",8c293a52745057c4
1068_13827,0.25,"POLYGON ((153.350571 -27.90294, 153.350557 -27.898426, 153.345476 -27.898439, 153.345491 -27.902953, 153.350571 -27.90294))",8c293a52745057c4
1068_13828,0.25,"POLYGON ((153.350557 -27.898426, 153.350542 -27.893913, 153.345462 -27.893926, 153.345476 -27.898439, 153.350557 -27.898426))",8c293a52745057c4
1068_13829,0.25,"POLYGON ((153.350542 -27.893913, 153.350528 -27.889399, 153.345448 -27.889412, 153.345462 -27.893926, 153.350542 -27.893913))",8c293a52745057c4
1068_13830,0.25,"POLYGON ((153.350528 -27.889399, 153.350513 -27.884885, 153.345433 -27.884898, 153.345448 -27.889412, 153.350528 -27.889399))",8c293a52745057c4
1068_13831,0.25,"POLYGON ((153.350513 -27.884885, 153.350498 -27.880372, 153.345419 -27.880385, 153.345433 -27.884898, 153.350513 -27.884885))",8c293a52745057c4
1068_13832,0.25,"POLYGON ((153.350498 -27.880372, 153.350484 -27.875858, 153.345405 -27.875871, 153.345419 -27.880385, 153.350498 -27.880372))",8c293a52745057c4
1068_13833,0.25,"POLYGON ((153.350484 -27.875858, 153.350469 -27.871344, 153.34539 -27.871357, 153.345405 -27.875871, 153.350484 -27.875858))",8c293a52745057c4
1068_13834,0.25,"POLYGON ((153.350469 -27.871344, 153.350455 -27.866831, 153.345376 -27.866844, 153.34539 -27.871357, 153.350469 -27.871344))",8c293a52745057c4
1068_13835,0.25,"POLYGON ((153.350455 -27.866831, 153.35044 -27.862317, 153.345362 -27.86233, 153.345376 -27.866844, 153.350455 -27.866831))",8c293a52745057c4
1068_13836,0.25,"POLYGON ((153.35044 -27.862317, 153.350426 -27.857804, 153.345347 -27.857816, 153.345362 -27.86233, 153.35044 -27.862317))",8c293a52745057c4
1068_13837,0.25,"POLYGON ((153.350426 -27.857804, 153.350411 -27.85329, 153.345333 -27.853303, 153.345347 -27.857816, 153.350426 -27.857804))",8c293a52745057c4
1068_13838,0.25,"POLYGON ((153.350411 -27.85329, 153.350397 -27.848776, 153.345319 -27.848789, 153.345333 -27.853303, 153.350411 -27.85329))",8c293a52745057c4
1068_13839,0.25,"POLYGON ((153.350397 -27.848776, 153.350382 -27.844263, 153.345304 -27.844275, 153.345319 -27.848789, 153.350397 -27.848776))",8c293a52745057c4
1068_13840,0.25,"POLYGON ((153.350382 -27.844263, 153.350368 -27.839749, 153.34529 -27.839762, 153.345304 -27.844275, 153.350382 -27.844263))",8c293a52745057c4
1068_13841,0.25,"POLYGON ((153.350368 -27.839749, 153.350353 -27.835235, 153.345276 -27.835248, 153.34529 -27.839762, 153.350368 -27.839749))",8c293a52745057c4
1068_13842,0.25,"POLYGON ((153.350353 -27.835235, 153.350339 -27.830722, 153.345262 -27.830734, 153.345276 -27.835248, 153.350353 -27.835235))",8c293a52745057c4
1068_13843,0.25,"POLYGON ((153.350339 -27.830722, 153.350324 -27.826208, 153.345247 -27.826221, 153.345262 -27.830734, 153.350339 -27.830722))",8c293a52745057c4
1068_13844,0.25,"POLYGON ((153.350324 -27.826208, 153.35031 -27.821694, 153.345233 -27.821707, 153.345247 -27.826221, 153.350324 -27.826208))",8c293a52745057c4
1068_13845,0.25,"POLYGON ((153.35031 -27.821694, 153.350295 -27.81718, 153.345219 -27.817193, 153.345233 -27.821707, 153.35031 -27.821694))",8c293a52745057c4
1068_13846,0.25,"POLYGON ((153.350295 -27.81718, 153.350281 -27.812667, 153.345204 -27.81268, 153.345219 -27.817193, 153.350295 -27.81718))",8c293a52745057c4
1068_13847,0.25,"POLYGON ((153.350281 -27.812667, 153.350266 -27.808153, 153.34519 -27.808166, 153.345204 -27.81268, 153.350281 -27.812667))",8c293a52745057c4
1068_13848,0.25,"POLYGON ((153.350266 -27.808153, 153.350252 -27.803639, 153.345176 -27.803652, 153.34519 -27.808166, 153.350266 -27.808153))",8c293a52745057c4
1068_13849,0.25,"POLYGON ((153.350252 -27.803639, 153.350237 -27.799126, 153.345162 -27.799138, 153.345176 -27.803652, 153.350252 -27.803639))",8c293a52745057c4
1068_13850,0.25,"POLYGON ((153.350237 -27.799126, 153.350223 -27.794612, 153.345147 -27.794625, 153.345162 -27.799138, 153.350237 -27.799126))",8c293a52745057c4
1068_13851,0.25,"POLYGON ((153.350223 -27.794612, 153.350209 -27.790098, 153.345133 -27.790111, 153.345147 -27.794625, 153.350223 -27.794612))",8c293a52745057c4
1068_13852,0.25,"POLYGON ((153.350209 -27.790098, 153.350194 -27.785585, 153.345119 -27.785597, 153.345133 -27.790111, 153.350209 -27.790098))",8c293a52745057c4
1068_13853,0.25,"POLYGON ((153.350194 -27.785585, 153.35018 -27.781071, 153.345105 -27.781084, 153.345119 -27.785597, 153.350194 -27.785585))",8c293a52745057c4
1068_13854,0.25,"POLYGON ((153.35018 -27.781071, 153.350165 -27.776557, 153.34509 -27.77657, 153.345105 -27.781084, 153.35018 -27.781071))",8c293a52745057c4
1068_13855,0.25,"POLYGON ((153.350165 -27.776557, 153.350151 -27.772043, 153.345076 -27.772056, 153.34509 -27.77657, 153.350165 -27.776557))",8c293a52745057c4
1068_13856,0.25,"POLYGON ((153.350151 -27.772043, 153.350136 -27.76753, 153.345062 -27.767543, 153.345076 -27.772056, 153.350151 -27.772043))",8c293a52745057c4
1068_13857,0.25,"POLYGON ((153.350136 -27.76753, 153.350122 -27.763016, 153.345048 -27.763029, 153.345062 -27.767543, 153.350136 -27.76753))",8c293a52745057c4
1068_13858,0.25,"POLYGON ((153.350122 -27.763016, 153.350107 -27.758502, 153.345033 -27.758515, 153.345048 -27.763029, 153.350122 -27.763016))",8c293a52745057c4
1068_13859,0.25,"POLYGON ((153.350107 -27.758502, 153.350093 -27.753989, 153.345019 -27.754001, 153.345033 -27.758515, 153.350107 -27.758502))",8c293a52745057c4
1068_13860,0.25,"POLYGON ((153.350093 -27.753989, 153.350078 -27.749475, 153.345005 -27.749488, 153.345019 -27.754001, 153.350093 -27.753989))",8c293a52745057c4
1068_13861,0.25,"POLYGON ((153.350078 -27.749475, 153.350064 -27.744961, 153.344991 -27.744974, 153.345005 -27.749488, 153.350078 -27.749475))",8c293a52745057c4
1068_13862,0.25,"POLYGON ((153.350064 -27.744961, 153.35005 -27.740447, 153.344977 -27.74046, 153.344991 -27.744974, 153.350064 -27.744961))",8c293a52745057c4
1068_13863,0.25,"POLYGON ((153.35005 -27.740447, 153.350035 -27.735934, 153.344962 -27.735946, 153.344977 -27.74046, 153.35005 -27.740447))",8c293a52745057c4
1068_13864,0.25,"POLYGON ((153.350035 -27.735934, 153.350021 -27.73142, 153.344948 -27.731433, 153.344962 -27.735946, 153.350035 -27.735934))",8c293a52745057c4
1068_13865,0.25,"POLYGON ((153.350021 -27.73142, 153.350006 -27.726906, 153.344934 -27.726919, 153.344948 -27.731433, 153.350021 -27.73142))",8c293a52745057c4
1068_13866,0.25,"POLYGON ((153.350006 -27.726906, 153.349992 -27.722392, 153.34492 -27.722405, 153.344934 -27.726919, 153.350006 -27.726906))",8c293a52745057c4
1068_13867,0.25,"POLYGON ((153.349992 -27.722392, 153.349978 -27.717879, 153.344905 -27.717891, 153.34492 -27.722405, 153.349992 -27.722392))",8c293a52745057c4
1068_13868,0.25,"POLYGON ((153.349978 -27.717879, 153.349963 -27.713365, 153.344891 -27.713378, 153.344905 -27.717891, 153.349978 -27.717879))",8c293a52745057c4
1068_13869,0.25,"POLYGON ((153.349963 -27.713365, 153.349949 -27.708851, 153.344877 -27.708864, 153.344891 -27.713378, 153.349963 -27.713365))",8c293a52745057c4
1068_13870,0.25,"POLYGON ((153.349949 -27.708851, 153.349934 -27.704337, 153.344863 -27.70435, 153.344877 -27.708864, 153.349949 -27.708851))",8c293a52745057c4
1068_13871,0.25,"POLYGON ((153.349934 -27.704337, 153.34992 -27.699824, 153.344849 -27.699836, 153.344863 -27.70435, 153.349934 -27.704337))",8c293a52745057c4
1068_13872,0.25,"POLYGON ((153.34992 -27.699824, 153.349906 -27.69531, 153.344835 -27.695323, 153.344849 -27.699836, 153.34992 -27.699824))",8c293a52745057c4
1068_13873,0.07525646662133066,"POLYGON ((153.349906 -27.69531, 153.349891 -27.690796, 153.34482 -27.690809, 153.344835 -27.695323, 153.349906 -27.69531))",8c293a52745057c4
1069_13750,0.15217802382569895,"POLYGON ((153.356798 -28.250467, 153.356783 -28.245954, 153.351687 -28.245967, 153.351701 -28.25048, 153.356798 -28.250467))",8c293a52745057c4
1069_13751,0.25,"POLYGON ((153.356783 -28.245954, 153.356768 -28.24144, 153.351672 -28.241454, 153.351687 -28.245967, 153.356783 -28.245954))",8c293a52745057c4
1069_13752,0.25,"POLYGON ((153.356768 -28.24144, 153.356753 -28.236927, 153.351657 -28.23694, 153.351672 -28.241454, 153.356768 -28.24144))",8c293a52745057c4
1069_13753,0.25,"POLYGON ((153.356753 -28.236927, 153.356738 -28.232414, 153.351642 -28.232427, 153.351657 -28.23694, 153.356753 -28.236927))",8c293a52745057c4
1069_13754,0.25,"POLYGON ((153.356738 -28.232414, 153.356723 -28.2279, 153.351627 -28.227913, 153.351642 -28.232427, 153.356738 -28.232414))",8c293a52745057c4
1069_13755,0.25,"POLYGON ((153.356723 -28.2279, 153.356708 -28.223387, 153.351613 -28.2234, 153.351627 -28.227913, 153.356723 -28.2279))",8c293a52745057c4
1069_13756,0.25,"POLYGON ((153.356708 -28.223387, 153.356693 -28.218873, 153.351598 -28.218887, 153.351613 -28.2234, 153.356708 -28.223387))",8c293a52745057c4
1069_13757,0.25,"POLYGON ((153.356693 -28.218873, 153.356678 -28.21436, 153.351583 -28.214373, 153.351598 -28.218887, 153.356693 -28.218873))",8c293a52745057c4
1069_13758,0.25,"POLYGON ((153.356678 -28.21436, 153.356663 -28.209847, 153.351568 -28.20986, 153.351583 -28.214373, 153.356678 -28.21436))",8c293a52745057c4
1069_13759,0.25,"POLYGON ((153.356663 -28.209847, 153.356648 -28.205333, 153.351553 -28.205346, 153.351568 -28.20986, 153.356663 -28.209847))",8c293a52745057c4
1069_13760,0.25,"POLYGON ((153.356648 -28.205333, 153.356633 -28.20082, 153.351539 -28.200833, 153.351553 -28.205346, 153.356648 -28.205333))",8c293a52745057c4
1069_13761,0.25,"POLYGON ((153.356633 -28.20082, 153.356618 -28.196306, 153.351524 -28.196319, 153.351539 -28.200833, 153.356633 -28.20082))",8c293a52745057c4
1069_13762,0.25,"POLYGON ((153.356618 -28.196306, 153.356603 -28.191793, 153.351509 -28.191806, 153.351524 -28.196319, 153.356618 -28.196306))",8c293a52745057c4
1069_13763,0.25,"POLYGON ((153.356603 -28.191793, 153.356588 -28.187279, 153.351494 -28.187293, 153.351509 -28.191806, 153.356603 -28.191793))",8c293a52745057c4
1069_13764,0.25,"POLYGON ((153.356588 -28.187279, 153.356573 -28.182766, 153.35148 -28.182779, 153.351494 -28.187293, 153.356588 -28.187279))",8c293a52745057c4
1069_13765,0.25,"POLYGON ((153.356573 -28.182766, 153.356559 -28.178253, 153.351465 -28.178266, 153.35148 -28.182779, 153.356573 -28.182766))",8c293a52745057c4
1069_13766,0.25,"POLYGON ((153.356559 -28.178253, 153.356544 -28.173739, 153.35145 -28.173752, 153.351465 -28.178266, 153.356559 -28.178253))",8c293a52745057c4
1069_13767,0.25,"POLYGON ((153.356544 -28.173739, 153.356529 -28.169226, 153.351435 -28.169239, 153.35145 -28.173752, 153.356544 -28.173739))",8c293a52745057c4
1069_13768,0.25,"POLYGON ((153.356529 -28.169226, 153.356514 -28.164712, 153.351421 -28.164725, 153.351435 -28.169239, 153.356529 -28.169226))",8c293a52745057c4
1069_13769,0.25,"POLYGON ((153.356514 -28.164712, 153.356499 -28.160199, 153.351406 -28.160212, 153.351421 -28.164725, 153.356514 -28.164712))",8c293a52745057c4
1069_13770,0.25,"POLYGON ((153.356499 -28.160199, 153.356484 -28.155685, 153.351391 -28.155698, 153.351406 -28.160212, 153.356499 -28.160199))",8c293a52745057c4
1069_13771,0.25,"POLYGON ((153.356484 -28.155685, 153.356469 -28.151172, 153.351376 -28.151185, 153.351391 -28.155698, 153.356484 -28.155685))",8c293a52745057c4
1069_13772,0.25,"POLYGON ((153.356469 -28.151172, 153.356454 -28.146658, 153.351362 -28.146672, 153.351376 -28.151185, 153.356469 -28.151172))",8c293a52745057c4
1069_13773,0.25,"POLYGON ((153.356454 -28.146658, 153.356439 -28.142145, 153.351347 -28.142158, 153.351362 -28.146672, 153.356454 -28.146658))",8c293a52745057c4
1069_13774,0.25,"POLYGON ((153.356439 -28.142145, 153.356424 -28.137631, 153.351332 -28.137645, 153.351347 -28.142158, 153.356439 -28.142145))",8c293a52745057c4
1069_13775,0.25,"POLYGON ((153.356424 -28.137631, 153.356409 -28.133118, 153.351318 -28.133131, 153.351332 -28.137645, 153.356424 -28.137631))",8c293a52745057c4
1069_13776,0.25,"POLYGON ((153.356409 -28.133118, 153.356394 -28.128604, 153.351303 -28.128618, 153.351318 -28.133131, 153.356409 -28.133118))",8c293a52745057c4
1069_13777,0.25,"POLYGON ((153.356394 -28.128604, 153.356379 -28.124091, 153.351288 -28.124104, 153.351303 -28.128618, 153.356394 -28.128604))",8c293a52745057c4
1069_13778,0.25,"POLYGON ((153.356379 -28.124091, 153.356364 -28.119578, 153.351273 -28.119591, 153.351288 -28.124104, 153.356379 -28.124091))",8c293a52745057c4
1069_13779,0.25,"POLYGON ((153.356364 -28.119578, 153.356349 -28.115064, 153.351259 -28.115077, 153.351273 -28.119591, 153.356364 -28.119578))",8c293a52745057c4
1069_13780,0.25,"POLYGON ((153.356349 -28.115064, 153.356334 -28.110551, 153.351244 -28.110564, 153.351259 -28.115077, 153.356349 -28.115064))",8c293a52745057c4
1069_13781,0.25,"POLYGON ((153.356334 -28.110551, 153.356319 -28.106037, 153.351229 -28.10605, 153.351244 -28.110564, 153.356334 -28.110551))",8c293a52745057c4
1069_13782,0.25,"POLYGON ((153.356319 -28.106037, 153.356305 -28.101524, 153.351215 -28.101537, 153.351229 -28.10605, 153.356319 -28.106037))",8c293a52745057c4
1069_13783,0.25,"POLYGON ((153.356305 -28.101524, 153.35629 -28.09701, 153.3512 -28.097023, 153.351215 -28.101537, 153.356305 -28.101524))",8c293a52745057c4
1069_13784,0.25,"POLYGON ((153.35629 -28.09701, 153.356275 -28.092497, 153.351185 -28.09251, 153.3512 -28.097023, 153.35629 -28.09701))",8c293a52745057c4
1069_13785,0.25,"POLYGON ((153.356275 -28.092497, 153.35626 -28.087983, 153.35117 -28.087996, 153.351185 -28.09251, 153.356275 -28.092497))",8c293a52745057c4
1069_13786,0.25,"POLYGON ((153.35626 -28.087983, 153.356245 -28.08347, 153.351156 -28.083483, 153.35117 -28.087996, 153.35626 -28.087983))",8c293a52745057c4
1069_13787,0.25,"POLYGON ((153.356245 -28.08347, 153.35623 -28.078956, 153.351141 -28.078969, 153.351156 -28.083483, 153.356245 -28.08347))",8c293a52745057c4
1069_13788,0.25,"POLYGON ((153.35623 -28.078956, 153.356215 -28.074443, 153.351126 -28.074456, 153.351141 -28.078969, 153.35623 -28.078956))",8c293a52745057c4
1069_13789,0.25,"POLYGON ((153.356215 -28.074443, 153.3562 -28.069929, 153.351112 -28.069942, 153.351126 -28.074456, 153.356215 -28.074443))",8c293a52745057c4
1069_13790,0.25,"POLYGON ((153.3562 -28.069929, 153.356185 -28.065416, 153.351097 -28.065429, 153.351112 -28.069942, 153.3562 -28.069929))",8c293a52745057c4
1069_13791,0.25,"POLYGON ((153.356185 -28.065416, 153.35617 -28.060902, 153.351082 -28.060915, 153.351097 -28.065429, 153.356185 -28.065416))",8c293a52745057c4
1069_13792,0.25,"POLYGON ((153.35617 -28.060902, 153.356156 -28.056388, 153.351068 -28.056402, 153.351082 -28.060915, 153.35617 -28.060902))",8c293a52745057c4
1069_13793,0.25,"POLYGON ((153.356156 -28.056388, 153.356141 -28.051875, 153.351053 -28.051888, 153.351068 -28.056402, 153.356156 -28.056388))",8c293a52745057c4
1069_13794,0.25,"POLYGON ((153.356141 -28.051875, 153.356126 -28.047361, 153.351038 -28.047375, 153.351053 -28.051888, 153.356141 -28.051875))",8c293a52745057c4
1069_13795,0.25,"POLYGON ((153.356126 -28.047361, 153.356111 -28.042848, 153.351024 -28.042861, 153.351038 -28.047375, 153.356126 -28.047361))",8c293a52745057c4
1069_13796,0.25,"POLYGON ((153.356111 -28.042848, 153.356096 -28.038334, 153.351009 -28.038347, 153.351024 -28.042861, 153.356111 -28.042848))",8c293a52745057c4
1069_13797,0.25,"POLYGON ((153.356096 -28.038334, 153.356081 -28.033821, 153.350994 -28.033834, 153.351009 -28.038347, 153.356096 -28.038334))",8c293a52745057c4
1069_13798,0.25,"POLYGON ((153.356081 -28.033821, 153.356066 -28.029307, 153.35098 -28.02932, 153.350994 -28.033834, 153.356081 -28.033821))",8c293a52745057c4
1069_13799,0.25,"POLYGON ((153.356066 -28.029307, 153.356052 -28.024794, 153.350965 -28.024807, 153.35098 -28.02932, 153.356066 -28.029307))",8c293a52745057c4
1069_13800,0.25,"POLYGON ((153.356052 -28.024794, 153.356037 -28.02028, 153.350951 -28.020293, 153.350965 -28.024807, 153.356052 -28.024794))",8c293a52745057c4
1069_13801,0.25,"POLYGON ((153.356037 -28.02028, 153.356022 -28.015767, 153.350936 -28.01578, 153.350951 -28.020293, 153.356037 -28.02028))",8c293a52745057c4
1069_13802,0.25,"POLYGON ((153.356022 -28.015767, 153.356007 -28.011253, 153.350921 -28.011266, 153.350936 -28.01578, 153.356022 -28.015767))",8c293a52745057c4
1069_13803,0.25,"POLYGON ((153.356007 -28.011253, 153.355992 -28.00674, 153.350907 -28.006753, 153.350921 -28.011266, 153.356007 -28.011253))",8c293a52745057c4
1069_13804,0.25,"POLYGON ((153.355992 -28.00674, 153.355977 -28.002226, 153.350892 -28.002239, 153.350907 -28.006753, 153.355992 -28.00674))",8c293a52745057c4
1069_13805,0.25,"POLYGON ((153.355977 -28.002226, 153.355963 -27.997712, 153.350877 -27.997725, 153.350892 -28.002239, 153.355977 -28.002226))",8c293a52745057c4
1069_13806,0.25,"POLYGON ((153.355963 -27.997712, 153.355948 -27.993199, 153.350863 -27.993212, 153.350877 -27.997725, 153.355963 -27.997712))",8c293a52745057c4
1069_13807,0.25,"POLYGON ((153.355948 -27.993199, 153.355933 -27.988685, 153.350848 -27.988698, 153.350863 -27.993212, 153.355948 -27.993199))",8c293a52745057c4
1069_13808,0.25,"POLYGON ((153.355933 -27.988685, 153.355918 -27.984172, 153.350834 -27.984185, 153.350848 -27.988698, 153.355933 -27.988685))",8c293a52745057c4
1069_13809,0.25,"POLYGON ((153.355918 -27.984172, 153.355903 -27.979658, 153.350819 -27.979671, 153.350834 -27.984185, 153.355918 -27.984172))",8c293a52745057c4
1069_13810,0.25,"POLYGON ((153.355903 -27.979658, 153.355888 -27.975145, 153.350804 -27.975158, 153.350819 -27.979671, 153.355903 -27.979658))",8c293a52745057c4
1069_13811,0.25,"POLYGON ((153.355888 -27.975145, 153.355874 -27.970631, 153.35079 -27.970644, 153.350804 -27.975158, 153.355888 -27.975145))",8c293a52745057c4
1069_13812,0.25,"POLYGON ((153.355874 -27.970631, 153.355859 -27.966117, 153.350775 -27.96613, 153.35079 -27.970644, 153.355874 -27.970631))",8c293a52745057c4
1069_13813,0.25,"POLYGON ((153.355859 -27.966117, 153.355844 -27.961604, 153.350761 -27.961617, 153.350775 -27.96613, 153.355859 -27.966117))",8c293a52745057c4
1069_13814,0.25,"POLYGON ((153.355844 -27.961604, 153.355829 -27.95709, 153.350746 -27.957103, 153.350761 -27.961617, 153.355844 -27.961604))",8c293a52745057c4
1069_13815,0.25,"POLYGON ((153.355829 -27.95709, 153.355814 -27.952577, 153.350731 -27.95259, 153.350746 -27.957103, 153.355829 -27.95709))",8c293a52745057c4
1069_13816,0.25,"POLYGON ((153.355814 -27.952577, 153.3558 -27.948063, 153.350717 -27.948076, 153.350731 -27.95259, 153.355814 -27.952577))",8c293a52745057c4
1069_13817,0.25,"POLYGON ((153.3558 -27.948063, 153.355785 -27.943549, 153.350702 -27.943562, 153.350717 -27.948076, 153.3558 -27.948063))",8c293a52745057c4
1069_13818,0.25,"POLYGON ((153.355785 -27.943549, 153.35577 -27.939036, 153.350688 -27.939049, 153.350702 -27.943562, 153.355785 -27.943549))",8c293a52745057c4
1069_13819,0.25,"POLYGON ((153.35577 -27.939036, 153.355755 -27.934522, 153.350673 -27.934535, 153.350688 -27.939049, 153.35577 -27.939036))",8c293a52745057c4
1069_13820,0.25,"POLYGON ((153.355755 -27.934522, 153.35574 -27.930009, 153.350659 -27.930022, 153.350673 -27.934535, 153.355755 -27.934522))",8c293a52745057c4
1069_13821,0.25,"POLYGON ((153.35574 -27.930009, 153.355726 -27.925495, 153.350644 -27.925508, 153.350659 -27.930022, 153.35574 -27.930009))",8c293a52745057c4
1069_13822,0.25,"POLYGON ((153.355726 -27.925495, 153.355711 -27.920981, 153.350629 -27.920994, 153.350644 -27.925508, 153.355726 -27.925495))",8c293a52745057c4
1069_13823,0.25,"POLYGON ((153.355711 -27.920981, 153.355696 -27.916468, 153.350615 -27.916481, 153.350629 -27.920994, 153.355711 -27.920981))",8c293a52745057c4
1069_13824,0.25,"POLYGON ((153.355696 -27.916468, 153.355681 -27.911954, 153.3506 -27.911967, 153.350615 -27.916481, 153.355696 -27.916468))",8c293a52745057c4
1069_13825,0.25,"POLYGON ((153.355681 -27.911954, 153.355667 -27.907441, 153.350586 -27.907454, 153.3506 -27.911967, 153.355681 -27.911954))",8c293a52745057c4
1069_13826,0.25,"POLYGON ((153.355667 -27.907441, 153.355652 -27.902927, 153.350571 -27.90294, 153.350586 -27.907454, 153.355667 -27.907441))",8c293a52745057c4
1069_13827,0.25,"POLYGON ((153.355652 -27.902927, 153.355637 -27.898413, 153.350557 -27.898426, 153.350571 -27.90294, 153.355652 -27.902927))",8c293a52745057c4
1069_13828,0.25,"POLYGON ((153.355637 -27.898413, 153.355622 -27.8939, 153.350542 -27.893913, 153.350557 -27.898426, 153.355637 -27.898413))",8c293a52745057c4
1069_13829,0.25,"POLYGON ((153.355622 -27.8939, 153.355608 -27.889386, 153.350528 -27.889399, 153.350542 -27.893913, 153.355622 -27.8939))",8c293a52745057c4
1069_13830,0.25,"POLYGON ((153.355608 -27.889386, 153.355593 -27.884872, 153.350513 -27.884885, 153.350528 -27.889399, 153.355608 -27.889386))",8c293a52745057c4
1069_13831,0.25,"POLYGON ((153.355593 -27.884872, 153.355578 -27.880359, 153.350498 -27.880372, 153.350513 -27.884885, 153.355593 -27.884872))",8c293a52745057c4
1069_13832,0.25,"POLYGON ((153.355578 -27.880359, 153.355563 -27.875845, 153.350484 -27.875858, 153.350498 -27.880372, 153.355578 -27.880359))",8c293a52745057c4
1069_13833,0.25,"POLYGON ((153.355563 -27.875845, 153.355549 -27.871331, 153.350469 -27.871344, 153.350484 -27.875858, 153.355563 -27.875845))",8c293a52745057c4
1069_13834,0.25,"POLYGON ((153.355549 -27.871331, 153.355534 -27.866818, 153.350455 -27.866831, 153.350469 -27.871344, 153.355549 -27.871331))",8c293a52745057c4
1069_13835,0.25,"POLYGON ((153.355534 -27.866818, 153.355519 -27.862304, 153.35044 -27.862317, 153.350455 -27.866831, 153.355534 -27.866818))",8c293a52745057c4
1069_13836,0.25,"POLYGON ((153.355519 -27.862304, 153.355504 -27.857791, 153.350426 -27.857804, 153.35044 -27.862317, 153.355519 -27.862304))",8c293a52745057c4
1069_13837,0.25,"POLYGON ((153.355504 -27.857791, 153.35549 -27.853277, 153.350411 -27.85329, 153.350426 -27.857804, 153.355504 -27.857791))",8c293a52745057c4
1069_13838,0.25,"POLYGON ((153.35549 -27.853277, 153.355475 -27.848763, 153.350397 -27.848776, 153.350411 -27.85329, 153.35549 -27.853277))",8c293a52745057c4
1069_13839,0.25,"POLYGON ((153.355475 -27.848763, 153.35546 -27.84425, 153.350382 -27.844263, 153.350397 -27.848776, 153.355475 -27.848763))",8c293a52745057c4
1069_13840,0.25,"POLYGON ((153.35546 -27.84425, 153.355446 -27.839736, 153.350368 -27.839749, 153.350382 -27.844263, 153.35546 -27.84425))",8c293a52745057c4
1069_13841,0.25,"POLYGON ((153.355446 -27.839736, 153.355431 -27.835222, 153.350353 -27.835235, 153.350368 -27.839749, 153.355446 -27.839736))",8c293a52745057c4
1069_13842,0.25,"POLYGON ((153.355431 -27.835222, 153.355416 -27.830709, 153.350339 -27.830722, 153.350353 -27.835235, 153.355431 -27.835222))",8c293a52745057c4
1069_13843,0.25,"POLYGON ((153.355416 -27.830709, 153.355401 -27.826195, 153.350324 -27.826208, 153.350339 -27.830722, 153.355416 -27.830709))",8c293a52745057c4
1069_13844,0.25,"POLYGON ((153.355401 -27.826195, 153.355387 -27.821681, 153.35031 -27.821694, 153.350324 -27.826208, 153.355401 -27.826195))",8c293a52745057c4
1069_13845,0.25,"POLYGON ((153.355387 -27.821681, 153.355372 -27.817168, 153.350295 -27.81718, 153.35031 -27.821694, 153.355387 -27.821681))",8c293a52745057c4
1069_13846,0.25,"POLYGON ((153.355372 -27.817168, 153.355357 -27.812654, 153.350281 -27.812667, 153.350295 -27.81718, 153.355372 -27.817168))",8c293a52745057c4
1069_13847,0.25,"POLYGON ((153.355357 -27.812654, 153.355343 -27.80814, 153.350266 -27.808153, 153.350281 -27.812667, 153.355357 -27.812654))",8c293a52745057c4
1069_13848,0.25,"POLYGON ((153.355343 -27.80814, 153.355328 -27.803626, 153.350252 -27.803639, 153.350266 -27.808153, 153.355343 -27.80814))",8c293a52745057c4
1069_13849,0.25,"POLYGON ((153.355328 -27.803626, 153.355313 -27.799113, 153.350237 -27.799126, 153.350252 -27.803639, 153.355328 -27.803626))",8c293a52745057c4
1069_13850,0.25,"POLYGON ((153.355313 -27.799113, 153.355299 -27.794599, 153.350223 -27.794612, 153.350237 -27.799126, 153.355313 -27.799113))",8c293a52745057c4
1069_13851,0.25,"POLYGON ((153.355299 -27.794599, 153.355284 -27.790085, 153.350209 -27.790098, 153.350223 -27.794612, 153.355299 -27.794599))",8c293a52745057c4
1069_13852,0.25,"POLYGON ((153.355284 -27.790085, 153.355269 -27.785572, 153.350194 -27.785585, 153.350209 -27.790098, 153.355284 -27.790085))",8c293a52745057c4
1069_13853,0.25,"POLYGON ((153.355269 -27.785572, 153.355255 -27.781058, 153.35018 -27.781071, 153.350194 -27.785585, 153.355269 -27.785572))",8c293a52745057c4
1069_13854,0.25,"POLYGON ((153.355255 -27.781058, 153.35524 -27.776544, 153.350165 -27.776557, 153.35018 -27.781071, 153.355255 -27.781058))",8c293a52745057c4
1069_13855,0.25,"POLYGON ((153.35524 -27.776544, 153.355225 -27.772031, 153.350151 -27.772043, 153.350165 -27.776557, 153.35524 -27.776544))",8c293a52745057c4
1069_13856,0.25,"POLYGON ((153.355225 -27.772031, 153.355211 -27.767517, 153.350136 -27.76753, 153.350151 -27.772043, 153.355225 -27.772031))",8c293a52745057c4
1069_13857,0.25,"POLYGON ((153.355211 -27.767517, 153.355196 -27.763003, 153.350122 -27.763016, 153.350136 -27.76753, 153.355211 -27.767517))",8c293a52745057c4
1069_13858,0.25,"POLYGON ((153.355196 -27.763003, 153.355181 -27.758489, 153.350107 -27.758502, 153.350122 -27.763016, 153.355196 -27.763003))",8c293a52745057c4
1069_13859,0.25,"POLYGON ((153.355181 -27.758489, 153.355167 -27.753976, 153.350093 -27.753989, 153.350107 -27.758502, 153.355181 -27.758489))",8c293a52745057c4
1069_13860,0.25,"POLYGON ((153.355167 -27.753976, 153.355152 -27.749462, 153.350078 -27.749475, 153.350093 -27.753989, 153.355167 -27.753976))",8c293a52745057c4
1069_13861,0.25,"POLYGON ((153.355152 -27.749462, 153.355137 -27.744948, 153.350064 -27.744961, 153.350078 -27.749475, 153.355152 -27.749462))",8c293a52745057c4
1069_13862,0.25,"POLYGON ((153.355137 -27.744948, 153.355123 -27.740434, 153.35005 -27.740447, 153.350064 -27.744961, 153.355137 -27.744948))",8c293a52745057c4
1069_13863,0.25,"POLYGON ((153.355123 -27.740434, 153.355108 -27.735921, 153.350035 -27.735934, 153.35005 -27.740447, 153.355123 -27.740434))",8c293a52745057c4
1069_13864,0.25,"POLYGON ((153.355108 -27.735921, 153.355093 -27.731407, 153.350021 -27.73142, 153.350035 -27.735934, 153.355108 -27.735921))",8c293a52745057c4
1069_13865,0.25,"POLYGON ((153.355093 -27.731407, 153.355079 -27.726893, 153.350006 -27.726906, 153.350021 -27.73142, 153.355093 -27.731407))",8c293a52745057c4
1069_13866,0.25,"POLYGON ((153.355079 -27.726893, 153.355064 -27.72238, 153.349992 -27.722392, 153.350006 -27.726906, 153.355079 -27.726893))",8c293a52745057c4
1069_13867,0.25,"POLYGON ((153.355064 -27.72238, 153.35505 -27.717866, 153.349978 -27.717879, 153.349992 -27.722392, 153.355064 -27.72238))",8c293a52745057c4
1069_13868,0.25,"POLYGON ((153.35505 -27.717866, 153.355035 -27.713352, 153.349963 -27.713365, 153.349978 -27.717879, 153.35505 -27.717866))",8c293a52745057c4
1069_13869,0.25,"POLYGON ((153.355035 -27.713352, 153.35502 -27.708838, 153.349949 -27.708851, 153.349963 -27.713365, 153.355035 -27.713352))",8c293a52745057c4
1069_13870,0.25,"POLYGON ((153.35502 -27.708838, 153.355006 -27.704325, 153.349934 -27.704337, 153.349949 -27.708851, 153.35502 -27.708838))",8c293a52745057c4
1069_13871,0.25,"POLYGON ((153.355006 -27.704325, 153.354991 -27.699811, 153.34992 -27.699824, 153.349934 -27.704337, 153.355006 -27.704325))",8c293a52745057c4
1069_13872,0.25,"POLYGON ((153.354991 -27.699811, 153.354977 -27.695297, 153.349906 -27.69531, 153.34992 -27.699824, 153.354991 -27.699811))",8c293a52745057c4
1069_13873,0.19464187860058205,"POLYGON ((153.354977 -27.695297, 153.354962 -27.690783, 153.349891 -27.690796, 153.349906 -27.69531, 153.354977 -27.695297))",8c293a52745057c4
1069_13874,4.958130461721287e-05,"POLYGON ((153.354962 -27.690783, 153.354947 -27.68627, 153.349877 -27.686282, 153.349891 -27.690796, 153.354962 -27.690783))",8c293a52745057c4
1070_13750,0.14477068235619303,"POLYGON ((153.361895 -28.250454, 153.36188 -28.24594, 153.356783 -28.245954, 153.356798 -28.250467, 153.361895 -28.250454))",8c293a52745057c4
1070_13751,0.25,"POLYGON ((153.36188 -28.24594, 153.361865 -28.241427, 153.356768 -28.24144, 153.356783 -28.245954, 153.36188 -28.24594))",8c293a52745057c4
1070_13752,0.25,"POLYGON ((153.361865 -28.241427, 153.36185 -28.236914, 153.356753 -28.236927, 153.356768 -28.24144, 153.361865 -28.241427))",8c293a52745057c4
1070_13753,0.25,"POLYGON ((153.36185 -28.236914, 153.361835 -28.2324, 153.356738 -28.232414, 153.356753 -28.236927, 153.36185 -28.236914))",8c293a52745057c4
1070_13754,0.25,"POLYGON ((153.361835 -28.2324, 153.361819 -28.227887, 153.356723 -28.2279, 153.356738 -28.232414, 153.361835 -28.2324))",8c293a52745057c4
1070_13755,0.25,"POLYGON ((153.361819 -28.227887, 153.361804 -28.223373, 153.356708 -28.223387, 153.356723 -28.2279, 153.361819 -28.227887))",8c293a52745057c4
1070_13756,0.25,"POLYGON ((153.361804 -28.223373, 153.361789 -28.21886, 153.356693 -28.218873, 153.356708 -28.223387, 153.361804 -28.223373))",8c293a52745057c4
1070_13757,0.25,"POLYGON ((153.361789 -28.21886, 153.361774 -28.214347, 153.356678 -28.21436, 153.356693 -28.218873, 153.361789 -28.21886))",8c293a52745057c4
1070_13758,0.25,"POLYGON ((153.361774 -28.214347, 153.361758 -28.209833, 153.356663 -28.209847, 153.356678 -28.21436, 153.361774 -28.214347))",8c293a52745057c4
1070_13759,0.25,"POLYGON ((153.361758 -28.209833, 153.361743 -28.20532, 153.356648 -28.205333, 153.356663 -28.209847, 153.361758 -28.209833))",8c293a52745057c4
1070_13760,0.25,"POLYGON ((153.361743 -28.20532, 153.361728 -28.200806, 153.356633 -28.20082, 153.356648 -28.205333, 153.361743 -28.20532))",8c293a52745057c4
1070_13761,0.25,"POLYGON ((153.361728 -28.200806, 153.361713 -28.196293, 153.356618 -28.196306, 153.356633 -28.20082, 153.361728 -28.200806))",8c293a52745057c4
1070_13762,0.25,"POLYGON ((153.361713 -28.196293, 153.361698 -28.191779, 153.356603 -28.191793, 153.356618 -28.196306, 153.361713 -28.196293))",8c293a52745057c4
1070_13763,0.25,"POLYGON ((153.361698 -28.191779, 153.361682 -28.187266, 153.356588 -28.187279, 153.356603 -28.191793, 153.361698 -28.191779))",8c293a52745057c4
1070_13764,0.25,"POLYGON ((153.361682 -28.187266, 153.361667 -28.182753, 153.356573 -28.182766, 153.356588 -28.187279, 153.361682 -28.187266))",8c293a52745057c4
1070_13765,0.25,"POLYGON ((153.361667 -28.182753, 153.361652 -28.178239, 153.356559 -28.178253, 153.356573 -28.182766, 153.361667 -28.182753))",8c293a52745057c4
1070_13766,0.25,"POLYGON ((153.361652 -28.178239, 153.361637 -28.173726, 153.356544 -28.173739, 153.356559 -28.178253, 153.361652 -28.178239))",8c293a52745057c4
1070_13767,0.25,"POLYGON ((153.361637 -28.173726, 153.361622 -28.169212, 153.356529 -28.169226, 153.356544 -28.173739, 153.361637 -28.173726))",8c293a52745057c4
1070_13768,0.25,"POLYGON ((153.361622 -28.169212, 153.361607 -28.164699, 153.356514 -28.164712, 153.356529 -28.169226, 153.361622 -28.169212))",8c293a52745057c4
1070_13769,0.25,"POLYGON ((153.361607 -28.164699, 153.361591 -28.160185, 153.356499 -28.160199, 153.356514 -28.164712, 153.361607 -28.164699))",8c293a52745057c4
1070_13770,0.25,"POLYGON ((153.361591 -28.160185, 153.361576 -28.155672, 153.356484 -28.155685, 153.356499 -28.160199, 153.361591 -28.160185))",8c293a52745057c4
1070_13771,0.25,"POLYGON ((153.361576 -28.155672, 153.361561 -28.151158, 153.356469 -28.151172, 153.356484 -28.155685, 153.361576 -28.155672))",8c293a52745057c4
1070_13772,0.25,"POLYGON ((153.361561 -28.151158, 153.361546 -28.146645, 153.356454 -28.146658, 153.356469 -28.151172, 153.361561 -28.151158))",8c293a52745057c4
1070_13773,0.25,"POLYGON ((153.361546 -28.146645, 153.361531 -28.142132, 153.356439 -28.142145, 153.356454 -28.146658, 153.361546 -28.146645))",8c293a52745057c4
1070_13774,0.25,"POLYGON ((153.361531 -28.142132, 153.361516 -28.137618, 153.356424 -28.137631, 153.356439 -28.142145, 153.361531 -28.142132))",8c293a52745057c4
1070_13775,0.25,"POLYGON ((153.361516 -28.137618, 153.3615 -28.133105, 153.356409 -28.133118, 153.356424 -28.137631, 153.361516 -28.137618))",8c293a52745057c4
1070_13776,0.25,"POLYGON ((153.3615 -28.133105, 153.361485 -28.128591, 153.356394 -28.128604, 153.356409 -28.133118, 153.3615 -28.133105))",8c293a52745057c4
1070_13777,0.25,"POLYGON ((153.361485 -28.128591, 153.36147 -28.124078, 153.356379 -28.124091, 153.356394 -28.128604, 153.361485 -28.128591))",8c293a52745057c4
1070_13778,0.25,"POLYGON ((153.36147 -28.124078, 153.361455 -28.119564, 153.356364 -28.119578, 153.356379 -28.124091, 153.36147 -28.124078))",8c293a52745057c4
1070_13779,0.25,"POLYGON ((153.361455 -28.119564, 153.36144 -28.115051, 153.356349 -28.115064, 153.356364 -28.119578, 153.361455 -28.119564))",8c293a52745057c4
1070_13780,0.25,"POLYGON ((153.36144 -28.115051, 153.361425 -28.110537, 153.356334 -28.110551, 153.356349 -28.115064, 153.36144 -28.115051))",8c293a52745057c4
1070_13781,0.25,"POLYGON ((153.361425 -28.110537, 153.36141 -28.106024, 153.356319 -28.106037, 153.356334 -28.110551, 153.361425 -28.110537))",8c293a52745057c4
1070_13782,0.25,"POLYGON ((153.36141 -28.106024, 153.361395 -28.10151, 153.356305 -28.101524, 153.356319 -28.106037, 153.36141 -28.106024))",8c293a52745057c4
1070_13783,0.25,"POLYGON ((153.361395 -28.10151, 153.361379 -28.096997, 153.35629 -28.09701, 153.356305 -28.101524, 153.361395 -28.10151))",8c293a52745057c4
1070_13784,0.25,"POLYGON ((153.361379 -28.096997, 153.361364 -28.092483, 153.356275 -28.092497, 153.35629 -28.09701, 153.361379 -28.096997))",8c293a52745057c4
1070_13785,0.25,"POLYGON ((153.361364 -28.092483, 153.361349 -28.08797, 153.35626 -28.087983, 153.356275 -28.092497, 153.361364 -28.092483))",8c293a52745057c4
1070_13786,0.25,"POLYGON ((153.361349 -28.08797, 153.361334 -28.083456, 153.356245 -28.08347, 153.35626 -28.087983, 153.361349 -28.08797))",8c293a52745057c4
1070_13787,0.25,"POLYGON ((153.361334 -28.083456, 153.361319 -28.078943, 153.35623 -28.078956, 153.356245 -28.08347, 153.361334 -28.083456))",8c293a52745057c4
1070_13788,0.25,"POLYGON ((153.361319 -28.078943, 153.361304 -28.074429, 153.356215 -28.074443, 153.35623 -28.078956, 153.361319 -28.078943))",8c293a52745057c4
1070_13789,0.25,"POLYGON ((153.361304 -28.074429, 153.361289 -28.069916, 153.3562 -28.069929, 153.356215 -28.074443, 153.361304 -28.074429))",8c293a52745057c4
1070_13790,0.25,"POLYGON ((153.361289 -28.069916, 153.361274 -28.065402, 153.356185 -28.065416, 153.3562 -28.069929, 153.361289 -28.069916))",8c293a52745057c4
1070_13791,0.25,"POLYGON ((153.361274 -28.065402, 153.361259 -28.060889, 153.35617 -28.060902, 153.356185 -28.065416, 153.361274 -28.065402))",8c293a52745057c4
1070_13792,0.25,"POLYGON ((153.361259 -28.060889, 153.361243 -28.056375, 153.356156 -28.056388, 153.35617 -28.060902, 153.361259 -28.060889))",8c293a52745057c4
1070_13793,0.25,"POLYGON ((153.361243 -28.056375, 153.361228 -28.051862, 153.356141 -28.051875, 153.356156 -28.056388, 153.361243 -28.056375))",8c293a52745057c4
1070_13794,0.25,"POLYGON ((153.361228 -28.051862, 153.361213 -28.047348, 153.356126 -28.047361, 153.356141 -28.051875, 153.361228 -28.051862))",8c293a52745057c4
1070_13795,0.25,"POLYGON ((153.361213 -28.047348, 153.361198 -28.042835, 153.356111 -28.042848, 153.356126 -28.047361, 153.361213 -28.047348))",8c293a52745057c4
1070_13796,0.25,"POLYGON ((153.361198 -28.042835, 153.361183 -28.038321, 153.356096 -28.038334, 153.356111 -28.042848, 153.361198 -28.042835))",8c293a52745057c4
1070_13797,0.25,"POLYGON ((153.361183 -28.038321, 153.361168 -28.033808, 153.356081 -28.033821, 153.356096 -28.038334, 153.361183 -28.038321))",8c293a52745057c4
1070_13798,0.25,"POLYGON ((153.361168 -28.033808, 153.361153 -28.029294, 153.356066 -28.029307, 153.356081 -28.033821, 153.361168 -28.033808))",8c293a52745057c4
1070_13799,0.25,"POLYGON ((153.361153 -28.029294, 153.361138 -28.02478, 153.356052 -28.024794, 153.356066 -28.029307, 153.361153 -28.029294))",8c293a52745057c4
1070_13800,0.25,"POLYGON ((153.361138 -28.02478, 153.361123 -28.020267, 153.356037 -28.02028, 153.356052 -28.024794, 153.361138 -28.02478))",8c293a52745057c4
1070_13801,0.25,"POLYGON ((153.361123 -28.020267, 153.361108 -28.015753, 153.356022 -28.015767, 153.356037 -28.02028, 153.361123 -28.020267))",8c293a52745057c4
1070_13802,0.25,"POLYGON ((153.361108 -28.015753, 153.361093 -28.01124, 153.356007 -28.011253, 153.356022 -28.015767, 153.361108 -28.015753))",8c293a52745057c4
1070_13803,0.25,"POLYGON ((153.361093 -28.01124, 153.361078 -28.006726, 153.355992 -28.00674, 153.356007 -28.011253, 153.361093 -28.01124))",8c293a52745057c4
1070_13804,0.25,"POLYGON ((153.361078 -28.006726, 153.361063 -28.002213, 153.355977 -28.002226, 153.355992 -28.00674, 153.361078 -28.006726))",8c293a52745057c4
1070_13805,0.25,"POLYGON ((153.361063 -28.002213, 153.361048 -27.997699, 153.355963 -27.997712, 153.355977 -28.002226, 153.361063 -28.002213))",8c293a52745057c4
1070_13806,0.25,"POLYGON ((153.361048 -27.997699, 153.361033 -27.993186, 153.355948 -27.993199, 153.355963 -27.997712, 153.361048 -27.997699))",8c293a52745057c4
1070_13807,0.25,"POLYGON ((153.361033 -27.993186, 153.361018 -27.988672, 153.355933 -27.988685, 153.355948 -27.993199, 153.361033 -27.993186))",8c293a52745057c4
1070_13808,0.25,"POLYGON ((153.361018 -27.988672, 153.361003 -27.984158, 153.355918 -27.984172, 153.355933 -27.988685, 153.361018 -27.988672))",8c293a52745057c4
1070_13809,0.25,"POLYGON ((153.361003 -27.984158, 153.360987 -27.979645, 153.355903 -27.979658, 153.355918 -27.984172, 153.361003 -27.984158))",8c293a52745057c4
1070_13810,0.25,"POLYGON ((153.360987 -27.979645, 153.360972 -27.975131, 153.355888 -27.975145, 153.355903 -27.979658, 153.360987 -27.979645))",8c293a52745057c4
1070_13811,0.25,"POLYGON ((153.360972 -27.975131, 153.360957 -27.970618, 153.355874 -27.970631, 153.355888 -27.975145, 153.360972 -27.975131))",8c293a52745057c4
1070_13812,0.25,"POLYGON ((153.360957 -27.970618, 153.360942 -27.966104, 153.355859 -27.966117, 153.355874 -27.970631, 153.360957 -27.970618))",8c293a52745057c4
1070_13813,0.25,"POLYGON ((153.360942 -27.966104, 153.360927 -27.961591, 153.355844 -27.961604, 153.355859 -27.966117, 153.360942 -27.966104))",8c293a52745057c4
1070_13814,0.25,"POLYGON ((153.360927 -27.961591, 153.360912 -27.957077, 153.355829 -27.95709, 153.355844 -27.961604, 153.360927 -27.961591))",8c293a52745057c4
1070_13815,0.25,"POLYGON ((153.360912 -27.957077, 153.360897 -27.952563, 153.355814 -27.952577, 153.355829 -27.95709, 153.360912 -27.957077))",8c293a52745057c4
1070_13816,0.25,"POLYGON ((153.360897 -27.952563, 153.360882 -27.94805, 153.3558 -27.948063, 153.355814 -27.952577, 153.360897 -27.952563))",8c293a52745057c4
1070_13817,0.25,"POLYGON ((153.360882 -27.94805, 153.360867 -27.943536, 153.355785 -27.943549, 153.3558 -27.948063, 153.360882 -27.94805))",8c293a52745057c4
1070_13818,0.25,"POLYGON ((153.360867 -27.943536, 153.360852 -27.939023, 153.35577 -27.939036, 153.355785 -27.943549, 153.360867 -27.943536))",8c293a52745057c4
1070_13819,0.25,"POLYGON ((153.360852 -27.939023, 153.360837 -27.934509, 153.355755 -27.934522, 153.35577 -27.939036, 153.360852 -27.939023))",8c293a52745057c4
1070_13820,0.25,"POLYGON ((153.360837 -27.934509, 153.360822 -27.929995, 153.35574 -27.930009, 153.355755 -27.934522, 153.360837 -27.934509))",8c293a52745057c4
1070_13821,0.25,"POLYGON ((153.360822 -27.929995, 153.360807 -27.925482, 153.355726 -27.925495, 153.35574 -27.930009, 153.360822 -27.929995))",8c293a52745057c4
1070_13822,0.25,"POLYGON ((153.360807 -27.925482, 153.360792 -27.920968, 153.355711 -27.920981, 153.355726 -27.925495, 153.360807 -27.925482))",8c293a52745057c4
1070_13823,0.25,"POLYGON ((153.360792 -27.920968, 153.360777 -27.916455, 153.355696 -27.916468, 153.355711 -27.920981, 153.360792 -27.920968))",8c293a52745057c4
1070_13824,0.25,"POLYGON ((153.360777 -27.916455, 153.360762 -27.911941, 153.355681 -27.911954, 153.355696 -27.916468, 153.360777 -27.916455))",8c293a52745057c4
1070_13825,0.25,"POLYGON ((153.360762 -27.911941, 153.360747 -27.907427, 153.355667 -27.907441, 153.355681 -27.911954, 153.360762 -27.911941))",8c293a52745057c4
1070_13826,0.25,"POLYGON ((153.360747 -27.907427, 153.360732 -27.902914, 153.355652 -27.902927, 153.355667 -27.907441, 153.360747 -27.907427))",8c293a52745057c4
1070_13827,0.25,"POLYGON ((153.360732 -27.902914, 153.360718 -27.8984, 153.355637 -27.898413, 153.355652 -27.902927, 153.360732 -27.902914))",8c293a52745057c4
1070_13828,0.25,"POLYGON ((153.360718 -27.8984, 153.360703 -27.893886, 153.355622 -27.8939, 153.355637 -27.898413, 153.360718 -27.8984))",8c293a52745057c4
1070_13829,0.25,"POLYGON ((153.360703 -27.893886, 153.360688 -27.889373, 153.355608 -27.889386, 153.355622 -27.8939, 153.360703 -27.893886))",8c293a52745057c4
1070_13830,0.25,"POLYGON ((153.360688 -27.889373, 153.360673 -27.884859, 153.355593 -27.884872, 153.355608 -27.889386, 153.360688 -27.889373))",8c293a52745057c4
1070_13831,0.25,"POLYGON ((153.360673 -27.884859, 153.360658 -27.880346, 153.355578 -27.880359, 153.355593 -27.884872, 153.360673 -27.884859))",8c293a52745057c4
1070_13832,0.25,"POLYGON ((153.360658 -27.880346, 153.360643 -27.875832, 153.355563 -27.875845, 153.355578 -27.880359, 153.360658 -27.880346))",8c293a52745057c4
1070_13833,0.25,"POLYGON ((153.360643 -27.875832, 153.360628 -27.871318, 153.355549 -27.871331, 153.355563 -27.875845, 153.360643 -27.875832))",8c293a52745057c4
1070_13834,0.25,"POLYGON ((153.360628 -27.871318, 153.360613 -27.866805, 153.355534 -27.866818, 153.355549 -27.871331, 153.360628 -27.871318))",8c293a52745057c4
1070_13835,0.25,"POLYGON ((153.360613 -27.866805, 153.360598 -27.862291, 153.355519 -27.862304, 153.355534 -27.866818, 153.360613 -27.866805))",8c293a52745057c4
1070_13836,0.25,"POLYGON ((153.360598 -27.862291, 153.360583 -27.857777, 153.355504 -27.857791, 153.355519 -27.862304, 153.360598 -27.862291))",8c293a52745057c4
1070_13837,0.25,"POLYGON ((153.360583 -27.857777, 153.360568 -27.853264, 153.35549 -27.853277, 153.355504 -27.857791, 153.360583 -27.857777))",8c293a52745057c4
1070_13838,0.25,"POLYGON ((153.360568 -27.853264, 153.360553 -27.84875, 153.355475 -27.848763, 153.35549 -27.853277, 153.360568 -27.853264))",8c293a52745057c4
1070_13839,0.25,"POLYGON ((153.360553 -27.84875, 153.360538 -27.844236, 153.35546 -27.84425, 153.355475 -27.848763, 153.360553 -27.84875))",8c293a52745057c4
1070_13840,0.25,"POLYGON ((153.360538 -27.844236, 153.360523 -27.839723, 153.355446 -27.839736, 153.35546 -27.84425, 153.360538 -27.844236))",8c293a52745057c4
1070_13841,0.25,"POLYGON ((153.360523 -27.839723, 153.360508 -27.835209, 153.355431 -27.835222, 153.355446 -27.839736, 153.360523 -27.839723))",8c293a52745057c4
1070_13842,0.25,"POLYGON ((153.360508 -27.835209, 153.360493 -27.830695, 153.355416 -27.830709, 153.355431 -27.835222, 153.360508 -27.835209))",8c293a52745057c4
1070_13843,0.25,"POLYGON ((153.360493 -27.830695, 153.360479 -27.826182, 153.355401 -27.826195, 153.355416 -27.830709, 153.360493 -27.830695))",8c293a52745057c4
1070_13844,0.25,"POLYGON ((153.360479 -27.826182, 153.360464 -27.821668, 153.355387 -27.821681, 153.355401 -27.826195, 153.360479 -27.826182))",8c293a52745057c4
1070_13845,0.25,"POLYGON ((153.360464 -27.821668, 153.360449 -27.817154, 153.355372 -27.817168, 153.355387 -27.821681, 153.360464 -27.821668))",8c293a52745057c4
1070_13846,0.25,"POLYGON ((153.360449 -27.817154, 153.360434 -27.812641, 153.355357 -27.812654, 153.355372 -27.817168, 153.360449 -27.817154))",8c293a52745057c4
1070_13847,0.25,"POLYGON ((153.360434 -27.812641, 153.360419 -27.808127, 153.355343 -27.80814, 153.355357 -27.812654, 153.360434 -27.812641))",8c293a52745057c4
1070_13848,0.25,"POLYGON ((153.360419 -27.808127, 153.360404 -27.803613, 153.355328 -27.803626, 153.355343 -27.80814, 153.360419 -27.808127))",8c293a52745057c4
1070_13849,0.25,"POLYGON ((153.360404 -27.803613, 153.360389 -27.7991, 153.355313 -27.799113, 153.355328 -27.803626, 153.360404 -27.803613))",8c293a52745057c4
1070_13850,0.25,"POLYGON ((153.360389 -27.7991, 153.360374 -27.794586, 153.355299 -27.794599, 153.355313 -27.799113, 153.360389 -27.7991))",8c293a52745057c4
1070_13851,0.25,"POLYGON ((153.360374 -27.794586, 153.360359 -27.790072, 153.355284 -27.790085, 153.355299 -27.794599, 153.360374 -27.794586))",8c293a52745057c4
1070_13852,0.25,"POLYGON ((153.360359 -27.790072, 153.360344 -27.785559, 153.355269 -27.785572, 153.355284 -27.790085, 153.360359 -27.790072))",8c293a52745057c4
1070_13853,0.25,"POLYGON ((153.360344 -27.785559, 153.36033 -27.781045, 153.355255 -27.781058, 153.355269 -27.785572, 153.360344 -27.785559))",8c293a52745057c4
1070_13854,0.25,"POLYGON ((153.36033 -27.781045, 153.360315 -27.776531, 153.35524 -27.776544, 153.355255 -27.781058, 153.36033 -27.781045))",8c293a52745057c4
1070_13855,0.25,"POLYGON ((153.360315 -27.776531, 153.3603 -27.772017, 153.355225 -27.772031, 153.35524 -27.776544, 153.360315 -27.776531))",8c293a52745057c4
1070_13856,0.25,"POLYGON ((153.3603 -27.772017, 153.360285 -27.767504, 153.355211 -27.767517, 153.355225 -27.772031, 153.3603 -27.772017))",8c293a52745057c4
1070_13857,0.25,"POLYGON ((153.360285 -27.767504, 153.36027 -27.76299, 153.355196 -27.763003, 153.355211 -27.767517, 153.360285 -27.767504))",8c293a52745057c4
1070_13858,0.25,"POLYGON ((153.36027 -27.76299, 153.360255 -27.758476, 153.355181 -27.758489, 153.355196 -27.763003, 153.36027 -27.76299))",8c293a52745057c4
1070_13859,0.25,"POLYGON ((153.360255 -27.758476, 153.36024 -27.753963, 153.355167 -27.753976, 153.355181 -27.758489, 153.360255 -27.758476))",8c293a52745057c4
1070_13860,0.25,"POLYGON ((153.36024 -27.753963, 153.360226 -27.749449, 153.355152 -27.749462, 153.355167 -27.753976, 153.36024 -27.753963))",8c293a52745057c4
1070_13861,0.25,"POLYGON ((153.360226 -27.749449, 153.360211 -27.744935, 153.355137 -27.744948, 153.355152 -27.749462, 153.360226 -27.749449))",8c293a52745057c4
1070_13862,0.25,"POLYGON ((153.360211 -27.744935, 153.360196 -27.740421, 153.355123 -27.740434, 153.355137 -27.744948, 153.360211 -27.744935))",8c293a52745057c4
1070_13863,0.25,"POLYGON ((153.360196 -27.740421, 153.360181 -27.735908, 153.355108 -27.735921, 153.355123 -27.740434, 153.360196 -27.740421))",8c293a52745057c4
1070_13864,0.25,"POLYGON ((153.360181 -27.735908, 153.360166 -27.731394, 153.355093 -27.731407, 153.355108 -27.735921, 153.360181 -27.735908))",8c293a52745057c4
1070_13865,0.25,"POLYGON ((153.360166 -27.731394, 153.360151 -27.72688, 153.355079 -27.726893, 153.355093 -27.731407, 153.360166 -27.731394))",8c293a52745057c4
1070_13866,0.25,"POLYGON ((153.360151 -27.72688, 153.360136 -27.722366, 153.355064 -27.72238, 153.355079 -27.726893, 153.360151 -27.72688))",8c293a52745057c4
1070_13867,0.25,"POLYGON ((153.360136 -27.722366, 153.360122 -27.717853, 153.35505 -27.717866, 153.355064 -27.72238, 153.360136 -27.722366))",8c293a52745057c4
1070_13868,0.25,"POLYGON ((153.360122 -27.717853, 153.360107 -27.713339, 153.355035 -27.713352, 153.35505 -27.717866, 153.360122 -27.717853))",8c293a52745057c4
1070_13869,0.25,"POLYGON ((153.360107 -27.713339, 153.360092 -27.708825, 153.35502 -27.708838, 153.355035 -27.713352, 153.360107 -27.713339))",8c293a52745057c4
1070_13870,0.25,"POLYGON ((153.360092 -27.708825, 153.360077 -27.704311, 153.355006 -27.704325, 153.35502 -27.708838, 153.360092 -27.708825))",8c293a52745057c4
1070_13871,0.25,"POLYGON ((153.360077 -27.704311, 153.360062 -27.699798, 153.354991 -27.699811, 153.355006 -27.704325, 153.360077 -27.704311))",8c293a52745057c4
1070_13872,0.25,"POLYGON ((153.360062 -27.699798, 153.360048 -27.695284, 153.354977 -27.695297, 153.354991 -27.699811, 153.360062 -27.699798))",8c293a52745057c4
1070_13873,0.2397489325007604,"POLYGON ((153.360048 -27.695284, 153.360033 -27.69077, 153.354962 -27.690783, 153.354977 -27.695297, 153.360048 -27.695284))",8c293a52745057c4
1070_13874,0.00816437376763724,"POLYGON ((153.360033 -27.69077, 153.360018 -27.686256, 153.354947 -27.68627, 153.354962 -27.690783, 153.360033 -27.69077))",8c293a52745057c4
1071_13750,0.07563386632675587,"POLYGON ((153.366993 -28.25044, 153.366977 -28.245927, 153.36188 -28.24594, 153.361895 -28.250454, 153.366993 -28.25044))",8c293a52745057c4
1071_13751,0.25,"POLYGON ((153.366977 -28.245927, 153.366962 -28.241413, 153.361865 -28.241427, 153.36188 -28.24594, 153.366977 -28.245927))",8c293a52745057c4
1071_13752,0.25,"POLYGON ((153.366962 -28.241413, 153.366946 -28.2369, 153.36185 -28.236914, 153.361865 -28.241427, 153.366962 -28.241413))",8c293a52745057c4
1071_13753,0.25,"POLYGON ((153.366946 -28.2369, 153.366931 -28.232387, 153.361835 -28.2324, 153.36185 -28.236914, 153.366946 -28.2369))",8c293a52745057c4
1071_13754,0.25,"POLYGON ((153.366931 -28.232387, 153.366915 -28.227873, 153.361819 -28.227887, 153.361835 -28.2324, 153.366931 -28.232387))",8c293a52745057c4
1071_13755,0.25,"POLYGON ((153.366915 -28.227873, 153.3669 -28.22336, 153.361804 -28.223373, 153.361819 -28.227887, 153.366915 -28.227873))",8c293a52745057c4
1071_13756,0.25,"POLYGON ((153.3669 -28.22336, 153.366884 -28.218846, 153.361789 -28.21886, 153.361804 -28.223373, 153.3669 -28.22336))",8c293a52745057c4
1071_13757,0.25,"POLYGON ((153.366884 -28.218846, 153.366869 -28.214333, 153.361774 -28.214347, 153.361789 -28.21886, 153.366884 -28.218846))",8c293a52745057c4
1071_13758,0.25,"POLYGON ((153.366869 -28.214333, 153.366854 -28.20982, 153.361758 -28.209833, 153.361774 -28.214347, 153.366869 -28.214333))",8c293a52745057c4
1071_13759,0.25,"POLYGON ((153.366854 -28.20982, 153.366838 -28.205306, 153.361743 -28.20532, 153.361758 -28.209833, 153.366854 -28.20982))",8c293a52745057c4
1071_13760,0.25,"POLYGON ((153.366838 -28.205306, 153.366823 -28.200793, 153.361728 -28.200806, 153.361743 -28.20532, 153.366838 -28.205306))",8c293a52745057c4
1071_13761,0.25,"POLYGON ((153.366823 -28.200793, 153.366807 -28.196279, 153.361713 -28.196293, 153.361728 -28.200806, 153.366823 -28.200793))",8c293a52745057c4
1071_13762,0.25,"POLYGON ((153.366807 -28.196279, 153.366792 -28.191766, 153.361698 -28.191779, 153.361713 -28.196293, 153.366807 -28.196279))",8c293a52745057c4
1071_13763,0.25,"POLYGON ((153.366792 -28.191766, 153.366777 -28.187252, 153.361682 -28.187266, 153.361698 -28.191779, 153.366792 -28.191766))",8c293a52745057c4
1071_13764,0.25,"POLYGON ((153.366777 -28.187252, 153.366761 -28.182739, 153.361667 -28.182753, 153.361682 -28.187266, 153.366777 -28.187252))",8c293a52745057c4
1071_13765,0.25,"POLYGON ((153.366761 -28.182739, 153.366746 -28.178226, 153.361652 -28.178239, 153.361667 -28.182753, 153.366761 -28.182739))",8c293a52745057c4
1071_13766,0.25,"POLYGON ((153.366746 -28.178226, 153.36673 -28.173712, 153.361637 -28.173726, 153.361652 -28.178239, 153.366746 -28.178226))",8c293a52745057c4
1071_13767,0.25,"POLYGON ((153.36673 -28.173712, 153.366715 -28.169199, 153.361622 -28.169212, 153.361637 -28.173726, 153.36673 -28.173712))",8c293a52745057c4
1071_13768,0.25,"POLYGON ((153.366715 -28.169199, 153.3667 -28.164685, 153.361607 -28.164699, 153.361622 -28.169212, 153.366715 -28.169199))",8c293a52745057c4
1071_13769,0.25,"POLYGON ((153.3667 -28.164685, 153.366684 -28.160172, 153.361591 -28.160185, 153.361607 -28.164699, 153.3667 -28.164685))",8c293a52745057c4
1071_13770,0.25,"POLYGON ((153.366684 -28.160172, 153.366669 -28.155658, 153.361576 -28.155672, 153.361591 -28.160185, 153.366684 -28.160172))",8c293a52745057c4
1071_13771,0.25,"POLYGON ((153.366669 -28.155658, 153.366653 -28.151145, 153.361561 -28.151158, 153.361576 -28.155672, 153.366669 -28.155658))",8c293a52745057c4
1071_13772,0.25,"POLYGON ((153.366653 -28.151145, 153.366638 -28.146631, 153.361546 -28.146645, 153.361561 -28.151158, 153.366653 -28.151145))",8c293a52745057c4
1071_13773,0.25,"POLYGON ((153.366638 -28.146631, 153.366623 -28.142118, 153.361531 -28.142132, 153.361546 -28.146645, 153.366638 -28.146631))",8c293a52745057c4
1071_13774,0.25,"POLYGON ((153.366623 -28.142118, 153.366607 -28.137605, 153.361516 -28.137618, 153.361531 -28.142132, 153.366623 -28.142118))",8c293a52745057c4
1071_13775,0.25,"POLYGON ((153.366607 -28.137605, 153.366592 -28.133091, 153.3615 -28.133105, 153.361516 -28.137618, 153.366607 -28.137605))",8c293a52745057c4
1071_13776,0.25,"POLYGON ((153.366592 -28.133091, 153.366577 -28.128578, 153.361485 -28.128591, 153.3615 -28.133105, 153.366592 -28.133091))",8c293a52745057c4
1071_13777,0.25,"POLYGON ((153.366577 -28.128578, 153.366561 -28.124064, 153.36147 -28.124078, 153.361485 -28.128591, 153.366577 -28.128578))",8c293a52745057c4
1071_13778,0.25,"POLYGON ((153.366561 -28.124064, 153.366546 -28.119551, 153.361455 -28.119564, 153.36147 -28.124078, 153.366561 -28.124064))",8c293a52745057c4
1071_13779,0.25,"POLYGON ((153.366546 -28.119551, 153.366531 -28.115037, 153.36144 -28.115051, 153.361455 -28.119564, 153.366546 -28.119551))",8c293a52745057c4
1071_13780,0.25,"POLYGON ((153.366531 -28.115037, 153.366515 -28.110524, 153.361425 -28.110537, 153.36144 -28.115051, 153.366531 -28.115037))",8c293a52745057c4
1071_13781,0.25,"POLYGON ((153.366515 -28.110524, 153.3665 -28.10601, 153.36141 -28.106024, 153.361425 -28.110537, 153.366515 -28.110524))",8c293a52745057c4
1071_13782,0.25,"POLYGON ((153.3665 -28.10601, 153.366485 -28.101497, 153.361395 -28.10151, 153.36141 -28.106024, 153.3665 -28.10601))",8c293a52745057c4
1071_13783,0.25,"POLYGON ((153.366485 -28.101497, 153.366469 -28.096983, 153.361379 -28.096997, 153.361395 -28.10151, 153.366485 -28.101497))",8c293a52745057c4
1071_13784,0.25,"POLYGON ((153.366469 -28.096983, 153.366454 -28.09247, 153.361364 -28.092483, 153.361379 -28.096997, 153.366469 -28.096983))",8c293a52745057c4
1071_13785,0.25,"POLYGON ((153.366454 -28.09247, 153.366439 -28.087956, 153.361349 -28.08797, 153.361364 -28.092483, 153.366454 -28.09247))",8c293a52745057c4
1071_13786,0.25,"POLYGON ((153.366439 -28.087956, 153.366423 -28.083443, 153.361334 -28.083456, 153.361349 -28.08797, 153.366439 -28.087956))",8c293a52745057c4
1071_13787,0.25,"POLYGON ((153.366423 -28.083443, 153.366408 -28.078929, 153.361319 -28.078943, 153.361334 -28.083456, 153.366423 -28.083443))",8c293a52745057c4
1071_13788,0.25,"POLYGON ((153.366408 -28.078929, 153.366393 -28.074416, 153.361304 -28.074429, 153.361319 -28.078943, 153.366408 -28.078929))",8c293a52745057c4
1071_13789,0.25,"POLYGON ((153.366393 -28.074416, 153.366377 -28.069902, 153.361289 -28.069916, 153.361304 -28.074429, 153.366393 -28.074416))",8c293a52745057c4
1071_13790,0.25,"POLYGON ((153.366377 -28.069902, 153.366362 -28.065389, 153.361274 -28.065402, 153.361289 -28.069916, 153.366377 -28.069902))",8c293a52745057c4
1071_13791,0.25,"POLYGON ((153.366362 -28.065389, 153.366347 -28.060875, 153.361259 -28.060889, 153.361274 -28.065402, 153.366362 -28.065389))",8c293a52745057c4
1071_13792,0.25,"POLYGON ((153.366347 -28.060875, 153.366331 -28.056362, 153.361243 -28.056375, 153.361259 -28.060889, 153.366347 -28.060875))",8c293a52745057c4
1071_13793,0.25,"POLYGON ((153.366331 -28.056362, 153.366316 -28.051848, 153.361228 -28.051862, 153.361243 -28.056375, 153.366331 -28.056362))",8c293a52745057c4
1071_13794,0.25,"POLYGON ((153.366316 -28.051848, 153.366301 -28.047335, 153.361213 -28.047348, 153.361228 -28.051862, 153.366316 -28.051848))",8c293a52745057c4
1071_13795,0.25,"POLYGON ((153.366301 -28.047335, 153.366285 -28.042821, 153.361198 -28.042835, 153.361213 -28.047348, 153.366301 -28.047335))",8c293a52745057c4
1071_13796,0.25,"POLYGON ((153.366285 -28.042821, 153.36627 -28.038308, 153.361183 -28.038321, 153.361198 -28.042835, 153.366285 -28.042821))",8c293a52745057c4
1071_13797,0.25,"POLYGON ((153.36627 -28.038308, 153.366255 -28.033794, 153.361168 -28.033808, 153.361183 -28.038321, 153.36627 -28.038308))",8c293a52745057c4
1071_13798,0.25,"POLYGON ((153.366255 -28.033794, 153.36624 -28.029281, 153.361153 -28.029294, 153.361168 -28.033808, 153.366255 -28.033794))",8c293a52745057c4
1071_13799,0.25,"POLYGON ((153.36624 -28.029281, 153.366224 -28.024767, 153.361138 -28.02478, 153.361153 -28.029294, 153.36624 -28.029281))",8c293a52745057c4
1071_13800,0.25,"POLYGON ((153.366224 -28.024767, 153.366209 -28.020253, 153.361123 -28.020267, 153.361138 -28.02478, 153.366224 -28.024767))",8c293a52745057c4
1071_13801,0.25,"POLYGON ((153.366209 -28.020253, 153.366194 -28.01574, 153.361108 -28.015753, 153.361123 -28.020267, 153.366209 -28.020253))",8c293a52745057c4
1071_13802,0.25,"POLYGON ((153.366194 -28.01574, 153.366178 -28.011226, 153.361093 -28.01124, 153.361108 -28.015753, 153.366194 -28.01574))",8c293a52745057c4
1071_13803,0.25,"POLYGON ((153.366178 -28.011226, 153.366163 -28.006713, 153.361078 -28.006726, 153.361093 -28.01124, 153.366178 -28.011226))",8c293a52745057c4
1071_13804,0.25,"POLYGON ((153.366163 -28.006713, 153.366148 -28.002199, 153.361063 -28.002213, 153.361078 -28.006726, 153.366163 -28.006713))",8c293a52745057c4
1071_13805,0.25,"POLYGON ((153.366148 -28.002199, 153.366133 -27.997686, 153.361048 -27.997699, 153.361063 -28.002213, 153.366148 -28.002199))",8c293a52745057c4
1071_13806,0.25,"POLYGON ((153.366133 -27.997686, 153.366117 -27.993172, 153.361033 -27.993186, 153.361048 -27.997699, 153.366133 -27.997686))",8c293a52745057c4
1071_13807,0.25,"POLYGON ((153.366117 -27.993172, 153.366102 -27.988659, 153.361018 -27.988672, 153.361033 -27.993186, 153.366117 -27.993172))",8c293a52745057c4
1071_13808,0.25,"POLYGON ((153.366102 -27.988659, 153.366087 -27.984145, 153.361003 -27.984158, 153.361018 -27.988672, 153.366102 -27.988659))",8c293a52745057c4
1071_13809,0.25,"POLYGON ((153.366087 -27.984145, 153.366072 -27.979631, 153.360987 -27.979645, 153.361003 -27.984158, 153.366087 -27.984145))",8c293a52745057c4
1071_13810,0.25,"POLYGON ((153.366072 -27.979631, 153.366056 -27.975118, 153.360972 -27.975131, 153.360987 -27.979645, 153.366072 -27.979631))",8c293a52745057c4
1071_13811,0.25,"POLYGON ((153.366056 -27.975118, 153.366041 -27.970604, 153.360957 -27.970618, 153.360972 -27.975131, 153.366056 -27.975118))",8c293a52745057c4
1071_13812,0.25,"POLYGON ((153.366041 -27.970604, 153.366026 -27.966091, 153.360942 -27.966104, 153.360957 -27.970618, 153.366041 -27.970604))",8c293a52745057c4
1071_13813,0.25,"POLYGON ((153.366026 -27.966091, 153.366011 -27.961577, 153.360927 -27.961591, 153.360942 -27.966104, 153.366026 -27.966091))",8c293a52745057c4
1071_13814,0.25,"POLYGON ((153.366011 -27.961577, 153.365996 -27.957064, 153.360912 -27.957077, 153.360927 -27.961591, 153.366011 -27.961577))",8c293a52745057c4
1071_13815,0.25,"POLYGON ((153.365996 -27.957064, 153.36598 -27.95255, 153.360897 -27.952563, 153.360912 -27.957077, 153.365996 -27.957064))",8c293a52745057c4
1071_13816,0.25,"POLYGON ((153.36598 -27.95255, 153.365965 -27.948036, 153.360882 -27.94805, 153.360897 -27.952563, 153.36598 -27.95255))",8c293a52745057c4
1071_13817,0.25,"POLYGON ((153.365965 -27.948036, 153.36595 -27.943523, 153.360867 -27.943536, 153.360882 -27.94805, 153.365965 -27.948036))",8c293a52745057c4
1071_13818,0.25,"POLYGON ((153.36595 -27.943523, 153.365935 -27.939009, 153.360852 -27.939023, 153.360867 -27.943536, 153.36595 -27.943523))",8c293a52745057c4
1071_13819,0.25,"POLYGON ((153.365935 -27.939009, 153.36592 -27.934496, 153.360837 -27.934509, 153.360852 -27.939023, 153.365935 -27.939009))",8c293a52745057c4
1071_13820,0.25,"POLYGON ((153.36592 -27.934496, 153.365904 -27.929982, 153.360822 -27.929995, 153.360837 -27.934509, 153.36592 -27.934496))",8c293a52745057c4
1071_13821,0.25,"POLYGON ((153.365904 -27.929982, 153.365889 -27.925468, 153.360807 -27.925482, 153.360822 -27.929995, 153.365904 -27.929982))",8c293a52745057c4
1071_13822,0.25,"POLYGON ((153.365889 -27.925468, 153.365874 -27.920955, 153.360792 -27.920968, 153.360807 -27.925482, 153.365889 -27.925468))",8c293a52745057c4
1071_13823,0.25,"POLYGON ((153.365874 -27.920955, 153.365859 -27.916441, 153.360777 -27.916455, 153.360792 -27.920968, 153.365874 -27.920955))",8c293a52745057c4
1071_13824,0.25,"POLYGON ((153.365859 -27.916441, 153.365844 -27.911928, 153.360762 -27.911941, 153.360777 -27.916455, 153.365859 -27.916441))",8c293a52745057c4
1071_13825,0.25,"POLYGON ((153.365844 -27.911928, 153.365828 -27.907414, 153.360747 -27.907427, 153.360762 -27.911941, 153.365844 -27.911928))",8c293a52745057c4
1071_13826,0.25,"POLYGON ((153.365828 -27.907414, 153.365813 -27.9029, 153.360732 -27.902914, 153.360747 -27.907427, 153.365828 -27.907414))",8c293a52745057c4
1071_13827,0.25,"POLYGON ((153.365813 -27.9029, 153.365798 -27.898387, 153.360718 -27.8984, 153.360732 -27.902914, 153.365813 -27.9029))",8c293a52745057c4
1071_13828,0.25,"POLYGON ((153.365798 -27.898387, 153.365783 -27.893873, 153.360703 -27.893886, 153.360718 -27.8984, 153.365798 -27.898387))",8c293a52745057c4
1071_13829,0.25,"POLYGON ((153.365783 -27.893873, 153.365768 -27.889359, 153.360688 -27.889373, 153.360703 -27.893886, 153.365783 -27.893873))",8c293a52745057c4
1071_13830,0.25,"POLYGON ((153.365768 -27.889359, 153.365752 -27.884846, 153.360673 -27.884859, 153.360688 -27.889373, 153.365768 -27.889359))",8c293a52745057c4
1071_13831,0.25,"POLYGON ((153.365752 -27.884846, 153.365737 -27.880332, 153.360658 -27.880346, 153.360673 -27.884859, 153.365752 -27.884846))",8c293a52745057c4
1071_13832,0.25,"POLYGON ((153.365737 -27.880332, 153.365722 -27.875819, 153.360643 -27.875832, 153.360658 -27.880346, 153.365737 -27.880332))",8c293a52745057c4
1071_13833,0.25,"POLYGON ((153.365722 -27.875819, 153.365707 -27.871305, 153.360628 -27.871318, 153.360643 -27.875832, 153.365722 -27.875819))",8c293a52745057c4
1071_13834,0.25,"POLYGON ((153.365707 -27.871305, 153.365692 -27.866791, 153.360613 -27.866805, 153.360628 -27.871318, 153.365707 -27.871305))",8c293a52745057c4
1071_13835,0.25,"POLYGON ((153.365692 -27.866791, 153.365677 -27.862278, 153.360598 -27.862291, 153.360613 -27.866805, 153.365692 -27.866791))",8c293a52745057c4
1071_13836,0.25,"POLYGON ((153.365677 -27.862278, 153.365662 -27.857764, 153.360583 -27.857777, 153.360598 -27.862291, 153.365677 -27.862278))",8c293a52745057c4
1071_13837,0.25,"POLYGON ((153.365662 -27.857764, 153.365646 -27.85325, 153.360568 -27.853264, 153.360583 -27.857777, 153.365662 -27.857764))",8c293a52745057c4
1071_13838,0.25,"POLYGON ((153.365646 -27.85325, 153.365631 -27.848737, 153.360553 -27.84875, 153.360568 -27.853264, 153.365646 -27.85325))",8c293a52745057c4
1071_13839,0.25,"POLYGON ((153.365631 -27.848737, 153.365616 -27.844223, 153.360538 -27.844236, 153.360553 -27.84875, 153.365631 -27.848737))",8c293a52745057c4
1071_13840,0.25,"POLYGON ((153.365616 -27.844223, 153.365601 -27.839709, 153.360523 -27.839723, 153.360538 -27.844236, 153.365616 -27.844223))",8c293a52745057c4
1071_13841,0.25,"POLYGON ((153.365601 -27.839709, 153.365586 -27.835196, 153.360508 -27.835209, 153.360523 -27.839723, 153.365601 -27.839709))",8c293a52745057c4
1071_13842,0.25,"POLYGON ((153.365586 -27.835196, 153.365571 -27.830682, 153.360493 -27.830695, 153.360508 -27.835209, 153.365586 -27.835196))",8c293a52745057c4
1071_13843,0.25,"POLYGON ((153.365571 -27.830682, 153.365556 -27.826168, 153.360479 -27.826182, 153.360493 -27.830695, 153.365571 -27.830682))",8c293a52745057c4
1071_13844,0.25,"POLYGON ((153.365556 -27.826168, 153.36554 -27.821655, 153.360464 -27.821668, 153.360479 -27.826182, 153.365556 -27.826168))",8c293a52745057c4
1071_13845,0.25,"POLYGON ((153.36554 -27.821655, 153.365525 -27.817141, 153.360449 -27.817154, 153.360464 -27.821668, 153.36554 -27.821655))",8c293a52745057c4
1071_13846,0.25,"POLYGON ((153.365525 -27.817141, 153.36551 -27.812627, 153.360434 -27.812641, 153.360449 -27.817154, 153.365525 -27.817141))",8c293a52745057c4
1071_13847,0.25,"POLYGON ((153.36551 -27.812627, 153.365495 -27.808114, 153.360419 -27.808127, 153.360434 -27.812641, 153.36551 -27.812627))",8c293a52745057c4
1071_13848,0.25,"POLYGON ((153.365495 -27.808114, 153.36548 -27.8036, 153.360404 -27.803613, 153.360419 -27.808127, 153.365495 -27.808114))",8c293a52745057c4
1071_13849,0.25,"POLYGON ((153.36548 -27.8036, 153.365465 -27.799086, 153.360389 -27.7991, 153.360404 -27.803613, 153.36548 -27.8036))",8c293a52745057c4
1071_13850,0.25,"POLYGON ((153.365465 -27.799086, 153.36545 -27.794573, 153.360374 -27.794586, 153.360389 -27.7991, 153.365465 -27.799086))",8c293a52745057c4
1071_13851,0.25,"POLYGON ((153.36545 -27.794573, 153.365435 -27.790059, 153.360359 -27.790072, 153.360374 -27.794586, 153.36545 -27.794573))",8c293a52745057c4
1071_13852,0.25,"POLYGON ((153.365435 -27.790059, 153.36542 -27.785545, 153.360344 -27.785559, 153.360359 -27.790072, 153.365435 -27.790059))",8c293a52745057c4
1071_13853,0.25,"POLYGON ((153.36542 -27.785545, 153.365405 -27.781032, 153.36033 -27.781045, 153.360344 -27.785559, 153.36542 -27.785545))",8c293a52745057c4
1071_13854,0.25,"POLYGON ((153.365405 -27.781032, 153.365389 -27.776518, 153.360315 -27.776531, 153.36033 -27.781045, 153.365405 -27.781032))",8c293a52745057c4
1071_13855,0.25,"POLYGON ((153.365389 -27.776518, 153.365374 -27.772004, 153.3603 -27.772017, 153.360315 -27.776531, 153.365389 -27.776518))",8c293a52745057c4
1071_13856,0.25,"POLYGON ((153.365374 -27.772004, 153.365359 -27.76749, 153.360285 -27.767504, 153.3603 -27.772017, 153.365374 -27.772004))",8c293a52745057c4
1071_13857,0.25,"POLYGON ((153.365359 -27.76749, 153.365344 -27.762977, 153.36027 -27.76299, 153.360285 -27.767504, 153.365359 -27.76749))",8c293a52745057c4
1071_13858,0.25,"POLYGON ((153.365344 -27.762977, 153.365329 -27.758463, 153.360255 -27.758476, 153.36027 -27.76299, 153.365344 -27.762977))",8c293a52745057c4
1071_13859,0.25,"POLYGON ((153.365329 -27.758463, 153.365314 -27.753949, 153.36024 -27.753963, 153.360255 -27.758476, 153.365329 -27.758463))",8c293a52745057c4
1071_13860,0.25,"POLYGON ((153.365314 -27.753949, 153.365299 -27.749436, 153.360226 -27.749449, 153.36024 -27.753963, 153.365314 -27.753949))",8c293a52745057c4
1071_13861,0.25,"POLYGON ((153.365299 -27.749436, 153.365284 -27.744922, 153.360211 -27.744935, 153.360226 -27.749449, 153.365299 -27.749436))",8c293a52745057c4
1071_13862,0.25,"POLYGON ((153.365284 -27.744922, 153.365269 -27.740408, 153.360196 -27.740421, 153.360211 -27.744935, 153.365284 -27.744922))",8c293a52745057c4
1071_13863,0.25,"POLYGON ((153.365269 -27.740408, 153.365254 -27.735894, 153.360181 -27.735908, 153.360196 -27.740421, 153.365269 -27.740408))",8c293a52745057c4
1071_13864,0.25,"POLYGON ((153.365254 -27.735894, 153.365239 -27.731381, 153.360166 -27.731394, 153.360181 -27.735908, 153.365254 -27.735894))",8c293a52745057c4
1071_13865,0.25,"POLYGON ((153.365239 -27.731381, 153.365224 -27.726867, 153.360151 -27.72688, 153.360166 -27.731394, 153.365239 -27.731381))",8c293a52745057c4
1071_13866,0.25,"POLYGON ((153.365224 -27.726867, 153.365209 -27.722353, 153.360136 -27.722366, 153.360151 -27.72688, 153.365224 -27.726867))",8c293a52745057c4
1071_13867,0.25,"POLYGON ((153.365209 -27.722353, 153.365194 -27.717839, 153.360122 -27.717853, 153.360136 -27.722366, 153.365209 -27.722353))",8c293a52745057c4
1071_13868,0.25,"POLYGON ((153.365194 -27.717839, 153.365179 -27.713326, 153.360107 -27.713339, 153.360122 -27.717853, 153.365194 -27.717839))",8c293a52745057c4
1071_13869,0.2066003684449879,"POLYGON ((153.365179 -27.713326, 153.365164 -27.708812, 153.360092 -27.708825, 153.360107 -27.713339, 153.365179 -27.713326))",8c293a52745057c4
1071_13870,0.08673723218842601,"POLYGON ((153.365164 -27.708812, 153.365149 -27.704298, 153.360077 -27.704311, 153.360092 -27.708825, 153.365164 -27.708812))",8c293a52745057c4
1071_13871,0.09322403839710296,"POLYGON ((153.365149 -27.704298, 153.365134 -27.699784, 153.360062 -27.699798, 153.360077 -27.704311, 153.365149 -27.704298))",8c293a52745057c4
1071_13872,0.0534748802424568,"POLYGON ((153.365134 -27.699784, 153.365119 -27.695271, 153.360048 -27.695284, 153.360062 -27.699798, 153.365134 -27.699784))",8c293a52745057c4
1071_13873,0.013877466299912882,"POLYGON ((153.365119 -27.695271, 153.365104 -27.690757, 153.360033 -27.69077, 153.360048 -27.695284, 153.365119 -27.695271))",8c293a52745057c4
1072_13750,0.0014945971615694994,"POLYGON ((153.37209 -28.250426, 153.372074 -28.245913, 153.366977 -28.245927, 153.366993 -28.25044, 153.37209 -28.250426))",8c293a52745057c4
1072_13751,0.18827057649266726,"POLYGON ((153.372074 -28.245913, 153.372058 -28.2414, 153.366962 -28.241413, 153.366977 -28.245927, 153.372074 -28.245913))",8c293a52745057c4
1072_13752,0.25,"POLYGON ((153.372058 -28.2414, 153.372043 -28.236886, 153.366946 -28.2369, 153.366962 -28.241413, 153.372058 -28.2414))",8c293a52745057c4
1072_13753,0.25,"POLYGON ((153.372043 -28.236886, 153.372027 -28.232373, 153.366931 -28.232387, 153.366946 -28.2369, 153.372043 -28.236886))",8c293a52745057c4
1072_13754,0.25,"POLYGON ((153.372027 -28.232373, 153.372011 -28.22786, 153.366915 -28.227873, 153.366931 -28.232387, 153.372027 -28.232373))",8c293a52745057c4
1072_13755,0.25,"POLYGON ((153.372011 -28.22786, 153.371996 -28.223346, 153.3669 -28.22336, 153.366915 -28.227873, 153.372011 -28.22786))",8c293a52745057c4
1072_13756,0.25,"POLYGON ((153.371996 -28.223346, 153.37198 -28.218833, 153.366884 -28.218846, 153.3669 -28.22336, 153.371996 -28.223346))",8c293a52745057c4
1072_13757,0.25,"POLYGON ((153.37198 -28.218833, 153.371964 -28.214319, 153.366869 -28.214333, 153.366884 -28.218846, 153.37198 -28.218833))",8c293a52745057c4
1072_13758,0.25,"POLYGON ((153.371964 -28.214319, 153.371949 -28.209806, 153.366854 -28.20982, 153.366869 -28.214333, 153.371964 -28.214319))",8c293a52745057c4
1072_13759,0.25,"POLYGON ((153.371949 -28.209806, 153.371933 -28.205292, 153.366838 -28.205306, 153.366854 -28.20982, 153.371949 -28.209806))",8c293a52745057c4
1072_13760,0.25,"POLYGON ((153.371933 -28.205292, 153.371917 -28.200779, 153.366823 -28.200793, 153.366838 -28.205306, 153.371933 -28.205292))",8c293a52745057c4
1072_13761,0.25,"POLYGON ((153.371917 -28.200779, 153.371902 -28.196266, 153.366807 -28.196279, 153.366823 -28.200793, 153.371917 -28.200779))",8c293a52745057c4
1072_13762,0.25,"POLYGON ((153.371902 -28.196266, 153.371886 -28.191752, 153.366792 -28.191766, 153.366807 -28.196279, 153.371902 -28.196266))",8c293a52745057c4
1072_13763,0.25,"POLYGON ((153.371886 -28.191752, 153.371871 -28.187239, 153.366777 -28.187252, 153.366792 -28.191766, 153.371886 -28.191752))",8c293a52745057c4
1072_13764,0.25,"POLYGON ((153.371871 -28.187239, 153.371855 -28.182725, 153.366761 -28.182739, 153.366777 -28.187252, 153.371871 -28.187239))",8c293a52745057c4
1072_13765,0.25,"POLYGON ((153.371855 -28.182725, 153.371839 -28.178212, 153.366746 -28.178226, 153.366761 -28.182739, 153.371855 -28.182725))",8c293a52745057c4
1072_13766,0.25,"POLYGON ((153.371839 -28.178212, 153.371824 -28.173698, 153.36673 -28.173712, 153.366746 -28.178226, 153.371839 -28.178212))",8c293a52745057c4
1072_13767,0.25,"POLYGON ((153.371824 -28.173698, 153.371808 -28.169185, 153.366715 -28.169199, 153.36673 -28.173712, 153.371824 -28.173698))",8c293a52745057c4
1072_13768,0.25,"POLYGON ((153.371808 -28.169185, 153.371793 -28.164672, 153.3667 -28.164685, 153.366715 -28.169199, 153.371808 -28.169185))",8c293a52745057c4
1072_13769,0.25,"POLYGON ((153.371793 -28.164672, 153.371777 -28.160158, 153.366684 -28.160172, 153.3667 -28.164685, 153.371793 -28.164672))",8c293a52745057c4
1072_13770,0.25,"POLYGON ((153.371777 -28.160158, 153.371761 -28.155645, 153.366669 -28.155658, 153.366684 -28.160172, 153.371777 -28.160158))",8c293a52745057c4
1072_13771,0.25,"POLYGON ((153.371761 -28.155645, 153.371746 -28.151131, 153.366653 -28.151145, 153.366669 -28.155658, 153.371761 -28.155645))",8c293a52745057c4
1072_13772,0.25,"POLYGON ((153.371746 -28.151131, 153.37173 -28.146618, 153.366638 -28.146631, 153.366653 -28.151145, 153.371746 -28.151131))",8c293a52745057c4
1072_13773,0.25,"POLYGON ((153.37173 -28.146618, 153.371715 -28.142104, 153.366623 -28.142118, 153.366638 -28.146631, 153.37173 -28.146618))",8c293a52745057c4
1072_13774,0.25,"POLYGON ((153.371715 -28.142104, 153.371699 -28.137591, 153.366607 -28.137605, 153.366623 -28.142118, 153.371715 -28.142104))",8c293a52745057c4
1072_13775,0.25,"POLYGON ((153.371699 -28.137591, 153.371683 -28.133077, 153.366592 -28.133091, 153.366607 -28.137605, 153.371699 -28.137591))",8c293a52745057c4
1072_13776,0.25,"POLYGON ((153.371683 -28.133077, 153.371668 -28.128564, 153.366577 -28.128578, 153.366592 -28.133091, 153.371683 -28.133077))",8c293a52745057c4
1072_13777,0.25,"POLYGON ((153.371668 -28.128564, 153.371652 -28.12405, 153.366561 -28.124064, 153.366577 -28.128578, 153.371668 -28.128564))",8c293a52745057c4
1072_13778,0.25,"POLYGON ((153.371652 -28.12405, 153.371637 -28.119537, 153.366546 -28.119551, 153.366561 -28.124064, 153.371652 -28.12405))",8c293a52745057c4
1072_13779,0.25,"POLYGON ((153.371637 -28.119537, 153.371621 -28.115023, 153.366531 -28.115037, 153.366546 -28.119551, 153.371637 -28.119537))",8c293a52745057c4
1072_13780,0.25,"POLYGON ((153.371621 -28.115023, 153.371606 -28.11051, 153.366515 -28.110524, 153.366531 -28.115037, 153.371621 -28.115023))",8c293a52745057c4
1072_13781,0.25,"POLYGON ((153.371606 -28.11051, 153.37159 -28.105997, 153.3665 -28.10601, 153.366515 -28.110524, 153.371606 -28.11051))",8c293a52745057c4
1072_13782,0.25,"POLYGON ((153.37159 -28.105997, 153.371574 -28.101483, 153.366485 -28.101497, 153.3665 -28.10601, 153.37159 -28.105997))",8c293a52745057c4
1072_13783,0.25,"POLYGON ((153.371574 -28.101483, 153.371559 -28.09697, 153.366469 -28.096983, 153.366485 -28.101497, 153.371574 -28.101483))",8c293a52745057c4
1072_13784,0.25,"POLYGON ((153.371559 -28.09697, 153.371543 -28.092456, 153.366454 -28.09247, 153.366469 -28.096983, 153.371559 -28.09697))",8c293a52745057c4
1072_13785,0.25,"POLYGON ((153.371543 -28.092456, 153.371528 -28.087943, 153.366439 -28.087956, 153.366454 -28.09247, 153.371543 -28.092456))",8c293a52745057c4
1072_13786,0.25,"POLYGON ((153.371528 -28.087943, 153.371512 -28.083429, 153.366423 -28.083443, 153.366439 -28.087956, 153.371528 -28.087943))",8c293a52745057c4
1072_13787,0.25,"POLYGON ((153.371512 -28.083429, 153.371497 -28.078916, 153.366408 -28.078929, 153.366423 -28.083443, 153.371512 -28.083429))",8c293a52745057c4
1072_13788,0.25,"POLYGON ((153.371497 -28.078916, 153.371481 -28.074402, 153.366393 -28.074416, 153.366408 -28.078929, 153.371497 -28.078916))",8c293a52745057c4
1072_13789,0.25,"POLYGON ((153.371481 -28.074402, 153.371466 -28.069889, 153.366377 -28.069902, 153.366393 -28.074416, 153.371481 -28.074402))",8c293a52745057c4
1072_13790,0.25,"POLYGON ((153.371466 -28.069889, 153.37145 -28.065375, 153.366362 -28.065389, 153.366377 -28.069902, 153.371466 -28.069889))",8c293a52745057c4
1072_13791,0.25,"POLYGON ((153.37145 -28.065375, 153.371435 -28.060862, 153.366347 -28.060875, 153.366362 -28.065389, 153.37145 -28.065375))",8c293a52745057c4
1072_13792,0.25,"POLYGON ((153.371435 -28.060862, 153.371419 -28.056348, 153.366331 -28.056362, 153.366347 -28.060875, 153.371435 -28.060862))",8c293a52745057c4
1072_13793,0.25,"POLYGON ((153.371419 -28.056348, 153.371404 -28.051835, 153.366316 -28.051848, 153.366331 -28.056362, 153.371419 -28.056348))",8c293a52745057c4
1072_13794,0.25,"POLYGON ((153.371404 -28.051835, 153.371388 -28.047321, 153.366301 -28.047335, 153.366316 -28.051848, 153.371404 -28.051835))",8c293a52745057c4
1072_13795,0.25,"POLYGON ((153.371388 -28.047321, 153.371373 -28.042807, 153.366285 -28.042821, 153.366301 -28.047335, 153.371388 -28.047321))",8c293a52745057c4
1072_13796,0.25,"POLYGON ((153.371373 -28.042807, 153.371357 -28.038294, 153.36627 -28.038308, 153.366285 -28.042821, 153.371373 -28.042807))",8c293a52745057c4
1072_13797,0.25,"POLYGON ((153.371357 -28.038294, 153.371342 -28.03378, 153.366255 -28.033794, 153.36627 -28.038308, 153.371357 -28.038294))",8c293a52745057c4
1072_13798,0.25,"POLYGON ((153.371342 -28.03378, 153.371326 -28.029267, 153.36624 -28.029281, 153.366255 -28.033794, 153.371342 -28.03378))",8c293a52745057c4
1072_13799,0.25,"POLYGON ((153.371326 -28.029267, 153.371311 -28.024753, 153.366224 -28.024767, 153.36624 -28.029281, 153.371326 -28.029267))",8c293a52745057c4
1072_13800,0.25,"POLYGON ((153.371311 -28.024753, 153.371295 -28.02024, 153.366209 -28.020253, 153.366224 -28.024767, 153.371311 -28.024753))",8c293a52745057c4
1072_13801,0.25,"POLYGON ((153.371295 -28.02024, 153.37128 -28.015726, 153.366194 -28.01574, 153.366209 -28.020253, 153.371295 -28.02024))",8c293a52745057c4
1072_13802,0.25,"POLYGON ((153.37128 -28.015726, 153.371264 -28.011213, 153.366178 -28.011226, 153.366194 -28.01574, 153.37128 -28.015726))",8c293a52745057c4
1072_13803,0.25,"POLYGON ((153.371264 -28.011213, 153.371249 -28.006699, 153.366163 -28.006713, 153.366178 -28.011226, 153.371264 -28.011213))",8c293a52745057c4
1072_13804,0.25,"POLYGON ((153.371249 -28.006699, 153.371233 -28.002186, 153.366148 -28.002199, 153.366163 -28.006713, 153.371249 -28.006699))",8c293a52745057c4
1072_13805,0.25,"POLYGON ((153.371233 -28.002186, 153.371218 -27.997672, 153.366133 -27.997686, 153.366148 -28.002199, 153.371233 -28.002186))",8c293a52745057c4
1072_13806,0.25,"POLYGON ((153.371218 -27.997672, 153.371202 -27.993159, 153.366117 -27.993172, 153.366133 -27.997686, 153.371218 -27.997672))",8c293a52745057c4
1072_13807,0.25,"POLYGON ((153.371202 -27.993159, 153.371187 -27.988645, 153.366102 -27.988659, 153.366117 -27.993172, 153.371202 -27.993159))",8c293a52745057c4
1072_13808,0.25,"POLYGON ((153.371187 -27.988645, 153.371171 -27.984131, 153.366087 -27.984145, 153.366102 -27.988659, 153.371187 -27.988645))",8c293a52745057c4
1072_13809,0.25,"POLYGON ((153.371171 -27.984131, 153.371156 -27.979618, 153.366072 -27.979631, 153.366087 -27.984145, 153.371171 -27.984131))",8c293a52745057c4
1072_13810,0.25,"POLYGON ((153.371156 -27.979618, 153.371141 -27.975104, 153.366056 -27.975118, 153.366072 -27.979631, 153.371156 -27.979618))",8c293a52745057c4
1072_13811,0.25,"POLYGON ((153.371141 -27.975104, 153.371125 -27.970591, 153.366041 -27.970604, 153.366056 -27.975118, 153.371141 -27.975104))",8c293a52745057c4
1072_13812,0.25,"POLYGON ((153.371125 -27.970591, 153.37111 -27.966077, 153.366026 -27.966091, 153.366041 -27.970604, 153.371125 -27.970591))",8c293a52745057c4
1072_13813,0.25,"POLYGON ((153.37111 -27.966077, 153.371094 -27.961564, 153.366011 -27.961577, 153.366026 -27.966091, 153.37111 -27.966077))",8c293a52745057c4
1072_13814,0.25,"POLYGON ((153.371094 -27.961564, 153.371079 -27.95705, 153.365996 -27.957064, 153.366011 -27.961577, 153.371094 -27.961564))",8c293a52745057c4
1072_13815,0.25,"POLYGON ((153.371079 -27.95705, 153.371063 -27.952536, 153.36598 -27.95255, 153.365996 -27.957064, 153.371079 -27.95705))",8c293a52745057c4
1072_13816,0.25,"POLYGON ((153.371063 -27.952536, 153.371048 -27.948023, 153.365965 -27.948036, 153.36598 -27.95255, 153.371063 -27.952536))",8c293a52745057c4
1072_13817,0.25,"POLYGON ((153.371048 -27.948023, 153.371032 -27.943509, 153.36595 -27.943523, 153.365965 -27.948036, 153.371048 -27.948023))",8c293a52745057c4
1072_13818,0.25,"POLYGON ((153.371032 -27.943509, 153.371017 -27.938996, 153.365935 -27.939009, 153.36595 -27.943523, 153.371032 -27.943509))",8c293a52745057c4
1072_13819,0.25,"POLYGON ((153.371017 -27.938996, 153.371002 -27.934482, 153.36592 -27.934496, 153.365935 -27.939009, 153.371017 -27.938996))",8c293a52745057c4
1072_13820,0.25,"POLYGON ((153.371002 -27.934482, 153.370986 -27.929968, 153.365904 -27.929982, 153.36592 -27.934496, 153.371002 -27.934482))",8c293a52745057c4
1072_13821,0.25,"POLYGON ((153.370986 -27.929968, 153.370971 -27.925455, 153.365889 -27.925468, 153.365904 -27.929982, 153.370986 -27.929968))",8c293a52745057c4
1072_13822,0.25,"POLYGON ((153.370971 -27.925455, 153.370955 -27.920941, 153.365874 -27.920955, 153.365889 -27.925468, 153.370971 -27.925455))",8c293a52745057c4
1072_13823,0.25,"POLYGON ((153.370955 -27.920941, 153.37094 -27.916428, 153.365859 -27.916441, 153.365874 -27.920955, 153.370955 -27.920941))",8c293a52745057c4
1072_13824,0.25,"POLYGON ((153.37094 -27.916428, 153.370925 -27.911914, 153.365844 -27.911928, 153.365859 -27.916441, 153.37094 -27.916428))",8c293a52745057c4
1072_13825,0.25,"POLYGON ((153.370925 -27.911914, 153.370909 -27.9074, 153.365828 -27.907414, 153.365844 -27.911928, 153.370925 -27.911914))",8c293a52745057c4
1072_13826,0.25,"POLYGON ((153.370909 -27.9074, 153.370894 -27.902887, 153.365813 -27.9029, 153.365828 -27.907414, 153.370909 -27.9074))",8c293a52745057c4
1072_13827,0.25,"POLYGON ((153.370894 -27.902887, 153.370878 -27.898373, 153.365798 -27.898387, 153.365813 -27.9029, 153.370894 -27.902887))",8c293a52745057c4
1072_13828,0.25,"POLYGON ((153.370878 -27.898373, 153.370863 -27.89386, 153.365783 -27.893873, 153.365798 -27.898387, 153.370878 -27.898373))",8c293a52745057c4
1072_13829,0.25,"POLYGON ((153.370863 -27.89386, 153.370848 -27.889346, 153.365768 -27.889359, 153.365783 -27.893873, 153.370863 -27.89386))",8c293a52745057c4
1072_13830,0.25,"POLYGON ((153.370848 -27.889346, 153.370832 -27.884832, 153.365752 -27.884846, 153.365768 -27.889359, 153.370848 -27.889346))",8c293a52745057c4
1072_13831,0.25,"POLYGON ((153.370832 -27.884832, 153.370817 -27.880319, 153.365737 -27.880332, 153.365752 -27.884846, 153.370832 -27.884832))",8c293a52745057c4
1072_13832,0.25,"POLYGON ((153.370817 -27.880319, 153.370802 -27.875805, 153.365722 -27.875819, 153.365737 -27.880332, 153.370817 -27.880319))",8c293a52745057c4
1072_13833,0.25,"POLYGON ((153.370802 -27.875805, 153.370786 -27.871291, 153.365707 -27.871305, 153.365722 -27.875819, 153.370802 -27.875805))",8c293a52745057c4
1072_13834,0.25,"POLYGON ((153.370786 -27.871291, 153.370771 -27.866778, 153.365692 -27.866791, 153.365707 -27.871305, 153.370786 -27.871291))",8c293a52745057c4
1072_13835,0.25,"POLYGON ((153.370771 -27.866778, 153.370755 -27.862264, 153.365677 -27.862278, 153.365692 -27.866791, 153.370771 -27.866778))",8c293a52745057c4
1072_13836,0.25,"POLYGON ((153.370755 -27.862264, 153.37074 -27.85775, 153.365662 -27.857764, 153.365677 -27.862278, 153.370755 -27.862264))",8c293a52745057c4
1072_13837,0.25,"POLYGON ((153.37074 -27.85775, 153.370725 -27.853237, 153.365646 -27.85325, 153.365662 -27.857764, 153.37074 -27.85775))",8c293a52745057c4
1072_13838,0.25,"POLYGON ((153.370725 -27.853237, 153.370709 -27.848723, 153.365631 -27.848737, 153.365646 -27.85325, 153.370725 -27.853237))",8c293a52745057c4
1072_13839,0.25,"POLYGON ((153.370709 -27.848723, 153.370694 -27.844209, 153.365616 -27.844223, 153.365631 -27.848737, 153.370709 -27.848723))",8c293a52745057c4
1072_13840,0.25,"POLYGON ((153.370694 -27.844209, 153.370679 -27.839696, 153.365601 -27.839709, 153.365616 -27.844223, 153.370694 -27.844209))",8c293a52745057c4
1072_13841,0.25,"POLYGON ((153.370679 -27.839696, 153.370663 -27.835182, 153.365586 -27.835196, 153.365601 -27.839709, 153.370679 -27.839696))",8c293a52745057c4
1072_13842,0.25,"POLYGON ((153.370663 -27.835182, 153.370648 -27.830668, 153.365571 -27.830682, 153.365586 -27.835196, 153.370663 -27.835182))",8c293a52745057c4
1072_13843,0.25,"POLYGON ((153.370648 -27.830668, 153.370633 -27.826155, 153.365556 -27.826168, 153.365571 -27.830682, 153.370648 -27.830668))",8c293a52745057c4
1072_13844,0.25,"POLYGON ((153.370633 -27.826155, 153.370617 -27.821641, 153.36554 -27.821655, 153.365556 -27.826168, 153.370633 -27.826155))",8c293a52745057c4
1072_13845,0.25,"POLYGON ((153.370617 -27.821641, 153.370602 -27.817127, 153.365525 -27.817141, 153.36554 -27.821655, 153.370617 -27.821641))",8c293a52745057c4
1072_13846,0.25,"POLYGON ((153.370602 -27.817127, 153.370587 -27.812614, 153.36551 -27.812627, 153.365525 -27.817141, 153.370602 -27.817127))",8c293a52745057c4
1072_13847,0.25,"POLYGON ((153.370587 -27.812614, 153.370571 -27.8081, 153.365495 -27.808114, 153.36551 -27.812627, 153.370587 -27.812614))",8c293a52745057c4
1072_13848,0.25,"POLYGON ((153.370571 -27.8081, 153.370556 -27.803586, 153.36548 -27.8036, 153.365495 -27.808114, 153.370571 -27.8081))",8c293a52745057c4
1072_13849,0.25,"POLYGON ((153.370556 -27.803586, 153.370541 -27.799073, 153.365465 -27.799086, 153.36548 -27.8036, 153.370556 -27.803586))",8c293a52745057c4
1072_13850,0.25,"POLYGON ((153.370541 -27.799073, 153.370525 -27.794559, 153.36545 -27.794573, 153.365465 -27.799086, 153.370541 -27.799073))",8c293a52745057c4
1072_13851,0.25,"POLYGON ((153.370525 -27.794559, 153.37051 -27.790045, 153.365435 -27.790059, 153.36545 -27.794573, 153.370525 -27.794559))",8c293a52745057c4
1072_13852,0.25,"POLYGON ((153.37051 -27.790045, 153.370495 -27.785532, 153.36542 -27.785545, 153.365435 -27.790059, 153.37051 -27.790045))",8c293a52745057c4
1072_13853,0.25,"POLYGON ((153.370495 -27.785532, 153.37048 -27.781018, 153.365405 -27.781032, 153.36542 -27.785545, 153.370495 -27.785532))",8c293a52745057c4
1072_13854,0.25,"POLYGON ((153.37048 -27.781018, 153.370464 -27.776504, 153.365389 -27.776518, 153.365405 -27.781032, 153.37048 -27.781018))",8c293a52745057c4
1072_13855,0.25,"POLYGON ((153.370464 -27.776504, 153.370449 -27.771991, 153.365374 -27.772004, 153.365389 -27.776518, 153.370464 -27.776504))",8c293a52745057c4
1072_13856,0.25,"POLYGON ((153.370449 -27.771991, 153.370434 -27.767477, 153.365359 -27.76749, 153.365374 -27.772004, 153.370449 -27.771991))",8c293a52745057c4
1072_13857,0.25,"POLYGON ((153.370434 -27.767477, 153.370418 -27.762963, 153.365344 -27.762977, 153.365359 -27.76749, 153.370434 -27.767477))",8c293a52745057c4
1072_13858,0.25,"POLYGON ((153.370418 -27.762963, 153.370403 -27.758449, 153.365329 -27.758463, 153.365344 -27.762977, 153.370418 -27.762963))",8c293a52745057c4
1072_13859,0.25,"POLYGON ((153.370403 -27.758449, 153.370388 -27.753936, 153.365314 -27.753949, 153.365329 -27.758463, 153.370403 -27.758449))",8c293a52745057c4
1072_13860,0.25,"POLYGON ((153.370388 -27.753936, 153.370373 -27.749422, 153.365299 -27.749436, 153.365314 -27.753949, 153.370388 -27.753936))",8c293a52745057c4
1072_13861,0.25,"POLYGON ((153.370373 -27.749422, 153.370357 -27.744908, 153.365284 -27.744922, 153.365299 -27.749436, 153.370373 -27.749422))",8c293a52745057c4
1072_13862,0.25,"POLYGON ((153.370357 -27.744908, 153.370342 -27.740395, 153.365269 -27.740408, 153.365284 -27.744922, 153.370357 -27.744908))",8c293a52745057c4
1072_13863,0.25,"POLYGON ((153.370342 -27.740395, 153.370327 -27.735881, 153.365254 -27.735894, 153.365269 -27.740408, 153.370342 -27.740395))",8c293a52745057c4
1072_13864,0.25,"POLYGON ((153.370327 -27.735881, 153.370312 -27.731367, 153.365239 -27.731381, 153.365254 -27.735894, 153.370327 -27.735881))",8c293a52745057c4
1072_13865,0.25,"POLYGON ((153.370312 -27.731367, 153.370296 -27.726853, 153.365224 -27.726867, 153.365239 -27.731381, 153.370312 -27.731367))",8c293a52745057c4
1072_13866,0.25,"POLYGON ((153.370296 -27.726853, 153.370281 -27.72234, 153.365209 -27.722353, 153.365224 -27.726867, 153.370296 -27.726853))",8c293a52745057c4
1072_13867,0.25,"POLYGON ((153.370281 -27.72234, 153.370266 -27.717826, 153.365194 -27.717839, 153.365209 -27.722353, 153.370281 -27.72234))",8c293a52745057c4
1072_13868,0.25,"POLYGON ((153.370266 -27.717826, 153.370251 -27.713312, 153.365179 -27.713326, 153.365194 -27.717839, 153.370266 -27.717826))",8c293a52745057c4
1072_13869,0.08440930209326089,"POLYGON ((153.370251 -27.713312, 153.370235 -27.708798, 153.365164 -27.708812, 153.365179 -27.713326, 153.370251 -27.713312))",8c293a52745057c4
1073_13751,0.025463066153408622,"POLYGON ((153.377171 -28.245899, 153.377155 -28.241386, 153.372058 -28.2414, 153.372074 -28.245913, 153.377171 -28.245899))",8c293a52745057c4
1073_13752,0.2435226113756265,"POLYGON ((153.377155 -28.241386, 153.377139 -28.236872, 153.372043 -28.236886, 153.372058 -28.2414, 153.377155 -28.241386))",8c293a52745057c4
1073_13753,0.25,"POLYGON ((153.377139 -28.236872, 153.377123 -28.232359, 153.372027 -28.232373, 153.372043 -28.236886, 153.377139 -28.236872))",8c293a52745057c4
1073_13754,0.25,"POLYGON ((153.377123 -28.232359, 153.377107 -28.227846, 153.372011 -28.22786, 153.372027 -28.232373, 153.377123 -28.232359))",8c293a52745057c4
1073_13755,0.25,"POLYGON ((153.377107 -28.227846, 153.377091 -28.223332, 153.371996 -28.223346, 153.372011 -28.22786, 153.377107 -28.227846))",8c293a52745057c4
1073_13756,0.25,"POLYGON ((153.377091 -28.223332, 153.377075 -28.218819, 153.37198 -28.218833, 153.371996 -28.223346, 153.377091 -28.223332))",8c293a52745057c4
1073_13757,0.25,"POLYGON ((153.377075 -28.218819, 153.37706 -28.214305, 153.371964 -28.214319, 153.37198 -28.218833, 153.377075 -28.218819))",8c293a52745057c4
1073_13758,0.25,"POLYGON ((153.37706 -28.214305, 153.377044 -28.209792, 153.371949 -28.209806, 153.371964 -28.214319, 153.37706 -28.214305))",8c293a52745057c4
1073_13759,0.25,"POLYGON ((153.377044 -28.209792, 153.377028 -28.205279, 153.371933 -28.205292, 153.371949 -28.209806, 153.377044 -28.209792))",8c293a52745057c4
1073_13760,0.25,"POLYGON ((153.377028 -28.205279, 153.377012 -28.200765, 153.371917 -28.200779, 153.371933 -28.205292, 153.377028 -28.205279))",8c293a52745057c4
1073_13761,0.25,"POLYGON ((153.377012 -28.200765, 153.376996 -28.196252, 153.371902 -28.196266, 153.371917 -28.200779, 153.377012 -28.200765))",8c293a52745057c4
1073_13762,0.25,"POLYGON ((153.376996 -28.196252, 153.37698 -28.191738, 153.371886 -28.191752, 153.371902 -28.196266, 153.376996 -28.196252))",8c293a52745057c4
1073_13763,0.25,"POLYGON ((153.37698 -28.191738, 153.376965 -28.187225, 153.371871 -28.187239, 153.371886 -28.191752, 153.37698 -28.191738))",8c293a52745057c4
1073_13764,0.25,"POLYGON ((153.376965 -28.187225, 153.376949 -28.182711, 153.371855 -28.182725, 153.371871 -28.187239, 153.376965 -28.187225))",8c293a52745057c4
1073_13765,0.25,"POLYGON ((153.376949 -28.182711, 153.376933 -28.178198, 153.371839 -28.178212, 153.371855 -28.182725, 153.376949 -28.182711))",8c293a52745057c4
1073_13766,0.25,"POLYGON ((153.376933 -28.178198, 153.376917 -28.173685, 153.371824 -28.173698, 153.371839 -28.178212, 153.376933 -28.178198))",8c293a52745057c4
1073_13767,0.25,"POLYGON ((153.376917 -28.173685, 153.376901 -28.169171, 153.371808 -28.169185, 153.371824 -28.173698, 153.376917 -28.173685))",8c293a52745057c4
1073_13768,0.25,"POLYGON ((153.376901 -28.169171, 153.376885 -28.164658, 153.371793 -28.164672, 153.371808 -28.169185, 153.376901 -28.169171))",8c293a52745057c4
1073_13769,0.25,"POLYGON ((153.376885 -28.164658, 153.37687 -28.160144, 153.371777 -28.160158, 153.371793 -28.164672, 153.376885 -28.164658))",8c293a52745057c4
1073_13770,0.25,"POLYGON ((153.37687 -28.160144, 153.376854 -28.155631, 153.371761 -28.155645, 153.371777 -28.160158, 153.37687 -28.160144))",8c293a52745057c4
1073_13771,0.25,"POLYGON ((153.376854 -28.155631, 153.376838 -28.151117, 153.371746 -28.151131, 153.371761 -28.155645, 153.376854 -28.155631))",8c293a52745057c4
1073_13772,0.25,"POLYGON ((153.376838 -28.151117, 153.376822 -28.146604, 153.37173 -28.146618, 153.371746 -28.151131, 153.376838 -28.151117))",8c293a52745057c4
1073_13773,0.25,"POLYGON ((153.376822 -28.146604, 153.376806 -28.14209, 153.371715 -28.142104, 153.37173 -28.146618, 153.376822 -28.146604))",8c293a52745057c4
1073_13774,0.25,"POLYGON ((153.376806 -28.14209, 153.376791 -28.137577, 153.371699 -28.137591, 153.371715 -28.142104, 153.376806 -28.14209))",8c293a52745057c4
1073_13775,0.25,"POLYGON ((153.376791 -28.137577, 153.376775 -28.133063, 153.371683 -28.133077, 153.371699 -28.137591, 153.376791 -28.137577))",8c293a52745057c4
1073_13776,0.25,"POLYGON ((153.376775 -28.133063, 153.376759 -28.12855, 153.371668 -28.128564, 153.371683 -28.133077, 153.376775 -28.133063))",8c293a52745057c4
1073_13777,0.25,"POLYGON ((153.376759 -28.12855, 153.376743 -28.124037, 153.371652 -28.12405, 153.371668 -28.128564, 153.376759 -28.12855))",8c293a52745057c4
1073_13778,0.25,"POLYGON ((153.376743 -28.124037, 153.376728 -28.119523, 153.371637 -28.119537, 153.371652 -28.12405, 153.376743 -28.124037))",8c293a52745057c4
1073_13779,0.25,"POLYGON ((153.376728 -28.119523, 153.376712 -28.11501, 153.371621 -28.115023, 153.371637 -28.119537, 153.376728 -28.119523))",8c293a52745057c4
1073_13780,0.25,"POLYGON ((153.376712 -28.11501, 153.376696 -28.110496, 153.371606 -28.11051, 153.371621 -28.115023, 153.376712 -28.11501))",8c293a52745057c4
1073_13781,0.25,"POLYGON ((153.376696 -28.110496, 153.37668 -28.105983, 153.37159 -28.105997, 153.371606 -28.11051, 153.376696 -28.110496))",8c293a52745057c4
1073_13782,0.25,"POLYGON ((153.37668 -28.105983, 153.376664 -28.101469, 153.371574 -28.101483, 153.37159 -28.105997, 153.37668 -28.105983))",8c293a52745057c4
1073_13783,0.25,"POLYGON ((153.376664 -28.101469, 153.376649 -28.096956, 153.371559 -28.09697, 153.371574 -28.101483, 153.376664 -28.101469))",8c293a52745057c4
1073_13784,0.25,"POLYGON ((153.376649 -28.096956, 153.376633 -28.092442, 153.371543 -28.092456, 153.371559 -28.09697, 153.376649 -28.096956))",8c293a52745057c4
1073_13785,0.25,"POLYGON ((153.376633 -28.092442, 153.376617 -28.087929, 153.371528 -28.087943, 153.371543 -28.092456, 153.376633 -28.092442))",8c293a52745057c4
1073_13786,0.25,"POLYGON ((153.376617 -28.087929, 153.376601 -28.083415, 153.371512 -28.083429, 153.371528 -28.087943, 153.376617 -28.087929))",8c293a52745057c4
1073_13787,0.25,"POLYGON ((153.376601 -28.083415, 153.376586 -28.078902, 153.371497 -28.078916, 153.371512 -28.083429, 153.376601 -28.083415))",8c293a52745057c4
1073_13788,0.25,"POLYGON ((153.376586 -28.078902, 153.37657 -28.074388, 153.371481 -28.074402, 153.371497 -28.078916, 153.376586 -28.078902))",8c293a52745057c4
1073_13789,0.25,"POLYGON ((153.37657 -28.074388, 153.376554 -28.069875, 153.371466 -28.069889, 153.371481 -28.074402, 153.37657 -28.074388))",8c293a52745057c4
1073_13790,0.25,"POLYGON ((153.376554 -28.069875, 153.376538 -28.065361, 153.37145 -28.065375, 153.371466 -28.069889, 153.376554 -28.069875))",8c293a52745057c4
1073_13791,0.25,"POLYGON ((153.376538 -28.065361, 153.376523 -28.060848, 153.371435 -28.060862, 153.37145 -28.065375, 153.376538 -28.065361))",8c293a52745057c4
1073_13792,0.25,"POLYGON ((153.376523 -28.060848, 153.376507 -28.056334, 153.371419 -28.056348, 153.371435 -28.060862, 153.376523 -28.060848))",8c293a52745057c4
1073_13793,0.25,"POLYGON ((153.376507 -28.056334, 153.376491 -28.051821, 153.371404 -28.051835, 153.371419 -28.056348, 153.376507 -28.056334))",8c293a52745057c4
1073_13794,0.25,"POLYGON ((153.376491 -28.051821, 153.376476 -28.047307, 153.371388 -28.047321, 153.371404 -28.051835, 153.376491 -28.051821))",8c293a52745057c4
1073_13795,0.25,"POLYGON ((153.376476 -28.047307, 153.37646 -28.042794, 153.371373 -28.042807, 153.371388 -28.047321, 153.376476 -28.047307))",8c293a52745057c4
1073_13796,0.25,"POLYGON ((153.37646 -28.042794, 153.376444 -28.03828, 153.371357 -28.038294, 153.371373 -28.042807, 153.37646 -28.042794))",8c293a52745057c4
1073_13797,0.25,"POLYGON ((153.376444 -28.03828, 153.376428 -28.033767, 153.371342 -28.03378, 153.371357 -28.038294, 153.376444 -28.03828))",8c293a52745057c4
1073_13798,0.25,"POLYGON ((153.376428 -28.033767, 153.376413 -28.029253, 153.371326 -28.029267, 153.371342 -28.03378, 153.376428 -28.033767))",8c293a52745057c4
1073_13799,0.25,"POLYGON ((153.376413 -28.029253, 153.376397 -28.02474, 153.371311 -28.024753, 153.371326 -28.029267, 153.376413 -28.029253))",8c293a52745057c4
1073_13800,0.25,"POLYGON ((153.376397 -28.02474, 153.376381 -28.020226, 153.371295 -28.02024, 153.371311 -28.024753, 153.376397 -28.02474))",8c293a52745057c4
1073_13801,0.25,"POLYGON ((153.376381 -28.020226, 153.376366 -28.015712, 153.37128 -28.015726, 153.371295 -28.02024, 153.376381 -28.020226))",8c293a52745057c4
1073_13802,0.25,"POLYGON ((153.376366 -28.015712, 153.37635 -28.011199, 153.371264 -28.011213, 153.37128 -28.015726, 153.376366 -28.015712))",8c293a52745057c4
1073_13803,0.25,"POLYGON ((153.37635 -28.011199, 153.376334 -28.006685, 153.371249 -28.006699, 153.371264 -28.011213, 153.37635 -28.011199))",8c293a52745057c4
1073_13804,0.25,"POLYGON ((153.376334 -28.006685, 153.376319 -28.002172, 153.371233 -28.002186, 153.371249 -28.006699, 153.376334 -28.006685))",8c293a52745057c4
1073_13805,0.25,"POLYGON ((153.376319 -28.002172, 153.376303 -27.997658, 153.371218 -27.997672, 153.371233 -28.002186, 153.376319 -28.002172))",8c293a52745057c4
1073_13806,0.25,"POLYGON ((153.376303 -27.997658, 153.376287 -27.993145, 153.371202 -27.993159, 153.371218 -27.997672, 153.376303 -27.997658))",8c293a52745057c4
1073_13807,0.25,"POLYGON ((153.376287 -27.993145, 153.376272 -27.988631, 153.371187 -27.988645, 153.371202 -27.993159, 153.376287 -27.993145))",8c293a52745057c4
1073_13808,0.25,"POLYGON ((153.376272 -27.988631, 153.376256 -27.984118, 153.371171 -27.984131, 153.371187 -27.988645, 153.376272 -27.988631))",8c293a52745057c4
1073_13809,0.25,"POLYGON ((153.376256 -27.984118, 153.37624 -27.979604, 153.371156 -27.979618, 153.371171 -27.984131, 153.376256 -27.984118))",8c293a52745057c4
1073_13810,0.25,"POLYGON ((153.37624 -27.979604, 153.376225 -27.97509, 153.371141 -27.975104, 153.371156 -27.979618, 153.37624 -27.979604))",8c293a52745057c4
1073_13811,0.25,"POLYGON ((153.376225 -27.97509, 153.376209 -27.970577, 153.371125 -27.970591, 153.371141 -27.975104, 153.376225 -27.97509))",8c293a52745057c4
1073_13812,0.25,"POLYGON ((153.376209 -27.970577, 153.376193 -27.966063, 153.37111 -27.966077, 153.371125 -27.970591, 153.376209 -27.970577))",8c293a52745057c4
1073_13813,0.25,"POLYGON ((153.376193 -27.966063, 153.376178 -27.96155, 153.371094 -27.961564, 153.37111 -27.966077, 153.376193 -27.966063))",8c293a52745057c4
1073_13814,0.25,"POLYGON ((153.376178 -27.96155, 153.376162 -27.957036, 153.371079 -27.95705, 153.371094 -27.961564, 153.376178 -27.96155))",8c293a52745057c4
1073_13815,0.25,"POLYGON ((153.376162 -27.957036, 153.376146 -27.952523, 153.371063 -27.952536, 153.371079 -27.95705, 153.376162 -27.957036))",8c293a52745057c4
1073_13816,0.25,"POLYGON ((153.376146 -27.952523, 153.376131 -27.948009, 153.371048 -27.948023, 153.371063 -27.952536, 153.376146 -27.952523))",8c293a52745057c4
1073_13817,0.25,"POLYGON ((153.376131 -27.948009, 153.376115 -27.943495, 153.371032 -27.943509, 153.371048 -27.948023, 153.376131 -27.948009))",8c293a52745057c4
1073_13818,0.25,"POLYGON ((153.376115 -27.943495, 153.376099 -27.938982, 153.371017 -27.938996, 153.371032 -27.943509, 153.376115 -27.943495))",8c293a52745057c4
1073_13819,0.25,"POLYGON ((153.376099 -27.938982, 153.376084 -27.934468, 153.371002 -27.934482, 153.371017 -27.938996, 153.376099 -27.938982))",8c293a52745057c4
1073_13820,0.25,"POLYGON ((153.376084 -27.934468, 153.376068 -27.929955, 153.370986 -27.929968, 153.371002 -27.934482, 153.376084 -27.934468))",8c293a52745057c4
1073_13821,0.25,"POLYGON ((153.376068 -27.929955, 153.376053 -27.925441, 153.370971 -27.925455, 153.370986 -27.929968, 153.376068 -27.929955))",8c293a52745057c4
1073_13822,0.25,"POLYGON ((153.376053 -27.925441, 153.376037 -27.920927, 153.370955 -27.920941, 153.370971 -27.925455, 153.376053 -27.925441))",8c293a52745057c4
1073_13823,0.25,"POLYGON ((153.376037 -27.920927, 153.376021 -27.916414, 153.37094 -27.916428, 153.370955 -27.920941, 153.376037 -27.920927))",8c293a52745057c4
1073_13824,0.25,"POLYGON ((153.376021 -27.916414, 153.376006 -27.9119, 153.370925 -27.911914, 153.37094 -27.916428, 153.376021 -27.916414))",8c293a52745057c4
1073_13825,0.25,"POLYGON ((153.376006 -27.9119, 153.37599 -27.907387, 153.370909 -27.9074, 153.370925 -27.911914, 153.376006 -27.9119))",8c293a52745057c4
1073_13826,0.25,"POLYGON ((153.37599 -27.907387, 153.375974 -27.902873, 153.370894 -27.902887, 153.370909 -27.9074, 153.37599 -27.907387))",8c293a52745057c4
1073_13827,0.25,"POLYGON ((153.375974 -27.902873, 153.375959 -27.898359, 153.370878 -27.898373, 153.370894 -27.902887, 153.375974 -27.902873))",8c293a52745057c4
1073_13828,0.25,"POLYGON ((153.375959 -27.898359, 153.375943 -27.893846, 153.370863 -27.89386, 153.370878 -27.898373, 153.375959 -27.898359))",8c293a52745057c4
1073_13829,0.25,"POLYGON ((153.375943 -27.893846, 153.375928 -27.889332, 153.370848 -27.889346, 153.370863 -27.89386, 153.375943 -27.893846))",8c293a52745057c4
1073_13830,0.25,"POLYGON ((153.375928 -27.889332, 153.375912 -27.884818, 153.370832 -27.884832, 153.370848 -27.889346, 153.375928 -27.889332))",8c293a52745057c4
1073_13831,0.25,"POLYGON ((153.375912 -27.884818, 153.375896 -27.880305, 153.370817 -27.880319, 153.370832 -27.884832, 153.375912 -27.884818))",8c293a52745057c4
1073_13832,0.25,"POLYGON ((153.375896 -27.880305, 153.375881 -27.875791, 153.370802 -27.875805, 153.370817 -27.880319, 153.375896 -27.880305))",8c293a52745057c4
1073_13833,0.25,"POLYGON ((153.375881 -27.875791, 153.375865 -27.871278, 153.370786 -27.871291, 153.370802 -27.875805, 153.375881 -27.875791))",8c293a52745057c4
1073_13834,0.25,"POLYGON ((153.375865 -27.871278, 153.37585 -27.866764, 153.370771 -27.866778, 153.370786 -27.871291, 153.375865 -27.871278))",8c293a52745057c4
1073_13835,0.25,"POLYGON ((153.37585 -27.866764, 153.375834 -27.86225, 153.370755 -27.862264, 153.370771 -27.866778, 153.37585 -27.866764))",8c293a52745057c4
1073_13836,0.25,"POLYGON ((153.375834 -27.86225, 153.375819 -27.857737, 153.37074 -27.85775, 153.370755 -27.862264, 153.375834 -27.86225))",8c293a52745057c4
1073_13837,0.25,"POLYGON ((153.375819 -27.857737, 153.375803 -27.853223, 153.370725 -27.853237, 153.37074 -27.85775, 153.375819 -27.857737))",8c293a52745057c4
1073_13838,0.25,"POLYGON ((153.375803 -27.853223, 153.375787 -27.848709, 153.370709 -27.848723, 153.370725 -27.853237, 153.375803 -27.853223))",8c293a52745057c4
1073_13839,0.25,"POLYGON ((153.375787 -27.848709, 153.375772 -27.844196, 153.370694 -27.844209, 153.370709 -27.848723, 153.375787 -27.848709))",8c293a52745057c4
1073_13840,0.25,"POLYGON ((153.375772 -27.844196, 153.375756 -27.839682, 153.370679 -27.839696, 153.370694 -27.844209, 153.375772 -27.844196))",8c293a52745057c4
1073_13841,0.25,"POLYGON ((153.375756 -27.839682, 153.375741 -27.835168, 153.370663 -27.835182, 153.370679 -27.839696, 153.375756 -27.839682))",8c293a52745057c4
1073_13842,0.25,"POLYGON ((153.375741 -27.835168, 153.375725 -27.830655, 153.370648 -27.830668, 153.370663 -27.835182, 153.375741 -27.835168))",8c293a52745057c4
1073_13843,0.25,"POLYGON ((153.375725 -27.830655, 153.37571 -27.826141, 153.370633 -27.826155, 153.370648 -27.830668, 153.375725 -27.830655))",8c293a52745057c4
1073_13844,0.25,"POLYGON ((153.37571 -27.826141, 153.375694 -27.821627, 153.370617 -27.821641, 153.370633 -27.826155, 153.37571 -27.826141))",8c293a52745057c4
1073_13845,0.25,"POLYGON ((153.375694 -27.821627, 153.375679 -27.817114, 153.370602 -27.817127, 153.370617 -27.821641, 153.375694 -27.821627))",8c293a52745057c4
1073_13846,0.25,"POLYGON ((153.375679 -27.817114, 153.375663 -27.8126, 153.370587 -27.812614, 153.370602 -27.817127, 153.375679 -27.817114))",8c293a52745057c4
1073_13847,0.25,"POLYGON ((153.375663 -27.8126, 153.375648 -27.808086, 153.370571 -27.8081, 153.370587 -27.812614, 153.375663 -27.8126))",8c293a52745057c4
1073_13848,0.25,"POLYGON ((153.375648 -27.808086, 153.375632 -27.803573, 153.370556 -27.803586, 153.370571 -27.8081, 153.375648 -27.808086))",8c293a52745057c4
1073_13849,0.25,"POLYGON ((153.375632 -27.803573, 153.375617 -27.799059, 153.370541 -27.799073, 153.370556 -27.803586, 153.375632 -27.803573))",8c293a52745057c4
1073_13850,0.25,"POLYGON ((153.375617 -27.799059, 153.375601 -27.794545, 153.370525 -27.794559, 153.370541 -27.799073, 153.375617 -27.799059))",8c293a52745057c4
1073_13851,0.25,"POLYGON ((153.375601 -27.794545, 153.375586 -27.790032, 153.37051 -27.790045, 153.370525 -27.794559, 153.375601 -27.794545))",8c293a52745057c4
1073_13852,0.25,"POLYGON ((153.375586 -27.790032, 153.37557 -27.785518, 153.370495 -27.785532, 153.37051 -27.790045, 153.375586 -27.790032))",8c293a52745057c4
1073_13853,0.25,"POLYGON ((153.37557 -27.785518, 153.375555 -27.781004, 153.37048 -27.781018, 153.370495 -27.785532, 153.37557 -27.785518))",8c293a52745057c4
1073_13854,0.25,"POLYGON ((153.375555 -27.781004, 153.375539 -27.776491, 153.370464 -27.776504, 153.37048 -27.781018, 153.375555 -27.781004))",8c293a52745057c4
1073_13855,0.25,"POLYGON ((153.375539 -27.776491, 153.375524 -27.771977, 153.370449 -27.771991, 153.370464 -27.776504, 153.375539 -27.776491))",8c293a52745057c4
1073_13856,0.25,"POLYGON ((153.375524 -27.771977, 153.375508 -27.767463, 153.370434 -27.767477, 153.370449 -27.771991, 153.375524 -27.771977))",8c293a52745057c4
1073_13857,0.25,"POLYGON ((153.375508 -27.767463, 153.375493 -27.762949, 153.370418 -27.762963, 153.370434 -27.767477, 153.375508 -27.767463))",8c293a52745057c4
1073_13858,0.25,"POLYGON ((153.375493 -27.762949, 153.375477 -27.758436, 153.370403 -27.758449, 153.370418 -27.762963, 153.375493 -27.762949))",8c293a52745057c4
1073_13859,0.25,"POLYGON ((153.375477 -27.758436, 153.375462 -27.753922, 153.370388 -27.753936, 153.370403 -27.758449, 153.375477 -27.758436))",8c293a52745057c4
1073_13860,0.25,"POLYGON ((153.375462 -27.753922, 153.375446 -27.749408, 153.370373 -27.749422, 153.370388 -27.753936, 153.375462 -27.753922))",8c293a52745057c4
1073_13861,0.25,"POLYGON ((153.375446 -27.749408, 153.375431 -27.744895, 153.370357 -27.744908, 153.370373 -27.749422, 153.375446 -27.749408))",8c293a52745057c4
1073_13862,0.25,"POLYGON ((153.375431 -27.744895, 153.375415 -27.740381, 153.370342 -27.740395, 153.370357 -27.744908, 153.375431 -27.744895))",8c293a52745057c4
1073_13863,0.25,"POLYGON ((153.375415 -27.740381, 153.3754 -27.735867, 153.370327 -27.735881, 153.370342 -27.740395, 153.375415 -27.740381))",8c293a52745057c4
1073_13864,0.25,"POLYGON ((153.3754 -27.735867, 153.375384 -27.731353, 153.370312 -27.731367, 153.370327 -27.735881, 153.3754 -27.735867))",8c293a52745057c4
1073_13865,0.25,"POLYGON ((153.375384 -27.731353, 153.375369 -27.72684, 153.370296 -27.726853, 153.370312 -27.731367, 153.375384 -27.731353))",8c293a52745057c4
1073_13866,0.25,"POLYGON ((153.375369 -27.72684, 153.375353 -27.722326, 153.370281 -27.72234, 153.370296 -27.726853, 153.375369 -27.72684))",8c293a52745057c4
1073_13867,0.25,"POLYGON ((153.375353 -27.722326, 153.375338 -27.717812, 153.370266 -27.717826, 153.370281 -27.72234, 153.375353 -27.722326))",8c293a52745057c4
1073_13868,0.25,"POLYGON ((153.375338 -27.717812, 153.375322 -27.713299, 153.370251 -27.713312, 153.370266 -27.717826, 153.375338 -27.717812))",8c293a52745057c4
1073_13869,0.24926181033277778,"POLYGON ((153.375322 -27.713299, 153.375307 -27.708785, 153.370235 -27.708798, 153.370251 -27.713312, 153.375322 -27.713299))",8c293a52745057c4
1073_13870,0.02627877873473617,"POLYGON ((153.375307 -27.708785, 153.375291 -27.704271, 153.37022 -27.704285, 153.370235 -27.708798, 153.375307 -27.708785))",8c293a52745057c4
1074_13752,0.14977206868192283,"POLYGON ((153.382251 -28.241372, 153.382235 -28.236858, 153.377139 -28.236872, 153.377155 -28.241386, 153.382251 -28.241372))",8c293a52745057c4
1074_13753,0.25,"POLYGON ((153.382235 -28.236858, 153.382219 -28.232345, 153.377123 -28.232359, 153.377139 -28.236872, 153.382235 -28.236858))",8c293a52745057c4
1074_13754,0.25,"POLYGON ((153.382219 -28.232345, 153.382203 -28.227831, 153.377107 -28.227846, 153.377123 -28.232359, 153.382219 -28.232345))",8c293a52745057c4
1074_13755,0.25,"POLYGON ((153.382203 -28.227831, 153.382187 -28.223318, 153.377091 -28.223332, 153.377107 -28.227846, 153.382203 -28.227831))",8c293a52745057c4
1074_13756,0.25,"POLYGON ((153.382187 -28.223318, 153.382171 -28.218805, 153.377075 -28.218819, 153.377091 -28.223332, 153.382187 -28.223318))",8c293a52745057c4
1074_13757,0.25,"POLYGON ((153.382171 -28.218805, 153.382155 -28.214291, 153.37706 -28.214305, 153.377075 -28.218819, 153.382171 -28.218805))",8c293a52745057c4
1074_13758,0.25,"POLYGON ((153.382155 -28.214291, 153.382139 -28.209778, 153.377044 -28.209792, 153.37706 -28.214305, 153.382155 -28.214291))",8c293a52745057c4
1074_13759,0.25,"POLYGON ((153.382139 -28.209778, 153.382123 -28.205264, 153.377028 -28.205279, 153.377044 -28.209792, 153.382139 -28.209778))",8c293a52745057c4
1074_13760,0.25,"POLYGON ((153.382123 -28.205264, 153.382107 -28.200751, 153.377012 -28.200765, 153.377028 -28.205279, 153.382123 -28.205264))",8c293a52745057c4
1074_13761,0.25,"POLYGON ((153.382107 -28.200751, 153.382091 -28.196238, 153.376996 -28.196252, 153.377012 -28.200765, 153.382107 -28.200751))",8c293a52745057c4
1074_13762,0.25,"POLYGON ((153.382091 -28.196238, 153.382075 -28.191724, 153.37698 -28.191738, 153.376996 -28.196252, 153.382091 -28.196238))",8c293a52745057c4
1074_13763,0.25,"POLYGON ((153.382075 -28.191724, 153.382059 -28.187211, 153.376965 -28.187225, 153.37698 -28.191738, 153.382075 -28.191724))",8c293a52745057c4
1074_13764,0.25,"POLYGON ((153.382059 -28.187211, 153.382043 -28.182697, 153.376949 -28.182711, 153.376965 -28.187225, 153.382059 -28.187211))",8c293a52745057c4
1074_13765,0.25,"POLYGON ((153.382043 -28.182697, 153.382027 -28.178184, 153.376933 -28.178198, 153.376949 -28.182711, 153.382043 -28.182697))",8c293a52745057c4
1074_13766,0.25,"POLYGON ((153.382027 -28.178184, 153.38201 -28.17367, 153.376917 -28.173685, 153.376933 -28.178198, 153.382027 -28.178184))",8c293a52745057c4
1074_13767,0.25,"POLYGON ((153.38201 -28.17367, 153.381994 -28.169157, 153.376901 -28.169171, 153.376917 -28.173685, 153.38201 -28.17367))",8c293a52745057c4
1074_13768,0.25,"POLYGON ((153.381994 -28.169157, 153.381978 -28.164644, 153.376885 -28.164658, 153.376901 -28.169171, 153.381994 -28.169157))",8c293a52745057c4
1074_13769,0.25,"POLYGON ((153.381978 -28.164644, 153.381962 -28.16013, 153.37687 -28.160144, 153.376885 -28.164658, 153.381978 -28.164644))",8c293a52745057c4
1074_13770,0.25,"POLYGON ((153.381962 -28.16013, 153.381946 -28.155617, 153.376854 -28.155631, 153.37687 -28.160144, 153.381962 -28.16013))",8c293a52745057c4
1074_13771,0.25,"POLYGON ((153.381946 -28.155617, 153.38193 -28.151103, 153.376838 -28.151117, 153.376854 -28.155631, 153.381946 -28.155617))",8c293a52745057c4
1074_13772,0.25,"POLYGON ((153.38193 -28.151103, 153.381914 -28.14659, 153.376822 -28.146604, 153.376838 -28.151117, 153.38193 -28.151103))",8c293a52745057c4
1074_13773,0.25,"POLYGON ((153.381914 -28.14659, 153.381898 -28.142076, 153.376806 -28.14209, 153.376822 -28.146604, 153.381914 -28.14659))",8c293a52745057c4
1074_13774,0.25,"POLYGON ((153.381898 -28.142076, 153.381882 -28.137563, 153.376791 -28.137577, 153.376806 -28.14209, 153.381898 -28.142076))",8c293a52745057c4
1074_13775,0.25,"POLYGON ((153.381882 -28.137563, 153.381866 -28.133049, 153.376775 -28.133063, 153.376791 -28.137577, 153.381882 -28.137563))",8c293a52745057c4
1074_13776,0.25,"POLYGON ((153.381866 -28.133049, 153.38185 -28.128536, 153.376759 -28.12855, 153.376775 -28.133063, 153.381866 -28.133049))",8c293a52745057c4
1074_13777,0.25,"POLYGON ((153.38185 -28.128536, 153.381834 -28.124022, 153.376743 -28.124037, 153.376759 -28.12855, 153.38185 -28.128536))",8c293a52745057c4
1074_13778,0.25,"POLYGON ((153.381834 -28.124022, 153.381818 -28.119509, 153.376728 -28.119523, 153.376743 -28.124037, 153.381834 -28.124022))",8c293a52745057c4
1074_13779,0.25,"POLYGON ((153.381818 -28.119509, 153.381802 -28.114996, 153.376712 -28.11501, 153.376728 -28.119523, 153.381818 -28.119509))",8c293a52745057c4
1074_13780,0.25,"POLYGON ((153.381802 -28.114996, 153.381786 -28.110482, 153.376696 -28.110496, 153.376712 -28.11501, 153.381802 -28.114996))",8c293a52745057c4
1074_13781,0.25,"POLYGON ((153.381786 -28.110482, 153.38177 -28.105969, 153.37668 -28.105983, 153.376696 -28.110496, 153.381786 -28.110482))",8c293a52745057c4
1074_13782,0.25,"POLYGON ((153.38177 -28.105969, 153.381754 -28.101455, 153.376664 -28.101469, 153.37668 -28.105983, 153.38177 -28.105969))",8c293a52745057c4
1074_13783,0.25,"POLYGON ((153.381754 -28.101455, 153.381738 -28.096942, 153.376649 -28.096956, 153.376664 -28.101469, 153.381754 -28.101455))",8c293a52745057c4
1074_13784,0.25,"POLYGON ((153.381738 -28.096942, 153.381722 -28.092428, 153.376633 -28.092442, 153.376649 -28.096956, 153.381738 -28.096942))",8c293a52745057c4
1074_13785,0.25,"POLYGON ((153.381722 -28.092428, 153.381707 -28.087915, 153.376617 -28.087929, 153.376633 -28.092442, 153.381722 -28.092428))",8c293a52745057c4
1074_13786,0.25,"POLYGON ((153.381707 -28.087915, 153.381691 -28.083401, 153.376601 -28.083415, 153.376617 -28.087929, 153.381707 -28.087915))",8c293a52745057c4
1074_13787,0.25,"POLYGON ((153.381691 -28.083401, 153.381675 -28.078888, 153.376586 -28.078902, 153.376601 -28.083415, 153.381691 -28.083401))",8c293a52745057c4
1074_13788,0.25,"POLYGON ((153.381675 -28.078888, 153.381659 -28.074374, 153.37657 -28.074388, 153.376586 -28.078902, 153.381675 -28.078888))",8c293a52745057c4
1074_13789,0.25,"POLYGON ((153.381659 -28.074374, 153.381643 -28.069861, 153.376554 -28.069875, 153.37657 -28.074388, 153.381659 -28.074374))",8c293a52745057c4
1074_13790,0.25,"POLYGON ((153.381643 -28.069861, 153.381627 -28.065347, 153.376538 -28.065361, 153.376554 -28.069875, 153.381643 -28.069861))",8c293a52745057c4
1074_13791,0.25,"POLYGON ((153.381627 -28.065347, 153.381611 -28.060834, 153.376523 -28.060848, 153.376538 -28.065361, 153.381627 -28.065347))",8c293a52745057c4
1074_13792,0.25,"POLYGON ((153.381611 -28.060834, 153.381595 -28.05632, 153.376507 -28.056334, 153.376523 -28.060848, 153.381611 -28.060834))",8c293a52745057c4
1074_13793,0.25,"POLYGON ((153.381595 -28.05632, 153.381579 -28.051807, 153.376491 -28.051821, 153.376507 -28.056334, 153.381595 -28.05632))",8c293a52745057c4
1074_13794,0.25,"POLYGON ((153.381579 -28.051807, 153.381563 -28.047293, 153.376476 -28.047307, 153.376491 -28.051821, 153.381579 -28.051807))",8c293a52745057c4
1074_13795,0.25,"POLYGON ((153.381563 -28.047293, 153.381547 -28.04278, 153.37646 -28.042794, 153.376476 -28.047307, 153.381563 -28.047293))",8c293a52745057c4
1074_13796,0.25,"POLYGON ((153.381547 -28.04278, 153.381531 -28.038266, 153.376444 -28.03828, 153.37646 -28.042794, 153.381547 -28.04278))",8c293a52745057c4
1074_13797,0.25,"POLYGON ((153.381531 -28.038266, 153.381515 -28.033753, 153.376428 -28.033767, 153.376444 -28.03828, 153.381531 -28.038266))",8c293a52745057c4
1074_13798,0.25,"POLYGON ((153.381515 -28.033753, 153.381499 -28.029239, 153.376413 -28.029253, 153.376428 -28.033767, 153.381515 -28.033753))",8c293a52745057c4
1074_13799,0.25,"POLYGON ((153.381499 -28.029239, 153.381483 -28.024725, 153.376397 -28.02474, 153.376413 -28.029253, 153.381499 -28.029239))",8c293a52745057c4
1074_13800,0.25,"POLYGON ((153.381483 -28.024725, 153.381467 -28.020212, 153.376381 -28.020226, 153.376397 -28.02474, 153.381483 -28.024725))",8c293a52745057c4
1074_13801,0.25,"POLYGON ((153.381467 -28.020212, 153.381452 -28.015698, 153.376366 -28.015712, 153.376381 -28.020226, 153.381467 -28.020212))",8c293a52745057c4
1074_13802,0.25,"POLYGON ((153.381452 -28.015698, 153.381436 -28.011185, 153.37635 -28.011199, 153.376366 -28.015712, 153.381452 -28.015698))",8c293a52745057c4
1074_13803,0.25,"POLYGON ((153.381436 -28.011185, 153.38142 -28.006671, 153.376334 -28.006685, 153.37635 -28.011199, 153.381436 -28.011185))",8c293a52745057c4
1074_13804,0.25,"POLYGON ((153.38142 -28.006671, 153.381404 -28.002158, 153.376319 -28.002172, 153.376334 -28.006685, 153.38142 -28.006671))",8c293a52745057c4
1074_13805,0.25,"POLYGON ((153.381404 -28.002158, 153.381388 -27.997644, 153.376303 -27.997658, 153.376319 -28.002172, 153.381404 -28.002158))",8c293a52745057c4
1074_13806,0.25,"POLYGON ((153.381388 -27.997644, 153.381372 -27.993131, 153.376287 -27.993145, 153.376303 -27.997658, 153.381388 -27.997644))",8c293a52745057c4
1074_13807,0.25,"POLYGON ((153.381372 -27.993131, 153.381356 -27.988617, 153.376272 -27.988631, 153.376287 -27.993145, 153.381372 -27.993131))",8c293a52745057c4
1074_13808,0.25,"POLYGON ((153.381356 -27.988617, 153.38134 -27.984104, 153.376256 -27.984118, 153.376272 -27.988631, 153.381356 -27.988617))",8c293a52745057c4
1074_13809,0.25,"POLYGON ((153.38134 -27.984104, 153.381324 -27.97959, 153.37624 -27.979604, 153.376256 -27.984118, 153.38134 -27.984104))",8c293a52745057c4
1074_13810,0.25,"POLYGON ((153.381324 -27.97959, 153.381309 -27.975076, 153.376225 -27.97509, 153.37624 -27.979604, 153.381324 -27.97959))",8c293a52745057c4
1074_13811,0.25,"POLYGON ((153.381309 -27.975076, 153.381293 -27.970563, 153.376209 -27.970577, 153.376225 -27.97509, 153.381309 -27.975076))",8c293a52745057c4
1074_13812,0.25,"POLYGON ((153.381293 -27.970563, 153.381277 -27.966049, 153.376193 -27.966063, 153.376209 -27.970577, 153.381293 -27.970563))",8c293a52745057c4
1074_13813,0.25,"POLYGON ((153.381277 -27.966049, 153.381261 -27.961536, 153.376178 -27.96155, 153.376193 -27.966063, 153.381277 -27.966049))",8c293a52745057c4
1074_13814,0.25,"POLYGON ((153.381261 -27.961536, 153.381245 -27.957022, 153.376162 -27.957036, 153.376178 -27.96155, 153.381261 -27.961536))",8c293a52745057c4
1074_13815,0.25,"POLYGON ((153.381245 -27.957022, 153.381229 -27.952509, 153.376146 -27.952523, 153.376162 -27.957036, 153.381245 -27.957022))",8c293a52745057c4
1074_13816,0.25,"POLYGON ((153.381229 -27.952509, 153.381213 -27.947995, 153.376131 -27.948009, 153.376146 -27.952523, 153.381229 -27.952509))",8c293a52745057c4
1074_13817,0.25,"POLYGON ((153.381213 -27.947995, 153.381198 -27.943481, 153.376115 -27.943495, 153.376131 -27.948009, 153.381213 -27.947995))",8c293a52745057c4
1074_13818,0.25,"POLYGON ((153.381198 -27.943481, 153.381182 -27.938968, 153.376099 -27.938982, 153.376115 -27.943495, 153.381198 -27.943481))",8c293a52745057c4
1074_13819,0.25,"POLYGON ((153.381182 -27.938968, 153.381166 -27.934454, 153.376084 -27.934468, 153.376099 -27.938982, 153.381182 -27.938968))",8c293a52745057c4
1074_13820,0.25,"POLYGON ((153.381166 -27.934454, 153.38115 -27.929941, 153.376068 -27.929955, 153.376084 -27.934468, 153.381166 -27.934454))",8c293a52745057c4
1074_13821,0.25,"POLYGON ((153.38115 -27.929941, 153.381134 -27.925427, 153.376053 -27.925441, 153.376068 -27.929955, 153.38115 -27.929941))",8c293a52745057c4
1074_13822,0.25,"POLYGON ((153.381134 -27.925427, 153.381118 -27.920913, 153.376037 -27.920927, 153.376053 -27.925441, 153.381134 -27.925427))",8c293a52745057c4
1074_13823,0.25,"POLYGON ((153.381118 -27.920913, 153.381103 -27.9164, 153.376021 -27.916414, 153.376037 -27.920927, 153.381118 -27.920913))",8c293a52745057c4
1074_13824,0.25,"POLYGON ((153.381103 -27.9164, 153.381087 -27.911886, 153.376006 -27.9119, 153.376021 -27.916414, 153.381103 -27.9164))",8c293a52745057c4
1074_13825,0.25,"POLYGON ((153.381087 -27.911886, 153.381071 -27.907373, 153.37599 -27.907387, 153.376006 -27.9119, 153.381087 -27.911886))",8c293a52745057c4
1074_13826,0.25,"POLYGON ((153.381071 -27.907373, 153.381055 -27.902859, 153.375974 -27.902873, 153.37599 -27.907387, 153.381071 -27.907373))",8c293a52745057c4
1074_13827,0.25,"POLYGON ((153.381055 -27.902859, 153.381039 -27.898345, 153.375959 -27.898359, 153.375974 -27.902873, 153.381055 -27.902859))",8c293a52745057c4
1074_13828,0.25,"POLYGON ((153.381039 -27.898345, 153.381023 -27.893832, 153.375943 -27.893846, 153.375959 -27.898359, 153.381039 -27.898345))",8c293a52745057c4
1074_13829,0.25,"POLYGON ((153.381023 -27.893832, 153.381008 -27.889318, 153.375928 -27.889332, 153.375943 -27.893846, 153.381023 -27.893832))",8c293a52745057c4
1074_13830,0.25,"POLYGON ((153.381008 -27.889318, 153.380992 -27.884805, 153.375912 -27.884818, 153.375928 -27.889332, 153.381008 -27.889318))",8c293a52745057c4
1074_13831,0.25,"POLYGON ((153.380992 -27.884805, 153.380976 -27.880291, 153.375896 -27.880305, 153.375912 -27.884818, 153.380992 -27.884805))",8c293a52745057c4
1074_13832,0.25,"POLYGON ((153.380976 -27.880291, 153.38096 -27.875777, 153.375881 -27.875791, 153.375896 -27.880305, 153.380976 -27.880291))",8c293a52745057c4
1074_13833,0.25,"POLYGON ((153.38096 -27.875777, 153.380944 -27.871264, 153.375865 -27.871278, 153.375881 -27.875791, 153.38096 -27.875777))",8c293a52745057c4
1074_13834,0.25,"POLYGON ((153.380944 -27.871264, 153.380929 -27.86675, 153.37585 -27.866764, 153.375865 -27.871278, 153.380944 -27.871264))",8c293a52745057c4
1074_13835,0.25,"POLYGON ((153.380929 -27.86675, 153.380913 -27.862236, 153.375834 -27.86225, 153.37585 -27.866764, 153.380929 -27.86675))",8c293a52745057c4
1074_13836,0.25,"POLYGON ((153.380913 -27.862236, 153.380897 -27.857723, 153.375819 -27.857737, 153.375834 -27.86225, 153.380913 -27.862236))",8c293a52745057c4
1074_13837,0.25,"POLYGON ((153.380897 -27.857723, 153.380881 -27.853209, 153.375803 -27.853223, 153.375819 -27.857737, 153.380897 -27.857723))",8c293a52745057c4
1074_13838,0.25,"POLYGON ((153.380881 -27.853209, 153.380866 -27.848695, 153.375787 -27.848709, 153.375803 -27.853223, 153.380881 -27.853209))",8c293a52745057c4
1074_13839,0.25,"POLYGON ((153.380866 -27.848695, 153.38085 -27.844182, 153.375772 -27.844196, 153.375787 -27.848709, 153.380866 -27.848695))",8c293a52745057c4
1074_13840,0.25,"POLYGON ((153.38085 -27.844182, 153.380834 -27.839668, 153.375756 -27.839682, 153.375772 -27.844196, 153.38085 -27.844182))",8c293a52745057c4
1074_13841,0.25,"POLYGON ((153.380834 -27.839668, 153.380818 -27.835155, 153.375741 -27.835168, 153.375756 -27.839682, 153.380834 -27.839668))",8c293a52745057c4
1074_13842,0.25,"POLYGON ((153.380818 -27.835155, 153.380803 -27.830641, 153.375725 -27.830655, 153.375741 -27.835168, 153.380818 -27.835155))",8c293a52745057c4
1074_13843,0.25,"POLYGON ((153.380803 -27.830641, 153.380787 -27.826127, 153.37571 -27.826141, 153.375725 -27.830655, 153.380803 -27.830641))",8c293a52745057c4
1074_13844,0.25,"POLYGON ((153.380787 -27.826127, 153.380771 -27.821614, 153.375694 -27.821627, 153.37571 -27.826141, 153.380787 -27.826127))",8c293a52745057c4
1074_13845,0.25,"POLYGON ((153.380771 -27.821614, 153.380755 -27.8171, 153.375679 -27.817114, 153.375694 -27.821627, 153.380771 -27.821614))",8c293a52745057c4
1074_13846,0.25,"POLYGON ((153.380755 -27.8171, 153.38074 -27.812586, 153.375663 -27.8126, 153.375679 -27.817114, 153.380755 -27.8171))",8c293a52745057c4
1074_13847,0.25,"POLYGON ((153.38074 -27.812586, 153.380724 -27.808073, 153.375648 -27.808086, 153.375663 -27.8126, 153.38074 -27.812586))",8c293a52745057c4
1074_13848,0.25,"POLYGON ((153.380724 -27.808073, 153.380708 -27.803559, 153.375632 -27.803573, 153.375648 -27.808086, 153.380724 -27.808073))",8c293a52745057c4
1074_13849,0.25,"POLYGON ((153.380708 -27.803559, 153.380692 -27.799045, 153.375617 -27.799059, 153.375632 -27.803573, 153.380708 -27.803559))",8c293a52745057c4
1074_13850,0.25,"POLYGON ((153.380692 -27.799045, 153.380677 -27.794531, 153.375601 -27.794545, 153.375617 -27.799059, 153.380692 -27.799045))",8c293a52745057c4
1074_13851,0.25,"POLYGON ((153.380677 -27.794531, 153.380661 -27.790018, 153.375586 -27.790032, 153.375601 -27.794545, 153.380677 -27.794531))",8c293a52745057c4
1074_13852,0.25,"POLYGON ((153.380661 -27.790018, 153.380645 -27.785504, 153.37557 -27.785518, 153.375586 -27.790032, 153.380661 -27.790018))",8c293a52745057c4
1074_13853,0.25,"POLYGON ((153.380645 -27.785504, 153.380629 -27.78099, 153.375555 -27.781004, 153.37557 -27.785518, 153.380645 -27.785504))",8c293a52745057c4
1074_13854,0.25,"POLYGON ((153.380629 -27.78099, 153.380614 -27.776477, 153.375539 -27.776491, 153.375555 -27.781004, 153.380629 -27.78099))",8c293a52745057c4
1074_13855,0.25,"POLYGON ((153.380614 -27.776477, 153.380598 -27.771963, 153.375524 -27.771977, 153.375539 -27.776491, 153.380614 -27.776477))",8c293a52745057c4
1074_13856,0.25,"POLYGON ((153.380598 -27.771963, 153.380582 -27.767449, 153.375508 -27.767463, 153.375524 -27.771977, 153.380598 -27.771963))",8c293a52745057c4
1074_13857,0.25,"POLYGON ((153.380582 -27.767449, 153.380567 -27.762936, 153.375493 -27.762949, 153.375508 -27.767463, 153.380582 -27.767449))",8c293a52745057c4
1074_13858,0.25,"POLYGON ((153.380567 -27.762936, 153.380551 -27.758422, 153.375477 -27.758436, 153.375493 -27.762949, 153.380567 -27.762936))",8c293a52745057c4
1074_13859,0.25,"POLYGON ((153.380551 -27.758422, 153.380535 -27.753908, 153.375462 -27.753922, 153.375477 -27.758436, 153.380551 -27.758422))",8c293a52745057c4
1074_13860,0.25,"POLYGON ((153.380535 -27.753908, 153.38052 -27.749394, 153.375446 -27.749408, 153.375462 -27.753922, 153.380535 -27.753908))",8c293a52745057c4
1074_13861,0.25,"POLYGON ((153.38052 -27.749394, 153.380504 -27.744881, 153.375431 -27.744895, 153.375446 -27.749408, 153.38052 -27.749394))",8c293a52745057c4
1074_13862,0.25,"POLYGON ((153.380504 -27.744881, 153.380488 -27.740367, 153.375415 -27.740381, 153.375431 -27.744895, 153.380504 -27.744881))",8c293a52745057c4
1074_13863,0.25,"POLYGON ((153.380488 -27.740367, 153.380473 -27.735853, 153.3754 -27.735867, 153.375415 -27.740381, 153.380488 -27.740367))",8c293a52745057c4
1074_13864,0.25,"POLYGON ((153.380473 -27.735853, 153.380457 -27.73134, 153.375384 -27.731353, 153.3754 -27.735867, 153.380473 -27.735853))",8c293a52745057c4
1074_13865,0.25,"POLYGON ((153.380457 -27.73134, 153.380441 -27.726826, 153.375369 -27.72684, 153.375384 -27.731353, 153.380457 -27.73134))",8c293a52745057c4
1074_13866,0.25,"POLYGON ((153.380441 -27.726826, 153.380426 -27.722312, 153.375353 -27.722326, 153.375369 -27.72684, 153.380441 -27.726826))",8c293a52745057c4
1074_13867,0.25,"POLYGON ((153.380426 -27.722312, 153.38041 -27.717798, 153.375338 -27.717812, 153.375353 -27.722326, 153.380426 -27.722312))",8c293a52745057c4
1074_13868,0.25,"POLYGON ((153.38041 -27.717798, 153.380394 -27.713285, 153.375322 -27.713299, 153.375338 -27.717812, 153.38041 -27.717798))",8c293a52745057c4
1074_13869,0.19536876978982867,"POLYGON ((153.380394 -27.713285, 153.380379 -27.708771, 153.375307 -27.708785, 153.375322 -27.713299, 153.380394 -27.713285))",8c293a52745057c4
1074_13870,0.0012322691528899399,"POLYGON ((153.380379 -27.708771, 153.380363 -27.704257, 153.375291 -27.704271, 153.375307 -27.708785, 153.380379 -27.708771))",8c293a52745057c4
1075_13752,0.015758729440103217,"POLYGON ((153.387348 -28.241357, 153.387332 -28.236844, 153.382235 -28.236858, 153.382251 -28.241372, 153.387348 -28.241357))",8c293a52745057c4
1075_13753,0.24666879689887833,"POLYGON ((153.387332 -28.236844, 153.387315 -28.23233, 153.382219 -28.232345, 153.382235 -28.236858, 153.387332 -28.236844))",8c293a52745057c4
1075_13754,0.25,"POLYGON ((153.387315 -28.23233, 153.387299 -28.227817, 153.382203 -28.227831, 153.382219 -28.232345, 153.387315 -28.23233))",8c293a52745057c4
1075_13755,0.25,"POLYGON ((153.387299 -28.227817, 153.387283 -28.223304, 153.382187 -28.223318, 153.382203 -28.227831, 153.387299 -28.227817))",8c293a52745057c4
1075_13756,0.25,"POLYGON ((153.387283 -28.223304, 153.387267 -28.21879, 153.382171 -28.218805, 153.382187 -28.223318, 153.387283 -28.223304))",8c293a52745057c4
1075_13757,0.25,"POLYGON ((153.387267 -28.21879, 153.38725 -28.214277, 153.382155 -28.214291, 153.382171 -28.218805, 153.387267 -28.21879))",8c293a52745057c4
1075_13758,0.25,"POLYGON ((153.38725 -28.214277, 153.387234 -28.209763, 153.382139 -28.209778, 153.382155 -28.214291, 153.38725 -28.214277))",8c293a52745057c4
1075_13759,0.25,"POLYGON ((153.387234 -28.209763, 153.387218 -28.20525, 153.382123 -28.205264, 153.382139 -28.209778, 153.387234 -28.209763))",8c293a52745057c4
1075_13760,0.25,"POLYGON ((153.387218 -28.20525, 153.387201 -28.200737, 153.382107 -28.200751, 153.382123 -28.205264, 153.387218 -28.20525))",8c293a52745057c4
1075_13761,0.25,"POLYGON ((153.387201 -28.200737, 153.387185 -28.196223, 153.382091 -28.196238, 153.382107 -28.200751, 153.387201 -28.200737))",8c293a52745057c4
1075_13762,0.25,"POLYGON ((153.387185 -28.196223, 153.387169 -28.19171, 153.382075 -28.191724, 153.382091 -28.196238, 153.387185 -28.196223))",8c293a52745057c4
1075_13763,0.25,"POLYGON ((153.387169 -28.19171, 153.387153 -28.187196, 153.382059 -28.187211, 153.382075 -28.191724, 153.387169 -28.19171))",8c293a52745057c4
1075_13764,0.25,"POLYGON ((153.387153 -28.187196, 153.387136 -28.182683, 153.382043 -28.182697, 153.382059 -28.187211, 153.387153 -28.187196))",8c293a52745057c4
1075_13765,0.25,"POLYGON ((153.387136 -28.182683, 153.38712 -28.17817, 153.382027 -28.178184, 153.382043 -28.182697, 153.387136 -28.182683))",8c293a52745057c4
1075_13766,0.25,"POLYGON ((153.38712 -28.17817, 153.387104 -28.173656, 153.38201 -28.17367, 153.382027 -28.178184, 153.38712 -28.17817))",8c293a52745057c4
1075_13767,0.25,"POLYGON ((153.387104 -28.173656, 153.387088 -28.169143, 153.381994 -28.169157, 153.38201 -28.17367, 153.387104 -28.173656))",8c293a52745057c4
1075_13768,0.25,"POLYGON ((153.387088 -28.169143, 153.387071 -28.164629, 153.381978 -28.164644, 153.381994 -28.169157, 153.387088 -28.169143))",8c293a52745057c4
1075_13769,0.25,"POLYGON ((153.387071 -28.164629, 153.387055 -28.160116, 153.381962 -28.16013, 153.381978 -28.164644, 153.387071 -28.164629))",8c293a52745057c4
1075_13770,0.25,"POLYGON ((153.387055 -28.160116, 153.387039 -28.155602, 153.381946 -28.155617, 153.381962 -28.16013, 153.387055 -28.160116))",8c293a52745057c4
1075_13771,0.25,"POLYGON ((153.387039 -28.155602, 153.387023 -28.151089, 153.38193 -28.151103, 153.381946 -28.155617, 153.387039 -28.155602))",8c293a52745057c4
1075_13772,0.25,"POLYGON ((153.387023 -28.151089, 153.387006 -28.146575, 153.381914 -28.14659, 153.38193 -28.151103, 153.387023 -28.151089))",8c293a52745057c4
1075_13773,0.25,"POLYGON ((153.387006 -28.146575, 153.38699 -28.142062, 153.381898 -28.142076, 153.381914 -28.14659, 153.387006 -28.146575))",8c293a52745057c4
1075_13774,0.25,"POLYGON ((153.38699 -28.142062, 153.386974 -28.137549, 153.381882 -28.137563, 153.381898 -28.142076, 153.38699 -28.142062))",8c293a52745057c4
1075_13775,0.25,"POLYGON ((153.386974 -28.137549, 153.386958 -28.133035, 153.381866 -28.133049, 153.381882 -28.137563, 153.386974 -28.137549))",8c293a52745057c4
1075_13776,0.25,"POLYGON ((153.386958 -28.133035, 153.386942 -28.128522, 153.38185 -28.128536, 153.381866 -28.133049, 153.386958 -28.133035))",8c293a52745057c4
1075_13777,0.25,"POLYGON ((153.386942 -28.128522, 153.386925 -28.124008, 153.381834 -28.124022, 153.38185 -28.128536, 153.386942 -28.128522))",8c293a52745057c4
1075_13778,0.25,"POLYGON ((153.386925 -28.124008, 153.386909 -28.119495, 153.381818 -28.119509, 153.381834 -28.124022, 153.386925 -28.124008))",8c293a52745057c4
1075_13779,0.25,"POLYGON ((153.386909 -28.119495, 153.386893 -28.114981, 153.381802 -28.114996, 153.381818 -28.119509, 153.386909 -28.119495))",8c293a52745057c4
1075_13780,0.25,"POLYGON ((153.386893 -28.114981, 153.386877 -28.110468, 153.381786 -28.110482, 153.381802 -28.114996, 153.386893 -28.114981))",8c293a52745057c4
1075_13781,0.25,"POLYGON ((153.386877 -28.110468, 153.386861 -28.105954, 153.38177 -28.105969, 153.381786 -28.110482, 153.386877 -28.110468))",8c293a52745057c4
1075_13782,0.25,"POLYGON ((153.386861 -28.105954, 153.386844 -28.101441, 153.381754 -28.101455, 153.38177 -28.105969, 153.386861 -28.105954))",8c293a52745057c4
1075_13783,0.25,"POLYGON ((153.386844 -28.101441, 153.386828 -28.096927, 153.381738 -28.096942, 153.381754 -28.101455, 153.386844 -28.101441))",8c293a52745057c4
1075_13784,0.25,"POLYGON ((153.386828 -28.096927, 153.386812 -28.092414, 153.381722 -28.092428, 153.381738 -28.096942, 153.386828 -28.096927))",8c293a52745057c4
1075_13785,0.25,"POLYGON ((153.386812 -28.092414, 153.386796 -28.0879, 153.381707 -28.087915, 153.381722 -28.092428, 153.386812 -28.092414))",8c293a52745057c4
1075_13786,0.25,"POLYGON ((153.386796 -28.0879, 153.38678 -28.083387, 153.381691 -28.083401, 153.381707 -28.087915, 153.386796 -28.0879))",8c293a52745057c4
1075_13787,0.25,"POLYGON ((153.38678 -28.083387, 153.386763 -28.078873, 153.381675 -28.078888, 153.381691 -28.083401, 153.38678 -28.083387))",8c293a52745057c4
1075_13788,0.25,"POLYGON ((153.386763 -28.078873, 153.386747 -28.07436, 153.381659 -28.074374, 153.381675 -28.078888, 153.386763 -28.078873))",8c293a52745057c4
1075_13789,0.25,"POLYGON ((153.386747 -28.07436, 153.386731 -28.069846, 153.381643 -28.069861, 153.381659 -28.074374, 153.386747 -28.07436))",8c293a52745057c4
1075_13790,0.25,"POLYGON ((153.386731 -28.069846, 153.386715 -28.065333, 153.381627 -28.065347, 153.381643 -28.069861, 153.386731 -28.069846))",8c293a52745057c4
1075_13791,0.25,"POLYGON ((153.386715 -28.065333, 153.386699 -28.060819, 153.381611 -28.060834, 153.381627 -28.065347, 153.386715 -28.065333))",8c293a52745057c4
1075_13792,0.25,"POLYGON ((153.386699 -28.060819, 153.386683 -28.056306, 153.381595 -28.05632, 153.381611 -28.060834, 153.386699 -28.060819))",8c293a52745057c4
1075_13793,0.25,"POLYGON ((153.386683 -28.056306, 153.386667 -28.051792, 153.381579 -28.051807, 153.381595 -28.05632, 153.386683 -28.056306))",8c293a52745057c4
1075_13794,0.25,"POLYGON ((153.386667 -28.051792, 153.38665 -28.047279, 153.381563 -28.047293, 153.381579 -28.051807, 153.386667 -28.051792))",8c293a52745057c4
1075_13795,0.25,"POLYGON ((153.38665 -28.047279, 153.386634 -28.042765, 153.381547 -28.04278, 153.381563 -28.047293, 153.38665 -28.047279))",8c293a52745057c4
1075_13796,0.25,"POLYGON ((153.386634 -28.042765, 153.386618 -28.038252, 153.381531 -28.038266, 153.381547 -28.04278, 153.386634 -28.042765))",8c293a52745057c4
1075_13797,0.25,"POLYGON ((153.386618 -28.038252, 153.386602 -28.033738, 153.381515 -28.033753, 153.381531 -28.038266, 153.386618 -28.038252))",8c293a52745057c4
1075_13798,0.25,"POLYGON ((153.386602 -28.033738, 153.386586 -28.029225, 153.381499 -28.029239, 153.381515 -28.033753, 153.386602 -28.033738))",8c293a52745057c4
1075_13799,0.25,"POLYGON ((153.386586 -28.029225, 153.38657 -28.024711, 153.381483 -28.024725, 153.381499 -28.029239, 153.386586 -28.029225))",8c293a52745057c4
1075_13800,0.25,"POLYGON ((153.38657 -28.024711, 153.386554 -28.020198, 153.381467 -28.020212, 153.381483 -28.024725, 153.38657 -28.024711))",8c293a52745057c4
1075_13801,0.25,"POLYGON ((153.386554 -28.020198, 153.386537 -28.015684, 153.381452 -28.015698, 153.381467 -28.020212, 153.386554 -28.020198))",8c293a52745057c4
1075_13802,0.25,"POLYGON ((153.386537 -28.015684, 153.386521 -28.011171, 153.381436 -28.011185, 153.381452 -28.015698, 153.386537 -28.015684))",8c293a52745057c4
1075_13803,0.25,"POLYGON ((153.386521 -28.011171, 153.386505 -28.006657, 153.38142 -28.006671, 153.381436 -28.011185, 153.386521 -28.011171))",8c293a52745057c4
1075_13804,0.25,"POLYGON ((153.386505 -28.006657, 153.386489 -28.002144, 153.381404 -28.002158, 153.38142 -28.006671, 153.386505 -28.006657))",8c293a52745057c4
1075_13805,0.25,"POLYGON ((153.386489 -28.002144, 153.386473 -27.99763, 153.381388 -27.997644, 153.381404 -28.002158, 153.386489 -28.002144))",8c293a52745057c4
1075_13806,0.25,"POLYGON ((153.386473 -27.99763, 153.386457 -27.993116, 153.381372 -27.993131, 153.381388 -27.997644, 153.386473 -27.99763))",8c293a52745057c4
1075_13807,0.25,"POLYGON ((153.386457 -27.993116, 153.386441 -27.988603, 153.381356 -27.988617, 153.381372 -27.993131, 153.386457 -27.993116))",8c293a52745057c4
1075_13808,0.25,"POLYGON ((153.386441 -27.988603, 153.386425 -27.984089, 153.38134 -27.984104, 153.381356 -27.988617, 153.386441 -27.988603))",8c293a52745057c4
1075_13809,0.25,"POLYGON ((153.386425 -27.984089, 153.386409 -27.979576, 153.381324 -27.97959, 153.38134 -27.984104, 153.386425 -27.984089))",8c293a52745057c4
1075_13810,0.25,"POLYGON ((153.386409 -27.979576, 153.386393 -27.975062, 153.381309 -27.975076, 153.381324 -27.97959, 153.386409 -27.979576))",8c293a52745057c4
1075_13811,0.25,"POLYGON ((153.386393 -27.975062, 153.386377 -27.970549, 153.381293 -27.970563, 153.381309 -27.975076, 153.386393 -27.975062))",8c293a52745057c4
1075_13812,0.25,"POLYGON ((153.386377 -27.970549, 153.38636 -27.966035, 153.381277 -27.966049, 153.381293 -27.970563, 153.386377 -27.970549))",8c293a52745057c4
1075_13813,0.25,"POLYGON ((153.38636 -27.966035, 153.386344 -27.961522, 153.381261 -27.961536, 153.381277 -27.966049, 153.38636 -27.966035))",8c293a52745057c4
1075_13814,0.25,"POLYGON ((153.386344 -27.961522, 153.386328 -27.957008, 153.381245 -27.957022, 153.381261 -27.961536, 153.386344 -27.961522))",8c293a52745057c4
1075_13815,0.25,"POLYGON ((153.386328 -27.957008, 153.386312 -27.952494, 153.381229 -27.952509, 153.381245 -27.957022, 153.386328 -27.957008))",8c293a52745057c4
1075_13816,0.25,"POLYGON ((153.386312 -27.952494, 153.386296 -27.947981, 153.381213 -27.947995, 153.381229 -27.952509, 153.386312 -27.952494))",8c293a52745057c4
1075_13817,0.25,"POLYGON ((153.386296 -27.947981, 153.38628 -27.943467, 153.381198 -27.943481, 153.381213 -27.947995, 153.386296 -27.947981))",8c293a52745057c4
1075_13818,0.25,"POLYGON ((153.38628 -27.943467, 153.386264 -27.938954, 153.381182 -27.938968, 153.381198 -27.943481, 153.38628 -27.943467))",8c293a52745057c4
1075_13819,0.25,"POLYGON ((153.386264 -27.938954, 153.386248 -27.93444, 153.381166 -27.934454, 153.381182 -27.938968, 153.386264 -27.938954))",8c293a52745057c4
1075_13820,0.25,"POLYGON ((153.386248 -27.93444, 153.386232 -27.929926, 153.38115 -27.929941, 153.381166 -27.934454, 153.386248 -27.93444))",8c293a52745057c4
1075_13821,0.25,"POLYGON ((153.386232 -27.929926, 153.386216 -27.925413, 153.381134 -27.925427, 153.38115 -27.929941, 153.386232 -27.929926))",8c293a52745057c4
1075_13822,0.25,"POLYGON ((153.386216 -27.925413, 153.3862 -27.920899, 153.381118 -27.920913, 153.381134 -27.925427, 153.386216 -27.925413))",8c293a52745057c4
1075_13823,0.25,"POLYGON ((153.3862 -27.920899, 153.386184 -27.916386, 153.381103 -27.9164, 153.381118 -27.920913, 153.3862 -27.920899))",8c293a52745057c4
1075_13824,0.25,"POLYGON ((153.386184 -27.916386, 153.386168 -27.911872, 153.381087 -27.911886, 153.381103 -27.9164, 153.386184 -27.916386))",8c293a52745057c4
1075_13825,0.25,"POLYGON ((153.386168 -27.911872, 153.386152 -27.907358, 153.381071 -27.907373, 153.381087 -27.911886, 153.386168 -27.911872))",8c293a52745057c4
1075_13826,0.25,"POLYGON ((153.386152 -27.907358, 153.386136 -27.902845, 153.381055 -27.902859, 153.381071 -27.907373, 153.386152 -27.907358))",8c293a52745057c4
1075_13827,0.25,"POLYGON ((153.386136 -27.902845, 153.38612 -27.898331, 153.381039 -27.898345, 153.381055 -27.902859, 153.386136 -27.902845))",8c293a52745057c4
1075_13828,0.25,"POLYGON ((153.38612 -27.898331, 153.386104 -27.893818, 153.381023 -27.893832, 153.381039 -27.898345, 153.38612 -27.898331))",8c293a52745057c4
1075_13829,0.25,"POLYGON ((153.386104 -27.893818, 153.386088 -27.889304, 153.381008 -27.889318, 153.381023 -27.893832, 153.386104 -27.893818))",8c293a52745057c4
1075_13830,0.25,"POLYGON ((153.386088 -27.889304, 153.386072 -27.88479, 153.380992 -27.884805, 153.381008 -27.889318, 153.386088 -27.889304))",8c293a52745057c4
1075_13831,0.25,"POLYGON ((153.386072 -27.88479, 153.386056 -27.880277, 153.380976 -27.880291, 153.380992 -27.884805, 153.386072 -27.88479))",8c293a52745057c4
1075_13832,0.25,"POLYGON ((153.386056 -27.880277, 153.38604 -27.875763, 153.38096 -27.875777, 153.380976 -27.880291, 153.386056 -27.880277))",8c293a52745057c4
1075_13833,0.25,"POLYGON ((153.38604 -27.875763, 153.386024 -27.87125, 153.380944 -27.871264, 153.38096 -27.875777, 153.38604 -27.875763))",8c293a52745057c4
1075_13834,0.25,"POLYGON ((153.386024 -27.87125, 153.386008 -27.866736, 153.380929 -27.86675, 153.380944 -27.871264, 153.386024 -27.87125))",8c293a52745057c4
1075_13835,0.25,"POLYGON ((153.386008 -27.866736, 153.385992 -27.862222, 153.380913 -27.862236, 153.380929 -27.86675, 153.386008 -27.866736))",8c293a52745057c4
1075_13836,0.25,"POLYGON ((153.385992 -27.862222, 153.385976 -27.857709, 153.380897 -27.857723, 153.380913 -27.862236, 153.385992 -27.862222))",8c293a52745057c4
1075_13837,0.25,"POLYGON ((153.385976 -27.857709, 153.38596 -27.853195, 153.380881 -27.853209, 153.380897 -27.857723, 153.385976 -27.857709))",8c293a52745057c4
1075_13838,0.25,"POLYGON ((153.38596 -27.853195, 153.385944 -27.848681, 153.380866 -27.848695, 153.380881 -27.853209, 153.38596 -27.853195))",8c293a52745057c4
1075_13839,0.25,"POLYGON ((153.385944 -27.848681, 153.385928 -27.844168, 153.38085 -27.844182, 153.380866 -27.848695, 153.385944 -27.848681))",8c293a52745057c4
1075_13840,0.25,"POLYGON ((153.385928 -27.844168, 153.385912 -27.839654, 153.380834 -27.839668, 153.38085 -27.844182, 153.385928 -27.844168))",8c293a52745057c4
1075_13841,0.25,"POLYGON ((153.385912 -27.839654, 153.385896 -27.83514, 153.380818 -27.835155, 153.380834 -27.839668, 153.385912 -27.839654))",8c293a52745057c4
1075_13842,0.25,"POLYGON ((153.385896 -27.83514, 153.38588 -27.830627, 153.380803 -27.830641, 153.380818 -27.835155, 153.385896 -27.83514))",8c293a52745057c4
1075_13843,0.25,"POLYGON ((153.38588 -27.830627, 153.385864 -27.826113, 153.380787 -27.826127, 153.380803 -27.830641, 153.38588 -27.830627))",8c293a52745057c4
1075_13844,0.25,"POLYGON ((153.385864 -27.826113, 153.385848 -27.821599, 153.380771 -27.821614, 153.380787 -27.826127, 153.385864 -27.826113))",8c293a52745057c4
1075_13845,0.25,"POLYGON ((153.385848 -27.821599, 153.385832 -27.817086, 153.380755 -27.8171, 153.380771 -27.821614, 153.385848 -27.821599))",8c293a52745057c4
1075_13846,0.25,"POLYGON ((153.385832 -27.817086, 153.385816 -27.812572, 153.38074 -27.812586, 153.380755 -27.8171, 153.385832 -27.817086))",8c293a52745057c4
1075_13847,0.25,"POLYGON ((153.385816 -27.812572, 153.3858 -27.808058, 153.380724 -27.808073, 153.38074 -27.812586, 153.385816 -27.812572))",8c293a52745057c4
1075_13848,0.25,"POLYGON ((153.3858 -27.808058, 153.385784 -27.803545, 153.380708 -27.803559, 153.380724 -27.808073, 153.3858 -27.808058))",8c293a52745057c4
1075_13849,0.25,"POLYGON ((153.385784 -27.803545, 153.385768 -27.799031, 153.380692 -27.799045, 153.380708 -27.803559, 153.385784 -27.803545))",8c293a52745057c4
1075_13850,0.25,"POLYGON ((153.385768 -27.799031, 153.385752 -27.794517, 153.380677 -27.794531, 153.380692 -27.799045, 153.385768 -27.799031))",8c293a52745057c4
1075_13851,0.25,"POLYGON ((153.385752 -27.794517, 153.385736 -27.790004, 153.380661 -27.790018, 153.380677 -27.794531, 153.385752 -27.794517))",8c293a52745057c4
1075_13852,0.25,"POLYGON ((153.385736 -27.790004, 153.38572 -27.78549, 153.380645 -27.785504, 153.380661 -27.790018, 153.385736 -27.790004))",8c293a52745057c4
1075_13853,0.25,"POLYGON ((153.38572 -27.78549, 153.385704 -27.780976, 153.380629 -27.78099, 153.380645 -27.785504, 153.38572 -27.78549))",8c293a52745057c4
1075_13854,0.25,"POLYGON ((153.385704 -27.780976, 153.385689 -27.776463, 153.380614 -27.776477, 153.380629 -27.78099, 153.385704 -27.780976))",8c293a52745057c4
1075_13855,0.25,"POLYGON ((153.385689 -27.776463, 153.385673 -27.771949, 153.380598 -27.771963, 153.380614 -27.776477, 153.385689 -27.776463))",8c293a52745057c4
1075_13856,0.25,"POLYGON ((153.385673 -27.771949, 153.385657 -27.767435, 153.380582 -27.767449, 153.380598 -27.771963, 153.385673 -27.771949))",8c293a52745057c4
1075_13857,0.25,"POLYGON ((153.385657 -27.767435, 153.385641 -27.762922, 153.380567 -27.762936, 153.380582 -27.767449, 153.385657 -27.767435))",8c293a52745057c4
1075_13858,0.25,"POLYGON ((153.385641 -27.762922, 153.385625 -27.758408, 153.380551 -27.758422, 153.380567 -27.762936, 153.385641 -27.762922))",8c293a52745057c4
1075_13859,0.25,"POLYGON ((153.385625 -27.758408, 153.385609 -27.753894, 153.380535 -27.753908, 153.380551 -27.758422, 153.385625 -27.758408))",8c293a52745057c4
1075_13860,0.25,"POLYGON ((153.385609 -27.753894, 153.385593 -27.74938, 153.38052 -27.749394, 153.380535 -27.753908, 153.385609 -27.753894))",8c293a52745057c4
1075_13861,0.25,"POLYGON ((153.385593 -27.74938, 153.385577 -27.744867, 153.380504 -27.744881, 153.38052 -27.749394, 153.385593 -27.74938))",8c293a52745057c4
1075_13862,0.25,"POLYGON ((153.385577 -27.744867, 153.385561 -27.740353, 153.380488 -27.740367, 153.380504 -27.744881, 153.385577 -27.744867))",8c293a52745057c4
1075_13863,0.25,"POLYGON ((153.385561 -27.740353, 153.385545 -27.735839, 153.380473 -27.735853, 153.380488 -27.740367, 153.385561 -27.740353))",8c293a52745057c4
1075_13864,0.25,"POLYGON ((153.385545 -27.735839, 153.38553 -27.731326, 153.380457 -27.73134, 153.380473 -27.735853, 153.385545 -27.735839))",8c293a52745057c4
1075_13865,0.25,"POLYGON ((153.38553 -27.731326, 153.385514 -27.726812, 153.380441 -27.726826, 153.380457 -27.73134, 153.38553 -27.731326))",8c293a52745057c4
1075_13866,0.25,"POLYGON ((153.385514 -27.726812, 153.385498 -27.722298, 153.380426 -27.722312, 153.380441 -27.726826, 153.385514 -27.726812))",8c293a52745057c4
1075_13867,0.25,"POLYGON ((153.385498 -27.722298, 153.385482 -27.717784, 153.38041 -27.717798, 153.380426 -27.722312, 153.385498 -27.722298))",8c293a52745057c4
1075_13868,0.25,"POLYGON ((153.385482 -27.717784, 153.385466 -27.713271, 153.380394 -27.713285, 153.38041 -27.717798, 153.385482 -27.717784))",8c293a52745057c4
1075_13869,0.13186444973173395,"POLYGON ((153.385466 -27.713271, 153.38545 -27.708757, 153.380379 -27.708771, 153.380394 -27.713285, 153.385466 -27.713271))",8c293a52745057c4
1076_13753,0.09914170006933426,"POLYGON ((153.392428 -28.236829, 153.392412 -28.232316, 153.387315 -28.23233, 153.387332 -28.236844, 153.392428 -28.236829))",8c293a52745057c4
1076_13754,0.1368171550297648,"POLYGON ((153.392412 -28.232316, 153.392395 -28.227803, 153.387299 -28.227817, 153.387315 -28.23233, 153.392412 -28.232316))",8c293a52745057c4
1076_13755,0.23509785808153344,"POLYGON ((153.392395 -28.227803, 153.392379 -28.223289, 153.387283 -28.223304, 153.387299 -28.227817, 153.392395 -28.227803))",8c293a52745057c4
1076_13756,0.25,"POLYGON ((153.392379 -28.223289, 153.392362 -28.218776, 153.387267 -28.21879, 153.387283 -28.223304, 153.392379 -28.223289))",8c293a52745057c4
1076_13757,0.25,"POLYGON ((153.392362 -28.218776, 153.392346 -28.214262, 153.38725 -28.214277, 153.387267 -28.21879, 153.392362 -28.218776))",8c293a52745057c4
1076_13758,0.25,"POLYGON ((153.392346 -28.214262, 153.392329 -28.209749, 153.387234 -28.209763, 153.38725 -28.214277, 153.392346 -28.214262))",8c293a52745057c4
1076_13759,0.25,"POLYGON ((153.392329 -28.209749, 153.392313 -28.205236, 153.387218 -28.20525, 153.387234 -28.209763, 153.392329 -28.209749))",8c293a52745057c4
1076_13760,0.25,"POLYGON ((153.392313 -28.205236, 153.392296 -28.200722, 153.387201 -28.200737, 153.387218 -28.20525, 153.392313 -28.205236))",8c293a52745057c4
1076_13761,0.25,"POLYGON ((153.392296 -28.200722, 153.39228 -28.196209, 153.387185 -28.196223, 153.387201 -28.200737, 153.392296 -28.200722))",8c293a52745057c4
1076_13762,0.25,"POLYGON ((153.39228 -28.196209, 153.392263 -28.191695, 153.387169 -28.19171, 153.387185 -28.196223, 153.39228 -28.196209))",8c293a52745057c4
1076_13763,0.25,"POLYGON ((153.392263 -28.191695, 153.392247 -28.187182, 153.387153 -28.187196, 153.387169 -28.19171, 153.392263 -28.191695))",8c293a52745057c4
1076_13764,0.25,"POLYGON ((153.392247 -28.187182, 153.39223 -28.182668, 153.387136 -28.182683, 153.387153 -28.187196, 153.392247 -28.187182))",8c293a52745057c4
1076_13765,0.25,"POLYGON ((153.39223 -28.182668, 153.392214 -28.178155, 153.38712 -28.17817, 153.387136 -28.182683, 153.39223 -28.182668))",8c293a52745057c4
1076_13766,0.25,"POLYGON ((153.392214 -28.178155, 153.392197 -28.173642, 153.387104 -28.173656, 153.38712 -28.17817, 153.392214 -28.178155))",8c293a52745057c4
1076_13767,0.25,"POLYGON ((153.392197 -28.173642, 153.392181 -28.169128, 153.387088 -28.169143, 153.387104 -28.173656, 153.392197 -28.173642))",8c293a52745057c4
1076_13768,0.25,"POLYGON ((153.392181 -28.169128, 153.392164 -28.164615, 153.387071 -28.164629, 153.387088 -28.169143, 153.392181 -28.169128))",8c293a52745057c4
1076_13769,0.25,"POLYGON ((153.392164 -28.164615, 153.392148 -28.160101, 153.387055 -28.160116, 153.387071 -28.164629, 153.392164 -28.164615))",8c293a52745057c4
1076_13770,0.25,"POLYGON ((153.392148 -28.160101, 153.392131 -28.155588, 153.387039 -28.155602, 153.387055 -28.160116, 153.392148 -28.160101))",8c293a52745057c4
1076_13771,0.25,"POLYGON ((153.392131 -28.155588, 153.392115 -28.151074, 153.387023 -28.151089, 153.387039 -28.155602, 153.392131 -28.155588))",8c293a52745057c4
1076_13772,0.25,"POLYGON ((153.392115 -28.151074, 153.392099 -28.146561, 153.387006 -28.146575, 153.387023 -28.151089, 153.392115 -28.151074))",8c293a52745057c4
1076_13773,0.25,"POLYGON ((153.392099 -28.146561, 153.392082 -28.142048, 153.38699 -28.142062, 153.387006 -28.146575, 153.392099 -28.146561))",8c293a52745057c4
1076_13774,0.25,"POLYGON ((153.392082 -28.142048, 153.392066 -28.137534, 153.386974 -28.137549, 153.38699 -28.142062, 153.392082 -28.142048))",8c293a52745057c4
1076_13775,0.25,"POLYGON ((153.392066 -28.137534, 153.392049 -28.133021, 153.386958 -28.133035, 153.386974 -28.137549, 153.392066 -28.137534))",8c293a52745057c4
1076_13776,0.25,"POLYGON ((153.392049 -28.133021, 153.392033 -28.128507, 153.386942 -28.128522, 153.386958 -28.133035, 153.392049 -28.133021))",8c293a52745057c4
1076_13777,0.25,"POLYGON ((153.392033 -28.128507, 153.392016 -28.123994, 153.386925 -28.124008, 153.386942 -28.128522, 153.392033 -28.128507))",8c293a52745057c4
1076_13778,0.25,"POLYGON ((153.392016 -28.123994, 153.392 -28.11948, 153.386909 -28.119495, 153.386925 -28.124008, 153.392016 -28.123994))",8c293a52745057c4
1076_13779,0.25,"POLYGON ((153.392 -28.11948, 153.391984 -28.114967, 153.386893 -28.114981, 153.386909 -28.119495, 153.392 -28.11948))",8c293a52745057c4
1076_13780,0.25,"POLYGON ((153.391984 -28.114967, 153.391967 -28.110453, 153.386877 -28.110468, 153.386893 -28.114981, 153.391984 -28.114967))",8c293a52745057c4
1076_13781,0.25,"POLYGON ((153.391967 -28.110453, 153.391951 -28.10594, 153.386861 -28.105954, 153.386877 -28.110468, 153.391967 -28.110453))",8c293a52745057c4
1076_13782,0.25,"POLYGON ((153.391951 -28.10594, 153.391934 -28.101426, 153.386844 -28.101441, 153.386861 -28.105954, 153.391951 -28.10594))",8c293a52745057c4
1076_13783,0.25,"POLYGON ((153.391934 -28.101426, 153.391918 -28.096913, 153.386828 -28.096927, 153.386844 -28.101441, 153.391934 -28.101426))",8c293a52745057c4
1076_13784,0.25,"POLYGON ((153.391918 -28.096913, 153.391902 -28.092399, 153.386812 -28.092414, 153.386828 -28.096927, 153.391918 -28.096913))",8c293a52745057c4
1076_13785,0.25,"POLYGON ((153.391902 -28.092399, 153.391885 -28.087886, 153.386796 -28.0879, 153.386812 -28.092414, 153.391902 -28.092399))",8c293a52745057c4
1076_13786,0.25,"POLYGON ((153.391885 -28.087886, 153.391869 -28.083372, 153.38678 -28.083387, 153.386796 -28.0879, 153.391885 -28.087886))",8c293a52745057c4
1076_13787,0.25,"POLYGON ((153.391869 -28.083372, 153.391852 -28.078859, 153.386763 -28.078873, 153.38678 -28.083387, 153.391869 -28.083372))",8c293a52745057c4
1076_13788,0.25,"POLYGON ((153.391852 -28.078859, 153.391836 -28.074345, 153.386747 -28.07436, 153.386763 -28.078873, 153.391852 -28.078859))",8c293a52745057c4
1076_13789,0.25,"POLYGON ((153.391836 -28.074345, 153.39182 -28.069832, 153.386731 -28.069846, 153.386747 -28.07436, 153.391836 -28.074345))",8c293a52745057c4
1076_13790,0.25,"POLYGON ((153.39182 -28.069832, 153.391803 -28.065318, 153.386715 -28.065333, 153.386731 -28.069846, 153.39182 -28.069832))",8c293a52745057c4
1076_13791,0.25,"POLYGON ((153.391803 -28.065318, 153.391787 -28.060805, 153.386699 -28.060819, 153.386715 -28.065333, 153.391803 -28.065318))",8c293a52745057c4
1076_13792,0.25,"POLYGON ((153.391787 -28.060805, 153.391771 -28.056291, 153.386683 -28.056306, 153.386699 -28.060819, 153.391787 -28.060805))",8c293a52745057c4
1076_13793,0.25,"POLYGON ((153.391771 -28.056291, 153.391754 -28.051778, 153.386667 -28.051792, 153.386683 -28.056306, 153.391771 -28.056291))",8c293a52745057c4
1076_13794,0.25,"POLYGON ((153.391754 -28.051778, 153.391738 -28.047264, 153.38665 -28.047279, 153.386667 -28.051792, 153.391754 -28.051778))",8c293a52745057c4
1076_13795,0.25,"POLYGON ((153.391738 -28.047264, 153.391721 -28.042751, 153.386634 -28.042765, 153.38665 -28.047279, 153.391738 -28.047264))",8c293a52745057c4
1076_13796,0.25,"POLYGON ((153.391721 -28.042751, 153.391705 -28.038237, 153.386618 -28.038252, 153.386634 -28.042765, 153.391721 -28.042751))",8c293a52745057c4
1076_13797,0.25,"POLYGON ((153.391705 -28.038237, 153.391689 -28.033724, 153.386602 -28.033738, 153.386618 -28.038252, 153.391705 -28.038237))",8c293a52745057c4
1076_13798,0.25,"POLYGON ((153.391689 -28.033724, 153.391672 -28.02921, 153.386586 -28.029225, 153.386602 -28.033738, 153.391689 -28.033724))",8c293a52745057c4
1076_13799,0.25,"POLYGON ((153.391672 -28.02921, 153.391656 -28.024697, 153.38657 -28.024711, 153.386586 -28.029225, 153.391672 -28.02921))",8c293a52745057c4
1076_13800,0.25,"POLYGON ((153.391656 -28.024697, 153.39164 -28.020183, 153.386554 -28.020198, 153.38657 -28.024711, 153.391656 -28.024697))",8c293a52745057c4
1076_13801,0.25,"POLYGON ((153.39164 -28.020183, 153.391623 -28.01567, 153.386537 -28.015684, 153.386554 -28.020198, 153.39164 -28.020183))",8c293a52745057c4
1076_13802,0.25,"POLYGON ((153.391623 -28.01567, 153.391607 -28.011156, 153.386521 -28.011171, 153.386537 -28.015684, 153.391623 -28.01567))",8c293a52745057c4
1076_13803,0.25,"POLYGON ((153.391607 -28.011156, 153.391591 -28.006643, 153.386505 -28.006657, 153.386521 -28.011171, 153.391607 -28.011156))",8c293a52745057c4
1076_13804,0.25,"POLYGON ((153.391591 -28.006643, 153.391574 -28.002129, 153.386489 -28.002144, 153.386505 -28.006657, 153.391591 -28.006643))",8c293a52745057c4
1076_13805,0.25,"POLYGON ((153.391574 -28.002129, 153.391558 -27.997616, 153.386473 -27.99763, 153.386489 -28.002144, 153.391574 -28.002129))",8c293a52745057c4
1076_13806,0.25,"POLYGON ((153.391558 -27.997616, 153.391542 -27.993102, 153.386457 -27.993116, 153.386473 -27.99763, 153.391558 -27.997616))",8c293a52745057c4
1076_13807,0.25,"POLYGON ((153.391542 -27.993102, 153.391526 -27.988589, 153.386441 -27.988603, 153.386457 -27.993116, 153.391542 -27.993102))",8c293a52745057c4
1076_13808,0.25,"POLYGON ((153.391526 -27.988589, 153.391509 -27.984075, 153.386425 -27.984089, 153.386441 -27.988603, 153.391526 -27.988589))",8c293a52745057c4
1076_13809,0.25,"POLYGON ((153.391509 -27.984075, 153.391493 -27.979561, 153.386409 -27.979576, 153.386425 -27.984089, 153.391509 -27.984075))",8c293a52745057c4
1076_13810,0.25,"POLYGON ((153.391493 -27.979561, 153.391477 -27.975048, 153.386393 -27.975062, 153.386409 -27.979576, 153.391493 -27.979561))",8c293a52745057c4
1076_13811,0.25,"POLYGON ((153.391477 -27.975048, 153.39146 -27.970534, 153.386377 -27.970549, 153.386393 -27.975062, 153.391477 -27.975048))",8c293a52745057c4
1076_13812,0.25,"POLYGON ((153.39146 -27.970534, 153.391444 -27.966021, 153.38636 -27.966035, 153.386377 -27.970549, 153.39146 -27.970534))",8c293a52745057c4
1076_13813,0.25,"POLYGON ((153.391444 -27.966021, 153.391428 -27.961507, 153.386344 -27.961522, 153.38636 -27.966035, 153.391444 -27.966021))",8c293a52745057c4
1076_13814,0.25,"POLYGON ((153.391428 -27.961507, 153.391411 -27.956994, 153.386328 -27.957008, 153.386344 -27.961522, 153.391428 -27.961507))",8c293a52745057c4
1076_13815,0.25,"POLYGON ((153.391411 -27.956994, 153.391395 -27.95248, 153.386312 -27.952494, 153.386328 -27.957008, 153.391411 -27.956994))",8c293a52745057c4
1076_13816,0.25,"POLYGON ((153.391395 -27.95248, 153.391379 -27.947966, 153.386296 -27.947981, 153.386312 -27.952494, 153.391395 -27.95248))",8c293a52745057c4
1076_13817,0.25,"POLYGON ((153.391379 -27.947966, 153.391363 -27.943453, 153.38628 -27.943467, 153.386296 -27.947981, 153.391379 -27.947966))",8c293a52745057c4
1076_13818,0.25,"POLYGON ((153.391363 -27.943453, 153.391346 -27.938939, 153.386264 -27.938954, 153.38628 -27.943467, 153.391363 -27.943453))",8c293a52745057c4
1076_13819,0.25,"POLYGON ((153.391346 -27.938939, 153.39133 -27.934426, 153.386248 -27.93444, 153.386264 -27.938954, 153.391346 -27.938939))",8c293a52745057c4
1076_13820,0.25,"POLYGON ((153.39133 -27.934426, 153.391314 -27.929912, 153.386232 -27.929926, 153.386248 -27.93444, 153.39133 -27.934426))",8c293a52745057c4
1076_13821,0.25,"POLYGON ((153.391314 -27.929912, 153.391298 -27.925399, 153.386216 -27.925413, 153.386232 -27.929926, 153.391314 -27.929912))",8c293a52745057c4
1076_13822,0.25,"POLYGON ((153.391298 -27.925399, 153.391281 -27.920885, 153.3862 -27.920899, 153.386216 -27.925413, 153.391298 -27.925399))",8c293a52745057c4
1076_13823,0.25,"POLYGON ((153.391281 -27.920885, 153.391265 -27.916371, 153.386184 -27.916386, 153.3862 -27.920899, 153.391281 -27.920885))",8c293a52745057c4
1076_13824,0.25,"POLYGON ((153.391265 -27.916371, 153.391249 -27.911858, 153.386168 -27.911872, 153.386184 -27.916386, 153.391265 -27.916371))",8c293a52745057c4
1076_13825,0.25,"POLYGON ((153.391249 -27.911858, 153.391233 -27.907344, 153.386152 -27.907358, 153.386168 -27.911872, 153.391249 -27.911858))",8c293a52745057c4
1076_13826,0.25,"POLYGON ((153.391233 -27.907344, 153.391216 -27.902831, 153.386136 -27.902845, 153.386152 -27.907358, 153.391233 -27.907344))",8c293a52745057c4
1076_13827,0.25,"POLYGON ((153.391216 -27.902831, 153.3912 -27.898317, 153.38612 -27.898331, 153.386136 -27.902845, 153.391216 -27.902831))",8c293a52745057c4
1076_13828,0.25,"POLYGON ((153.3912 -27.898317, 153.391184 -27.893803, 153.386104 -27.893818, 153.38612 -27.898331, 153.3912 -27.898317))",8c293a52745057c4
1076_13829,0.25,"POLYGON ((153.391184 -27.893803, 153.391168 -27.88929, 153.386088 -27.889304, 153.386104 -27.893818, 153.391184 -27.893803))",8c293a52745057c4
1076_13830,0.25,"POLYGON ((153.391168 -27.88929, 153.391151 -27.884776, 153.386072 -27.88479, 153.386088 -27.889304, 153.391168 -27.88929))",8c293a52745057c4
1076_13831,0.25,"POLYGON ((153.391151 -27.884776, 153.391135 -27.880262, 153.386056 -27.880277, 153.386072 -27.88479, 153.391151 -27.884776))",8c293a52745057c4
1076_13832,0.25,"POLYGON ((153.391135 -27.880262, 153.391119 -27.875749, 153.38604 -27.875763, 153.386056 -27.880277, 153.391135 -27.880262))",8c293a52745057c4
1076_13833,0.25,"POLYGON ((153.391119 -27.875749, 153.391103 -27.871235, 153.386024 -27.87125, 153.38604 -27.875763, 153.391119 -27.875749))",8c293a52745057c4
1076_13834,0.25,"POLYGON ((153.391103 -27.871235, 153.391087 -27.866722, 153.386008 -27.866736, 153.386024 -27.87125, 153.391103 -27.871235))",8c293a52745057c4
1076_13835,0.25,"POLYGON ((153.391087 -27.866722, 153.39107 -27.862208, 153.385992 -27.862222, 153.386008 -27.866736, 153.391087 -27.866722))",8c293a52745057c4
1076_13836,0.25,"POLYGON ((153.39107 -27.862208, 153.391054 -27.857694, 153.385976 -27.857709, 153.385992 -27.862222, 153.39107 -27.862208))",8c293a52745057c4
1076_13837,0.25,"POLYGON ((153.391054 -27.857694, 153.391038 -27.853181, 153.38596 -27.853195, 153.385976 -27.857709, 153.391054 -27.857694))",8c293a52745057c4
1076_13838,0.25,"POLYGON ((153.391038 -27.853181, 153.391022 -27.848667, 153.385944 -27.848681, 153.38596 -27.853195, 153.391038 -27.853181))",8c293a52745057c4
1076_13839,0.25,"POLYGON ((153.391022 -27.848667, 153.391006 -27.844153, 153.385928 -27.844168, 153.385944 -27.848681, 153.391022 -27.848667))",8c293a52745057c4
1076_13840,0.25,"POLYGON ((153.391006 -27.844153, 153.390989 -27.83964, 153.385912 -27.839654, 153.385928 -27.844168, 153.391006 -27.844153))",8c293a52745057c4
1076_13841,0.25,"POLYGON ((153.390989 -27.83964, 153.390973 -27.835126, 153.385896 -27.83514, 153.385912 -27.839654, 153.390989 -27.83964))",8c293a52745057c4
1076_13842,0.25,"POLYGON ((153.390973 -27.835126, 153.390957 -27.830612, 153.38588 -27.830627, 153.385896 -27.83514, 153.390973 -27.835126))",8c293a52745057c4
1076_13843,0.25,"POLYGON ((153.390957 -27.830612, 153.390941 -27.826099, 153.385864 -27.826113, 153.38588 -27.830627, 153.390957 -27.830612))",8c293a52745057c4
1076_13844,0.25,"POLYGON ((153.390941 -27.826099, 153.390925 -27.821585, 153.385848 -27.821599, 153.385864 -27.826113, 153.390941 -27.826099))",8c293a52745057c4
1076_13845,0.25,"POLYGON ((153.390925 -27.821585, 153.390909 -27.817071, 153.385832 -27.817086, 153.385848 -27.821599, 153.390925 -27.821585))",8c293a52745057c4
1076_13846,0.25,"POLYGON ((153.390909 -27.817071, 153.390892 -27.812558, 153.385816 -27.812572, 153.385832 -27.817086, 153.390909 -27.817071))",8c293a52745057c4
1076_13847,0.25,"POLYGON ((153.390892 -27.812558, 153.390876 -27.808044, 153.3858 -27.808058, 153.385816 -27.812572, 153.390892 -27.812558))",8c293a52745057c4
1076_13848,0.25,"POLYGON ((153.390876 -27.808044, 153.39086 -27.80353, 153.385784 -27.803545, 153.3858 -27.808058, 153.390876 -27.808044))",8c293a52745057c4
1076_13849,0.25,"POLYGON ((153.39086 -27.80353, 153.390844 -27.799017, 153.385768 -27.799031, 153.385784 -27.803545, 153.39086 -27.80353))",8c293a52745057c4
1076_13850,0.25,"POLYGON ((153.390844 -27.799017, 153.390828 -27.794503, 153.385752 -27.794517, 153.385768 -27.799031, 153.390844 -27.799017))",8c293a52745057c4
1076_13851,0.25,"POLYGON ((153.390828 -27.794503, 153.390812 -27.789989, 153.385736 -27.790004, 153.385752 -27.794517, 153.390828 -27.794503))",8c293a52745057c4
1076_13852,0.25,"POLYGON ((153.390812 -27.789989, 153.390796 -27.785476, 153.38572 -27.78549, 153.385736 -27.790004, 153.390812 -27.789989))",8c293a52745057c4
1076_13853,0.25,"POLYGON ((153.390796 -27.785476, 153.390779 -27.780962, 153.385704 -27.780976, 153.38572 -27.78549, 153.390796 -27.785476))",8c293a52745057c4
1076_13854,0.25,"POLYGON ((153.390779 -27.780962, 153.390763 -27.776448, 153.385689 -27.776463, 153.385704 -27.780976, 153.390779 -27.780962))",8c293a52745057c4
1076_13855,0.25,"POLYGON ((153.390763 -27.776448, 153.390747 -27.771935, 153.385673 -27.771949, 153.385689 -27.776463, 153.390763 -27.776448))",8c293a52745057c4
1076_13856,0.25,"POLYGON ((153.390747 -27.771935, 153.390731 -27.767421, 153.385657 -27.767435, 153.385673 -27.771949, 153.390747 -27.771935))",8c293a52745057c4
1076_13857,0.25,"POLYGON ((153.390731 -27.767421, 153.390715 -27.762907, 153.385641 -27.762922, 153.385657 -27.767435, 153.390731 -27.767421))",8c293a52745057c4
1076_13858,0.25,"POLYGON ((153.390715 -27.762907, 153.390699 -27.758394, 153.385625 -27.758408, 153.385641 -27.762922, 153.390715 -27.762907))",8c293a52745057c4
1076_13859,0.25,"POLYGON ((153.390699 -27.758394, 153.390683 -27.75388, 153.385609 -27.753894, 153.385625 -27.758408, 153.390699 -27.758394))",8c293a52745057c4
1076_13860,0.25,"POLYGON ((153.390683 -27.75388, 153.390667 -27.749366, 153.385593 -27.74938, 153.385609 -27.753894, 153.390683 -27.75388))",8c293a52745057c4
1076_13861,0.25,"POLYGON ((153.390667 -27.749366, 153.39065 -27.744852, 153.385577 -27.744867, 153.385593 -27.74938, 153.390667 -27.749366))",8c293a52745057c4
1076_13862,0.25,"POLYGON ((153.39065 -27.744852, 153.390634 -27.740339, 153.385561 -27.740353, 153.385577 -27.744867, 153.39065 -27.744852))",8c293a52745057c4
1076_13863,0.25,"POLYGON ((153.390634 -27.740339, 153.390618 -27.735825, 153.385545 -27.735839, 153.385561 -27.740353, 153.390634 -27.740339))",8c293a52745057c4
1076_13864,0.25,"POLYGON ((153.390618 -27.735825, 153.390602 -27.731311, 153.38553 -27.731326, 153.385545 -27.735839, 153.390618 -27.735825))",8c293a52745057c4
1076_13865,0.25,"POLYGON ((153.390602 -27.731311, 153.390586 -27.726798, 153.385514 -27.726812, 153.38553 -27.731326, 153.390602 -27.731311))",8c293a52745057c4
1076_13866,0.25,"POLYGON ((153.390586 -27.726798, 153.39057 -27.722284, 153.385498 -27.722298, 153.385514 -27.726812, 153.390586 -27.726798))",8c293a52745057c4
1076_13867,0.25,"POLYGON ((153.39057 -27.722284, 153.390554 -27.71777, 153.385482 -27.717784, 153.385498 -27.722298, 153.39057 -27.722284))",8c293a52745057c4
1076_13868,0.25,"POLYGON ((153.390554 -27.71777, 153.390538 -27.713256, 153.385466 -27.713271, 153.385482 -27.717784, 153.390554 -27.71777))",8c293a52745057c4
1076_13869,0.2434685407754026,"POLYGON ((153.390538 -27.713256, 153.390522 -27.708743, 153.38545 -27.708757, 153.385466 -27.713271, 153.390538 -27.713256))",8c293a52745057c4
1076_13870,0.060283868256882873,"POLYGON ((153.390522 -27.708743, 153.390506 -27.704229, 153.385434 -27.704243, 153.38545 -27.708757, 153.390522 -27.708743))",8c293a52745057c4
1077_13755,0.027508700005776366,"POLYGON ((153.397491 -28.227788, 153.397474 -28.223274, 153.392379 -28.223289, 153.392395 -28.227803, 153.397491 -28.227788))",8c293a52745057c4
1077_13756,0.17802953537590874,"POLYGON ((153.397474 -28.223274, 153.397458 -28.218761, 153.392362 -28.218776, 153.392379 -28.223289, 153.397474 -28.223274))",8c293a52745057c4
1077_13757,0.25,"POLYGON ((153.397458 -28.218761, 153.397441 -28.214248, 153.392346 -28.214262, 153.392362 -28.218776, 153.397458 -28.218761))",8c293a52745057c4
1077_13758,0.25,"POLYGON ((153.397441 -28.214248, 153.397424 -28.209734, 153.392329 -28.209749, 153.392346 -28.214262, 153.397441 -28.214248))",8c293a52745057c4
1077_13759,0.25,"POLYGON ((153.397424 -28.209734, 153.397407 -28.205221, 153.392313 -28.205236, 153.392329 -28.209749, 153.397424 -28.209734))",8c293a52745057c4
1077_13760,0.25,"POLYGON ((153.397407 -28.205221, 153.397391 -28.200707, 153.392296 -28.200722, 153.392313 -28.205236, 153.397407 -28.205221))",8c293a52745057c4
1077_13761,0.25,"POLYGON ((153.397391 -28.200707, 153.397374 -28.196194, 153.39228 -28.196209, 153.392296 -28.200722, 153.397391 -28.200707))",8c293a52745057c4
1077_13762,0.25,"POLYGON ((153.397374 -28.196194, 153.397357 -28.191681, 153.392263 -28.191695, 153.39228 -28.196209, 153.397374 -28.196194))",8c293a52745057c4
1077_13763,0.25,"POLYGON ((153.397357 -28.191681, 153.397341 -28.187167, 153.392247 -28.187182, 153.392263 -28.191695, 153.397357 -28.191681))",8c293a52745057c4
1077_13764,0.25,"POLYGON ((153.397341 -28.187167, 153.397324 -28.182654, 153.39223 -28.182668, 153.392247 -28.187182, 153.397341 -28.187167))",8c293a52745057c4
1077_13765,0.25,"POLYGON ((153.397324 -28.182654, 153.397307 -28.17814, 153.392214 -28.178155, 153.39223 -28.182668, 153.397324 -28.182654))",8c293a52745057c4
1077_13766,0.25,"POLYGON ((153.397307 -28.17814, 153.397291 -28.173627, 153.392197 -28.173642, 153.392214 -28.178155, 153.397307 -28.17814))",8c293a52745057c4
1077_13767,0.25,"POLYGON ((153.397291 -28.173627, 153.397274 -28.169114, 153.392181 -28.169128, 153.392197 -28.173642, 153.397291 -28.173627))",8c293a52745057c4
1077_13768,0.25,"POLYGON ((153.397274 -28.169114, 153.397257 -28.1646, 153.392164 -28.164615, 153.392181 -28.169128, 153.397274 -28.169114))",8c293a52745057c4
1077_13769,0.25,"POLYGON ((153.397257 -28.1646, 153.397241 -28.160087, 153.392148 -28.160101, 153.392164 -28.164615, 153.397257 -28.1646))",8c293a52745057c4
1077_13770,0.25,"POLYGON ((153.397241 -28.160087, 153.397224 -28.155573, 153.392131 -28.155588, 153.392148 -28.160101, 153.397241 -28.160087))",8c293a52745057c4
1077_13771,0.25,"POLYGON ((153.397224 -28.155573, 153.397207 -28.15106, 153.392115 -28.151074, 153.392131 -28.155588, 153.397224 -28.155573))",8c293a52745057c4
1077_13772,0.25,"POLYGON ((153.397207 -28.15106, 153.397191 -28.146546, 153.392099 -28.146561, 153.392115 -28.151074, 153.397207 -28.15106))",8c293a52745057c4
1077_13773,0.25,"POLYGON ((153.397191 -28.146546, 153.397174 -28.142033, 153.392082 -28.142048, 153.392099 -28.146561, 153.397191 -28.146546))",8c293a52745057c4
1077_13774,0.25,"POLYGON ((153.397174 -28.142033, 153.397157 -28.137519, 153.392066 -28.137534, 153.392082 -28.142048, 153.397174 -28.142033))",8c293a52745057c4
1077_13775,0.25,"POLYGON ((153.397157 -28.137519, 153.397141 -28.133006, 153.392049 -28.133021, 153.392066 -28.137534, 153.397157 -28.137519))",8c293a52745057c4
1077_13776,0.25,"POLYGON ((153.397141 -28.133006, 153.397124 -28.128493, 153.392033 -28.128507, 153.392049 -28.133021, 153.397141 -28.133006))",8c293a52745057c4
1077_13777,0.25,"POLYGON ((153.397124 -28.128493, 153.397107 -28.123979, 153.392016 -28.123994, 153.392033 -28.128507, 153.397124 -28.128493))",8c293a52745057c4
1077_13778,0.25,"POLYGON ((153.397107 -28.123979, 153.397091 -28.119466, 153.392 -28.11948, 153.392016 -28.123994, 153.397107 -28.123979))",8c293a52745057c4
1077_13779,0.25,"POLYGON ((153.397091 -28.119466, 153.397074 -28.114952, 153.391984 -28.114967, 153.392 -28.11948, 153.397091 -28.119466))",8c293a52745057c4
1077_13780,0.25,"POLYGON ((153.397074 -28.114952, 153.397058 -28.110439, 153.391967 -28.110453, 153.391984 -28.114967, 153.397074 -28.114952))",8c293a52745057c4
1077_13781,0.25,"POLYGON ((153.397058 -28.110439, 153.397041 -28.105925, 153.391951 -28.10594, 153.391967 -28.110453, 153.397058 -28.110439))",8c293a52745057c4
1077_13782,0.25,"POLYGON ((153.397041 -28.105925, 153.397024 -28.101412, 153.391934 -28.101426, 153.391951 -28.10594, 153.397041 -28.105925))",8c293a52745057c4
1077_13783,0.25,"POLYGON ((153.397024 -28.101412, 153.397008 -28.096898, 153.391918 -28.096913, 153.391934 -28.101426, 153.397024 -28.101412))",8c293a52745057c4
1077_13784,0.25,"POLYGON ((153.397008 -28.096898, 153.396991 -28.092385, 153.391902 -28.092399, 153.391918 -28.096913, 153.397008 -28.096898))",8c293a52745057c4
1077_13785,0.25,"POLYGON ((153.396991 -28.092385, 153.396974 -28.087871, 153.391885 -28.087886, 153.391902 -28.092399, 153.396991 -28.092385))",8c293a52745057c4
1077_13786,0.25,"POLYGON ((153.396974 -28.087871, 153.396958 -28.083358, 153.391869 -28.083372, 153.391885 -28.087886, 153.396974 -28.087871))",8c293a52745057c4
1077_13787,0.25,"POLYGON ((153.396958 -28.083358, 153.396941 -28.078844, 153.391852 -28.078859, 153.391869 -28.083372, 153.396958 -28.083358))",8c293a52745057c4
1077_13788,0.25,"POLYGON ((153.396941 -28.078844, 153.396925 -28.074331, 153.391836 -28.074345, 153.391852 -28.078859, 153.396941 -28.078844))",8c293a52745057c4
1077_13789,0.25,"POLYGON ((153.396925 -28.074331, 153.396908 -28.069817, 153.39182 -28.069832, 153.391836 -28.074345, 153.396925 -28.074331))",8c293a52745057c4
1077_13790,0.25,"POLYGON ((153.396908 -28.069817, 153.396892 -28.065304, 153.391803 -28.065318, 153.39182 -28.069832, 153.396908 -28.069817))",8c293a52745057c4
1077_13791,0.25,"POLYGON ((153.396892 -28.065304, 153.396875 -28.06079, 153.391787 -28.060805, 153.391803 -28.065318, 153.396892 -28.065304))",8c293a52745057c4
1077_13792,0.25,"POLYGON ((153.396875 -28.06079, 153.396858 -28.056277, 153.391771 -28.056291, 153.391787 -28.060805, 153.396875 -28.06079))",8c293a52745057c4
1077_13793,0.25,"POLYGON ((153.396858 -28.056277, 153.396842 -28.051763, 153.391754 -28.051778, 153.391771 -28.056291, 153.396858 -28.056277))",8c293a52745057c4
1077_13794,0.25,"POLYGON ((153.396842 -28.051763, 153.396825 -28.04725, 153.391738 -28.047264, 153.391754 -28.051778, 153.396842 -28.051763))",8c293a52745057c4
1077_13795,0.25,"POLYGON ((153.396825 -28.04725, 153.396809 -28.042736, 153.391721 -28.042751, 153.391738 -28.047264, 153.396825 -28.04725))",8c293a52745057c4
1077_13796,0.25,"POLYGON ((153.396809 -28.042736, 153.396792 -28.038223, 153.391705 -28.038237, 153.391721 -28.042751, 153.396809 -28.042736))",8c293a52745057c4
1077_13797,0.25,"POLYGON ((153.396792 -28.038223, 153.396776 -28.033709, 153.391689 -28.033724, 153.391705 -28.038237, 153.396792 -28.038223))",8c293a52745057c4
1077_13798,0.25,"POLYGON ((153.396776 -28.033709, 153.396759 -28.029196, 153.391672 -28.02921, 153.391689 -28.033724, 153.396776 -28.033709))",8c293a52745057c4
1077_13799,0.25,"POLYGON ((153.396759 -28.029196, 153.396742 -28.024682, 153.391656 -28.024697, 153.391672 -28.02921, 153.396759 -28.029196))",8c293a52745057c4
1077_13800,0.25,"POLYGON ((153.396742 -28.024682, 153.396726 -28.020169, 153.39164 -28.020183, 153.391656 -28.024697, 153.396742 -28.024682))",8c293a52745057c4
1077_13801,0.25,"POLYGON ((153.396726 -28.020169, 153.396709 -28.015655, 153.391623 -28.01567, 153.39164 -28.020183, 153.396726 -28.020169))",8c293a52745057c4
1077_13802,0.25,"POLYGON ((153.396709 -28.015655, 153.396693 -28.011142, 153.391607 -28.011156, 153.391623 -28.01567, 153.396709 -28.015655))",8c293a52745057c4
1077_13803,0.25,"POLYGON ((153.396693 -28.011142, 153.396676 -28.006628, 153.391591 -28.006643, 153.391607 -28.011156, 153.396693 -28.011142))",8c293a52745057c4
1077_13804,0.25,"POLYGON ((153.396676 -28.006628, 153.39666 -28.002115, 153.391574 -28.002129, 153.391591 -28.006643, 153.396676 -28.006628))",8c293a52745057c4
1077_13805,0.25,"POLYGON ((153.39666 -28.002115, 153.396643 -27.997601, 153.391558 -27.997616, 153.391574 -28.002129, 153.39666 -28.002115))",8c293a52745057c4
1077_13806,0.25,"POLYGON ((153.396643 -27.997601, 153.396627 -27.993088, 153.391542 -27.993102, 153.391558 -27.997616, 153.396643 -27.997601))",8c293a52745057c4
1077_13807,0.25,"POLYGON ((153.396627 -27.993088, 153.39661 -27.988574, 153.391526 -27.988589, 153.391542 -27.993102, 153.396627 -27.993088))",8c293a52745057c4
1077_13808,0.25,"POLYGON ((153.39661 -27.988574, 153.396594 -27.98406, 153.391509 -27.984075, 153.391526 -27.988589, 153.39661 -27.988574))",8c293a52745057c4
1077_13809,0.25,"POLYGON ((153.396594 -27.98406, 153.396577 -27.979547, 153.391493 -27.979561, 153.391509 -27.984075, 153.396594 -27.98406))",8c293a52745057c4
1077_13810,0.25,"POLYGON ((153.396577 -27.979547, 153.396561 -27.975033, 153.391477 -27.975048, 153.391493 -27.979561, 153.396577 -27.979547))",8c293a52745057c4
1077_13811,0.25,"POLYGON ((153.396561 -27.975033, 153.396544 -27.97052, 153.39146 -27.970534, 153.391477 -27.975048, 153.396561 -27.975033))",8c293a52745057c4
1077_13812,0.25,"POLYGON ((153.396544 -27.97052, 153.396528 -27.966006, 153.391444 -27.966021, 153.39146 -27.970534, 153.396544 -27.97052))",8c293a52745057c4
1077_13813,0.25,"POLYGON ((153.396528 -27.966006, 153.396511 -27.961493, 153.391428 -27.961507, 153.391444 -27.966021, 153.396528 -27.966006))",8c293a52745057c4
1077_13814,0.25,"POLYGON ((153.396511 -27.961493, 153.396495 -27.956979, 153.391411 -27.956994, 153.391428 -27.961507, 153.396511 -27.961493))",8c293a52745057c4
1077_13815,0.25,"POLYGON ((153.396495 -27.956979, 153.396478 -27.952466, 153.391395 -27.95248, 153.391411 -27.956994, 153.396495 -27.956979))",8c293a52745057c4
1077_13816,0.25,"POLYGON ((153.396478 -27.952466, 153.396462 -27.947952, 153.391379 -27.947966, 153.391395 -27.95248, 153.396478 -27.952466))",8c293a52745057c4
1077_13817,0.25,"POLYGON ((153.396462 -27.947952, 153.396445 -27.943438, 153.391363 -27.943453, 153.391379 -27.947966, 153.396462 -27.947952))",8c293a52745057c4
1077_13818,0.25,"POLYGON ((153.396445 -27.943438, 153.396429 -27.938925, 153.391346 -27.938939, 153.391363 -27.943453, 153.396445 -27.943438))",8c293a52745057c4
1077_13819,0.25,"POLYGON ((153.396429 -27.938925, 153.396412 -27.934411, 153.39133 -27.934426, 153.391346 -27.938939, 153.396429 -27.938925))",8c293a52745057c4
1077_13820,0.25,"POLYGON ((153.396412 -27.934411, 153.396396 -27.929898, 153.391314 -27.929912, 153.39133 -27.934426, 153.396412 -27.934411))",8c293a52745057c4
1077_13821,0.25,"POLYGON ((153.396396 -27.929898, 153.396379 -27.925384, 153.391298 -27.925399, 153.391314 -27.929912, 153.396396 -27.929898))",8c293a52745057c4
1077_13822,0.25,"POLYGON ((153.396379 -27.925384, 153.396363 -27.92087, 153.391281 -27.920885, 153.391298 -27.925399, 153.396379 -27.925384))",8c293a52745057c4
1077_13823,0.25,"POLYGON ((153.396363 -27.92087, 153.396346 -27.916357, 153.391265 -27.916371, 153.391281 -27.920885, 153.396363 -27.92087))",8c293a52745057c4
1077_13824,0.25,"POLYGON ((153.396346 -27.916357, 153.39633 -27.911843, 153.391249 -27.911858, 153.391265 -27.916371, 153.396346 -27.916357))",8c293a52745057c4
1077_13825,0.25,"POLYGON ((153.39633 -27.911843, 153.396313 -27.90733, 153.391233 -27.907344, 153.391249 -27.911858, 153.39633 -27.911843))",8c293a52745057c4
1077_13826,0.25,"POLYGON ((153.396313 -27.90733, 153.396297 -27.902816, 153.391216 -27.902831, 153.391233 -27.907344, 153.396313 -27.90733))",8c293a52745057c4
1077_13827,0.25,"POLYGON ((153.396297 -27.902816, 153.396281 -27.898302, 153.3912 -27.898317, 153.391216 -27.902831, 153.396297 -27.902816))",8c293a52745057c4
1077_13828,0.25,"POLYGON ((153.396281 -27.898302, 153.396264 -27.893789, 153.391184 -27.893803, 153.3912 -27.898317, 153.396281 -27.898302))",8c293a52745057c4
1077_13829,0.25,"POLYGON ((153.396264 -27.893789, 153.396248 -27.889275, 153.391168 -27.88929, 153.391184 -27.893803, 153.396264 -27.893789))",8c293a52745057c4
1077_13830,0.25,"POLYGON ((153.396248 -27.889275, 153.396231 -27.884762, 153.391151 -27.884776, 153.391168 -27.88929, 153.396248 -27.889275))",8c293a52745057c4
1077_13831,0.25,"POLYGON ((153.396231 -27.884762, 153.396215 -27.880248, 153.391135 -27.880262, 153.391151 -27.884776, 153.396231 -27.884762))",8c293a52745057c4
1077_13832,0.25,"POLYGON ((153.396215 -27.880248, 153.396198 -27.875734, 153.391119 -27.875749, 153.391135 -27.880262, 153.396215 -27.880248))",8c293a52745057c4
1077_13833,0.25,"POLYGON ((153.396198 -27.875734, 153.396182 -27.871221, 153.391103 -27.871235, 153.391119 -27.875749, 153.396198 -27.875734))",8c293a52745057c4
1077_13834,0.25,"POLYGON ((153.396182 -27.871221, 153.396166 -27.866707, 153.391087 -27.866722, 153.391103 -27.871235, 153.396182 -27.871221))",8c293a52745057c4
1077_13835,0.25,"POLYGON ((153.396166 -27.866707, 153.396149 -27.862193, 153.39107 -27.862208, 153.391087 -27.866722, 153.396166 -27.866707))",8c293a52745057c4
1077_13836,0.25,"POLYGON ((153.396149 -27.862193, 153.396133 -27.85768, 153.391054 -27.857694, 153.39107 -27.862208, 153.396149 -27.862193))",8c293a52745057c4
1077_13837,0.25,"POLYGON ((153.396133 -27.85768, 153.396116 -27.853166, 153.391038 -27.853181, 153.391054 -27.857694, 153.396133 -27.85768))",8c293a52745057c4
1077_13838,0.25,"POLYGON ((153.396116 -27.853166, 153.3961 -27.848653, 153.391022 -27.848667, 153.391038 -27.853181, 153.396116 -27.853166))",8c293a52745057c4
1077_13839,0.25,"POLYGON ((153.3961 -27.848653, 153.396084 -27.844139, 153.391006 -27.844153, 153.391022 -27.848667, 153.3961 -27.848653))",8c293a52745057c4
1077_13840,0.25,"POLYGON ((153.396084 -27.844139, 153.396067 -27.839625, 153.390989 -27.83964, 153.391006 -27.844153, 153.396084 -27.844139))",8c293a52745057c4
1077_13841,0.25,"POLYGON ((153.396067 -27.839625, 153.396051 -27.835112, 153.390973 -27.835126, 153.390989 -27.83964, 153.396067 -27.839625))",8c293a52745057c4
1077_13842,0.25,"POLYGON ((153.396051 -27.835112, 153.396034 -27.830598, 153.390957 -27.830612, 153.390973 -27.835126, 153.396051 -27.835112))",8c293a52745057c4
1077_13843,0.25,"POLYGON ((153.396034 -27.830598, 153.396018 -27.826084, 153.390941 -27.826099, 153.390957 -27.830612, 153.396034 -27.830598))",8c293a52745057c4
1077_13844,0.25,"POLYGON ((153.396018 -27.826084, 153.396002 -27.821571, 153.390925 -27.821585, 153.390941 -27.826099, 153.396018 -27.826084))",8c293a52745057c4
1077_13845,0.25,"POLYGON ((153.396002 -27.821571, 153.395985 -27.817057, 153.390909 -27.817071, 153.390925 -27.821585, 153.396002 -27.821571))",8c293a52745057c4
1077_13846,0.25,"POLYGON ((153.395985 -27.817057, 153.395969 -27.812543, 153.390892 -27.812558, 153.390909 -27.817071, 153.395985 -27.817057))",8c293a52745057c4
1077_13847,0.25,"POLYGON ((153.395969 -27.812543, 153.395952 -27.80803, 153.390876 -27.808044, 153.390892 -27.812558, 153.395969 -27.812543))",8c293a52745057c4
1077_13848,0.25,"POLYGON ((153.395952 -27.80803, 153.395936 -27.803516, 153.39086 -27.80353, 153.390876 -27.808044, 153.395952 -27.80803))",8c293a52745057c4
1077_13849,0.25,"POLYGON ((153.395936 -27.803516, 153.39592 -27.799002, 153.390844 -27.799017, 153.39086 -27.80353, 153.395936 -27.803516))",8c293a52745057c4
1077_13850,0.25,"POLYGON ((153.39592 -27.799002, 153.395903 -27.794489, 153.390828 -27.794503, 153.390844 -27.799017, 153.39592 -27.799002))",8c293a52745057c4
1077_13851,0.25,"POLYGON ((153.395903 -27.794489, 153.395887 -27.789975, 153.390812 -27.789989, 153.390828 -27.794503, 153.395903 -27.794489))",8c293a52745057c4
1077_13852,0.25,"POLYGON ((153.395887 -27.789975, 153.395871 -27.785461, 153.390796 -27.785476, 153.390812 -27.789989, 153.395887 -27.789975))",8c293a52745057c4
1077_13853,0.25,"POLYGON ((153.395871 -27.785461, 153.395854 -27.780948, 153.390779 -27.780962, 153.390796 -27.785476, 153.395871 -27.785461))",8c293a52745057c4
1077_13854,0.25,"POLYGON ((153.395854 -27.780948, 153.395838 -27.776434, 153.390763 -27.776448, 153.390779 -27.780962, 153.395854 -27.780948))",8c293a52745057c4
1077_13855,0.25,"POLYGON ((153.395838 -27.776434, 153.395822 -27.77192, 153.390747 -27.771935, 153.390763 -27.776448, 153.395838 -27.776434))",8c293a52745057c4
1077_13856,0.25,"POLYGON ((153.395822 -27.77192, 153.395805 -27.767407, 153.390731 -27.767421, 153.390747 -27.771935, 153.395822 -27.77192))",8c293a52745057c4
1077_13857,0.25,"POLYGON ((153.395805 -27.767407, 153.395789 -27.762893, 153.390715 -27.762907, 153.390731 -27.767421, 153.395805 -27.767407))",8c293a52745057c4
1077_13858,0.25,"POLYGON ((153.395789 -27.762893, 153.395773 -27.758379, 153.390699 -27.758394, 153.390715 -27.762907, 153.395789 -27.762893))",8c293a52745057c4
1077_13859,0.25,"POLYGON ((153.395773 -27.758379, 153.395756 -27.753865, 153.390683 -27.75388, 153.390699 -27.758394, 153.395773 -27.758379))",8c293a52745057c4
1077_13860,0.25,"POLYGON ((153.395756 -27.753865, 153.39574 -27.749352, 153.390667 -27.749366, 153.390683 -27.75388, 153.395756 -27.753865))",8c293a52745057c4
1077_13861,0.25,"POLYGON ((153.39574 -27.749352, 153.395724 -27.744838, 153.39065 -27.744852, 153.390667 -27.749366, 153.39574 -27.749352))",8c293a52745057c4
1077_13862,0.25,"POLYGON ((153.395724 -27.744838, 153.395707 -27.740324, 153.390634 -27.740339, 153.39065 -27.744852, 153.395724 -27.744838))",8c293a52745057c4
1077_13863,0.25,"POLYGON ((153.395707 -27.740324, 153.395691 -27.735811, 153.390618 -27.735825, 153.390634 -27.740339, 153.395707 -27.740324))",8c293a52745057c4
1077_13864,0.25,"POLYGON ((153.395691 -27.735811, 153.395675 -27.731297, 153.390602 -27.731311, 153.390618 -27.735825, 153.395691 -27.735811))",8c293a52745057c4
1077_13865,0.25,"POLYGON ((153.395675 -27.731297, 153.395659 -27.726783, 153.390586 -27.726798, 153.390602 -27.731311, 153.395675 -27.731297))",8c293a52745057c4
1077_13866,0.25,"POLYGON ((153.395659 -27.726783, 153.395642 -27.72227, 153.39057 -27.722284, 153.390586 -27.726798, 153.395659 -27.726783))",8c293a52745057c4
1077_13867,0.25,"POLYGON ((153.395642 -27.72227, 153.395626 -27.717756, 153.390554 -27.71777, 153.39057 -27.722284, 153.395642 -27.72227))",8c293a52745057c4
1077_13868,0.16796893572644728,"POLYGON ((153.395626 -27.717756, 153.39561 -27.713242, 153.390538 -27.713256, 153.390554 -27.71777, 153.395626 -27.717756))",8c293a52745057c4
1077_13869,0.09287533059558102,"POLYGON ((153.39561 -27.713242, 153.395593 -27.708728, 153.390522 -27.708743, 153.390538 -27.713256, 153.39561 -27.713242))",8c293a52745057c4
1077_13870,0.021078124765363297,"POLYGON ((153.395593 -27.708728, 153.395577 -27.704215, 153.390506 -27.704229, 153.390522 -27.708743, 153.395593 -27.708728))",8c293a52745057c4
1078_13756,0.0004922772709364313,"POLYGON ((153.40257 -28.22326, 153.402553 -28.218746, 153.397458 -28.218761, 153.397474 -28.223274, 153.40257 -28.22326))",8c293a52745057c4
1078_13757,0.14974589163351687,"POLYGON ((153.402553 -28.218746, 153.402536 -28.214233, 153.397441 -28.214248, 153.397458 -28.218761, 153.402553 -28.218746))",8c293a52745057c4
1078_13758,0.25,"POLYGON ((153.402536 -28.214233, 153.402519 -28.209719, 153.397424 -28.209734, 153.397441 -28.214248, 153.402536 -28.214233))",8c293a52745057c4
1078_13759,0.25,"POLYGON ((153.402519 -28.209719, 153.402502 -28.205206, 153.397407 -28.205221, 153.397424 -28.209734, 153.402519 -28.209719))",8c293a52745057c4
1078_13760,0.25,"POLYGON ((153.402502 -28.205206, 153.402485 -28.200693, 153.397391 -28.200707, 153.397407 -28.205221, 153.402502 -28.205206))",8c293a52745057c4
1078_13761,0.25,"POLYGON ((153.402485 -28.200693, 153.402468 -28.196179, 153.397374 -28.196194, 153.397391 -28.200707, 153.402485 -28.200693))",8c293a52745057c4
1078_13762,0.25,"POLYGON ((153.402468 -28.196179, 153.402452 -28.191666, 153.397357 -28.191681, 153.397374 -28.196194, 153.402468 -28.196179))",8c293a52745057c4
1078_13763,0.25,"POLYGON ((153.402452 -28.191666, 153.402435 -28.187152, 153.397341 -28.187167, 153.397357 -28.191681, 153.402452 -28.191666))",8c293a52745057c4
1078_13764,0.25,"POLYGON ((153.402435 -28.187152, 153.402418 -28.182639, 153.397324 -28.182654, 153.397341 -28.187167, 153.402435 -28.187152))",8c293a52745057c4
1078_13765,0.25,"POLYGON ((153.402418 -28.182639, 153.402401 -28.178125, 153.397307 -28.17814, 153.397324 -28.182654, 153.402418 -28.182639))",8c293a52745057c4
1078_13766,0.25,"POLYGON ((153.402401 -28.178125, 153.402384 -28.173612, 153.397291 -28.173627, 153.397307 -28.17814, 153.402401 -28.178125))",8c293a52745057c4
1078_13767,0.25,"POLYGON ((153.402384 -28.173612, 153.402367 -28.169099, 153.397274 -28.169114, 153.397291 -28.173627, 153.402384 -28.173612))",8c293a52745057c4
1078_13768,0.25,"POLYGON ((153.402367 -28.169099, 153.40235 -28.164585, 153.397257 -28.1646, 153.397274 -28.169114, 153.402367 -28.169099))",8c293a52745057c4
1078_13769,0.25,"POLYGON ((153.40235 -28.164585, 153.402333 -28.160072, 153.397241 -28.160087, 153.397257 -28.1646, 153.40235 -28.164585))",8c293a52745057c4
1078_13770,0.25,"POLYGON ((153.402333 -28.160072, 153.402316 -28.155558, 153.397224 -28.155573, 153.397241 -28.160087, 153.402333 -28.160072))",8c293a52745057c4
1078_13771,0.25,"POLYGON ((153.402316 -28.155558, 153.4023 -28.151045, 153.397207 -28.15106, 153.397224 -28.155573, 153.402316 -28.155558))",8c293a52745057c4
1078_13772,0.25,"POLYGON ((153.4023 -28.151045, 153.402283 -28.146531, 153.397191 -28.146546, 153.397207 -28.15106, 153.4023 -28.151045))",8c293a52745057c4
1078_13773,0.25,"POLYGON ((153.402283 -28.146531, 153.402266 -28.142018, 153.397174 -28.142033, 153.397191 -28.146546, 153.402283 -28.146531))",8c293a52745057c4
1078_13774,0.25,"POLYGON ((153.402266 -28.142018, 153.402249 -28.137505, 153.397157 -28.137519, 153.397174 -28.142033, 153.402266 -28.142018))",8c293a52745057c4
1078_13775,0.25,"POLYGON ((153.402249 -28.137505, 153.402232 -28.132991, 153.397141 -28.133006, 153.397157 -28.137519, 153.402249 -28.137505))",8c293a52745057c4
1078_13776,0.25,"POLYGON ((153.402232 -28.132991, 153.402215 -28.128478, 153.397124 -28.128493, 153.397141 -28.133006, 153.402232 -28.132991))",8c293a52745057c4
1078_13777,0.25,"POLYGON ((153.402215 -28.128478, 153.402198 -28.123964, 153.397107 -28.123979, 153.397124 -28.128493, 153.402215 -28.128478))",8c293a52745057c4
1078_13778,0.25,"POLYGON ((153.402198 -28.123964, 153.402182 -28.119451, 153.397091 -28.119466, 153.397107 -28.123979, 153.402198 -28.123964))",8c293a52745057c4
1078_13779,0.25,"POLYGON ((153.402182 -28.119451, 153.402165 -28.114937, 153.397074 -28.114952, 153.397091 -28.119466, 153.402182 -28.119451))",8c293a52745057c4
1078_13780,0.25,"POLYGON ((153.402165 -28.114937, 153.402148 -28.110424, 153.397058 -28.110439, 153.397074 -28.114952, 153.402165 -28.114937))",8c293a52745057c4
1078_13781,0.25,"POLYGON ((153.402148 -28.110424, 153.402131 -28.10591, 153.397041 -28.105925, 153.397058 -28.110439, 153.402148 -28.110424))",8c293a52745057c4
1078_13782,0.25,"POLYGON ((153.402131 -28.10591, 153.402114 -28.101397, 153.397024 -28.101412, 153.397041 -28.105925, 153.402131 -28.10591))",8c293a52745057c4
1078_13783,0.25,"POLYGON ((153.402114 -28.101397, 153.402097 -28.096883, 153.397008 -28.096898, 153.397024 -28.101412, 153.402114 -28.101397))",8c293a52745057c4
1078_13784,0.25,"POLYGON ((153.402097 -28.096883, 153.402081 -28.09237, 153.396991 -28.092385, 153.397008 -28.096898, 153.402097 -28.096883))",8c293a52745057c4
1078_13785,0.25,"POLYGON ((153.402081 -28.09237, 153.402064 -28.087856, 153.396974 -28.087871, 153.396991 -28.092385, 153.402081 -28.09237))",8c293a52745057c4
1078_13786,0.25,"POLYGON ((153.402064 -28.087856, 153.402047 -28.083343, 153.396958 -28.083358, 153.396974 -28.087871, 153.402064 -28.087856))",8c293a52745057c4
1078_13787,0.25,"POLYGON ((153.402047 -28.083343, 153.40203 -28.07883, 153.396941 -28.078844, 153.396958 -28.083358, 153.402047 -28.083343))",8c293a52745057c4
1078_13788,0.25,"POLYGON ((153.40203 -28.07883, 153.402013 -28.074316, 153.396925 -28.074331, 153.396941 -28.078844, 153.40203 -28.07883))",8c293a52745057c4
1078_13789,0.25,"POLYGON ((153.402013 -28.074316, 153.401997 -28.069803, 153.396908 -28.069817, 153.396925 -28.074331, 153.402013 -28.074316))",8c293a52745057c4
1078_13790,0.25,"POLYGON ((153.401997 -28.069803, 153.40198 -28.065289, 153.396892 -28.065304, 153.396908 -28.069817, 153.401997 -28.069803))",8c293a52745057c4
1078_13791,0.25,"POLYGON ((153.40198 -28.065289, 153.401963 -28.060776, 153.396875 -28.06079, 153.396892 -28.065304, 153.40198 -28.065289))",8c293a52745057c4
1078_13792,0.25,"POLYGON ((153.401963 -28.060776, 153.401946 -28.056262, 153.396858 -28.056277, 153.396875 -28.06079, 153.401963 -28.060776))",8c293a52745057c4
1078_13793,0.25,"POLYGON ((153.401946 -28.056262, 153.401929 -28.051749, 153.396842 -28.051763, 153.396858 -28.056277, 153.401946 -28.056262))",8c293a52745057c4
1078_13794,0.25,"POLYGON ((153.401929 -28.051749, 153.401913 -28.047235, 153.396825 -28.04725, 153.396842 -28.051763, 153.401929 -28.051749))",8c293a52745057c4
1078_13795,0.25,"POLYGON ((153.401913 -28.047235, 153.401896 -28.042722, 153.396809 -28.042736, 153.396825 -28.04725, 153.401913 -28.047235))",8c293a52745057c4
1078_13796,0.25,"POLYGON ((153.401896 -28.042722, 153.401879 -28.038208, 153.396792 -28.038223, 153.396809 -28.042736, 153.401896 -28.042722))",8c293a52745057c4
1078_13797,0.25,"POLYGON ((153.401879 -28.038208, 153.401862 -28.033695, 153.396776 -28.033709, 153.396792 -28.038223, 153.401879 -28.038208))",8c293a52745057c4
1078_13798,0.25,"POLYGON ((153.401862 -28.033695, 153.401846 -28.029181, 153.396759 -28.029196, 153.396776 -28.033709, 153.401862 -28.033695))",8c293a52745057c4
1078_13799,0.25,"POLYGON ((153.401846 -28.029181, 153.401829 -28.024667, 153.396742 -28.024682, 153.396759 -28.029196, 153.401846 -28.029181))",8c293a52745057c4
1078_13800,0.25,"POLYGON ((153.401829 -28.024667, 153.401812 -28.020154, 153.396726 -28.020169, 153.396742 -28.024682, 153.401829 -28.024667))",8c293a52745057c4
1078_13801,0.25,"POLYGON ((153.401812 -28.020154, 153.401795 -28.01564, 153.396709 -28.015655, 153.396726 -28.020169, 153.401812 -28.020154))",8c293a52745057c4
1078_13802,0.25,"POLYGON ((153.401795 -28.01564, 153.401779 -28.011127, 153.396693 -28.011142, 153.396709 -28.015655, 153.401795 -28.01564))",8c293a52745057c4
1078_13803,0.25,"POLYGON ((153.401779 -28.011127, 153.401762 -28.006613, 153.396676 -28.006628, 153.396693 -28.011142, 153.401779 -28.011127))",8c293a52745057c4
1078_13804,0.25,"POLYGON ((153.401762 -28.006613, 153.401745 -28.0021, 153.39666 -28.002115, 153.396676 -28.006628, 153.401762 -28.006613))",8c293a52745057c4
1078_13805,0.25,"POLYGON ((153.401745 -28.0021, 153.401728 -27.997586, 153.396643 -27.997601, 153.39666 -28.002115, 153.401745 -28.0021))",8c293a52745057c4
1078_13806,0.25,"POLYGON ((153.401728 -27.997586, 153.401712 -27.993073, 153.396627 -27.993088, 153.396643 -27.997601, 153.401728 -27.997586))",8c293a52745057c4
1078_13807,0.25,"POLYGON ((153.401712 -27.993073, 153.401695 -27.988559, 153.39661 -27.988574, 153.396627 -27.993088, 153.401712 -27.993073))",8c293a52745057c4
1078_13808,0.25,"POLYGON ((153.401695 -27.988559, 153.401678 -27.984046, 153.396594 -27.98406, 153.39661 -27.988574, 153.401695 -27.988559))",8c293a52745057c4
1078_13809,0.25,"POLYGON ((153.401678 -27.984046, 153.401661 -27.979532, 153.396577 -27.979547, 153.396594 -27.98406, 153.401678 -27.984046))",8c293a52745057c4
1078_13810,0.25,"POLYGON ((153.401661 -27.979532, 153.401645 -27.975019, 153.396561 -27.975033, 153.396577 -27.979547, 153.401661 -27.979532))",8c293a52745057c4
1078_13811,0.25,"POLYGON ((153.401645 -27.975019, 153.401628 -27.970505, 153.396544 -27.97052, 153.396561 -27.975033, 153.401645 -27.975019))",8c293a52745057c4
1078_13812,0.25,"POLYGON ((153.401628 -27.970505, 153.401611 -27.965991, 153.396528 -27.966006, 153.396544 -27.97052, 153.401628 -27.970505))",8c293a52745057c4
1078_13813,0.25,"POLYGON ((153.401611 -27.965991, 153.401594 -27.961478, 153.396511 -27.961493, 153.396528 -27.966006, 153.401611 -27.965991))",8c293a52745057c4
1078_13814,0.25,"POLYGON ((153.401594 -27.961478, 153.401578 -27.956964, 153.396495 -27.956979, 153.396511 -27.961493, 153.401594 -27.961478))",8c293a52745057c4
1078_13815,0.25,"POLYGON ((153.401578 -27.956964, 153.401561 -27.952451, 153.396478 -27.952466, 153.396495 -27.956979, 153.401578 -27.956964))",8c293a52745057c4
1078_13816,0.25,"POLYGON ((153.401561 -27.952451, 153.401544 -27.947937, 153.396462 -27.947952, 153.396478 -27.952466, 153.401561 -27.952451))",8c293a52745057c4
1078_13817,0.25,"POLYGON ((153.401544 -27.947937, 153.401528 -27.943424, 153.396445 -27.943438, 153.396462 -27.947952, 153.401544 -27.947937))",8c293a52745057c4
1078_13818,0.25,"POLYGON ((153.401528 -27.943424, 153.401511 -27.93891, 153.396429 -27.938925, 153.396445 -27.943438, 153.401528 -27.943424))",8c293a52745057c4
1078_13819,0.25,"POLYGON ((153.401511 -27.93891, 153.401494 -27.934396, 153.396412 -27.934411, 153.396429 -27.938925, 153.401511 -27.93891))",8c293a52745057c4
1078_13820,0.25,"POLYGON ((153.401494 -27.934396, 153.401478 -27.929883, 153.396396 -27.929898, 153.396412 -27.934411, 153.401494 -27.934396))",8c293a52745057c4
1078_13821,0.25,"POLYGON ((153.401478 -27.929883, 153.401461 -27.925369, 153.396379 -27.925384, 153.396396 -27.929898, 153.401478 -27.929883))",8c293a52745057c4
1078_13822,0.25,"POLYGON ((153.401461 -27.925369, 153.401444 -27.920856, 153.396363 -27.92087, 153.396379 -27.925384, 153.401461 -27.925369))",8c293a52745057c4
1078_13823,0.25,"POLYGON ((153.401444 -27.920856, 153.401428 -27.916342, 153.396346 -27.916357, 153.396363 -27.92087, 153.401444 -27.920856))",8c293a52745057c4
1078_13824,0.25,"POLYGON ((153.401428 -27.916342, 153.401411 -27.911829, 153.39633 -27.911843, 153.396346 -27.916357, 153.401428 -27.916342))",8c293a52745057c4
1078_13825,0.25,"POLYGON ((153.401411 -27.911829, 153.401394 -27.907315, 153.396313 -27.90733, 153.39633 -27.911843, 153.401411 -27.911829))",8c293a52745057c4
1078_13826,0.25,"POLYGON ((153.401394 -27.907315, 153.401378 -27.902801, 153.396297 -27.902816, 153.396313 -27.90733, 153.401394 -27.907315))",8c293a52745057c4
1078_13827,0.25,"POLYGON ((153.401378 -27.902801, 153.401361 -27.898288, 153.396281 -27.898302, 153.396297 -27.902816, 153.401378 -27.902801))",8c293a52745057c4
1078_13828,0.25,"POLYGON ((153.401361 -27.898288, 153.401344 -27.893774, 153.396264 -27.893789, 153.396281 -27.898302, 153.401361 -27.898288))",8c293a52745057c4
1078_13829,0.25,"POLYGON ((153.401344 -27.893774, 153.401328 -27.889261, 153.396248 -27.889275, 153.396264 -27.893789, 153.401344 -27.893774))",8c293a52745057c4
1078_13830,0.25,"POLYGON ((153.401328 -27.889261, 153.401311 -27.884747, 153.396231 -27.884762, 153.396248 -27.889275, 153.401328 -27.889261))",8c293a52745057c4
1078_13831,0.25,"POLYGON ((153.401311 -27.884747, 153.401294 -27.880233, 153.396215 -27.880248, 153.396231 -27.884762, 153.401311 -27.884747))",8c293a52745057c4
1078_13832,0.25,"POLYGON ((153.401294 -27.880233, 153.401278 -27.87572, 153.396198 -27.875734, 153.396215 -27.880248, 153.401294 -27.880233))",8c293a52745057c4
1078_13833,0.25,"POLYGON ((153.401278 -27.87572, 153.401261 -27.871206, 153.396182 -27.871221, 153.396198 -27.875734, 153.401278 -27.87572))",8c293a52745057c4
1078_13834,0.25,"POLYGON ((153.401261 -27.871206, 153.401245 -27.866692, 153.396166 -27.866707, 153.396182 -27.871221, 153.401261 -27.871206))",8c293a52745057c4
1078_13835,0.25,"POLYGON ((153.401245 -27.866692, 153.401228 -27.862179, 153.396149 -27.862193, 153.396166 -27.866707, 153.401245 -27.866692))",8c293a52745057c4
1078_13836,0.25,"POLYGON ((153.401228 -27.862179, 153.401211 -27.857665, 153.396133 -27.85768, 153.396149 -27.862193, 153.401228 -27.862179))",8c293a52745057c4
1078_13837,0.25,"POLYGON ((153.401211 -27.857665, 153.401195 -27.853152, 153.396116 -27.853166, 153.396133 -27.85768, 153.401211 -27.857665))",8c293a52745057c4
1078_13838,0.25,"POLYGON ((153.401195 -27.853152, 153.401178 -27.848638, 153.3961 -27.848653, 153.396116 -27.853166, 153.401195 -27.853152))",8c293a52745057c4
1078_13839,0.25,"POLYGON ((153.401178 -27.848638, 153.401161 -27.844124, 153.396084 -27.844139, 153.3961 -27.848653, 153.401178 -27.848638))",8c293a52745057c4
1078_13840,0.25,"POLYGON ((153.401161 -27.844124, 153.401145 -27.839611, 153.396067 -27.839625, 153.396084 -27.844139, 153.401161 -27.844124))",8c293a52745057c4
1078_13841,0.25,"POLYGON ((153.401145 -27.839611, 153.401128 -27.835097, 153.396051 -27.835112, 153.396067 -27.839625, 153.401145 -27.839611))",8c293a52745057c4
1078_13842,0.25,"POLYGON ((153.401128 -27.835097, 153.401112 -27.830583, 153.396034 -27.830598, 153.396051 -27.835112, 153.401128 -27.835097))",8c293a52745057c4
1078_13843,0.25,"POLYGON ((153.401112 -27.830583, 153.401095 -27.82607, 153.396018 -27.826084, 153.396034 -27.830598, 153.401112 -27.830583))",8c293a52745057c4
1078_13844,0.25,"POLYGON ((153.401095 -27.82607, 153.401078 -27.821556, 153.396002 -27.821571, 153.396018 -27.826084, 153.401095 -27.82607))",8c293a52745057c4
1078_13845,0.25,"POLYGON ((153.401078 -27.821556, 153.401062 -27.817042, 153.395985 -27.817057, 153.396002 -27.821571, 153.401078 -27.821556))",8c293a52745057c4
1078_13846,0.25,"POLYGON ((153.401062 -27.817042, 153.401045 -27.812529, 153.395969 -27.812543, 153.395985 -27.817057, 153.401062 -27.817042))",8c293a52745057c4
1078_13847,0.25,"POLYGON ((153.401045 -27.812529, 153.401029 -27.808015, 153.395952 -27.80803, 153.395969 -27.812543, 153.401045 -27.812529))",8c293a52745057c4
1078_13848,0.25,"POLYGON ((153.401029 -27.808015, 153.401012 -27.803501, 153.395936 -27.803516, 153.395952 -27.80803, 153.401029 -27.808015))",8c293a52745057c4
1078_13849,0.25,"POLYGON ((153.401012 -27.803501, 153.400996 -27.798988, 153.39592 -27.799002, 153.395936 -27.803516, 153.401012 -27.803501))",8c293a52745057c4
1078_13850,0.25,"POLYGON ((153.400996 -27.798988, 153.400979 -27.794474, 153.395903 -27.794489, 153.39592 -27.799002, 153.400996 -27.798988))",8c293a52745057c4
1078_13851,0.25,"POLYGON ((153.400979 -27.794474, 153.400962 -27.78996, 153.395887 -27.789975, 153.395903 -27.794489, 153.400979 -27.794474))",8c293a52745057c4
1078_13852,0.25,"POLYGON ((153.400962 -27.78996, 153.400946 -27.785447, 153.395871 -27.785461, 153.395887 -27.789975, 153.400962 -27.78996))",8c293a52745057c4
1078_13853,0.25,"POLYGON ((153.400946 -27.785447, 153.400929 -27.780933, 153.395854 -27.780948, 153.395871 -27.785461, 153.400946 -27.785447))",8c293a52745057c4
1078_13854,0.25,"POLYGON ((153.400929 -27.780933, 153.400913 -27.776419, 153.395838 -27.776434, 153.395854 -27.780948, 153.400929 -27.780933))",8c293a52745057c4
1078_13855,0.25,"POLYGON ((153.400913 -27.776419, 153.400896 -27.771906, 153.395822 -27.77192, 153.395838 -27.776434, 153.400913 -27.776419))",8c293a52745057c4
1078_13856,0.25,"POLYGON ((153.400896 -27.771906, 153.40088 -27.767392, 153.395805 -27.767407, 153.395822 -27.77192, 153.400896 -27.771906))",8c293a52745057c4
1078_13857,0.25,"POLYGON ((153.40088 -27.767392, 153.400863 -27.762878, 153.395789 -27.762893, 153.395805 -27.767407, 153.40088 -27.767392))",8c293a52745057c4
1078_13858,0.25,"POLYGON ((153.400863 -27.762878, 153.400847 -27.758365, 153.395773 -27.758379, 153.395789 -27.762893, 153.400863 -27.762878))",8c293a52745057c4
1078_13859,0.25,"POLYGON ((153.400847 -27.758365, 153.40083 -27.753851, 153.395756 -27.753865, 153.395773 -27.758379, 153.400847 -27.758365))",8c293a52745057c4
1078_13860,0.25,"POLYGON ((153.40083 -27.753851, 153.400814 -27.749337, 153.39574 -27.749352, 153.395756 -27.753865, 153.40083 -27.753851))",8c293a52745057c4
1078_13861,0.25,"POLYGON ((153.400814 -27.749337, 153.400797 -27.744823, 153.395724 -27.744838, 153.39574 -27.749352, 153.400814 -27.749337))",8c293a52745057c4
1078_13862,0.25,"POLYGON ((153.400797 -27.744823, 153.400781 -27.74031, 153.395707 -27.740324, 153.395724 -27.744838, 153.400797 -27.744823))",8c293a52745057c4
1078_13863,0.25,"POLYGON ((153.400781 -27.74031, 153.400764 -27.735796, 153.395691 -27.735811, 153.395707 -27.740324, 153.400781 -27.74031))",8c293a52745057c4
1078_13864,0.25,"POLYGON ((153.400764 -27.735796, 153.400747 -27.731282, 153.395675 -27.731297, 153.395691 -27.735811, 153.400764 -27.735796))",8c293a52745057c4
1078_13865,0.25,"POLYGON ((153.400747 -27.731282, 153.400731 -27.726769, 153.395659 -27.726783, 153.395675 -27.731297, 153.400747 -27.731282))",8c293a52745057c4
1078_13866,0.25,"POLYGON ((153.400731 -27.726769, 153.400714 -27.722255, 153.395642 -27.72227, 153.395659 -27.726783, 153.400731 -27.726769))",8c293a52745057c4
1078_13867,0.20470869721506518,"POLYGON ((153.400714 -27.722255, 153.400698 -27.717741, 153.395626 -27.717756, 153.395642 -27.72227, 153.400714 -27.722255))",8c293a52745057c4
1078_13868,0.014667335443267591,"POLYGON ((153.400698 -27.717741, 153.400681 -27.713227, 153.39561 -27.713242, 153.395626 -27.717756, 153.400698 -27.717741))",8c293a52745057c4
1079_13757,0.00024398897966770356,"POLYGON ((153.407649 -28.218731, 153.407631 -28.214218, 153.402536 -28.214233, 153.402553 -28.218746, 153.407649 -28.218731))",8c293a52745057c4
1079_13758,0.12521478676350992,"POLYGON ((153.407631 -28.214218, 153.407614 -28.209704, 153.402519 -28.209719, 153.402536 -28.214233, 153.407631 -28.214218))",8c293a52745057c4
1079_13759,0.25,"POLYGON ((153.407614 -28.209704, 153.407597 -28.205191, 153.402502 -28.205206, 153.402519 -28.209719, 153.407614 -28.209704))",8c293a52745057c4
1079_13760,0.25,"POLYGON ((153.407597 -28.205191, 153.40758 -28.200677, 153.402485 -28.200693, 153.402502 -28.205206, 153.407597 -28.205191))",8c293a52745057c4
1079_13761,0.25,"POLYGON ((153.40758 -28.200677, 153.407563 -28.196164, 153.402468 -28.196179, 153.402485 -28.200693, 153.40758 -28.200677))",8c293a52745057c4
1079_13762,0.25,"POLYGON ((153.407563 -28.196164, 153.407546 -28.191651, 153.402452 -28.191666, 153.402468 -28.196179, 153.407563 -28.196164))",8c293a52745057c4
1079_13763,0.25,"POLYGON ((153.407546 -28.191651, 153.407529 -28.187137, 153.402435 -28.187152, 153.402452 -28.191666, 153.407546 -28.191651))",8c293a52745057c4
1079_13764,0.25,"POLYGON ((153.407529 -28.187137, 153.407512 -28.182624, 153.402418 -28.182639, 153.402435 -28.187152, 153.407529 -28.187137))",8c293a52745057c4
1079_13765,0.25,"POLYGON ((153.407512 -28.182624, 153.407494 -28.17811, 153.402401 -28.178125, 153.402418 -28.182639, 153.407512 -28.182624))",8c293a52745057c4
1079_13766,0.25,"POLYGON ((153.407494 -28.17811, 153.407477 -28.173597, 153.402384 -28.173612, 153.402401 -28.178125, 153.407494 -28.17811))",8c293a52745057c4
1079_13767,0.25,"POLYGON ((153.407477 -28.173597, 153.40746 -28.169084, 153.402367 -28.169099, 153.402384 -28.173612, 153.407477 -28.173597))",8c293a52745057c4
1079_13768,0.25,"POLYGON ((153.40746 -28.169084, 153.407443 -28.16457, 153.40235 -28.164585, 153.402367 -28.169099, 153.40746 -28.169084))",8c293a52745057c4
1079_13769,0.25,"POLYGON ((153.407443 -28.16457, 153.407426 -28.160057, 153.402333 -28.160072, 153.40235 -28.164585, 153.407443 -28.16457))",8c293a52745057c4
1079_13770,0.25,"POLYGON ((153.407426 -28.160057, 153.407409 -28.155543, 153.402316 -28.155558, 153.402333 -28.160072, 153.407426 -28.160057))",8c293a52745057c4
1079_13771,0.25,"POLYGON ((153.407409 -28.155543, 153.407392 -28.15103, 153.4023 -28.151045, 153.402316 -28.155558, 153.407409 -28.155543))",8c293a52745057c4
1079_13772,0.25,"POLYGON ((153.407392 -28.15103, 153.407375 -28.146516, 153.402283 -28.146531, 153.4023 -28.151045, 153.407392 -28.15103))",8c293a52745057c4
1079_13773,0.25,"POLYGON ((153.407375 -28.146516, 153.407358 -28.142003, 153.402266 -28.142018, 153.402283 -28.146531, 153.407375 -28.146516))",8c293a52745057c4
1079_13774,0.25,"POLYGON ((153.407358 -28.142003, 153.407341 -28.13749, 153.402249 -28.137505, 153.402266 -28.142018, 153.407358 -28.142003))",8c293a52745057c4
1079_13775,0.25,"POLYGON ((153.407341 -28.13749, 153.407324 -28.132976, 153.402232 -28.132991, 153.402249 -28.137505, 153.407341 -28.13749))",8c293a52745057c4
1079_13776,0.25,"POLYGON ((153.407324 -28.132976, 153.407307 -28.128463, 153.402215 -28.128478, 153.402232 -28.132991, 153.407324 -28.132976))",8c293a52745057c4
1079_13777,0.25,"POLYGON ((153.407307 -28.128463, 153.407289 -28.123949, 153.402198 -28.123964, 153.402215 -28.128478, 153.407307 -28.128463))",8c293a52745057c4
1079_13778,0.25,"POLYGON ((153.407289 -28.123949, 153.407272 -28.119436, 153.402182 -28.119451, 153.402198 -28.123964, 153.407289 -28.123949))",8c293a52745057c4
1079_13779,0.25,"POLYGON ((153.407272 -28.119436, 153.407255 -28.114922, 153.402165 -28.114937, 153.402182 -28.119451, 153.407272 -28.119436))",8c293a52745057c4
1079_13780,0.25,"POLYGON ((153.407255 -28.114922, 153.407238 -28.110409, 153.402148 -28.110424, 153.402165 -28.114937, 153.407255 -28.114922))",8c293a52745057c4
1079_13781,0.25,"POLYGON ((153.407238 -28.110409, 153.407221 -28.105895, 153.402131 -28.10591, 153.402148 -28.110424, 153.407238 -28.110409))",8c293a52745057c4
1079_13782,0.25,"POLYGON ((153.407221 -28.105895, 153.407204 -28.101382, 153.402114 -28.101397, 153.402131 -28.10591, 153.407221 -28.105895))",8c293a52745057c4
1079_13783,0.25,"POLYGON ((153.407204 -28.101382, 153.407187 -28.096868, 153.402097 -28.096883, 153.402114 -28.101397, 153.407204 -28.101382))",8c293a52745057c4
1079_13784,0.25,"POLYGON ((153.407187 -28.096868, 153.40717 -28.092355, 153.402081 -28.09237, 153.402097 -28.096883, 153.407187 -28.096868))",8c293a52745057c4
1079_13785,0.25,"POLYGON ((153.40717 -28.092355, 153.407153 -28.087841, 153.402064 -28.087856, 153.402081 -28.09237, 153.40717 -28.092355))",8c293a52745057c4
1079_13786,0.25,"POLYGON ((153.407153 -28.087841, 153.407136 -28.083328, 153.402047 -28.083343, 153.402064 -28.087856, 153.407153 -28.087841))",8c293a52745057c4
1079_13787,0.25,"POLYGON ((153.407136 -28.083328, 153.407119 -28.078815, 153.40203 -28.07883, 153.402047 -28.083343, 153.407136 -28.083328))",8c293a52745057c4
1079_13788,0.25,"POLYGON ((153.407119 -28.078815, 153.407102 -28.074301, 153.402013 -28.074316, 153.40203 -28.07883, 153.407119 -28.078815))",8c293a52745057c4
1079_13789,0.25,"POLYGON ((153.407102 -28.074301, 153.407085 -28.069788, 153.401997 -28.069803, 153.402013 -28.074316, 153.407102 -28.074301))",8c293a52745057c4
1079_13790,0.25,"POLYGON ((153.407085 -28.069788, 153.407068 -28.065274, 153.40198 -28.065289, 153.401997 -28.069803, 153.407085 -28.069788))",8c293a52745057c4
1079_13791,0.25,"POLYGON ((153.407068 -28.065274, 153.407051 -28.060761, 153.401963 -28.060776, 153.40198 -28.065289, 153.407068 -28.065274))",8c293a52745057c4
1079_13792,0.25,"POLYGON ((153.407051 -28.060761, 153.407034 -28.056247, 153.401946 -28.056262, 153.401963 -28.060776, 153.407051 -28.060761))",8c293a52745057c4
1079_13793,0.25,"POLYGON ((153.407034 -28.056247, 153.407017 -28.051734, 153.401929 -28.051749, 153.401946 -28.056262, 153.407034 -28.056247))",8c293a52745057c4
1079_13794,0.25,"POLYGON ((153.407017 -28.051734, 153.407 -28.04722, 153.401913 -28.047235, 153.401929 -28.051749, 153.407017 -28.051734))",8c293a52745057c4
1079_13795,0.25,"POLYGON ((153.407 -28.04722, 153.406983 -28.042707, 153.401896 -28.042722, 153.401913 -28.047235, 153.407 -28.04722))",8c293a52745057c4
1079_13796,0.25,"POLYGON ((153.406983 -28.042707, 153.406966 -28.038193, 153.401879 -28.038208, 153.401896 -28.042722, 153.406983 -28.042707))",8c293a52745057c4
1079_13797,0.25,"POLYGON ((153.406966 -28.038193, 153.406949 -28.03368, 153.401862 -28.033695, 153.401879 -28.038208, 153.406966 -28.038193))",8c293a52745057c4
1079_13798,0.25,"POLYGON ((153.406949 -28.03368, 153.406932 -28.029166, 153.401846 -28.029181, 153.401862 -28.033695, 153.406949 -28.03368))",8c293a52745057c4
1079_13799,0.25,"POLYGON ((153.406932 -28.029166, 153.406915 -28.024653, 153.401829 -28.024667, 153.401846 -28.029181, 153.406932 -28.029166))",8c293a52745057c4
1079_13800,0.25,"POLYGON ((153.406915 -28.024653, 153.406898 -28.020139, 153.401812 -28.020154, 153.401829 -28.024667, 153.406915 -28.024653))",8c293a52745057c4
1079_13801,0.25,"POLYGON ((153.406898 -28.020139, 153.406881 -28.015625, 153.401795 -28.01564, 153.401812 -28.020154, 153.406898 -28.020139))",8c293a52745057c4
1079_13802,0.25,"POLYGON ((153.406881 -28.015625, 153.406864 -28.011112, 153.401779 -28.011127, 153.401795 -28.01564, 153.406881 -28.015625))",8c293a52745057c4
1079_13803,0.25,"POLYGON ((153.406864 -28.011112, 153.406847 -28.006598, 153.401762 -28.006613, 153.401779 -28.011127, 153.406864 -28.011112))",8c293a52745057c4
1079_13804,0.25,"POLYGON ((153.406847 -28.006598, 153.40683 -28.002085, 153.401745 -28.0021, 153.401762 -28.006613, 153.406847 -28.006598))",8c293a52745057c4
1079_13805,0.25,"POLYGON ((153.40683 -28.002085, 153.406813 -27.997571, 153.401728 -27.997586, 153.401745 -28.0021, 153.40683 -28.002085))",8c293a52745057c4
1079_13806,0.25,"POLYGON ((153.406813 -27.997571, 153.406796 -27.993058, 153.401712 -27.993073, 153.401728 -27.997586, 153.406813 -27.997571))",8c293a52745057c4
1079_13807,0.25,"POLYGON ((153.406796 -27.993058, 153.406779 -27.988544, 153.401695 -27.988559, 153.401712 -27.993073, 153.406796 -27.993058))",8c293a52745057c4
1079_13808,0.25,"POLYGON ((153.406779 -27.988544, 153.406763 -27.984031, 153.401678 -27.984046, 153.401695 -27.988559, 153.406779 -27.988544))",8c293a52745057c4
1079_13809,0.25,"POLYGON ((153.406763 -27.984031, 153.406746 -27.979517, 153.401661 -27.979532, 153.401678 -27.984046, 153.406763 -27.984031))",8c293a52745057c4
1079_13810,0.25,"POLYGON ((153.406746 -27.979517, 153.406729 -27.975004, 153.401645 -27.975019, 153.401661 -27.979532, 153.406746 -27.979517))",8c293a52745057c4
1079_13811,0.25,"POLYGON ((153.406729 -27.975004, 153.406712 -27.97049, 153.401628 -27.970505, 153.401645 -27.975019, 153.406729 -27.975004))",8c293a52745057c4
1079_13812,0.25,"POLYGON ((153.406712 -27.97049, 153.406695 -27.965977, 153.401611 -27.965991, 153.401628 -27.970505, 153.406712 -27.97049))",8c293a52745057c4
1079_13813,0.25,"POLYGON ((153.406695 -27.965977, 153.406678 -27.961463, 153.401594 -27.961478, 153.401611 -27.965991, 153.406695 -27.965977))",8c293a52745057c4
1079_13814,0.25,"POLYGON ((153.406678 -27.961463, 153.406661 -27.956949, 153.401578 -27.956964, 153.401594 -27.961478, 153.406678 -27.961463))",8c293a52745057c4
1079_13815,0.25,"POLYGON ((153.406661 -27.956949, 153.406644 -27.952436, 153.401561 -27.952451, 153.401578 -27.956964, 153.406661 -27.956949))",8c293a52745057c4
1079_13816,0.25,"POLYGON ((153.406644 -27.952436, 153.406627 -27.947922, 153.401544 -27.947937, 153.401561 -27.952451, 153.406644 -27.952436))",8c293a52745057c4
1079_13817,0.25,"POLYGON ((153.406627 -27.947922, 153.40661 -27.943409, 153.401528 -27.943424, 153.401544 -27.947937, 153.406627 -27.947922))",8c293a52745057c4
1079_13818,0.25,"POLYGON ((153.40661 -27.943409, 153.406593 -27.938895, 153.401511 -27.93891, 153.401528 -27.943424, 153.40661 -27.943409))",8c293a52745057c4
1079_13819,0.25,"POLYGON ((153.406593 -27.938895, 153.406576 -27.934382, 153.401494 -27.934396, 153.401511 -27.93891, 153.406593 -27.938895))",8c293a52745057c4
1079_13820,0.25,"POLYGON ((153.406576 -27.934382, 153.40656 -27.929868, 153.401478 -27.929883, 153.401494 -27.934396, 153.406576 -27.934382))",8c293a52745057c4
1079_13821,0.25,"POLYGON ((153.40656 -27.929868, 153.406543 -27.925354, 153.401461 -27.925369, 153.401478 -27.929883, 153.40656 -27.929868))",8c293a52745057c4
1079_13822,0.25,"POLYGON ((153.406543 -27.925354, 153.406526 -27.920841, 153.401444 -27.920856, 153.401461 -27.925369, 153.406543 -27.925354))",8c293a52745057c4
1079_13823,0.25,"POLYGON ((153.406526 -27.920841, 153.406509 -27.916327, 153.401428 -27.916342, 153.401444 -27.920856, 153.406526 -27.920841))",8c293a52745057c4
1079_13824,0.25,"POLYGON ((153.406509 -27.916327, 153.406492 -27.911814, 153.401411 -27.911829, 153.401428 -27.916342, 153.406509 -27.916327))",8c293a52745057c4
1079_13825,0.25,"POLYGON ((153.406492 -27.911814, 153.406475 -27.9073, 153.401394 -27.907315, 153.401411 -27.911829, 153.406492 -27.911814))",8c293a52745057c4
1079_13826,0.25,"POLYGON ((153.406475 -27.9073, 153.406458 -27.902786, 153.401378 -27.902801, 153.401394 -27.907315, 153.406475 -27.9073))",8c293a52745057c4
1079_13827,0.25,"POLYGON ((153.406458 -27.902786, 153.406441 -27.898273, 153.401361 -27.898288, 153.401378 -27.902801, 153.406458 -27.902786))",8c293a52745057c4
1079_13828,0.25,"POLYGON ((153.406441 -27.898273, 153.406425 -27.893759, 153.401344 -27.893774, 153.401361 -27.898288, 153.406441 -27.898273))",8c293a52745057c4
1079_13829,0.25,"POLYGON ((153.406425 -27.893759, 153.406408 -27.889246, 153.401328 -27.889261, 153.401344 -27.893774, 153.406425 -27.893759))",8c293a52745057c4
1079_13830,0.25,"POLYGON ((153.406408 -27.889246, 153.406391 -27.884732, 153.401311 -27.884747, 153.401328 -27.889261, 153.406408 -27.889246))",8c293a52745057c4
1079_13831,0.25,"POLYGON ((153.406391 -27.884732, 153.406374 -27.880218, 153.401294 -27.880233, 153.401311 -27.884747, 153.406391 -27.884732))",8c293a52745057c4
1079_13832,0.25,"POLYGON ((153.406374 -27.880218, 153.406357 -27.875705, 153.401278 -27.87572, 153.401294 -27.880233, 153.406374 -27.880218))",8c293a52745057c4
1079_13833,0.25,"POLYGON ((153.406357 -27.875705, 153.40634 -27.871191, 153.401261 -27.871206, 153.401278 -27.87572, 153.406357 -27.875705))",8c293a52745057c4
1079_13834,0.25,"POLYGON ((153.40634 -27.871191, 153.406323 -27.866678, 153.401245 -27.866692, 153.401261 -27.871206, 153.40634 -27.871191))",8c293a52745057c4
1079_13835,0.25,"POLYGON ((153.406323 -27.866678, 153.406307 -27.862164, 153.401228 -27.862179, 153.401245 -27.866692, 153.406323 -27.866678))",8c293a52745057c4
1079_13836,0.25,"POLYGON ((153.406307 -27.862164, 153.40629 -27.85765, 153.401211 -27.857665, 153.401228 -27.862179, 153.406307 -27.862164))",8c293a52745057c4
1079_13837,0.25,"POLYGON ((153.40629 -27.85765, 153.406273 -27.853137, 153.401195 -27.853152, 153.401211 -27.857665, 153.40629 -27.85765))",8c293a52745057c4
1079_13838,0.25,"POLYGON ((153.406273 -27.853137, 153.406256 -27.848623, 153.401178 -27.848638, 153.401195 -27.853152, 153.406273 -27.853137))",8c293a52745057c4
1079_13839,0.25,"POLYGON ((153.406256 -27.848623, 153.406239 -27.844109, 153.401161 -27.844124, 153.401178 -27.848638, 153.406256 -27.848623))",8c293a52745057c4
1079_13840,0.25,"POLYGON ((153.406239 -27.844109, 153.406223 -27.839596, 153.401145 -27.839611, 153.401161 -27.844124, 153.406239 -27.844109))",8c293a52745057c4
1079_13841,0.25,"POLYGON ((153.406223 -27.839596, 153.406206 -27.835082, 153.401128 -27.835097, 153.401145 -27.839611, 153.406223 -27.839596))",8c293a52745057c4
1079_13842,0.25,"POLYGON ((153.406206 -27.835082, 153.406189 -27.830568, 153.401112 -27.830583, 153.401128 -27.835097, 153.406206 -27.835082))",8c293a52745057c4
1079_13843,0.25,"POLYGON ((153.406189 -27.830568, 153.406172 -27.826055, 153.401095 -27.82607, 153.401112 -27.830583, 153.406189 -27.830568))",8c293a52745057c4
1079_13844,0.25,"POLYGON ((153.406172 -27.826055, 153.406155 -27.821541, 153.401078 -27.821556, 153.401095 -27.82607, 153.406172 -27.826055))",8c293a52745057c4
1079_13845,0.25,"POLYGON ((153.406155 -27.821541, 153.406138 -27.817028, 153.401062 -27.817042, 153.401078 -27.821556, 153.406155 -27.821541))",8c293a52745057c4
1079_13846,0.25,"POLYGON ((153.406138 -27.817028, 153.406122 -27.812514, 153.401045 -27.812529, 153.401062 -27.817042, 153.406138 -27.817028))",8c293a52745057c4
1079_13847,0.25,"POLYGON ((153.406122 -27.812514, 153.406105 -27.808, 153.401029 -27.808015, 153.401045 -27.812529, 153.406122 -27.812514))",8c293a52745057c4
1079_13848,0.25,"POLYGON ((153.406105 -27.808, 153.406088 -27.803487, 153.401012 -27.803501, 153.401029 -27.808015, 153.406105 -27.808))",8c293a52745057c4
1079_13849,0.25,"POLYGON ((153.406088 -27.803487, 153.406071 -27.798973, 153.400996 -27.798988, 153.401012 -27.803501, 153.406088 -27.803487))",8c293a52745057c4
1079_13850,0.25,"POLYGON ((153.406071 -27.798973, 153.406055 -27.794459, 153.400979 -27.794474, 153.400996 -27.798988, 153.406071 -27.798973))",8c293a52745057c4
1079_13851,0.25,"POLYGON ((153.406055 -27.794459, 153.406038 -27.789946, 153.400962 -27.78996, 153.400979 -27.794474, 153.406055 -27.794459))",8c293a52745057c4
1079_13852,0.25,"POLYGON ((153.406038 -27.789946, 153.406021 -27.785432, 153.400946 -27.785447, 153.400962 -27.78996, 153.406038 -27.789946))",8c293a52745057c4
1079_13853,0.25,"POLYGON ((153.406021 -27.785432, 153.406004 -27.780918, 153.400929 -27.780933, 153.400946 -27.785447, 153.406021 -27.785432))",8c293a52745057c4
1079_13854,0.25,"POLYGON ((153.406004 -27.780918, 153.405988 -27.776405, 153.400913 -27.776419, 153.400929 -27.780933, 153.406004 -27.780918))",8c293a52745057c4
1079_13855,0.25,"POLYGON ((153.405988 -27.776405, 153.405971 -27.771891, 153.400896 -27.771906, 153.400913 -27.776419, 153.405988 -27.776405))",8c293a52745057c4
1079_13856,0.25,"POLYGON ((153.405971 -27.771891, 153.405954 -27.767377, 153.40088 -27.767392, 153.400896 -27.771906, 153.405971 -27.771891))",8c293a52745057c4
1079_13857,0.25,"POLYGON ((153.405954 -27.767377, 153.405937 -27.762863, 153.400863 -27.762878, 153.40088 -27.767392, 153.405954 -27.767377))",8c293a52745057c4
1079_13858,0.25,"POLYGON ((153.405937 -27.762863, 153.405921 -27.75835, 153.400847 -27.758365, 153.400863 -27.762878, 153.405937 -27.762863))",8c293a52745057c4
1079_13859,0.25,"POLYGON ((153.405921 -27.75835, 153.405904 -27.753836, 153.40083 -27.753851, 153.400847 -27.758365, 153.405921 -27.75835))",8c293a52745057c4
1079_13860,0.25,"POLYGON ((153.405904 -27.753836, 153.405887 -27.749322, 153.400814 -27.749337, 153.40083 -27.753851, 153.405904 -27.753836))",8c293a52745057c4
1079_13861,0.25,"POLYGON ((153.405887 -27.749322, 153.40587 -27.744809, 153.400797 -27.744823, 153.400814 -27.749337, 153.405887 -27.749322))",8c293a52745057c4
1079_13862,0.25,"POLYGON ((153.40587 -27.744809, 153.405854 -27.740295, 153.400781 -27.74031, 153.400797 -27.744823, 153.40587 -27.744809))",8c293a52745057c4
1079_13863,0.25,"POLYGON ((153.405854 -27.740295, 153.405837 -27.735781, 153.400764 -27.735796, 153.400781 -27.74031, 153.405854 -27.740295))",8c293a52745057c4
1079_13864,0.21352622788892142,"POLYGON ((153.405837 -27.735781, 153.40582 -27.731268, 153.400747 -27.731282, 153.400764 -27.735796, 153.405837 -27.735781))",8c293a52745057c4
1079_13865,0.18598031295542083,"POLYGON ((153.40582 -27.731268, 153.405803 -27.726754, 153.400731 -27.726769, 153.400747 -27.731282, 153.40582 -27.731268))",8c293a52745057c4
1079_13866,0.10683884605067667,"POLYGON ((153.405803 -27.726754, 153.405787 -27.72224, 153.400714 -27.722255, 153.400731 -27.726769, 153.405803 -27.726754))",8c293a52745057c4
1079_13867,0.009227393893406759,"POLYGON ((153.405787 -27.72224, 153.40577 -27.717726, 153.400698 -27.717741, 153.400714 -27.722255, 153.405787 -27.72224))",8c293a52745057c4
1080_13758,0.00850414098775199,"POLYGON ((153.412727 -28.214202, 153.412709 -28.209689, 153.407614 -28.209704, 153.407631 -28.214218, 153.412727 -28.214202))",8c293a52745057c4
1080_13759,0.237149688619272,"POLYGON ((153.412709 -28.209689, 153.412692 -28.205176, 153.407597 -28.205191, 153.407614 -28.209704, 153.412709 -28.209689))",8c293a52745057c4
1080_13760,0.25,"POLYGON ((153.412692 -28.205176, 153.412675 -28.200662, 153.40758 -28.200677, 153.407597 -28.205191, 153.412692 -28.205176))",8c293a52745057c4
1080_13761,0.25,"POLYGON ((153.412675 -28.200662, 153.412657 -28.196149, 153.407563 -28.196164, 153.40758 -28.200677, 153.412675 -28.200662))",8c293a52745057c4
1080_13762,0.25,"POLYGON ((153.412657 -28.196149, 153.41264 -28.191635, 153.407546 -28.191651, 153.407563 -28.196164, 153.412657 -28.196149))",8c293a52745057c4
1080_13763,0.25,"POLYGON ((153.41264 -28.191635, 153.412623 -28.187122, 153.407529 -28.187137, 153.407546 -28.191651, 153.41264 -28.191635))",8c293a52745057c4
1080_13764,0.25,"POLYGON ((153.412623 -28.187122, 153.412605 -28.182609, 153.407512 -28.182624, 153.407529 -28.187137, 153.412623 -28.187122))",8c293a52745057c4
1080_13765,0.25,"POLYGON ((153.412605 -28.182609, 153.412588 -28.178095, 153.407494 -28.17811, 153.407512 -28.182624, 153.412605 -28.182609))",8c293a52745057c4
1080_13766,0.25,"POLYGON ((153.412588 -28.178095, 153.412571 -28.173582, 153.407477 -28.173597, 153.407494 -28.17811, 153.412588 -28.178095))",8c293a52745057c4
1080_13767,0.25,"POLYGON ((153.412571 -28.173582, 153.412553 -28.169068, 153.40746 -28.169084, 153.407477 -28.173597, 153.412571 -28.173582))",8c293a52745057c4
1080_13768,0.25,"POLYGON ((153.412553 -28.169068, 153.412536 -28.164555, 153.407443 -28.16457, 153.40746 -28.169084, 153.412553 -28.169068))",8c293a52745057c4
1080_13769,0.25,"POLYGON ((153.412536 -28.164555, 153.412519 -28.160041, 153.407426 -28.160057, 153.407443 -28.16457, 153.412536 -28.164555))",8c293a52745057c4
1080_13770,0.25,"POLYGON ((153.412519 -28.160041, 153.412501 -28.155528, 153.407409 -28.155543, 153.407426 -28.160057, 153.412519 -28.160041))",8c293a52745057c4
1080_13771,0.25,"POLYGON ((153.412501 -28.155528, 153.412484 -28.151015, 153.407392 -28.15103, 153.407409 -28.155543, 153.412501 -28.155528))",8c293a52745057c4
1080_13772,0.25,"POLYGON ((153.412484 -28.151015, 153.412467 -28.146501, 153.407375 -28.146516, 153.407392 -28.15103, 153.412484 -28.151015))",8c293a52745057c4
1080_13773,0.25,"POLYGON ((153.412467 -28.146501, 153.41245 -28.141988, 153.407358 -28.142003, 153.407375 -28.146516, 153.412467 -28.146501))",8c293a52745057c4
1080_13774,0.25,"POLYGON ((153.41245 -28.141988, 153.412432 -28.137474, 153.407341 -28.13749, 153.407358 -28.142003, 153.41245 -28.141988))",8c293a52745057c4
1080_13775,0.25,"POLYGON ((153.412432 -28.137474, 153.412415 -28.132961, 153.407324 -28.132976, 153.407341 -28.13749, 153.412432 -28.137474))",8c293a52745057c4
1080_13776,0.25,"POLYGON ((153.412415 -28.132961, 153.412398 -28.128447, 153.407307 -28.128463, 153.407324 -28.132976, 153.412415 -28.132961))",8c293a52745057c4
1080_13777,0.25,"POLYGON ((153.412398 -28.128447, 153.41238 -28.123934, 153.407289 -28.123949, 153.407307 -28.128463, 153.412398 -28.128447))",8c293a52745057c4
1080_13778,0.25,"POLYGON ((153.41238 -28.123934, 153.412363 -28.119421, 153.407272 -28.119436, 153.407289 -28.123949, 153.41238 -28.123934))",8c293a52745057c4
1080_13779,0.25,"POLYGON ((153.412363 -28.119421, 153.412346 -28.114907, 153.407255 -28.114922, 153.407272 -28.119436, 153.412363 -28.119421))",8c293a52745057c4
1080_13780,0.25,"POLYGON ((153.412346 -28.114907, 153.412329 -28.110394, 153.407238 -28.110409, 153.407255 -28.114922, 153.412346 -28.114907))",8c293a52745057c4
1080_13781,0.25,"POLYGON ((153.412329 -28.110394, 153.412311 -28.10588, 153.407221 -28.105895, 153.407238 -28.110409, 153.412329 -28.110394))",8c293a52745057c4
1080_13782,0.25,"POLYGON ((153.412311 -28.10588, 153.412294 -28.101367, 153.407204 -28.101382, 153.407221 -28.105895, 153.412311 -28.10588))",8c293a52745057c4
1080_13783,0.25,"POLYGON ((153.412294 -28.101367, 153.412277 -28.096853, 153.407187 -28.096868, 153.407204 -28.101382, 153.412294 -28.101367))",8c293a52745057c4
1080_13784,0.25,"POLYGON ((153.412277 -28.096853, 153.41226 -28.09234, 153.40717 -28.092355, 153.407187 -28.096868, 153.412277 -28.096853))",8c293a52745057c4
1080_13785,0.25,"POLYGON ((153.41226 -28.09234, 153.412242 -28.087826, 153.407153 -28.087841, 153.40717 -28.092355, 153.41226 -28.09234))",8c293a52745057c4
1080_13786,0.25,"POLYGON ((153.412242 -28.087826, 153.412225 -28.083313, 153.407136 -28.083328, 153.407153 -28.087841, 153.412242 -28.087826))",8c293a52745057c4
1080_13787,0.25,"POLYGON ((153.412225 -28.083313, 153.412208 -28.078799, 153.407119 -28.078815, 153.407136 -28.083328, 153.412225 -28.083313))",8c293a52745057c4
1080_13788,0.25,"POLYGON ((153.412208 -28.078799, 153.412191 -28.074286, 153.407102 -28.074301, 153.407119 -28.078815, 153.412208 -28.078799))",8c293a52745057c4
1080_13789,0.25,"POLYGON ((153.412191 -28.074286, 153.412173 -28.069772, 153.407085 -28.069788, 153.407102 -28.074301, 153.412191 -28.074286))",8c293a52745057c4
1080_13790,0.25,"POLYGON ((153.412173 -28.069772, 153.412156 -28.065259, 153.407068 -28.065274, 153.407085 -28.069788, 153.412173 -28.069772))",8c293a52745057c4
1080_13791,0.25,"POLYGON ((153.412156 -28.065259, 153.412139 -28.060745, 153.407051 -28.060761, 153.407068 -28.065274, 153.412156 -28.065259))",8c293a52745057c4
1080_13792,0.25,"POLYGON ((153.412139 -28.060745, 153.412122 -28.056232, 153.407034 -28.056247, 153.407051 -28.060761, 153.412139 -28.060745))",8c293a52745057c4
1080_13793,0.25,"POLYGON ((153.412122 -28.056232, 153.412105 -28.051718, 153.407017 -28.051734, 153.407034 -28.056247, 153.412122 -28.056232))",8c293a52745057c4
1080_13794,0.25,"POLYGON ((153.412105 -28.051718, 153.412087 -28.047205, 153.407 -28.04722, 153.407017 -28.051734, 153.412105 -28.051718))",8c293a52745057c4
1080_13795,0.25,"POLYGON ((153.412087 -28.047205, 153.41207 -28.042691, 153.406983 -28.042707, 153.407 -28.04722, 153.412087 -28.047205))",8c293a52745057c4
1080_13796,0.25,"POLYGON ((153.41207 -28.042691, 153.412053 -28.038178, 153.406966 -28.038193, 153.406983 -28.042707, 153.41207 -28.042691))",8c293a52745057c4
1080_13797,0.25,"POLYGON ((153.412053 -28.038178, 153.412036 -28.033664, 153.406949 -28.03368, 153.406966 -28.038193, 153.412053 -28.038178))",8c293a52745057c4
1080_13798,0.25,"POLYGON ((153.412036 -28.033664, 153.412019 -28.029151, 153.406932 -28.029166, 153.406949 -28.03368, 153.412036 -28.033664))",8c293a52745057c4
1080_13799,0.25,"POLYGON ((153.412019 -28.029151, 153.412001 -28.024637, 153.406915 -28.024653, 153.406932 -28.029166, 153.412019 -28.029151))",8c293a52745057c4
1080_13800,0.25,"POLYGON ((153.412001 -28.024637, 153.411984 -28.020124, 153.406898 -28.020139, 153.406915 -28.024653, 153.412001 -28.024637))",8c293a52745057c4
1080_13801,0.25,"POLYGON ((153.411984 -28.020124, 153.411967 -28.01561, 153.406881 -28.015625, 153.406898 -28.020139, 153.411984 -28.020124))",8c293a52745057c4
1080_13802,0.25,"POLYGON ((153.411967 -28.01561, 153.41195 -28.011097, 153.406864 -28.011112, 153.406881 -28.015625, 153.411967 -28.01561))",8c293a52745057c4
1080_13803,0.25,"POLYGON ((153.41195 -28.011097, 153.411933 -28.006583, 153.406847 -28.006598, 153.406864 -28.011112, 153.41195 -28.011097))",8c293a52745057c4
1080_13804,0.25,"POLYGON ((153.411933 -28.006583, 153.411916 -28.00207, 153.40683 -28.002085, 153.406847 -28.006598, 153.411933 -28.006583))",8c293a52745057c4
1080_13805,0.25,"POLYGON ((153.411916 -28.00207, 153.411898 -27.997556, 153.406813 -27.997571, 153.40683 -28.002085, 153.411916 -28.00207))",8c293a52745057c4
1080_13806,0.25,"POLYGON ((153.411898 -27.997556, 153.411881 -27.993043, 153.406796 -27.993058, 153.406813 -27.997571, 153.411898 -27.997556))",8c293a52745057c4
1080_13807,0.25,"POLYGON ((153.411881 -27.993043, 153.411864 -27.988529, 153.406779 -27.988544, 153.406796 -27.993058, 153.411881 -27.993043))",8c293a52745057c4
1080_13808,0.25,"POLYGON ((153.411864 -27.988529, 153.411847 -27.984016, 153.406763 -27.984031, 153.406779 -27.988544, 153.411864 -27.988529))",8c293a52745057c4
1080_13809,0.25,"POLYGON ((153.411847 -27.984016, 153.41183 -27.979502, 153.406746 -27.979517, 153.406763 -27.984031, 153.411847 -27.984016))",8c293a52745057c4
1080_13810,0.25,"POLYGON ((153.41183 -27.979502, 153.411813 -27.974989, 153.406729 -27.975004, 153.406746 -27.979517, 153.41183 -27.979502))",8c293a52745057c4
1080_13811,0.25,"POLYGON ((153.411813 -27.974989, 153.411796 -27.970475, 153.406712 -27.97049, 153.406729 -27.975004, 153.411813 -27.974989))",8c293a52745057c4
1080_13812,0.25,"POLYGON ((153.411796 -27.970475, 153.411778 -27.965961, 153.406695 -27.965977, 153.406712 -27.97049, 153.411796 -27.970475))",8c293a52745057c4
1080_13813,0.25,"POLYGON ((153.411778 -27.965961, 153.411761 -27.961448, 153.406678 -27.961463, 153.406695 -27.965977, 153.411778 -27.965961))",8c293a52745057c4
1080_13814,0.25,"POLYGON ((153.411761 -27.961448, 153.411744 -27.956934, 153.406661 -27.956949, 153.406678 -27.961463, 153.411761 -27.961448))",8c293a52745057c4
1080_13815,0.25,"POLYGON ((153.411744 -27.956934, 153.411727 -27.952421, 153.406644 -27.952436, 153.406661 -27.956949, 153.411744 -27.956934))",8c293a52745057c4
1080_13816,0.25,"POLYGON ((153.411727 -27.952421, 153.41171 -27.947907, 153.406627 -27.947922, 153.406644 -27.952436, 153.411727 -27.952421))",8c293a52745057c4
1080_13817,0.25,"POLYGON ((153.41171 -27.947907, 153.411693 -27.943394, 153.40661 -27.943409, 153.406627 -27.947922, 153.41171 -27.947907))",8c293a52745057c4
1080_13818,0.25,"POLYGON ((153.411693 -27.943394, 153.411676 -27.93888, 153.406593 -27.938895, 153.40661 -27.943409, 153.411693 -27.943394))",8c293a52745057c4
1080_13819,0.25,"POLYGON ((153.411676 -27.93888, 153.411659 -27.934366, 153.406576 -27.934382, 153.406593 -27.938895, 153.411676 -27.93888))",8c293a52745057c4
1080_13820,0.25,"POLYGON ((153.411659 -27.934366, 153.411641 -27.929853, 153.40656 -27.929868, 153.406576 -27.934382, 153.411659 -27.934366))",8c293a52745057c4
1080_13821,0.25,"POLYGON ((153.411641 -27.929853, 153.411624 -27.925339, 153.406543 -27.925354, 153.40656 -27.929868, 153.411641 -27.929853))",8c293a52745057c4
1080_13822,0.25,"POLYGON ((153.411624 -27.925339, 153.411607 -27.920826, 153.406526 -27.920841, 153.406543 -27.925354, 153.411624 -27.925339))",8c293a52745057c4
1080_13823,0.25,"POLYGON ((153.411607 -27.920826, 153.41159 -27.916312, 153.406509 -27.916327, 153.406526 -27.920841, 153.411607 -27.920826))",8c293a52745057c4
1080_13824,0.25,"POLYGON ((153.41159 -27.916312, 153.411573 -27.911799, 153.406492 -27.911814, 153.406509 -27.916327, 153.41159 -27.916312))",8c293a52745057c4
1080_13825,0.25,"POLYGON ((153.411573 -27.911799, 153.411556 -27.907285, 153.406475 -27.9073, 153.406492 -27.911814, 153.411573 -27.911799))",8c293a52745057c4
1080_13826,0.25,"POLYGON ((153.411556 -27.907285, 153.411539 -27.902771, 153.406458 -27.902786, 153.406475 -27.9073, 153.411556 -27.907285))",8c293a52745057c4
1080_13827,0.25,"POLYGON ((153.411539 -27.902771, 153.411522 -27.898258, 153.406441 -27.898273, 153.406458 -27.902786, 153.411539 -27.902771))",8c293a52745057c4
1080_13828,0.25,"POLYGON ((153.411522 -27.898258, 153.411505 -27.893744, 153.406425 -27.893759, 153.406441 -27.898273, 153.411522 -27.898258))",8c293a52745057c4
1080_13829,0.25,"POLYGON ((153.411505 -27.893744, 153.411488 -27.889231, 153.406408 -27.889246, 153.406425 -27.893759, 153.411505 -27.893744))",8c293a52745057c4
1080_13830,0.25,"POLYGON ((153.411488 -27.889231, 153.411471 -27.884717, 153.406391 -27.884732, 153.406408 -27.889246, 153.411488 -27.889231))",8c293a52745057c4
1080_13831,0.25,"POLYGON ((153.411471 -27.884717, 153.411454 -27.880203, 153.406374 -27.880218, 153.406391 -27.884732, 153.411471 -27.884717))",8c293a52745057c4
1080_13832,0.25,"POLYGON ((153.411454 -27.880203, 153.411436 -27.87569, 153.406357 -27.875705, 153.406374 -27.880218, 153.411454 -27.880203))",8c293a52745057c4
1080_13833,0.25,"POLYGON ((153.411436 -27.87569, 153.411419 -27.871176, 153.40634 -27.871191, 153.406357 -27.875705, 153.411436 -27.87569))",8c293a52745057c4
1080_13834,0.25,"POLYGON ((153.411419 -27.871176, 153.411402 -27.866663, 153.406323 -27.866678, 153.40634 -27.871191, 153.411419 -27.871176))",8c293a52745057c4
1080_13835,0.25,"POLYGON ((153.411402 -27.866663, 153.411385 -27.862149, 153.406307 -27.862164, 153.406323 -27.866678, 153.411402 -27.866663))",8c293a52745057c4
1080_13836,0.25,"POLYGON ((153.411385 -27.862149, 153.411368 -27.857635, 153.40629 -27.85765, 153.406307 -27.862164, 153.411385 -27.862149))",8c293a52745057c4
1080_13837,0.25,"POLYGON ((153.411368 -27.857635, 153.411351 -27.853122, 153.406273 -27.853137, 153.40629 -27.85765, 153.411368 -27.857635))",8c293a52745057c4
1080_13838,0.25,"POLYGON ((153.411351 -27.853122, 153.411334 -27.848608, 153.406256 -27.848623, 153.406273 -27.853137, 153.411351 -27.853122))",8c293a52745057c4
1080_13839,0.25,"POLYGON ((153.411334 -27.848608, 153.411317 -27.844094, 153.406239 -27.844109, 153.406256 -27.848623, 153.411334 -27.848608))",8c293a52745057c4
1080_13840,0.25,"POLYGON ((153.411317 -27.844094, 153.4113 -27.839581, 153.406223 -27.839596, 153.406239 -27.844109, 153.411317 -27.844094))",8c293a52745057c4
1080_13841,0.25,"POLYGON ((153.4113 -27.839581, 153.411283 -27.835067, 153.406206 -27.835082, 153.406223 -27.839596, 153.4113 -27.839581))",8c293a52745057c4
1080_13842,0.25,"POLYGON ((153.411283 -27.835067, 153.411266 -27.830553, 153.406189 -27.830568, 153.406206 -27.835082, 153.411283 -27.835067))",8c293a52745057c4
1080_13843,0.25,"POLYGON ((153.411266 -27.830553, 153.411249 -27.82604, 153.406172 -27.826055, 153.406189 -27.830568, 153.411266 -27.830553))",8c293a52745057c4
1080_13844,0.25,"POLYGON ((153.411249 -27.82604, 153.411232 -27.821526, 153.406155 -27.821541, 153.406172 -27.826055, 153.411249 -27.82604))",8c293a52745057c4
1080_13845,0.25,"POLYGON ((153.411232 -27.821526, 153.411215 -27.817013, 153.406138 -27.817028, 153.406155 -27.821541, 153.411232 -27.821526))",8c293a52745057c4
1080_13846,0.25,"POLYGON ((153.411215 -27.817013, 153.411198 -27.812499, 153.406122 -27.812514, 153.406138 -27.817028, 153.411215 -27.817013))",8c293a52745057c4
1080_13847,0.25,"POLYGON ((153.411198 -27.812499, 153.411181 -27.807985, 153.406105 -27.808, 153.406122 -27.812514, 153.411198 -27.812499))",8c293a52745057c4
1080_13848,0.25,"POLYGON ((153.411181 -27.807985, 153.411164 -27.803472, 153.406088 -27.803487, 153.406105 -27.808, 153.411181 -27.807985))",8c293a52745057c4
1080_13849,0.25,"POLYGON ((153.411164 -27.803472, 153.411147 -27.798958, 153.406071 -27.798973, 153.406088 -27.803487, 153.411164 -27.803472))",8c293a52745057c4
1080_13850,0.25,"POLYGON ((153.411147 -27.798958, 153.41113 -27.794444, 153.406055 -27.794459, 153.406071 -27.798973, 153.411147 -27.798958))",8c293a52745057c4
1080_13851,0.25,"POLYGON ((153.41113 -27.794444, 153.411113 -27.789931, 153.406038 -27.789946, 153.406055 -27.794459, 153.41113 -27.794444))",8c293a52745057c4
1080_13852,0.25,"POLYGON ((153.411113 -27.789931, 153.411096 -27.785417, 153.406021 -27.785432, 153.406038 -27.789946, 153.411113 -27.789931))",8c293a52745057c4
1080_13853,0.25,"POLYGON ((153.411096 -27.785417, 153.411079 -27.780903, 153.406004 -27.780918, 153.406021 -27.785432, 153.411096 -27.785417))",8c293a52745057c4
1080_13854,0.25,"POLYGON ((153.411079 -27.780903, 153.411062 -27.77639, 153.405988 -27.776405, 153.406004 -27.780918, 153.411079 -27.780903))",8c293a52745057c4
1080_13855,0.25,"POLYGON ((153.411062 -27.77639, 153.411045 -27.771876, 153.405971 -27.771891, 153.405988 -27.776405, 153.411062 -27.77639))",8c293a52745057c4
1080_13856,0.25,"POLYGON ((153.411045 -27.771876, 153.411028 -27.767362, 153.405954 -27.767377, 153.405971 -27.771891, 153.411045 -27.771876))",8c293a52745057c4
1080_13857,0.25,"POLYGON ((153.411028 -27.767362, 153.411011 -27.762848, 153.405937 -27.762863, 153.405954 -27.767377, 153.411028 -27.767362))",8c293a52745057c4
1080_13858,0.25,"POLYGON ((153.411011 -27.762848, 153.410994 -27.758335, 153.405921 -27.75835, 153.405937 -27.762863, 153.411011 -27.762848))",8c293a52745057c4
1080_13859,0.25,"POLYGON ((153.410994 -27.758335, 153.410977 -27.753821, 153.405904 -27.753836, 153.405921 -27.75835, 153.410994 -27.758335))",8c293a52745057c4
1080_13860,0.25,"POLYGON ((153.410977 -27.753821, 153.410961 -27.749307, 153.405887 -27.749322, 153.405904 -27.753836, 153.410977 -27.753821))",8c293a52745057c4
1080_13861,0.25,"POLYGON ((153.410961 -27.749307, 153.410944 -27.744794, 153.40587 -27.744809, 153.405887 -27.749322, 153.410961 -27.749307))",8c293a52745057c4
1080_13862,0.19934485604805874,"POLYGON ((153.410944 -27.744794, 153.410927 -27.74028, 153.405854 -27.740295, 153.40587 -27.744809, 153.410944 -27.744794))",8c293a52745057c4
1080_13863,0.0510247688823591,"POLYGON ((153.410927 -27.74028, 153.41091 -27.735766, 153.405837 -27.735781, 153.405854 -27.740295, 153.410927 -27.74028))",8c293a52745057c4
1080_13864,1.5358385355299683e-09,"POLYGON ((153.41091 -27.735766, 153.410893 -27.731253, 153.40582 -27.731268, 153.405837 -27.735781, 153.41091 -27.735766))",8c293a52745057c4
1081_13759,0.09197846893045564,"POLYGON ((153.417804 -28.209674, 153.417787 -28.20516, 153.412692 -28.205176, 153.412709 -28.209689, 153.417804 -28.209674))",8c293a52745057c4
1081_13760,0.23972171060262956,"POLYGON ((153.417787 -28.20516, 153.417769 -28.200647, 153.412675 -28.200662, 153.412692 -28.205176, 153.417787 -28.20516))",8c293a52745057c4
1081_13761,0.25,"POLYGON ((153.417769 -28.200647, 153.417752 -28.196133, 153.412657 -28.196149, 153.412675 -28.200662, 153.417769 -28.200647))",8c293a52745057c4
1081_13762,0.25,"POLYGON ((153.417752 -28.196133, 153.417734 -28.19162, 153.41264 -28.191635, 153.412657 -28.196149, 153.417752 -28.196133))",8c293a52745057c4
1081_13763,0.25,"POLYGON ((153.417734 -28.19162, 153.417717 -28.187107, 153.412623 -28.187122, 153.41264 -28.191635, 153.417734 -28.19162))",8c293a52745057c4
1081_13764,0.25,"POLYGON ((153.417717 -28.187107, 153.417699 -28.182593, 153.412605 -28.182609, 153.412623 -28.187122, 153.417717 -28.187107))",8c293a52745057c4
1081_13765,0.25,"POLYGON ((153.417699 -28.182593, 153.417682 -28.17808, 153.412588 -28.178095, 153.412605 -28.182609, 153.417699 -28.182593))",8c293a52745057c4
1081_13766,0.25,"POLYGON ((153.417682 -28.17808, 153.417664 -28.173566, 153.412571 -28.173582, 153.412588 -28.178095, 153.417682 -28.17808))",8c293a52745057c4
1081_13767,0.25,"POLYGON ((153.417664 -28.173566, 153.417647 -28.169053, 153.412553 -28.169068, 153.412571 -28.173582, 153.417664 -28.173566))",8c293a52745057c4
1081_13768,0.25,"POLYGON ((153.417647 -28.169053, 153.417629 -28.164539, 153.412536 -28.164555, 153.412553 -28.169068, 153.417647 -28.169053))",8c293a52745057c4
1081_13769,0.25,"POLYGON ((153.417629 -28.164539, 153.417611 -28.160026, 153.412519 -28.160041, 153.412536 -28.164555, 153.417629 -28.164539))",8c293a52745057c4
1081_13770,0.25,"POLYGON ((153.417611 -28.160026, 153.417594 -28.155513, 153.412501 -28.155528, 153.412519 -28.160041, 153.417611 -28.160026))",8c293a52745057c4
1081_13771,0.25,"POLYGON ((153.417594 -28.155513, 153.417576 -28.150999, 153.412484 -28.151015, 153.412501 -28.155528, 153.417594 -28.155513))",8c293a52745057c4
1081_13772,0.25,"POLYGON ((153.417576 -28.150999, 153.417559 -28.146486, 153.412467 -28.146501, 153.412484 -28.151015, 153.417576 -28.150999))",8c293a52745057c4
1081_13773,0.25,"POLYGON ((153.417559 -28.146486, 153.417541 -28.141972, 153.41245 -28.141988, 153.412467 -28.146501, 153.417559 -28.146486))",8c293a52745057c4
1081_13774,0.25,"POLYGON ((153.417541 -28.141972, 153.417524 -28.137459, 153.412432 -28.137474, 153.41245 -28.141988, 153.417541 -28.141972))",8c293a52745057c4
1081_13775,0.25,"POLYGON ((153.417524 -28.137459, 153.417506 -28.132945, 153.412415 -28.132961, 153.412432 -28.137474, 153.417524 -28.137459))",8c293a52745057c4
1081_13776,0.25,"POLYGON ((153.417506 -28.132945, 153.417489 -28.128432, 153.412398 -28.128447, 153.412415 -28.132961, 153.417506 -28.132945))",8c293a52745057c4
1081_13777,0.25,"POLYGON ((153.417489 -28.128432, 153.417471 -28.123919, 153.41238 -28.123934, 153.412398 -28.128447, 153.417489 -28.128432))",8c293a52745057c4
1081_13778,0.25,"POLYGON ((153.417471 -28.123919, 153.417454 -28.119405, 153.412363 -28.119421, 153.41238 -28.123934, 153.417471 -28.123919))",8c293a52745057c4
1081_13779,0.25,"POLYGON ((153.417454 -28.119405, 153.417437 -28.114892, 153.412346 -28.114907, 153.412363 -28.119421, 153.417454 -28.119405))",8c293a52745057c4
1081_13780,0.25,"POLYGON ((153.417437 -28.114892, 153.417419 -28.110378, 153.412329 -28.110394, 153.412346 -28.114907, 153.417437 -28.114892))",8c293a52745057c4
1081_13781,0.25,"POLYGON ((153.417419 -28.110378, 153.417402 -28.105865, 153.412311 -28.10588, 153.412329 -28.110394, 153.417419 -28.110378))",8c293a52745057c4
1081_13782,0.25,"POLYGON ((153.417402 -28.105865, 153.417384 -28.101351, 153.412294 -28.101367, 153.412311 -28.10588, 153.417402 -28.105865))",8c293a52745057c4
1081_13783,0.25,"POLYGON ((153.417384 -28.101351, 153.417367 -28.096838, 153.412277 -28.096853, 153.412294 -28.101367, 153.417384 -28.101351))",8c293a52745057c4
1081_13784,0.25,"POLYGON ((153.417367 -28.096838, 153.417349 -28.092324, 153.41226 -28.09234, 153.412277 -28.096853, 153.417367 -28.096838))",8c293a52745057c4
1081_13785,0.25,"POLYGON ((153.417349 -28.092324, 153.417332 -28.087811, 153.412242 -28.087826, 153.41226 -28.09234, 153.417349 -28.092324))",8c293a52745057c4
1081_13786,0.25,"POLYGON ((153.417332 -28.087811, 153.417314 -28.083297, 153.412225 -28.083313, 153.412242 -28.087826, 153.417332 -28.087811))",8c293a52745057c4
1081_13787,0.25,"POLYGON ((153.417314 -28.083297, 153.417297 -28.078784, 153.412208 -28.078799, 153.412225 -28.083313, 153.417314 -28.083297))",8c293a52745057c4
1081_13788,0.25,"POLYGON ((153.417297 -28.078784, 153.417279 -28.07427, 153.412191 -28.074286, 153.412208 -28.078799, 153.417297 -28.078784))",8c293a52745057c4
1081_13789,0.25,"POLYGON ((153.417279 -28.07427, 153.417262 -28.069757, 153.412173 -28.069772, 153.412191 -28.074286, 153.417279 -28.07427))",8c293a52745057c4
1081_13790,0.25,"POLYGON ((153.417262 -28.069757, 153.417245 -28.065244, 153.412156 -28.065259, 153.412173 -28.069772, 153.417262 -28.069757))",8c293a52745057c4
1081_13791,0.25,"POLYGON ((153.417245 -28.065244, 153.417227 -28.06073, 153.412139 -28.060745, 153.412156 -28.065259, 153.417245 -28.065244))",8c293a52745057c4
1081_13792,0.25,"POLYGON ((153.417227 -28.06073, 153.41721 -28.056217, 153.412122 -28.056232, 153.412139 -28.060745, 153.417227 -28.06073))",8c293a52745057c4
1081_13793,0.25,"POLYGON ((153.41721 -28.056217, 153.417192 -28.051703, 153.412105 -28.051718, 153.412122 -28.056232, 153.41721 -28.056217))",8c293a52745057c4
1081_13794,0.25,"POLYGON ((153.417192 -28.051703, 153.417175 -28.04719, 153.412087 -28.047205, 153.412105 -28.051718, 153.417192 -28.051703))",8c293a52745057c4
1081_13795,0.25,"POLYGON ((153.417175 -28.04719, 153.417157 -28.042676, 153.41207 -28.042691, 153.412087 -28.047205, 153.417175 -28.04719))",8c293a52745057c4
1081_13796,0.25,"POLYGON ((153.417157 -28.042676, 153.41714 -28.038163, 153.412053 -28.038178, 153.41207 -28.042691, 153.417157 -28.042676))",8c293a52745057c4
1081_13797,0.25,"POLYGON ((153.41714 -28.038163, 153.417123 -28.033649, 153.412036 -28.033664, 153.412053 -28.038178, 153.41714 -28.038163))",8c293a52745057c4
1081_13798,0.25,"POLYGON ((153.417123 -28.033649, 153.417105 -28.029136, 153.412019 -28.029151, 153.412036 -28.033664, 153.417123 -28.033649))",8c293a52745057c4
1081_13799,0.25,"POLYGON ((153.417105 -28.029136, 153.417088 -28.024622, 153.412001 -28.024637, 153.412019 -28.029151, 153.417105 -28.029136))",8c293a52745057c4
1081_13800,0.25,"POLYGON ((153.417088 -28.024622, 153.41707 -28.020109, 153.411984 -28.020124, 153.412001 -28.024637, 153.417088 -28.024622))",8c293a52745057c4
1081_13801,0.25,"POLYGON ((153.41707 -28.020109, 153.417053 -28.015595, 153.411967 -28.01561, 153.411984 -28.020124, 153.41707 -28.020109))",8c293a52745057c4
1081_13802,0.25,"POLYGON ((153.417053 -28.015595, 153.417036 -28.011081, 153.41195 -28.011097, 153.411967 -28.01561, 153.417053 -28.015595))",8c293a52745057c4
1081_13803,0.25,"POLYGON ((153.417036 -28.011081, 153.417018 -28.006568, 153.411933 -28.006583, 153.41195 -28.011097, 153.417036 -28.011081))",8c293a52745057c4
1081_13804,0.25,"POLYGON ((153.417018 -28.006568, 153.417001 -28.002054, 153.411916 -28.00207, 153.411933 -28.006583, 153.417018 -28.006568))",8c293a52745057c4
1081_13805,0.25,"POLYGON ((153.417001 -28.002054, 153.416983 -27.997541, 153.411898 -27.997556, 153.411916 -28.00207, 153.417001 -28.002054))",8c293a52745057c4
1081_13806,0.25,"POLYGON ((153.416983 -27.997541, 153.416966 -27.993027, 153.411881 -27.993043, 153.411898 -27.997556, 153.416983 -27.997541))",8c293a52745057c4
1081_13807,0.25,"POLYGON ((153.416966 -27.993027, 153.416949 -27.988514, 153.411864 -27.988529, 153.411881 -27.993043, 153.416966 -27.993027))",8c293a52745057c4
1081_13808,0.25,"POLYGON ((153.416949 -27.988514, 153.416931 -27.984, 153.411847 -27.984016, 153.411864 -27.988529, 153.416949 -27.988514))",8c293a52745057c4
1081_13809,0.25,"POLYGON ((153.416931 -27.984, 153.416914 -27.979487, 153.41183 -27.979502, 153.411847 -27.984016, 153.416931 -27.984))",8c293a52745057c4
1081_13810,0.25,"POLYGON ((153.416914 -27.979487, 153.416897 -27.974973, 153.411813 -27.974989, 153.41183 -27.979502, 153.416914 -27.979487))",8c293a52745057c4
1081_13811,0.25,"POLYGON ((153.416897 -27.974973, 153.416879 -27.97046, 153.411796 -27.970475, 153.411813 -27.974989, 153.416897 -27.974973))",8c293a52745057c4
1081_13812,0.25,"POLYGON ((153.416879 -27.97046, 153.416862 -27.965946, 153.411778 -27.965961, 153.411796 -27.970475, 153.416879 -27.97046))",8c293a52745057c4
1081_13813,0.25,"POLYGON ((153.416862 -27.965946, 153.416845 -27.961433, 153.411761 -27.961448, 153.411778 -27.965961, 153.416862 -27.965946))",8c293a52745057c4
1081_13814,0.25,"POLYGON ((153.416845 -27.961433, 153.416827 -27.956919, 153.411744 -27.956934, 153.411761 -27.961448, 153.416845 -27.961433))",8c293a52745057c4
1081_13815,0.25,"POLYGON ((153.416827 -27.956919, 153.41681 -27.952405, 153.411727 -27.952421, 153.411744 -27.956934, 153.416827 -27.956919))",8c293a52745057c4
1081_13816,0.25,"POLYGON ((153.41681 -27.952405, 153.416793 -27.947892, 153.41171 -27.947907, 153.411727 -27.952421, 153.41681 -27.952405))",8c293a52745057c4
1081_13817,0.25,"POLYGON ((153.416793 -27.947892, 153.416775 -27.943378, 153.411693 -27.943394, 153.41171 -27.947907, 153.416793 -27.947892))",8c293a52745057c4
1081_13818,0.25,"POLYGON ((153.416775 -27.943378, 153.416758 -27.938865, 153.411676 -27.93888, 153.411693 -27.943394, 153.416775 -27.943378))",8c293a52745057c4
1081_13819,0.25,"POLYGON ((153.416758 -27.938865, 153.416741 -27.934351, 153.411659 -27.934366, 153.411676 -27.93888, 153.416758 -27.938865))",8c293a52745057c4
1081_13820,0.25,"POLYGON ((153.416741 -27.934351, 153.416723 -27.929838, 153.411641 -27.929853, 153.411659 -27.934366, 153.416741 -27.934351))",8c293a52745057c4
1081_13821,0.25,"POLYGON ((153.416723 -27.929838, 153.416706 -27.925324, 153.411624 -27.925339, 153.411641 -27.929853, 153.416723 -27.929838))",8c293a52745057c4
1081_13822,0.25,"POLYGON ((153.416706 -27.925324, 153.416689 -27.92081, 153.411607 -27.920826, 153.411624 -27.925339, 153.416706 -27.925324))",8c293a52745057c4
1081_13823,0.25,"POLYGON ((153.416689 -27.92081, 153.416671 -27.916297, 153.41159 -27.916312, 153.411607 -27.920826, 153.416689 -27.92081))",8c293a52745057c4
1081_13824,0.25,"POLYGON ((153.416671 -27.916297, 153.416654 -27.911783, 153.411573 -27.911799, 153.41159 -27.916312, 153.416671 -27.916297))",8c293a52745057c4
1081_13825,0.25,"POLYGON ((153.416654 -27.911783, 153.416637 -27.90727, 153.411556 -27.907285, 153.411573 -27.911799, 153.416654 -27.911783))",8c293a52745057c4
1081_13826,0.25,"POLYGON ((153.416637 -27.90727, 153.41662 -27.902756, 153.411539 -27.902771, 153.411556 -27.907285, 153.416637 -27.90727))",8c293a52745057c4
1081_13827,0.25,"POLYGON ((153.41662 -27.902756, 153.416602 -27.898243, 153.411522 -27.898258, 153.411539 -27.902771, 153.41662 -27.902756))",8c293a52745057c4
1081_13828,0.25,"POLYGON ((153.416602 -27.898243, 153.416585 -27.893729, 153.411505 -27.893744, 153.411522 -27.898258, 153.416602 -27.898243))",8c293a52745057c4
1081_13829,0.25,"POLYGON ((153.416585 -27.893729, 153.416568 -27.889215, 153.411488 -27.889231, 153.411505 -27.893744, 153.416585 -27.893729))",8c293a52745057c4
1081_13830,0.25,"POLYGON ((153.416568 -27.889215, 153.41655 -27.884702, 153.411471 -27.884717, 153.411488 -27.889231, 153.416568 -27.889215))",8c293a52745057c4
1081_13831,0.25,"POLYGON ((153.41655 -27.884702, 153.416533 -27.880188, 153.411454 -27.880203, 153.411471 -27.884717, 153.41655 -27.884702))",8c293a52745057c4
1081_13832,0.25,"POLYGON ((153.416533 -27.880188, 153.416516 -27.875674, 153.411436 -27.87569, 153.411454 -27.880203, 153.416533 -27.880188))",8c293a52745057c4
1081_13833,0.25,"POLYGON ((153.416516 -27.875674, 153.416499 -27.871161, 153.411419 -27.871176, 153.411436 -27.87569, 153.416516 -27.875674))",8c293a52745057c4
1081_13834,0.25,"POLYGON ((153.416499 -27.871161, 153.416481 -27.866647, 153.411402 -27.866663, 153.411419 -27.871176, 153.416499 -27.871161))",8c293a52745057c4
1081_13835,0.25,"POLYGON ((153.416481 -27.866647, 153.416464 -27.862134, 153.411385 -27.862149, 153.411402 -27.866663, 153.416481 -27.866647))",8c293a52745057c4
1081_13836,0.25,"POLYGON ((153.416464 -27.862134, 153.416447 -27.85762, 153.411368 -27.857635, 153.411385 -27.862149, 153.416464 -27.862134))",8c293a52745057c4
1081_13837,0.25,"POLYGON ((153.416447 -27.85762, 153.41643 -27.853106, 153.411351 -27.853122, 153.411368 -27.857635, 153.416447 -27.85762))",8c293a52745057c4
1081_13838,0.25,"POLYGON ((153.41643 -27.853106, 153.416412 -27.848593, 153.411334 -27.848608, 153.411351 -27.853122, 153.41643 -27.853106))",8c293a52745057c4
1081_13839,0.25,"POLYGON ((153.416412 -27.848593, 153.416395 -27.844079, 153.411317 -27.844094, 153.411334 -27.848608, 153.416412 -27.848593))",8c293a52745057c4
1081_13840,0.25,"POLYGON ((153.416395 -27.844079, 153.416378 -27.839566, 153.4113 -27.839581, 153.411317 -27.844094, 153.416395 -27.844079))",8c293a52745057c4
1081_13841,0.25,"POLYGON ((153.416378 -27.839566, 153.416361 -27.835052, 153.411283 -27.835067, 153.4113 -27.839581, 153.416378 -27.839566))",8c293a52745057c4
1081_13842,0.25,"POLYGON ((153.416361 -27.835052, 153.416343 -27.830538, 153.411266 -27.830553, 153.411283 -27.835067, 153.416361 -27.835052))",8c293a52745057c4
1081_13843,0.25,"POLYGON ((153.416343 -27.830538, 153.416326 -27.826025, 153.411249 -27.82604, 153.411266 -27.830553, 153.416343 -27.830538))",8c293a52745057c4
1081_13844,0.25,"POLYGON ((153.416326 -27.826025, 153.416309 -27.821511, 153.411232 -27.821526, 153.411249 -27.82604, 153.416326 -27.826025))",8c293a52745057c4
1081_13845,0.25,"POLYGON ((153.416309 -27.821511, 153.416292 -27.816997, 153.411215 -27.817013, 153.411232 -27.821526, 153.416309 -27.821511))",8c293a52745057c4
1081_13846,0.25,"POLYGON ((153.416292 -27.816997, 153.416275 -27.812484, 153.411198 -27.812499, 153.411215 -27.817013, 153.416292 -27.816997))",8c293a52745057c4
1081_13847,0.25,"POLYGON ((153.416275 -27.812484, 153.416257 -27.80797, 153.411181 -27.807985, 153.411198 -27.812499, 153.416275 -27.812484))",8c293a52745057c4
1081_13848,0.25,"POLYGON ((153.416257 -27.80797, 153.41624 -27.803456, 153.411164 -27.803472, 153.411181 -27.807985, 153.416257 -27.80797))",8c293a52745057c4
1081_13849,0.25,"POLYGON ((153.41624 -27.803456, 153.416223 -27.798943, 153.411147 -27.798958, 153.411164 -27.803472, 153.41624 -27.803456))",8c293a52745057c4
1081_13850,0.25,"POLYGON ((153.416223 -27.798943, 153.416206 -27.794429, 153.41113 -27.794444, 153.411147 -27.798958, 153.416223 -27.798943))",8c293a52745057c4
1081_13851,0.25,"POLYGON ((153.416206 -27.794429, 153.416189 -27.789915, 153.411113 -27.789931, 153.41113 -27.794444, 153.416206 -27.794429))",8c293a52745057c4
1081_13852,0.25,"POLYGON ((153.416189 -27.789915, 153.416171 -27.785402, 153.411096 -27.785417, 153.411113 -27.789931, 153.416189 -27.789915))",8c293a52745057c4
1081_13853,0.25,"POLYGON ((153.416171 -27.785402, 153.416154 -27.780888, 153.411079 -27.780903, 153.411096 -27.785417, 153.416171 -27.785402))",8c293a52745057c4
1081_13854,0.25,"POLYGON ((153.416154 -27.780888, 153.416137 -27.776374, 153.411062 -27.77639, 153.411079 -27.780903, 153.416154 -27.780888))",8c293a52745057c4
1081_13855,0.25,"POLYGON ((153.416137 -27.776374, 153.41612 -27.771861, 153.411045 -27.771876, 153.411062 -27.77639, 153.416137 -27.776374))",8c293a52745057c4
1081_13856,0.25,"POLYGON ((153.41612 -27.771861, 153.416103 -27.767347, 153.411028 -27.767362, 153.411045 -27.771876, 153.41612 -27.771861))",8c293a52745057c4
1081_13857,0.25,"POLYGON ((153.416103 -27.767347, 153.416085 -27.762833, 153.411011 -27.762848, 153.411028 -27.767362, 153.416103 -27.767347))",8c293a52745057c4
1081_13858,0.25,"POLYGON ((153.416085 -27.762833, 153.416068 -27.75832, 153.410994 -27.758335, 153.411011 -27.762848, 153.416085 -27.762833))",8c293a52745057c4
1081_13859,0.25,"POLYGON ((153.416068 -27.75832, 153.416051 -27.753806, 153.410977 -27.753821, 153.410994 -27.758335, 153.416068 -27.75832))",8c293a52745057c4
1081_13860,0.25,"POLYGON ((153.416051 -27.753806, 153.416034 -27.749292, 153.410961 -27.749307, 153.410977 -27.753821, 153.416051 -27.753806))",8c293a52745057c4
1081_13861,0.25,"POLYGON ((153.416034 -27.749292, 153.416017 -27.744779, 153.410944 -27.744794, 153.410961 -27.749307, 153.416034 -27.749292))",8c293a52745057c4
1081_13862,0.07059602475591219,"POLYGON ((153.416017 -27.744779, 153.416 -27.740265, 153.410927 -27.74028, 153.410944 -27.744794, 153.416017 -27.744779))",8c293a52745057c4
1082_13760,0.007519541225712622,"POLYGON ((153.422882 -28.205144, 153.422864 -28.200631, 153.417769 -28.200647, 153.417787 -28.20516, 153.422882 -28.205144))",8c293a52745057c4
1082_13761,0.1949934846395361,"POLYGON ((153.422864 -28.200631, 153.422846 -28.196118, 153.417752 -28.196133, 153.417769 -28.200647, 153.422864 -28.200631))",8c293a52745057c4
1082_13762,0.25,"POLYGON ((153.422846 -28.196118, 153.422828 -28.191604, 153.417734 -28.19162, 153.417752 -28.196133, 153.422846 -28.196118))",8c293a52745057c4
1082_13763,0.25,"POLYGON ((153.422828 -28.191604, 153.422811 -28.187091, 153.417717 -28.187107, 153.417734 -28.19162, 153.422828 -28.191604))",8c293a52745057c4
1082_13764,0.25,"POLYGON ((153.422811 -28.187091, 153.422793 -28.182578, 153.417699 -28.182593, 153.417717 -28.187107, 153.422811 -28.187091))",8c293a52745057c4
1082_13765,0.25,"POLYGON ((153.422793 -28.182578, 153.422775 -28.178064, 153.417682 -28.17808, 153.417699 -28.182593, 153.422793 -28.182578))",8c293a52745057c4
1082_13766,0.25,"POLYGON ((153.422775 -28.178064, 153.422757 -28.173551, 153.417664 -28.173566, 153.417682 -28.17808, 153.422775 -28.178064))",8c293a52745057c4
1082_13767,0.25,"POLYGON ((153.422757 -28.173551, 153.42274 -28.169037, 153.417647 -28.169053, 153.417664 -28.173566, 153.422757 -28.173551))",8c293a52745057c4
1082_13768,0.25,"POLYGON ((153.42274 -28.169037, 153.422722 -28.164524, 153.417629 -28.164539, 153.417647 -28.169053, 153.42274 -28.169037))",8c293a52745057c4
1082_13769,0.25,"POLYGON ((153.422722 -28.164524, 153.422704 -28.16001, 153.417611 -28.160026, 153.417629 -28.164539, 153.422722 -28.164524))",8c293a52745057c4
1082_13770,0.25,"POLYGON ((153.422704 -28.16001, 153.422686 -28.155497, 153.417594 -28.155513, 153.417611 -28.160026, 153.422704 -28.16001))",8c293a52745057c4
1082_13771,0.25,"POLYGON ((153.422686 -28.155497, 153.422669 -28.150984, 153.417576 -28.150999, 153.417594 -28.155513, 153.422686 -28.155497))",8c293a52745057c4
1082_13772,0.25,"POLYGON ((153.422669 -28.150984, 153.422651 -28.14647, 153.417559 -28.146486, 153.417576 -28.150999, 153.422669 -28.150984))",8c293a52745057c4
1082_13773,0.25,"POLYGON ((153.422651 -28.14647, 153.422633 -28.141957, 153.417541 -28.141972, 153.417559 -28.146486, 153.422651 -28.14647))",8c293a52745057c4
1082_13774,0.25,"POLYGON ((153.422633 -28.141957, 153.422616 -28.137443, 153.417524 -28.137459, 153.417541 -28.141972, 153.422633 -28.141957))",8c293a52745057c4
1082_13775,0.25,"POLYGON ((153.422616 -28.137443, 153.422598 -28.13293, 153.417506 -28.132945, 153.417524 -28.137459, 153.422616 -28.137443))",8c293a52745057c4
1082_13776,0.25,"POLYGON ((153.422598 -28.13293, 153.42258 -28.128416, 153.417489 -28.128432, 153.417506 -28.132945, 153.422598 -28.13293))",8c293a52745057c4
1082_13777,0.25,"POLYGON ((153.42258 -28.128416, 153.422562 -28.123903, 153.417471 -28.123919, 153.417489 -28.128432, 153.42258 -28.128416))",8c293a52745057c4
1082_13778,0.25,"POLYGON ((153.422562 -28.123903, 153.422545 -28.11939, 153.417454 -28.119405, 153.417471 -28.123919, 153.422562 -28.123903))",8c293a52745057c4
1082_13779,0.25,"POLYGON ((153.422545 -28.11939, 153.422527 -28.114876, 153.417437 -28.114892, 153.417454 -28.119405, 153.422545 -28.11939))",8c293a52745057c4
1082_13780,0.25,"POLYGON ((153.422527 -28.114876, 153.422509 -28.110363, 153.417419 -28.110378, 153.417437 -28.114892, 153.422527 -28.114876))",8c293a52745057c4
1082_13781,0.25,"POLYGON ((153.422509 -28.110363, 153.422492 -28.105849, 153.417402 -28.105865, 153.417419 -28.110378, 153.422509 -28.110363))",8c293a52745057c4
1082_13782,0.25,"POLYGON ((153.422492 -28.105849, 153.422474 -28.101336, 153.417384 -28.101351, 153.417402 -28.105865, 153.422492 -28.105849))",8c293a52745057c4
1082_13783,0.25,"POLYGON ((153.422474 -28.101336, 153.422456 -28.096822, 153.417367 -28.096838, 153.417384 -28.101351, 153.422474 -28.101336))",8c293a52745057c4
1082_13784,0.25,"POLYGON ((153.422456 -28.096822, 153.422439 -28.092309, 153.417349 -28.092324, 153.417367 -28.096838, 153.422456 -28.096822))",8c293a52745057c4
1082_13785,0.25,"POLYGON ((153.422439 -28.092309, 153.422421 -28.087795, 153.417332 -28.087811, 153.417349 -28.092324, 153.422439 -28.092309))",8c293a52745057c4
1082_13786,0.25,"POLYGON ((153.422421 -28.087795, 153.422403 -28.083282, 153.417314 -28.083297, 153.417332 -28.087811, 153.422421 -28.087795))",8c293a52745057c4
1082_13787,0.25,"POLYGON ((153.422403 -28.083282, 153.422386 -28.078768, 153.417297 -28.078784, 153.417314 -28.083297, 153.422403 -28.083282))",8c293a52745057c4
1082_13788,0.25,"POLYGON ((153.422386 -28.078768, 153.422368 -28.074255, 153.417279 -28.07427, 153.417297 -28.078784, 153.422386 -28.078768))",8c293a52745057c4
1082_13789,0.25,"POLYGON ((153.422368 -28.074255, 153.42235 -28.069741, 153.417262 -28.069757, 153.417279 -28.07427, 153.422368 -28.074255))",8c293a52745057c4
1082_13790,0.25,"POLYGON ((153.42235 -28.069741, 153.422333 -28.065228, 153.417245 -28.065244, 153.417262 -28.069757, 153.42235 -28.069741))",8c293a52745057c4
1082_13791,0.25,"POLYGON ((153.422333 -28.065228, 153.422315 -28.060714, 153.417227 -28.06073, 153.417245 -28.065244, 153.422333 -28.065228))",8c293a52745057c4
1082_13792,0.25,"POLYGON ((153.422315 -28.060714, 153.422297 -28.056201, 153.41721 -28.056217, 153.417227 -28.06073, 153.422315 -28.060714))",8c293a52745057c4
1082_13793,0.25,"POLYGON ((153.422297 -28.056201, 153.42228 -28.051687, 153.417192 -28.051703, 153.41721 -28.056217, 153.422297 -28.056201))",8c293a52745057c4
1082_13794,0.25,"POLYGON ((153.42228 -28.051687, 153.422262 -28.047174, 153.417175 -28.04719, 153.417192 -28.051703, 153.42228 -28.051687))",8c293a52745057c4
1082_13795,0.25,"POLYGON ((153.422262 -28.047174, 153.422245 -28.042661, 153.417157 -28.042676, 153.417175 -28.04719, 153.422262 -28.047174))",8c293a52745057c4
1082_13796,0.25,"POLYGON ((153.422245 -28.042661, 153.422227 -28.038147, 153.41714 -28.038163, 153.417157 -28.042676, 153.422245 -28.042661))",8c293a52745057c4
1082_13797,0.25,"POLYGON ((153.422227 -28.038147, 153.422209 -28.033634, 153.417123 -28.033649, 153.41714 -28.038163, 153.422227 -28.038147))",8c293a52745057c4
1082_13798,0.25,"POLYGON ((153.422209 -28.033634, 153.422192 -28.02912, 153.417105 -28.029136, 153.417123 -28.033649, 153.422209 -28.033634))",8c293a52745057c4
1082_13799,0.25,"POLYGON ((153.422192 -28.02912, 153.422174 -28.024606, 153.417088 -28.024622, 153.417105 -28.029136, 153.422192 -28.02912))",8c293a52745057c4
1082_13800,0.25,"POLYGON ((153.422174 -28.024606, 153.422156 -28.020093, 153.41707 -28.020109, 153.417088 -28.024622, 153.422174 -28.024606))",8c293a52745057c4
1082_13801,0.25,"POLYGON ((153.422156 -28.020093, 153.422139 -28.015579, 153.417053 -28.015595, 153.41707 -28.020109, 153.422156 -28.020093))",8c293a52745057c4
1082_13802,0.25,"POLYGON ((153.422139 -28.015579, 153.422121 -28.011066, 153.417036 -28.011081, 153.417053 -28.015595, 153.422139 -28.015579))",8c293a52745057c4
1082_13803,0.25,"POLYGON ((153.422121 -28.011066, 153.422104 -28.006552, 153.417018 -28.006568, 153.417036 -28.011081, 153.422121 -28.011066))",8c293a52745057c4
1082_13804,0.25,"POLYGON ((153.422104 -28.006552, 153.422086 -28.002039, 153.417001 -28.002054, 153.417018 -28.006568, 153.422104 -28.006552))",8c293a52745057c4
1082_13805,0.25,"POLYGON ((153.422086 -28.002039, 153.422069 -27.997525, 153.416983 -27.997541, 153.417001 -28.002054, 153.422086 -28.002039))",8c293a52745057c4
1082_13806,0.25,"POLYGON ((153.422069 -27.997525, 153.422051 -27.993012, 153.416966 -27.993027, 153.416983 -27.997541, 153.422069 -27.997525))",8c293a52745057c4
1082_13807,0.25,"POLYGON ((153.422051 -27.993012, 153.422033 -27.988498, 153.416949 -27.988514, 153.416966 -27.993027, 153.422051 -27.993012))",8c293a52745057c4
1082_13808,0.25,"POLYGON ((153.422033 -27.988498, 153.422016 -27.983985, 153.416931 -27.984, 153.416949 -27.988514, 153.422033 -27.988498))",8c293a52745057c4
1082_13809,0.25,"POLYGON ((153.422016 -27.983985, 153.421998 -27.979471, 153.416914 -27.979487, 153.416931 -27.984, 153.422016 -27.983985))",8c293a52745057c4
1082_13810,0.25,"POLYGON ((153.421998 -27.979471, 153.421981 -27.974958, 153.416897 -27.974973, 153.416914 -27.979487, 153.421998 -27.979471))",8c293a52745057c4
1082_13811,0.25,"POLYGON ((153.421981 -27.974958, 153.421963 -27.970444, 153.416879 -27.97046, 153.416897 -27.974973, 153.421981 -27.974958))",8c293a52745057c4
1082_13812,0.25,"POLYGON ((153.421963 -27.970444, 153.421946 -27.965931, 153.416862 -27.965946, 153.416879 -27.97046, 153.421963 -27.970444))",8c293a52745057c4
1082_13813,0.25,"POLYGON ((153.421946 -27.965931, 153.421928 -27.961417, 153.416845 -27.961433, 153.416862 -27.965946, 153.421946 -27.965931))",8c293a52745057c4
1082_13814,0.25,"POLYGON ((153.421928 -27.961417, 153.42191 -27.956904, 153.416827 -27.956919, 153.416845 -27.961433, 153.421928 -27.961417))",8c293a52745057c4
1082_13815,0.25,"POLYGON ((153.42191 -27.956904, 153.421893 -27.95239, 153.41681 -27.952405, 153.416827 -27.956919, 153.42191 -27.956904))",8c293a52745057c4
1082_13816,0.25,"POLYGON ((153.421893 -27.95239, 153.421875 -27.947876, 153.416793 -27.947892, 153.41681 -27.952405, 153.421893 -27.95239))",8c293a52745057c4
1082_13817,0.25,"POLYGON ((153.421875 -27.947876, 153.421858 -27.943363, 153.416775 -27.943378, 153.416793 -27.947892, 153.421875 -27.947876))",8c293a52745057c4
1082_13818,0.25,"POLYGON ((153.421858 -27.943363, 153.42184 -27.938849, 153.416758 -27.938865, 153.416775 -27.943378, 153.421858 -27.943363))",8c293a52745057c4
1082_13819,0.25,"POLYGON ((153.42184 -27.938849, 153.421823 -27.934336, 153.416741 -27.934351, 153.416758 -27.938865, 153.42184 -27.938849))",8c293a52745057c4
1082_13820,0.25,"POLYGON ((153.421823 -27.934336, 153.421805 -27.929822, 153.416723 -27.929838, 153.416741 -27.934351, 153.421823 -27.934336))",8c293a52745057c4
1082_13821,0.25,"POLYGON ((153.421805 -27.929822, 153.421788 -27.925309, 153.416706 -27.925324, 153.416723 -27.929838, 153.421805 -27.929822))",8c293a52745057c4
1082_13822,0.25,"POLYGON ((153.421788 -27.925309, 153.42177 -27.920795, 153.416689 -27.92081, 153.416706 -27.925324, 153.421788 -27.925309))",8c293a52745057c4
1082_13823,0.25,"POLYGON ((153.42177 -27.920795, 153.421753 -27.916281, 153.416671 -27.916297, 153.416689 -27.92081, 153.42177 -27.920795))",8c293a52745057c4
1082_13824,0.25,"POLYGON ((153.421753 -27.916281, 153.421735 -27.911768, 153.416654 -27.911783, 153.416671 -27.916297, 153.421753 -27.916281))",8c293a52745057c4
1082_13825,0.25,"POLYGON ((153.421735 -27.911768, 153.421718 -27.907254, 153.416637 -27.90727, 153.416654 -27.911783, 153.421735 -27.911768))",8c293a52745057c4
1082_13826,0.25,"POLYGON ((153.421718 -27.907254, 153.4217 -27.902741, 153.41662 -27.902756, 153.416637 -27.90727, 153.421718 -27.907254))",8c293a52745057c4
1082_13827,0.25,"POLYGON ((153.4217 -27.902741, 153.421683 -27.898227, 153.416602 -27.898243, 153.41662 -27.902756, 153.4217 -27.902741))",8c293a52745057c4
1082_13828,0.25,"POLYGON ((153.421683 -27.898227, 153.421665 -27.893713, 153.416585 -27.893729, 153.416602 -27.898243, 153.421683 -27.898227))",8c293a52745057c4
1082_13829,0.25,"POLYGON ((153.421665 -27.893713, 153.421648 -27.8892, 153.416568 -27.889215, 153.416585 -27.893729, 153.421665 -27.893713))",8c293a52745057c4
1082_13830,0.25,"POLYGON ((153.421648 -27.8892, 153.42163 -27.884686, 153.41655 -27.884702, 153.416568 -27.889215, 153.421648 -27.8892))",8c293a52745057c4
1082_13831,0.25,"POLYGON ((153.42163 -27.884686, 153.421613 -27.880173, 153.416533 -27.880188, 153.41655 -27.884702, 153.42163 -27.884686))",8c293a52745057c4
1082_13832,0.25,"POLYGON ((153.421613 -27.880173, 153.421595 -27.875659, 153.416516 -27.875674, 153.416533 -27.880188, 153.421613 -27.880173))",8c293a52745057c4
1082_13833,0.25,"POLYGON ((153.421595 -27.875659, 153.421578 -27.871145, 153.416499 -27.871161, 153.416516 -27.875674, 153.421595 -27.875659))",8c293a52745057c4
1082_13834,0.25,"POLYGON ((153.421578 -27.871145, 153.42156 -27.866632, 153.416481 -27.866647, 153.416499 -27.871161, 153.421578 -27.871145))",8c293a52745057c4
1082_13835,0.25,"POLYGON ((153.42156 -27.866632, 153.421543 -27.862118, 153.416464 -27.862134, 153.416481 -27.866647, 153.42156 -27.866632))",8c293a52745057c4
1082_13836,0.25,"POLYGON ((153.421543 -27.862118, 153.421525 -27.857605, 153.416447 -27.85762, 153.416464 -27.862134, 153.421543 -27.862118))",8c293a52745057c4
1082_13837,0.25,"POLYGON ((153.421525 -27.857605, 153.421508 -27.853091, 153.41643 -27.853106, 153.416447 -27.85762, 153.421525 -27.857605))",8c293a52745057c4
1082_13838,0.25,"POLYGON ((153.421508 -27.853091, 153.42149 -27.848577, 153.416412 -27.848593, 153.41643 -27.853106, 153.421508 -27.853091))",8c293a52745057c4
1082_13839,0.25,"POLYGON ((153.42149 -27.848577, 153.421473 -27.844064, 153.416395 -27.844079, 153.416412 -27.848593, 153.42149 -27.848577))",8c293a52745057c4
1082_13840,0.25,"POLYGON ((153.421473 -27.844064, 153.421456 -27.83955, 153.416378 -27.839566, 153.416395 -27.844079, 153.421473 -27.844064))",8c293a52745057c4
1082_13841,0.25,"POLYGON ((153.421456 -27.83955, 153.421438 -27.835036, 153.416361 -27.835052, 153.416378 -27.839566, 153.421456 -27.83955))",8c293a52745057c4
1082_13842,0.25,"POLYGON ((153.421438 -27.835036, 153.421421 -27.830523, 153.416343 -27.830538, 153.416361 -27.835052, 153.421438 -27.835036))",8c293a52745057c4
1082_13843,0.25,"POLYGON ((153.421421 -27.830523, 153.421403 -27.826009, 153.416326 -27.826025, 153.416343 -27.830538, 153.421421 -27.830523))",8c293a52745057c4
1082_13844,0.25,"POLYGON ((153.421403 -27.826009, 153.421386 -27.821496, 153.416309 -27.821511, 153.416326 -27.826025, 153.421403 -27.826009))",8c293a52745057c4
1082_13845,0.25,"POLYGON ((153.421386 -27.821496, 153.421368 -27.816982, 153.416292 -27.816997, 153.416309 -27.821511, 153.421386 -27.821496))",8c293a52745057c4
1082_13846,0.25,"POLYGON ((153.421368 -27.816982, 153.421351 -27.812468, 153.416275 -27.812484, 153.416292 -27.816997, 153.421368 -27.816982))",8c293a52745057c4
1082_13847,0.25,"POLYGON ((153.421351 -27.812468, 153.421334 -27.807955, 153.416257 -27.80797, 153.416275 -27.812484, 153.421351 -27.812468))",8c293a52745057c4
1082_13848,0.25,"POLYGON ((153.421334 -27.807955, 153.421316 -27.803441, 153.41624 -27.803456, 153.416257 -27.80797, 153.421334 -27.807955))",8c293a52745057c4
1082_13849,0.25,"POLYGON ((153.421316 -27.803441, 153.421299 -27.798927, 153.416223 -27.798943, 153.41624 -27.803456, 153.421316 -27.803441))",8c293a52745057c4
1082_13850,0.25,"POLYGON ((153.421299 -27.798927, 153.421281 -27.794414, 153.416206 -27.794429, 153.416223 -27.798943, 153.421299 -27.798927))",8c293a52745057c4
1082_13851,0.25,"POLYGON ((153.421281 -27.794414, 153.421264 -27.7899, 153.416189 -27.789915, 153.416206 -27.794429, 153.421281 -27.794414))",8c293a52745057c4
1082_13852,0.25,"POLYGON ((153.421264 -27.7899, 153.421247 -27.785386, 153.416171 -27.785402, 153.416189 -27.789915, 153.421264 -27.7899))",8c293a52745057c4
1082_13853,0.25,"POLYGON ((153.421247 -27.785386, 153.421229 -27.780873, 153.416154 -27.780888, 153.416171 -27.785402, 153.421247 -27.785386))",8c293a52745057c4
1082_13854,0.25,"POLYGON ((153.421229 -27.780873, 153.421212 -27.776359, 153.416137 -27.776374, 153.416154 -27.780888, 153.421229 -27.780873))",8c293a52745057c4
1082_13855,0.25,"POLYGON ((153.421212 -27.776359, 153.421194 -27.771845, 153.41612 -27.771861, 153.416137 -27.776374, 153.421212 -27.776359))",8c293a52745057c4
1082_13856,0.25,"POLYGON ((153.421194 -27.771845, 153.421177 -27.767332, 153.416103 -27.767347, 153.41612 -27.771861, 153.421194 -27.771845))",8c293a52745057c4
1082_13857,0.25,"POLYGON ((153.421177 -27.767332, 153.42116 -27.762818, 153.416085 -27.762833, 153.416103 -27.767347, 153.421177 -27.767332))",8c293a52745057c4
1082_13858,0.25,"POLYGON ((153.42116 -27.762818, 153.421142 -27.758304, 153.416068 -27.75832, 153.416085 -27.762833, 153.42116 -27.762818))",8c293a52745057c4
1082_13859,0.25,"POLYGON ((153.421142 -27.758304, 153.421125 -27.753791, 153.416051 -27.753806, 153.416068 -27.75832, 153.421142 -27.758304))",8c293a52745057c4
1082_13860,0.25,"POLYGON ((153.421125 -27.753791, 153.421107 -27.749277, 153.416034 -27.749292, 153.416051 -27.753806, 153.421125 -27.753791))",8c293a52745057c4
1082_13861,0.25,"POLYGON ((153.421107 -27.749277, 153.42109 -27.744763, 153.416017 -27.744779, 153.416034 -27.749292, 153.421107 -27.749277))",8c293a52745057c4
1082_13862,0.07683997304419835,"POLYGON ((153.42109 -27.744763, 153.421073 -27.740249, 153.416 -27.740265, 153.416017 -27.744779, 153.42109 -27.744763))",8c293a52745057c4
1083_13761,0.044625839994412365,"POLYGON ((153.427959 -28.200615, 153.427941 -28.196102, 153.422846 -28.196118, 153.422864 -28.200631, 153.427959 -28.200615))",8c293a52745057c4
1083_13762,0.22668418292129536,"POLYGON ((153.427941 -28.196102, 153.427923 -28.191588, 153.422828 -28.191604, 153.422846 -28.196118, 153.427941 -28.196102))",8c293a52745057c4
1083_13763,0.25,"POLYGON ((153.427923 -28.191588, 153.427905 -28.187075, 153.422811 -28.187091, 153.422828 -28.191604, 153.427923 -28.191588))",8c293a52745057c4
1083_13764,0.25,"POLYGON ((153.427905 -28.187075, 153.427887 -28.182562, 153.422793 -28.182578, 153.422811 -28.187091, 153.427905 -28.187075))",8c293a52745057c4
1083_13765,0.25,"POLYGON ((153.427887 -28.182562, 153.427869 -28.178048, 153.422775 -28.178064, 153.422793 -28.182578, 153.427887 -28.182562))",8c293a52745057c4
1083_13766,0.25,"POLYGON ((153.427869 -28.178048, 153.427851 -28.173535, 153.422757 -28.173551, 153.422775 -28.178064, 153.427869 -28.178048))",8c293a52745057c4
1083_13767,0.25,"POLYGON ((153.427851 -28.173535, 153.427833 -28.169021, 153.42274 -28.169037, 153.422757 -28.173551, 153.427851 -28.173535))",8c293a52745057c4
1083_13768,0.25,"POLYGON ((153.427833 -28.169021, 153.427815 -28.164508, 153.422722 -28.164524, 153.42274 -28.169037, 153.427833 -28.169021))",8c293a52745057c4
1083_13769,0.25,"POLYGON ((153.427815 -28.164508, 153.427797 -28.159995, 153.422704 -28.16001, 153.422722 -28.164524, 153.427815 -28.164508))",8c293a52745057c4
1083_13770,0.25,"POLYGON ((153.427797 -28.159995, 153.427779 -28.155481, 153.422686 -28.155497, 153.422704 -28.16001, 153.427797 -28.159995))",8c293a52745057c4
1083_13771,0.25,"POLYGON ((153.427779 -28.155481, 153.427761 -28.150968, 153.422669 -28.150984, 153.422686 -28.155497, 153.427779 -28.155481))",8c293a52745057c4
1083_13772,0.25,"POLYGON ((153.427761 -28.150968, 153.427743 -28.146454, 153.422651 -28.14647, 153.422669 -28.150984, 153.427761 -28.150968))",8c293a52745057c4
1083_13773,0.25,"POLYGON ((153.427743 -28.146454, 153.427725 -28.141941, 153.422633 -28.141957, 153.422651 -28.14647, 153.427743 -28.146454))",8c293a52745057c4
1083_13774,0.25,"POLYGON ((153.427725 -28.141941, 153.427707 -28.137428, 153.422616 -28.137443, 153.422633 -28.141957, 153.427725 -28.141941))",8c293a52745057c4
1083_13775,0.25,"POLYGON ((153.427707 -28.137428, 153.427689 -28.132914, 153.422598 -28.13293, 153.422616 -28.137443, 153.427707 -28.137428))",8c293a52745057c4
1083_13776,0.25,"POLYGON ((153.427689 -28.132914, 153.427671 -28.128401, 153.42258 -28.128416, 153.422598 -28.13293, 153.427689 -28.132914))",8c293a52745057c4
1083_13777,0.25,"POLYGON ((153.427671 -28.128401, 153.427653 -28.123887, 153.422562 -28.123903, 153.42258 -28.128416, 153.427671 -28.128401))",8c293a52745057c4
1083_13778,0.25,"POLYGON ((153.427653 -28.123887, 153.427636 -28.119374, 153.422545 -28.11939, 153.422562 -28.123903, 153.427653 -28.123887))",8c293a52745057c4
1083_13779,0.25,"POLYGON ((153.427636 -28.119374, 153.427618 -28.11486, 153.422527 -28.114876, 153.422545 -28.11939, 153.427636 -28.119374))",8c293a52745057c4
1083_13780,0.25,"POLYGON ((153.427618 -28.11486, 153.4276 -28.110347, 153.422509 -28.110363, 153.422527 -28.114876, 153.427618 -28.11486))",8c293a52745057c4
1083_13781,0.25,"POLYGON ((153.4276 -28.110347, 153.427582 -28.105833, 153.422492 -28.105849, 153.422509 -28.110363, 153.4276 -28.110347))",8c293a52745057c4
1083_13782,0.25,"POLYGON ((153.427582 -28.105833, 153.427564 -28.10132, 153.422474 -28.101336, 153.422492 -28.105849, 153.427582 -28.105833))",8c293a52745057c4
1083_13783,0.25,"POLYGON ((153.427564 -28.10132, 153.427546 -28.096806, 153.422456 -28.096822, 153.422474 -28.101336, 153.427564 -28.10132))",8c293a52745057c4
1083_13784,0.25,"POLYGON ((153.427546 -28.096806, 153.427528 -28.092293, 153.422439 -28.092309, 153.422456 -28.096822, 153.427546 -28.096806))",8c293a52745057c4
1083_13785,0.25,"POLYGON ((153.427528 -28.092293, 153.42751 -28.08778, 153.422421 -28.087795, 153.422439 -28.092309, 153.427528 -28.092293))",8c293a52745057c4
1083_13786,0.25,"POLYGON ((153.42751 -28.08778, 153.427492 -28.083266, 153.422403 -28.083282, 153.422421 -28.087795, 153.42751 -28.08778))",8c293a52745057c4
1083_13787,0.25,"POLYGON ((153.427492 -28.083266, 153.427475 -28.078753, 153.422386 -28.078768, 153.422403 -28.083282, 153.427492 -28.083266))",8c293a52745057c4
1083_13788,0.25,"POLYGON ((153.427475 -28.078753, 153.427457 -28.074239, 153.422368 -28.074255, 153.422386 -28.078768, 153.427475 -28.078753))",8c293a52745057c4
1083_13789,0.25,"POLYGON ((153.427457 -28.074239, 153.427439 -28.069726, 153.42235 -28.069741, 153.422368 -28.074255, 153.427457 -28.074239))",8c293a52745057c4
1083_13790,0.25,"POLYGON ((153.427439 -28.069726, 153.427421 -28.065212, 153.422333 -28.065228, 153.42235 -28.069741, 153.427439 -28.069726))",8c293a52745057c4
1083_13791,0.25,"POLYGON ((153.427421 -28.065212, 153.427403 -28.060699, 153.422315 -28.060714, 153.422333 -28.065228, 153.427421 -28.065212))",8c293a52745057c4
1083_13792,0.25,"POLYGON ((153.427403 -28.060699, 153.427385 -28.056185, 153.422297 -28.056201, 153.422315 -28.060714, 153.427403 -28.060699))",8c293a52745057c4
1083_13793,0.25,"POLYGON ((153.427385 -28.056185, 153.427367 -28.051672, 153.42228 -28.051687, 153.422297 -28.056201, 153.427385 -28.056185))",8c293a52745057c4
1083_13794,0.25,"POLYGON ((153.427367 -28.051672, 153.42735 -28.047158, 153.422262 -28.047174, 153.42228 -28.051687, 153.427367 -28.051672))",8c293a52745057c4
1083_13795,0.25,"POLYGON ((153.42735 -28.047158, 153.427332 -28.042645, 153.422245 -28.042661, 153.422262 -28.047174, 153.42735 -28.047158))",8c293a52745057c4
1083_13796,0.25,"POLYGON ((153.427332 -28.042645, 153.427314 -28.038131, 153.422227 -28.038147, 153.422245 -28.042661, 153.427332 -28.042645))",8c293a52745057c4
1083_13797,0.25,"POLYGON ((153.427314 -28.038131, 153.427296 -28.033618, 153.422209 -28.033634, 153.422227 -28.038147, 153.427314 -28.038131))",8c293a52745057c4
1083_13798,0.25,"POLYGON ((153.427296 -28.033618, 153.427278 -28.029104, 153.422192 -28.02912, 153.422209 -28.033634, 153.427296 -28.033618))",8c293a52745057c4
1083_13799,0.25,"POLYGON ((153.427278 -28.029104, 153.42726 -28.024591, 153.422174 -28.024606, 153.422192 -28.02912, 153.427278 -28.029104))",8c293a52745057c4
1083_13800,0.25,"POLYGON ((153.42726 -28.024591, 153.427243 -28.020077, 153.422156 -28.020093, 153.422174 -28.024606, 153.42726 -28.024591))",8c293a52745057c4
1083_13801,0.25,"POLYGON ((153.427243 -28.020077, 153.427225 -28.015564, 153.422139 -28.015579, 153.422156 -28.020093, 153.427243 -28.020077))",8c293a52745057c4
1083_13802,0.25,"POLYGON ((153.427225 -28.015564, 153.427207 -28.01105, 153.422121 -28.011066, 153.422139 -28.015579, 153.427225 -28.015564))",8c293a52745057c4
1083_13803,0.25,"POLYGON ((153.427207 -28.01105, 153.427189 -28.006537, 153.422104 -28.006552, 153.422121 -28.011066, 153.427207 -28.01105))",8c293a52745057c4
1083_13804,0.25,"POLYGON ((153.427189 -28.006537, 153.427171 -28.002023, 153.422086 -28.002039, 153.422104 -28.006552, 153.427189 -28.006537))",8c293a52745057c4
1083_13805,0.25,"POLYGON ((153.427171 -28.002023, 153.427154 -27.99751, 153.422069 -27.997525, 153.422086 -28.002039, 153.427171 -28.002023))",8c293a52745057c4
1083_13806,0.25,"POLYGON ((153.427154 -27.99751, 153.427136 -27.992996, 153.422051 -27.993012, 153.422069 -27.997525, 153.427154 -27.99751))",8c293a52745057c4
1083_13807,0.25,"POLYGON ((153.427136 -27.992996, 153.427118 -27.988483, 153.422033 -27.988498, 153.422051 -27.993012, 153.427136 -27.992996))",8c293a52745057c4
1083_13808,0.25,"POLYGON ((153.427118 -27.988483, 153.4271 -27.983969, 153.422016 -27.983985, 153.422033 -27.988498, 153.427118 -27.988483))",8c293a52745057c4
1083_13809,0.25,"POLYGON ((153.4271 -27.983969, 153.427082 -27.979456, 153.421998 -27.979471, 153.422016 -27.983985, 153.4271 -27.983969))",8c293a52745057c4
1083_13810,0.25,"POLYGON ((153.427082 -27.979456, 153.427065 -27.974942, 153.421981 -27.974958, 153.421998 -27.979471, 153.427082 -27.979456))",8c293a52745057c4
1083_13811,0.25,"POLYGON ((153.427065 -27.974942, 153.427047 -27.970428, 153.421963 -27.970444, 153.421981 -27.974958, 153.427065 -27.974942))",8c293a52745057c4
1083_13812,0.25,"POLYGON ((153.427047 -27.970428, 153.427029 -27.965915, 153.421946 -27.965931, 153.421963 -27.970444, 153.427047 -27.970428))",8c293a52745057c4
1083_13813,0.25,"POLYGON ((153.427029 -27.965915, 153.427011 -27.961401, 153.421928 -27.961417, 153.421946 -27.965931, 153.427029 -27.965915))",8c293a52745057c4
1083_13814,0.25,"POLYGON ((153.427011 -27.961401, 153.426994 -27.956888, 153.42191 -27.956904, 153.421928 -27.961417, 153.427011 -27.961401))",8c293a52745057c4
1083_13815,0.25,"POLYGON ((153.426994 -27.956888, 153.426976 -27.952374, 153.421893 -27.95239, 153.42191 -27.956904, 153.426994 -27.956888))",8c293a52745057c4
1083_13816,0.25,"POLYGON ((153.426976 -27.952374, 153.426958 -27.947861, 153.421875 -27.947876, 153.421893 -27.95239, 153.426976 -27.952374))",8c293a52745057c4
1083_13817,0.25,"POLYGON ((153.426958 -27.947861, 153.42694 -27.943347, 153.421858 -27.943363, 153.421875 -27.947876, 153.426958 -27.947861))",8c293a52745057c4
1083_13818,0.25,"POLYGON ((153.42694 -27.943347, 153.426923 -27.938834, 153.42184 -27.938849, 153.421858 -27.943363, 153.42694 -27.943347))",8c293a52745057c4
1083_13819,0.25,"POLYGON ((153.426923 -27.938834, 153.426905 -27.93432, 153.421823 -27.934336, 153.42184 -27.938849, 153.426923 -27.938834))",8c293a52745057c4
1083_13820,0.25,"POLYGON ((153.426905 -27.93432, 153.426887 -27.929806, 153.421805 -27.929822, 153.421823 -27.934336, 153.426905 -27.93432))",8c293a52745057c4
1083_13821,0.25,"POLYGON ((153.426887 -27.929806, 153.426869 -27.925293, 153.421788 -27.925309, 153.421805 -27.929822, 153.426887 -27.929806))",8c293a52745057c4
1083_13822,0.25,"POLYGON ((153.426869 -27.925293, 153.426852 -27.920779, 153.42177 -27.920795, 153.421788 -27.925309, 153.426869 -27.925293))",8c293a52745057c4
1083_13823,0.243754744666001,"POLYGON ((153.426852 -27.920779, 153.426834 -27.916266, 153.421753 -27.916281, 153.42177 -27.920795, 153.426852 -27.920779))",8c293a52745057c4
1083_13824,0.21053534400794213,"POLYGON ((153.426834 -27.916266, 153.426816 -27.911752, 153.421735 -27.911768, 153.421753 -27.916281, 153.426834 -27.916266))",8c293a52745057c4
1083_13825,0.17142328473079715,"POLYGON ((153.426816 -27.911752, 153.426798 -27.907239, 153.421718 -27.907254, 153.421735 -27.911768, 153.426816 -27.911752))",8c293a52745057c4
1083_13826,0.15578069021105737,"POLYGON ((153.426798 -27.907239, 153.426781 -27.902725, 153.4217 -27.902741, 153.421718 -27.907254, 153.426798 -27.907239))",8c293a52745057c4
1083_13827,0.16014599617134279,"POLYGON ((153.426781 -27.902725, 153.426763 -27.898211, 153.421683 -27.898227, 153.4217 -27.902741, 153.426781 -27.902725))",8c293a52745057c4
1083_13828,0.16392300178815597,"POLYGON ((153.426763 -27.898211, 153.426745 -27.893698, 153.421665 -27.893713, 153.421683 -27.898227, 153.426763 -27.898211))",8c293a52745057c4
1083_13829,0.18641715691981295,"POLYGON ((153.426745 -27.893698, 153.426728 -27.889184, 153.421648 -27.8892, 153.421665 -27.893713, 153.426745 -27.893698))",8c293a52745057c4
1083_13830,0.1982586072455393,"POLYGON ((153.426728 -27.889184, 153.42671 -27.884671, 153.42163 -27.884686, 153.421648 -27.8892, 153.426728 -27.889184))",8c293a52745057c4
1083_13831,0.20035997681249418,"POLYGON ((153.42671 -27.884671, 153.426692 -27.880157, 153.421613 -27.880173, 153.42163 -27.884686, 153.42671 -27.884671))",8c293a52745057c4
1083_13832,0.2196814325255788,"POLYGON ((153.426692 -27.880157, 153.426675 -27.875643, 153.421595 -27.875659, 153.421613 -27.880173, 153.426692 -27.880157))",8c293a52745057c4
1083_13833,0.24185916761288243,"POLYGON ((153.426675 -27.875643, 153.426657 -27.87113, 153.421578 -27.871145, 153.421595 -27.875659, 153.426675 -27.875643))",8c293a52745057c4
1083_13834,0.25,"POLYGON ((153.426657 -27.87113, 153.426639 -27.866616, 153.42156 -27.866632, 153.421578 -27.871145, 153.426657 -27.87113))",8c293a52745057c4
1083_13835,0.25,"POLYGON ((153.426639 -27.866616, 153.426622 -27.862103, 153.421543 -27.862118, 153.42156 -27.866632, 153.426639 -27.866616))",8c293a52745057c4
1083_13836,0.25,"POLYGON ((153.426622 -27.862103, 153.426604 -27.857589, 153.421525 -27.857605, 153.421543 -27.862118, 153.426622 -27.862103))",8c293a52745057c4
1083_13837,0.25,"POLYGON ((153.426604 -27.857589, 153.426586 -27.853075, 153.421508 -27.853091, 153.421525 -27.857605, 153.426604 -27.857589))",8c293a52745057c4
1083_13838,0.25,"POLYGON ((153.426586 -27.853075, 153.426569 -27.848562, 153.42149 -27.848577, 153.421508 -27.853091, 153.426586 -27.853075))",8c293a52745057c4
1083_13839,0.25,"POLYGON ((153.426569 -27.848562, 153.426551 -27.844048, 153.421473 -27.844064, 153.42149 -27.848577, 153.426569 -27.848562))",8c293a52745057c4
1083_13840,0.25,"POLYGON ((153.426551 -27.844048, 153.426533 -27.839534, 153.421456 -27.83955, 153.421473 -27.844064, 153.426551 -27.844048))",8c293a52745057c4
1083_13841,0.25,"POLYGON ((153.426533 -27.839534, 153.426516 -27.835021, 153.421438 -27.835036, 153.421456 -27.83955, 153.426533 -27.839534))",8c293a52745057c4
1083_13842,0.25,"POLYGON ((153.426516 -27.835021, 153.426498 -27.830507, 153.421421 -27.830523, 153.421438 -27.835036, 153.426516 -27.835021))",8c293a52745057c4
1083_13843,0.25,"POLYGON ((153.426498 -27.830507, 153.42648 -27.825994, 153.421403 -27.826009, 153.421421 -27.830523, 153.426498 -27.830507))",8c293a52745057c4
1083_13844,0.25,"POLYGON ((153.42648 -27.825994, 153.426463 -27.82148, 153.421386 -27.821496, 153.421403 -27.826009, 153.42648 -27.825994))",8c293a52745057c4
1083_13845,0.25,"POLYGON ((153.426463 -27.82148, 153.426445 -27.816966, 153.421368 -27.816982, 153.421386 -27.821496, 153.426463 -27.82148))",8c293a52745057c4
1083_13846,0.25,"POLYGON ((153.426445 -27.816966, 153.426427 -27.812453, 153.421351 -27.812468, 153.421368 -27.816982, 153.426445 -27.816966))",8c293a52745057c4
1083_13847,0.25,"POLYGON ((153.426427 -27.812453, 153.42641 -27.807939, 153.421334 -27.807955, 153.421351 -27.812468, 153.426427 -27.812453))",8c293a52745057c4
1083_13848,0.25,"POLYGON ((153.42641 -27.807939, 153.426392 -27.803425, 153.421316 -27.803441, 153.421334 -27.807955, 153.42641 -27.807939))",8c293a52745057c4
1083_13849,0.25,"POLYGON ((153.426392 -27.803425, 153.426374 -27.798912, 153.421299 -27.798927, 153.421316 -27.803441, 153.426392 -27.803425))",8c293a52745057c4
1083_13850,0.25,"POLYGON ((153.426374 -27.798912, 153.426357 -27.794398, 153.421281 -27.794414, 153.421299 -27.798927, 153.426374 -27.798912))",8c293a52745057c4
1083_13851,0.25,"POLYGON ((153.426357 -27.794398, 153.426339 -27.789884, 153.421264 -27.7899, 153.421281 -27.794414, 153.426357 -27.794398))",8c293a52745057c4
1083_13852,0.25,"POLYGON ((153.426339 -27.789884, 153.426322 -27.785371, 153.421247 -27.785386, 153.421264 -27.7899, 153.426339 -27.789884))",8c293a52745057c4
1083_13853,0.25,"POLYGON ((153.426322 -27.785371, 153.426304 -27.780857, 153.421229 -27.780873, 153.421247 -27.785386, 153.426322 -27.785371))",8c293a52745057c4
1083_13854,0.25,"POLYGON ((153.426304 -27.780857, 153.426286 -27.776343, 153.421212 -27.776359, 153.421229 -27.780873, 153.426304 -27.780857))",8c293a52745057c4
1083_13855,0.25,"POLYGON ((153.426286 -27.776343, 153.426269 -27.77183, 153.421194 -27.771845, 153.421212 -27.776359, 153.426286 -27.776343))",8c293a52745057c4
1083_13856,0.25,"POLYGON ((153.426269 -27.77183, 153.426251 -27.767316, 153.421177 -27.767332, 153.421194 -27.771845, 153.426269 -27.77183))",8c293a52745057c4
1083_13857,0.25,"POLYGON ((153.426251 -27.767316, 153.426234 -27.762802, 153.42116 -27.762818, 153.421177 -27.767332, 153.426251 -27.767316))",8c293a52745057c4
1083_13858,0.25,"POLYGON ((153.426234 -27.762802, 153.426216 -27.758289, 153.421142 -27.758304, 153.42116 -27.762818, 153.426234 -27.762802))",8c293a52745057c4
1083_13859,0.25,"POLYGON ((153.426216 -27.758289, 153.426199 -27.753775, 153.421125 -27.753791, 153.421142 -27.758304, 153.426216 -27.758289))",8c293a52745057c4
1083_13860,0.25,"POLYGON ((153.426199 -27.753775, 153.426181 -27.749261, 153.421107 -27.749277, 153.421125 -27.753791, 153.426199 -27.753775))",8c293a52745057c4
1083_13861,0.25,"POLYGON ((153.426181 -27.749261, 153.426163 -27.744748, 153.42109 -27.744763, 153.421107 -27.749277, 153.426181 -27.749261))",8c293a52745057c4
1083_13862,0.10828771817808479,"POLYGON ((153.426163 -27.744748, 153.426146 -27.740234, 153.421073 -27.740249, 153.42109 -27.744763, 153.426163 -27.744748))",8c293a52745057c4
1084_13762,0.04848052493500256,"POLYGON ((153.433035 -28.196086, 153.433017 -28.191572, 153.427923 -28.191588, 153.427941 -28.196102, 153.433035 -28.196086))",8c293a52745057c4
1084_13763,0.22187885879856717,"POLYGON ((153.433017 -28.191572, 153.432999 -28.187059, 153.427905 -28.187075, 153.427923 -28.191588, 153.433017 -28.191572))",8c293a52745057c4
1084_13764,0.25,"POLYGON ((153.432999 -28.187059, 153.43298 -28.182546, 153.427887 -28.182562, 153.427905 -28.187075, 153.432999 -28.187059))",8c293a52745057c4
1084_13765,0.25,"POLYGON ((153.43298 -28.182546, 153.432962 -28.178032, 153.427869 -28.178048, 153.427887 -28.182562, 153.43298 -28.182546))",8c293a52745057c4
1084_13766,0.25,"POLYGON ((153.432962 -28.178032, 153.432944 -28.173519, 153.427851 -28.173535, 153.427869 -28.178048, 153.432962 -28.178032))",8c293a52745057c4
1084_13767,0.25,"POLYGON ((153.432944 -28.173519, 153.432926 -28.169005, 153.427833 -28.169021, 153.427851 -28.173535, 153.432944 -28.173519))",8c293a52745057c4
1084_13768,0.25,"POLYGON ((153.432926 -28.169005, 153.432908 -28.164492, 153.427815 -28.164508, 153.427833 -28.169021, 153.432926 -28.169005))",8c293a52745057c4
1084_13769,0.25,"POLYGON ((153.432908 -28.164492, 153.43289 -28.159979, 153.427797 -28.159995, 153.427815 -28.164508, 153.432908 -28.164492))",8c293a52745057c4
1084_13770,0.25,"POLYGON ((153.43289 -28.159979, 153.432871 -28.155465, 153.427779 -28.155481, 153.427797 -28.159995, 153.43289 -28.159979))",8c293a52745057c4
1084_13771,0.25,"POLYGON ((153.432871 -28.155465, 153.432853 -28.150952, 153.427761 -28.150968, 153.427779 -28.155481, 153.432871 -28.155465))",8c293a52745057c4
1084_13772,0.25,"POLYGON ((153.432853 -28.150952, 153.432835 -28.146438, 153.427743 -28.146454, 153.427761 -28.150968, 153.432853 -28.150952))",8c293a52745057c4
1084_13773,0.25,"POLYGON ((153.432835 -28.146438, 153.432817 -28.141925, 153.427725 -28.141941, 153.427743 -28.146454, 153.432835 -28.146438))",8c293a52745057c4
1084_13774,0.25,"POLYGON ((153.432817 -28.141925, 153.432799 -28.137412, 153.427707 -28.137428, 153.427725 -28.141941, 153.432817 -28.141925))",8c293a52745057c4
1084_13775,0.25,"POLYGON ((153.432799 -28.137412, 153.432781 -28.132898, 153.427689 -28.132914, 153.427707 -28.137428, 153.432799 -28.137412))",8c293a52745057c4
1084_13776,0.25,"POLYGON ((153.432781 -28.132898, 153.432763 -28.128385, 153.427671 -28.128401, 153.427689 -28.132914, 153.432781 -28.132898))",8c293a52745057c4
1084_13777,0.25,"POLYGON ((153.432763 -28.128385, 153.432744 -28.123871, 153.427653 -28.123887, 153.427671 -28.128401, 153.432763 -28.128385))",8c293a52745057c4
1084_13778,0.25,"POLYGON ((153.432744 -28.123871, 153.432726 -28.119358, 153.427636 -28.119374, 153.427653 -28.123887, 153.432744 -28.123871))",8c293a52745057c4
1084_13779,0.25,"POLYGON ((153.432726 -28.119358, 153.432708 -28.114844, 153.427618 -28.11486, 153.427636 -28.119374, 153.432726 -28.119358))",8c293a52745057c4
1084_13780,0.25,"POLYGON ((153.432708 -28.114844, 153.43269 -28.110331, 153.4276 -28.110347, 153.427618 -28.11486, 153.432708 -28.114844))",8c293a52745057c4
1084_13781,0.25,"POLYGON ((153.43269 -28.110331, 153.432672 -28.105817, 153.427582 -28.105833, 153.4276 -28.110347, 153.43269 -28.110331))",8c293a52745057c4
1084_13782,0.25,"POLYGON ((153.432672 -28.105817, 153.432654 -28.101304, 153.427564 -28.10132, 153.427582 -28.105833, 153.432672 -28.105817))",8c293a52745057c4
1084_13783,0.25,"POLYGON ((153.432654 -28.101304, 153.432636 -28.096791, 153.427546 -28.096806, 153.427564 -28.10132, 153.432654 -28.101304))",8c293a52745057c4
1084_13784,0.25,"POLYGON ((153.432636 -28.096791, 153.432618 -28.092277, 153.427528 -28.092293, 153.427546 -28.096806, 153.432636 -28.096791))",8c293a52745057c4
1084_13785,0.25,"POLYGON ((153.432618 -28.092277, 153.4326 -28.087764, 153.42751 -28.08778, 153.427528 -28.092293, 153.432618 -28.092277))",8c293a52745057c4
1084_13786,0.25,"POLYGON ((153.4326 -28.087764, 153.432582 -28.08325, 153.427492 -28.083266, 153.42751 -28.08778, 153.4326 -28.087764))",8c293a52745057c4
1084_13787,0.25,"POLYGON ((153.432582 -28.08325, 153.432563 -28.078737, 153.427475 -28.078753, 153.427492 -28.083266, 153.432582 -28.08325))",8c293a52745057c4
1084_13788,0.25,"POLYGON ((153.432563 -28.078737, 153.432545 -28.074223, 153.427457 -28.074239, 153.427475 -28.078753, 153.432563 -28.078737))",8c293a52745057c4
1084_13789,0.25,"POLYGON ((153.432545 -28.074223, 153.432527 -28.06971, 153.427439 -28.069726, 153.427457 -28.074239, 153.432545 -28.074223))",8c293a52745057c4
1084_13790,0.25,"POLYGON ((153.432527 -28.06971, 153.432509 -28.065196, 153.427421 -28.065212, 153.427439 -28.069726, 153.432527 -28.06971))",8c293a52745057c4
1084_13791,0.25,"POLYGON ((153.432509 -28.065196, 153.432491 -28.060683, 153.427403 -28.060699, 153.427421 -28.065212, 153.432509 -28.065196))",8c293a52745057c4
1084_13792,0.25,"POLYGON ((153.432491 -28.060683, 153.432473 -28.056169, 153.427385 -28.056185, 153.427403 -28.060699, 153.432491 -28.060683))",8c293a52745057c4
1084_13793,0.25,"POLYGON ((153.432473 -28.056169, 153.432455 -28.051656, 153.427367 -28.051672, 153.427385 -28.056185, 153.432473 -28.056169))",8c293a52745057c4
1084_13794,0.25,"POLYGON ((153.432455 -28.051656, 153.432437 -28.047142, 153.42735 -28.047158, 153.427367 -28.051672, 153.432455 -28.051656))",8c293a52745057c4
1084_13795,0.25,"POLYGON ((153.432437 -28.047142, 153.432419 -28.042629, 153.427332 -28.042645, 153.42735 -28.047158, 153.432437 -28.047142))",8c293a52745057c4
1084_13796,0.25,"POLYGON ((153.432419 -28.042629, 153.432401 -28.038115, 153.427314 -28.038131, 153.427332 -28.042645, 153.432419 -28.042629))",8c293a52745057c4
1084_13797,0.25,"POLYGON ((153.432401 -28.038115, 153.432383 -28.033602, 153.427296 -28.033618, 153.427314 -28.038131, 153.432401 -28.038115))",8c293a52745057c4
1084_13798,0.25,"POLYGON ((153.432383 -28.033602, 153.432365 -28.029088, 153.427278 -28.029104, 153.427296 -28.033618, 153.432383 -28.033602))",8c293a52745057c4
1084_13799,0.25,"POLYGON ((153.432365 -28.029088, 153.432347 -28.024575, 153.42726 -28.024591, 153.427278 -28.029104, 153.432365 -28.029088))",8c293a52745057c4
1084_13800,0.25,"POLYGON ((153.432347 -28.024575, 153.432329 -28.020061, 153.427243 -28.020077, 153.42726 -28.024591, 153.432347 -28.024575))",8c293a52745057c4
1084_13801,0.25,"POLYGON ((153.432329 -28.020061, 153.432311 -28.015548, 153.427225 -28.015564, 153.427243 -28.020077, 153.432329 -28.020061))",8c293a52745057c4
1084_13802,0.24974067438267183,"POLYGON ((153.432311 -28.015548, 153.432293 -28.011034, 153.427207 -28.01105, 153.427225 -28.015564, 153.432311 -28.015548))",8c293a52745057c4
1084_13803,0.23457420392269357,"POLYGON ((153.432293 -28.011034, 153.432275 -28.006521, 153.427189 -28.006537, 153.427207 -28.01105, 153.432293 -28.011034))",8c293a52745057c4
1084_13804,0.21448116171570586,"POLYGON ((153.432275 -28.006521, 153.432257 -28.002007, 153.427171 -28.002023, 153.427189 -28.006537, 153.432275 -28.006521))",8c293a52745057c4
1084_13805,0.19017521240983212,"POLYGON ((153.432257 -28.002007, 153.432239 -27.997494, 153.427154 -27.99751, 153.427171 -28.002023, 153.432257 -28.002007))",8c293a52745057c4
1084_13806,0.16968702078031375,"POLYGON ((153.432239 -27.997494, 153.432221 -27.99298, 153.427136 -27.992996, 153.427154 -27.99751, 153.432239 -27.997494))",8c293a52745057c4
1084_13807,0.15133450904702206,"POLYGON ((153.432221 -27.99298, 153.432203 -27.988467, 153.427118 -27.988483, 153.427136 -27.992996, 153.432221 -27.99298))",8c293a52745057c4
1084_13808,0.14671370219438634,"POLYGON ((153.432203 -27.988467, 153.432185 -27.983953, 153.4271 -27.983969, 153.427118 -27.988483, 153.432203 -27.988467))",8c293a52745057c4
1084_13809,0.13646099621833943,"POLYGON ((153.432185 -27.983953, 153.432167 -27.97944, 153.427082 -27.979456, 153.4271 -27.983969, 153.432185 -27.983953))",8c293a52745057c4
1084_13810,0.12491966368961022,"POLYGON ((153.432167 -27.97944, 153.432149 -27.974926, 153.427065 -27.974942, 153.427082 -27.979456, 153.432167 -27.97944))",8c293a52745057c4
1084_13811,0.11874185177927586,"POLYGON ((153.432149 -27.974926, 153.432131 -27.970413, 153.427047 -27.970428, 153.427065 -27.974942, 153.432149 -27.974926))",8c293a52745057c4
1084_13812,0.10790730065766381,"POLYGON ((153.432131 -27.970413, 153.432113 -27.965899, 153.427029 -27.965915, 153.427047 -27.970428, 153.432131 -27.970413))",8c293a52745057c4
1084_13813,0.1254037233207918,"POLYGON ((153.432113 -27.965899, 153.432095 -27.961386, 153.427011 -27.961401, 153.427029 -27.965915, 153.432113 -27.965899))",8c293a52745057c4
1084_13814,0.1561212582678565,"POLYGON ((153.432095 -27.961386, 153.432077 -27.956872, 153.426994 -27.956888, 153.427011 -27.961401, 153.432095 -27.961386))",8c293a52745057c4
1084_13815,0.16075368267226303,"POLYGON ((153.432077 -27.956872, 153.432059 -27.952358, 153.426976 -27.952374, 153.426994 -27.956888, 153.432077 -27.956872))",8c293a52745057c4
1084_13816,0.16024641211007132,"POLYGON ((153.432059 -27.952358, 153.432041 -27.947845, 153.426958 -27.947861, 153.426976 -27.952374, 153.432059 -27.952358))",8c293a52745057c4
1084_13817,0.162465259235164,"POLYGON ((153.432041 -27.947845, 153.432023 -27.943331, 153.42694 -27.943347, 153.426958 -27.947861, 153.432041 -27.947845))",8c293a52745057c4
1084_13818,0.17302440513539544,"POLYGON ((153.432023 -27.943331, 153.432005 -27.938818, 153.426923 -27.938834, 153.42694 -27.943347, 153.432023 -27.943331))",8c293a52745057c4
1084_13819,0.14952437777225494,"POLYGON ((153.432005 -27.938818, 153.431987 -27.934304, 153.426905 -27.93432, 153.426923 -27.938834, 153.432005 -27.938818))",8c293a52745057c4
1084_13820,0.13743014734630316,"POLYGON ((153.431987 -27.934304, 153.431969 -27.929791, 153.426887 -27.929806, 153.426905 -27.93432, 153.431987 -27.934304))",8c293a52745057c4
1084_13821,0.10899833655316615,"POLYGON ((153.431969 -27.929791, 153.431951 -27.925277, 153.426869 -27.925293, 153.426887 -27.929806, 153.431969 -27.929791))",8c293a52745057c4
1084_13822,0.06050531441510925,"POLYGON ((153.431951 -27.925277, 153.431933 -27.920763, 153.426852 -27.920779, 153.426869 -27.925293, 153.431951 -27.925277))",8c293a52745057c4
1084_13823,0.006693271030102458,"POLYGON ((153.431933 -27.920763, 153.431915 -27.91625, 153.426834 -27.916266, 153.426852 -27.920779, 153.431933 -27.920763))",8c293a52745057c4
1084_13833,0.003489573148315489,"POLYGON ((153.431754 -27.875628, 153.431736 -27.871114, 153.426657 -27.87113, 153.426675 -27.875643, 153.431754 -27.875628))",8c293a52745057c4
1084_13834,0.03287330677145503,"POLYGON ((153.431736 -27.871114, 153.431718 -27.8666, 153.426639 -27.866616, 153.426657 -27.87113, 153.431736 -27.871114))",8c293a52745057c4
1084_13835,0.05569167260969457,"POLYGON ((153.431718 -27.8666, 153.4317 -27.862087, 153.426622 -27.862103, 153.426639 -27.866616, 153.431718 -27.8666))",8c293a52745057c4
1084_13836,0.09288349788806051,"POLYGON ((153.4317 -27.862087, 153.431682 -27.857573, 153.426604 -27.857589, 153.426622 -27.862103, 153.4317 -27.862087))",8c293a52745057c4
1084_13837,0.11605194516874578,"POLYGON ((153.431682 -27.857573, 153.431664 -27.85306, 153.426586 -27.853075, 153.426604 -27.857589, 153.431682 -27.857573))",8c293a52745057c4
1084_13838,0.13577931998782417,"POLYGON ((153.431664 -27.85306, 153.431647 -27.848546, 153.426569 -27.848562, 153.426586 -27.853075, 153.431664 -27.85306))",8c293a52745057c4
1084_13839,0.168367844457852,"POLYGON ((153.431647 -27.848546, 153.431629 -27.844032, 153.426551 -27.844048, 153.426569 -27.848562, 153.431647 -27.848546))",8c293a52745057c4
1084_13840,0.19732909402448925,"POLYGON ((153.431629 -27.844032, 153.431611 -27.839519, 153.426533 -27.839534, 153.426551 -27.844048, 153.431629 -27.844032))",8c293a52745057c4
1084_13841,0.22695964528148063,"POLYGON ((153.431611 -27.839519, 153.431593 -27.835005, 153.426516 -27.835021, 153.426533 -27.839534, 153.431611 -27.839519))",8c293a52745057c4
1084_13842,0.24998742994837883,"POLYGON ((153.431593 -27.835005, 153.431575 -27.830491, 153.426498 -27.830507, 153.426516 -27.835021, 153.431593 -27.835005))",8c293a52745057c4
1084_13843,0.25,"POLYGON ((153.431575 -27.830491, 153.431557 -27.825978, 153.42648 -27.825994, 153.426498 -27.830507, 153.431575 -27.830491))",8c293a52745057c4
1084_13844,0.25,"POLYGON ((153.431557 -27.825978, 153.431539 -27.821464, 153.426463 -27.82148, 153.42648 -27.825994, 153.431557 -27.825978))",8c293a52745057c4
1084_13845,0.25,"POLYGON ((153.431539 -27.821464, 153.431522 -27.816951, 153.426445 -27.816966, 153.426463 -27.82148, 153.431539 -27.821464))",8c293a52745057c4
1084_13846,0.25,"POLYGON ((153.431522 -27.816951, 153.431504 -27.812437, 153.426427 -27.812453, 153.426445 -27.816966, 153.431522 -27.816951))",8c293a52745057c4
1084_13847,0.25,"POLYGON ((153.431504 -27.812437, 153.431486 -27.807923, 153.42641 -27.807939, 153.426427 -27.812453, 153.431504 -27.812437))",8c293a52745057c4
1084_13848,0.25,"POLYGON ((153.431486 -27.807923, 153.431468 -27.80341, 153.426392 -27.803425, 153.42641 -27.807939, 153.431486 -27.807923))",8c293a52745057c4
1084_13849,0.25,"POLYGON ((153.431468 -27.80341, 153.43145 -27.798896, 153.426374 -27.798912, 153.426392 -27.803425, 153.431468 -27.80341))",8c293a52745057c4
1084_13850,0.25,"POLYGON ((153.43145 -27.798896, 153.431432 -27.794382, 153.426357 -27.794398, 153.426374 -27.798912, 153.43145 -27.798896))",8c293a52745057c4
1084_13851,0.25,"POLYGON ((153.431432 -27.794382, 153.431415 -27.789869, 153.426339 -27.789884, 153.426357 -27.794398, 153.431432 -27.794382))",8c293a52745057c4
1084_13852,0.25,"POLYGON ((153.431415 -27.789869, 153.431397 -27.785355, 153.426322 -27.785371, 153.426339 -27.789884, 153.431415 -27.789869))",8c293a52745057c4
1084_13853,0.25,"POLYGON ((153.431397 -27.785355, 153.431379 -27.780841, 153.426304 -27.780857, 153.426322 -27.785371, 153.431397 -27.785355))",8c293a52745057c4
1084_13854,0.25,"POLYGON ((153.431379 -27.780841, 153.431361 -27.776328, 153.426286 -27.776343, 153.426304 -27.780857, 153.431379 -27.780841))",8c293a52745057c4
1084_13855,0.25,"POLYGON ((153.431361 -27.776328, 153.431343 -27.771814, 153.426269 -27.77183, 153.426286 -27.776343, 153.431361 -27.776328))",8c293a52745057c4
1084_13856,0.25,"POLYGON ((153.431343 -27.771814, 153.431326 -27.7673, 153.426251 -27.767316, 153.426269 -27.77183, 153.431343 -27.771814))",8c293a52745057c4
1084_13857,0.25,"POLYGON ((153.431326 -27.7673, 153.431308 -27.762787, 153.426234 -27.762802, 153.426251 -27.767316, 153.431326 -27.7673))",8c293a52745057c4
1084_13858,0.25,"POLYGON ((153.431308 -27.762787, 153.43129 -27.758273, 153.426216 -27.758289, 153.426234 -27.762802, 153.431308 -27.762787))",8c293a52745057c4
1084_13859,0.25,"POLYGON ((153.43129 -27.758273, 153.431272 -27.753759, 153.426199 -27.753775, 153.426216 -27.758289, 153.43129 -27.758273))",8c293a52745057c4
1084_13860,0.25,"POLYGON ((153.431272 -27.753759, 153.431254 -27.749246, 153.426181 -27.749261, 153.426199 -27.753775, 153.431272 -27.753759))",8c293a52745057c4
1084_13861,0.25,"POLYGON ((153.431254 -27.749246, 153.431237 -27.744732, 153.426163 -27.744748, 153.426181 -27.749261, 153.431254 -27.749246))",8c293a52745057c4
1084_13862,0.18141825091037775,"POLYGON ((153.431237 -27.744732, 153.431219 -27.740218, 153.426146 -27.740234, 153.426163 -27.744748, 153.431237 -27.744732))",8c293a52745057c4
1085_13763,0.03802499957099188,"POLYGON ((153.438111 -28.191556, 153.438093 -28.187043, 153.432999 -28.187059, 153.433017 -28.191572, 153.438111 -28.191556))",8c293a52745057c4
1085_13764,0.24110708683294008,"POLYGON ((153.438093 -28.187043, 153.438074 -28.182529, 153.43298 -28.182546, 153.432999 -28.187059, 153.438093 -28.187043))",8c293a52745057c4
1085_13765,0.25,"POLYGON ((153.438074 -28.182529, 153.438056 -28.178016, 153.432962 -28.178032, 153.43298 -28.182546, 153.438074 -28.182529))",8c293a52745057c4
1085_13766,0.25,"POLYGON ((153.438056 -28.178016, 153.438037 -28.173503, 153.432944 -28.173519, 153.432962 -28.178032, 153.438056 -28.178016))",8c293a52745057c4
1085_13767,0.25,"POLYGON ((153.438037 -28.173503, 153.438019 -28.168989, 153.432926 -28.169005, 153.432944 -28.173519, 153.438037 -28.173503))",8c293a52745057c4
1085_13768,0.25,"POLYGON ((153.438019 -28.168989, 153.438001 -28.164476, 153.432908 -28.164492, 153.432926 -28.169005, 153.438019 -28.168989))",8c293a52745057c4
1085_13769,0.25,"POLYGON ((153.438001 -28.164476, 153.437982 -28.159962, 153.43289 -28.159979, 153.432908 -28.164492, 153.438001 -28.164476))",8c293a52745057c4
1085_13770,0.25,"POLYGON ((153.437982 -28.159962, 153.437964 -28.155449, 153.432871 -28.155465, 153.43289 -28.159979, 153.437982 -28.159962))",8c293a52745057c4
1085_13771,0.25,"POLYGON ((153.437964 -28.155449, 153.437946 -28.150936, 153.432853 -28.150952, 153.432871 -28.155465, 153.437964 -28.155449))",8c293a52745057c4
1085_13772,0.25,"POLYGON ((153.437946 -28.150936, 153.437927 -28.146422, 153.432835 -28.146438, 153.432853 -28.150952, 153.437946 -28.150936))",8c293a52745057c4
1085_13773,0.25,"POLYGON ((153.437927 -28.146422, 153.437909 -28.141909, 153.432817 -28.141925, 153.432835 -28.146438, 153.437927 -28.146422))",8c293a52745057c4
1085_13774,0.25,"POLYGON ((153.437909 -28.141909, 153.43789 -28.137395, 153.432799 -28.137412, 153.432817 -28.141925, 153.437909 -28.141909))",8c293a52745057c4
1085_13775,0.25,"POLYGON ((153.43789 -28.137395, 153.437872 -28.132882, 153.432781 -28.132898, 153.432799 -28.137412, 153.43789 -28.137395))",8c293a52745057c4
1085_13776,0.25,"POLYGON ((153.437872 -28.132882, 153.437854 -28.128368, 153.432763 -28.128385, 153.432781 -28.132898, 153.437872 -28.132882))",8c293a52745057c4
1085_13777,0.25,"POLYGON ((153.437854 -28.128368, 153.437835 -28.123855, 153.432744 -28.123871, 153.432763 -28.128385, 153.437854 -28.128368))",8c293a52745057c4
1085_13778,0.25,"POLYGON ((153.437835 -28.123855, 153.437817 -28.119342, 153.432726 -28.119358, 153.432744 -28.123871, 153.437835 -28.123855))",8c293a52745057c4
1085_13779,0.25,"POLYGON ((153.437817 -28.119342, 153.437799 -28.114828, 153.432708 -28.114844, 153.432726 -28.119358, 153.437817 -28.119342))",8c293a52745057c4
1085_13780,0.25,"POLYGON ((153.437799 -28.114828, 153.43778 -28.110315, 153.43269 -28.110331, 153.432708 -28.114844, 153.437799 -28.114828))",8c293a52745057c4
1085_13781,0.25,"POLYGON ((153.43778 -28.110315, 153.437762 -28.105801, 153.432672 -28.105817, 153.43269 -28.110331, 153.43778 -28.110315))",8c293a52745057c4
1085_13782,0.25,"POLYGON ((153.437762 -28.105801, 153.437744 -28.101288, 153.432654 -28.101304, 153.432672 -28.105817, 153.437762 -28.105801))",8c293a52745057c4
1085_13783,0.25,"POLYGON ((153.437744 -28.101288, 153.437726 -28.096774, 153.432636 -28.096791, 153.432654 -28.101304, 153.437744 -28.101288))",8c293a52745057c4
1085_13784,0.25,"POLYGON ((153.437726 -28.096774, 153.437707 -28.092261, 153.432618 -28.092277, 153.432636 -28.096791, 153.437726 -28.096774))",8c293a52745057c4
1085_13785,0.25,"POLYGON ((153.437707 -28.092261, 153.437689 -28.087747, 153.4326 -28.087764, 153.432618 -28.092277, 153.437707 -28.092261))",8c293a52745057c4
1085_13786,0.25,"POLYGON ((153.437689 -28.087747, 153.437671 -28.083234, 153.432582 -28.08325, 153.4326 -28.087764, 153.437689 -28.087747))",8c293a52745057c4
1085_13787,0.25,"POLYGON ((153.437671 -28.083234, 153.437652 -28.078721, 153.432563 -28.078737, 153.432582 -28.08325, 153.437671 -28.083234))",8c293a52745057c4
1085_13788,0.25,"POLYGON ((153.437652 -28.078721, 153.437634 -28.074207, 153.432545 -28.074223, 153.432563 -28.078737, 153.437652 -28.078721))",8c293a52745057c4
1085_13789,0.25,"POLYGON ((153.437634 -28.074207, 153.437616 -28.069694, 153.432527 -28.06971, 153.432545 -28.074223, 153.437634 -28.074207))",8c293a52745057c4
1085_13790,0.25,"POLYGON ((153.437616 -28.069694, 153.437597 -28.06518, 153.432509 -28.065196, 153.432527 -28.06971, 153.437616 -28.069694))",8c293a52745057c4
1085_13791,0.25,"POLYGON ((153.437597 -28.06518, 153.437579 -28.060667, 153.432491 -28.060683, 153.432509 -28.065196, 153.437597 -28.06518))",8c293a52745057c4
1085_13792,0.25,"POLYGON ((153.437579 -28.060667, 153.437561 -28.056153, 153.432473 -28.056169, 153.432491 -28.060683, 153.437579 -28.060667))",8c293a52745057c4
1085_13793,0.25,"POLYGON ((153.437561 -28.056153, 153.437543 -28.05164, 153.432455 -28.051656, 153.432473 -28.056169, 153.437561 -28.056153))",8c293a52745057c4
1085_13794,0.25,"POLYGON ((153.437543 -28.05164, 153.437524 -28.047126, 153.432437 -28.047142, 153.432455 -28.051656, 153.437543 -28.05164))",8c293a52745057c4
1085_13795,0.25,"POLYGON ((153.437524 -28.047126, 153.437506 -28.042613, 153.432419 -28.042629, 153.432437 -28.047142, 153.437524 -28.047126))",8c293a52745057c4
1085_13796,0.24770409457696588,"POLYGON ((153.437506 -28.042613, 153.437488 -28.038099, 153.432401 -28.038115, 153.432419 -28.042629, 153.437506 -28.042613))",8c293a52745057c4
1085_13797,0.21054190159113156,"POLYGON ((153.437488 -28.038099, 153.43747 -28.033586, 153.432383 -28.033602, 153.432401 -28.038115, 153.437488 -28.038099))",8c293a52745057c4
1085_13798,0.1680527192757262,"POLYGON ((153.43747 -28.033586, 153.437451 -28.029072, 153.432365 -28.029088, 153.432383 -28.033602, 153.43747 -28.033586))",8c293a52745057c4
1085_13799,0.12737229474701792,"POLYGON ((153.437451 -28.029072, 153.437433 -28.024559, 153.432347 -28.024575, 153.432365 -28.029088, 153.437451 -28.029072))",8c293a52745057c4
1085_13800,0.09479095181355417,"POLYGON ((153.437433 -28.024559, 153.437415 -28.020045, 153.432329 -28.020061, 153.432347 -28.024575, 153.437433 -28.024559))",8c293a52745057c4
1085_13801,0.05631504662456357,"POLYGON ((153.437415 -28.020045, 153.437397 -28.015532, 153.432311 -28.015548, 153.432329 -28.020061, 153.437415 -28.020045))",8c293a52745057c4
1085_13802,0.017058196727954018,"POLYGON ((153.437397 -28.015532, 153.437378 -28.011018, 153.432293 -28.011034, 153.432311 -28.015548, 153.437397 -28.015532))",8c293a52745057c4
1085_13818,0.0018392233128780764,"POLYGON ((153.437105 -27.943315, 153.437087 -27.938802, 153.432005 -27.938818, 153.432023 -27.943331, 153.437105 -27.943315))",8c293a52745057c4
1085_13819,0.012996029429587596,"POLYGON ((153.437087 -27.938802, 153.437069 -27.934288, 153.431987 -27.934304, 153.432005 -27.938818, 153.437087 -27.938802))",8c293a52745057c4
1085_13842,0.018728550689404155,"POLYGON ((153.43667 -27.834989, 153.436652 -27.830475, 153.431575 -27.830491, 153.431593 -27.835005, 153.43667 -27.834989))",8c293a52745057c4
1085_13843,0.05684200593592413,"POLYGON ((153.436652 -27.830475, 153.436634 -27.825962, 153.431557 -27.825978, 153.431575 -27.830491, 153.436652 -27.830475))",8c293a52745057c4
1085_13844,0.09019768053971079,"POLYGON ((153.436634 -27.825962, 153.436616 -27.821448, 153.431539 -27.821464, 153.431557 -27.825978, 153.436634 -27.825962))",8c293a52745057c4
1085_13845,0.12322950121236946,"POLYGON ((153.436616 -27.821448, 153.436598 -27.816935, 153.431522 -27.816951, 153.431539 -27.821464, 153.436616 -27.821448))",8c293a52745057c4
1085_13846,0.15642913464206074,"POLYGON ((153.436598 -27.816935, 153.43658 -27.812421, 153.431504 -27.812437, 153.431522 -27.816951, 153.436598 -27.816935))",8c293a52745057c4
1085_13847,0.19407845288430658,"POLYGON ((153.43658 -27.812421, 153.436562 -27.807907, 153.431486 -27.807923, 153.431504 -27.812437, 153.43658 -27.812421))",8c293a52745057c4
1085_13848,0.22878387431877675,"POLYGON ((153.436562 -27.807907, 153.436544 -27.803394, 153.431468 -27.80341, 153.431486 -27.807923, 153.436562 -27.807907))",8c293a52745057c4
1085_13849,0.24970140884805198,"POLYGON ((153.436544 -27.803394, 153.436526 -27.79888, 153.43145 -27.798896, 153.431468 -27.80341, 153.436544 -27.803394))",8c293a52745057c4
1085_13850,0.25,"POLYGON ((153.436526 -27.79888, 153.436508 -27.794366, 153.431432 -27.794382, 153.43145 -27.798896, 153.436526 -27.79888))",8c293a52745057c4
1085_13851,0.25,"POLYGON ((153.436508 -27.794366, 153.43649 -27.789853, 153.431415 -27.789869, 153.431432 -27.794382, 153.436508 -27.794366))",8c293a52745057c4
1085_13852,0.25,"POLYGON ((153.43649 -27.789853, 153.436472 -27.785339, 153.431397 -27.785355, 153.431415 -27.789869, 153.43649 -27.789853))",8c293a52745057c4
1085_13853,0.25,"POLYGON ((153.436472 -27.785339, 153.436454 -27.780825, 153.431379 -27.780841, 153.431397 -27.785355, 153.436472 -27.785339))",8c293a52745057c4
1085_13854,0.25,"POLYGON ((153.436454 -27.780825, 153.436436 -27.776312, 153.431361 -27.776328, 153.431379 -27.780841, 153.436454 -27.780825))",8c293a52745057c4
1085_13855,0.25,"POLYGON ((153.436436 -27.776312, 153.436418 -27.771798, 153.431343 -27.771814, 153.431361 -27.776328, 153.436436 -27.776312))",8c293a52745057c4
1085_13856,0.25,"POLYGON ((153.436418 -27.771798, 153.4364 -27.767284, 153.431326 -27.7673, 153.431343 -27.771814, 153.436418 -27.771798))",8c293a52745057c4
1085_13857,0.25,"POLYGON ((153.4364 -27.767284, 153.436382 -27.762771, 153.431308 -27.762787, 153.431326 -27.7673, 153.4364 -27.767284))",8c293a52745057c4
1085_13858,0.25,"POLYGON ((153.436382 -27.762771, 153.436364 -27.758257, 153.43129 -27.758273, 153.431308 -27.762787, 153.436382 -27.762771))",8c293a52745057c4
1085_13859,0.25,"POLYGON ((153.436364 -27.758257, 153.436346 -27.753743, 153.431272 -27.753759, 153.43129 -27.758273, 153.436364 -27.758257))",8c293a52745057c4
1085_13860,0.25,"POLYGON ((153.436346 -27.753743, 153.436328 -27.74923, 153.431254 -27.749246, 153.431272 -27.753759, 153.436346 -27.753743))",8c293a52745057c4
1085_13861,0.25,"POLYGON ((153.436328 -27.74923, 153.43631 -27.744716, 153.431237 -27.744732, 153.431254 -27.749246, 153.436328 -27.74923))",8c293a52745057c4
1085_13862,0.249687161406696,"POLYGON ((153.43631 -27.744716, 153.436292 -27.740202, 153.431219 -27.740218, 153.431237 -27.744732, 153.43631 -27.744716))",8c293a52745057c4
1085_13863,0.06772213107207163,"POLYGON ((153.436292 -27.740202, 153.436274 -27.735689, 153.431201 -27.735705, 153.431219 -27.740218, 153.436292 -27.740202))",8c293a52745057c4
1086_13764,0.16722176468457445,"POLYGON ((153.443187 -28.187026, 153.443168 -28.182513, 153.438074 -28.182529, 153.438093 -28.187043, 153.443187 -28.187026))",8c293a52745057c4
1086_13765,0.25,"POLYGON ((153.443168 -28.182513, 153.443149 -28.178, 153.438056 -28.178016, 153.438074 -28.182529, 153.443168 -28.182513))",8c293a52745057c4
1086_13766,0.25,"POLYGON ((153.443149 -28.178, 153.443131 -28.173486, 153.438037 -28.173503, 153.438056 -28.178016, 153.443149 -28.178))",8c293a52745057c4
1086_13767,0.25,"POLYGON ((153.443131 -28.173486, 153.443112 -28.168973, 153.438019 -28.168989, 153.438037 -28.173503, 153.443131 -28.173486))",8c293a52745057c4
1086_13768,0.25,"POLYGON ((153.443112 -28.168973, 153.443094 -28.164459, 153.438001 -28.164476, 153.438019 -28.168989, 153.443112 -28.168973))",8c293a52745057c4
1086_13769,0.25,"POLYGON ((153.443094 -28.164459, 153.443075 -28.159946, 153.437982 -28.159962, 153.438001 -28.164476, 153.443094 -28.164459))",8c293a52745057c4
1086_13770,0.25,"POLYGON ((153.443075 -28.159946, 153.443056 -28.155433, 153.437964 -28.155449, 153.437982 -28.159962, 153.443075 -28.159946))",8c293a52745057c4
1086_13771,0.25,"POLYGON ((153.443056 -28.155433, 153.443038 -28.150919, 153.437946 -28.150936, 153.437964 -28.155449, 153.443056 -28.155433))",8c293a52745057c4
1086_13772,0.25,"POLYGON ((153.443038 -28.150919, 153.443019 -28.146406, 153.437927 -28.146422, 153.437946 -28.150936, 153.443038 -28.150919))",8c293a52745057c4
1086_13773,0.25,"POLYGON ((153.443019 -28.146406, 153.443001 -28.141892, 153.437909 -28.141909, 153.437927 -28.146422, 153.443019 -28.146406))",8c293a52745057c4
1086_13774,0.25,"POLYGON ((153.443001 -28.141892, 153.442982 -28.137379, 153.43789 -28.137395, 153.437909 -28.141909, 153.443001 -28.141892))",8c293a52745057c4
1086_13775,0.25,"POLYGON ((153.442982 -28.137379, 153.442964 -28.132866, 153.437872 -28.132882, 153.43789 -28.137395, 153.442982 -28.137379))",8c293a52745057c4
1086_13776,0.25,"POLYGON ((153.442964 -28.132866, 153.442945 -28.128352, 153.437854 -28.128368, 153.437872 -28.132882, 153.442964 -28.132866))",8c293a52745057c4
1086_13777,0.25,"POLYGON ((153.442945 -28.128352, 153.442926 -28.123839, 153.437835 -28.123855, 153.437854 -28.128368, 153.442945 -28.128352))",8c293a52745057c4
1086_13778,0.25,"POLYGON ((153.442926 -28.123839, 153.442908 -28.119325, 153.437817 -28.119342, 153.437835 -28.123855, 153.442926 -28.123839))",8c293a52745057c4
1086_13779,0.25,"POLYGON ((153.442908 -28.119325, 153.442889 -28.114812, 153.437799 -28.114828, 153.437817 -28.119342, 153.442908 -28.119325))",8c293a52745057c4
1086_13780,0.25,"POLYGON ((153.442889 -28.114812, 153.442871 -28.110298, 153.43778 -28.110315, 153.437799 -28.114828, 153.442889 -28.114812))",8c293a52745057c4
1086_13781,0.25,"POLYGON ((153.442871 -28.110298, 153.442852 -28.105785, 153.437762 -28.105801, 153.43778 -28.110315, 153.442871 -28.110298))",8c293a52745057c4
1086_13782,0.25,"POLYGON ((153.442852 -28.105785, 153.442834 -28.101272, 153.437744 -28.101288, 153.437762 -28.105801, 153.442852 -28.105785))",8c293a52745057c4
1086_13783,0.25,"POLYGON ((153.442834 -28.101272, 153.442815 -28.096758, 153.437726 -28.096774, 153.437744 -28.101288, 153.442834 -28.101272))",8c293a52745057c4
1086_13784,0.25,"POLYGON ((153.442815 -28.096758, 153.442797 -28.092245, 153.437707 -28.092261, 153.437726 -28.096774, 153.442815 -28.096758))",8c293a52745057c4
1086_13785,0.25,"POLYGON ((153.442797 -28.092245, 153.442778 -28.087731, 153.437689 -28.087747, 153.437707 -28.092261, 153.442797 -28.092245))",8c293a52745057c4
1086_13786,0.25,"POLYGON ((153.442778 -28.087731, 153.44276 -28.083218, 153.437671 -28.083234, 153.437689 -28.087747, 153.442778 -28.087731))",8c293a52745057c4
1086_13787,0.25,"POLYGON ((153.44276 -28.083218, 153.442741 -28.078704, 153.437652 -28.078721, 153.437671 -28.083234, 153.44276 -28.083218))",8c293a52745057c4
1086_13788,0.25,"POLYGON ((153.442741 -28.078704, 153.442723 -28.074191, 153.437634 -28.074207, 153.437652 -28.078721, 153.442741 -28.078704))",8c293a52745057c4
1086_13789,0.25,"POLYGON ((153.442723 -28.074191, 153.442704 -28.069677, 153.437616 -28.069694, 153.437634 -28.074207, 153.442723 -28.074191))",8c293a52745057c4
1086_13790,0.25,"POLYGON ((153.442704 -28.069677, 153.442686 -28.065164, 153.437597 -28.06518, 153.437616 -28.069694, 153.442704 -28.069677))",8c293a52745057c4
1086_13791,0.24958189674117756,"POLYGON ((153.442686 -28.065164, 153.442667 -28.06065, 153.437579 -28.060667, 153.437597 -28.06518, 153.442686 -28.065164))",8c293a52745057c4
1086_13792,0.2179728221961014,"POLYGON ((153.442667 -28.06065, 153.442649 -28.056137, 153.437561 -28.056153, 153.437579 -28.060667, 153.442667 -28.06065))",8c293a52745057c4
1086_13793,0.16623222790529574,"POLYGON ((153.442649 -28.056137, 153.44263 -28.051623, 153.437543 -28.05164, 153.437561 -28.056153, 153.442649 -28.056137))",8c293a52745057c4
1086_13794,0.10758732941127092,"POLYGON ((153.44263 -28.051623, 153.442612 -28.04711, 153.437524 -28.047126, 153.437543 -28.05164, 153.44263 -28.051623))",8c293a52745057c4
1086_13795,0.05915189768297974,"POLYGON ((153.442612 -28.04711, 153.442593 -28.042596, 153.437506 -28.042613, 153.437524 -28.047126, 153.442612 -28.04711))",8c293a52745057c4
1086_13796,0.010740541618426875,"POLYGON ((153.442593 -28.042596, 153.442575 -28.038083, 153.437488 -28.038099, 153.437506 -28.042613, 153.442593 -28.042596))",8c293a52745057c4
1086_13849,0.022264422098662657,"POLYGON ((153.44162 -27.803378, 153.441602 -27.798864, 153.436526 -27.79888, 153.436544 -27.803394, 153.44162 -27.803378))",8c293a52745057c4
1086_13850,0.06256268521229828,"POLYGON ((153.441602 -27.798864, 153.441584 -27.79435, 153.436508 -27.794366, 153.436526 -27.79888, 153.441602 -27.798864))",8c293a52745057c4
1086_13851,0.10525068419971415,"POLYGON ((153.441584 -27.79435, 153.441565 -27.789837, 153.43649 -27.789853, 153.436508 -27.794366, 153.441584 -27.79435))",8c293a52745057c4
1086_13852,0.15124372397557023,"POLYGON ((153.441565 -27.789837, 153.441547 -27.785323, 153.436472 -27.785339, 153.43649 -27.789853, 153.441565 -27.789837))",8c293a52745057c4
1086_13853,0.19249955952101178,"POLYGON ((153.441547 -27.785323, 153.441529 -27.780809, 153.436454 -27.780825, 153.436472 -27.785339, 153.441547 -27.785323))",8c293a52745057c4
1086_13854,0.23939556569240422,"POLYGON ((153.441529 -27.780809, 153.441511 -27.776296, 153.436436 -27.776312, 153.436454 -27.780825, 153.441529 -27.780809))",8c293a52745057c4
1086_13855,0.25,"POLYGON ((153.441511 -27.776296, 153.441492 -27.771782, 153.436418 -27.771798, 153.436436 -27.776312, 153.441511 -27.776296))",8c293a52745057c4
1086_13856,0.25,"POLYGON ((153.441492 -27.771782, 153.441474 -27.767268, 153.4364 -27.767284, 153.436418 -27.771798, 153.441492 -27.771782))",8c293a52745057c4
1086_13857,0.25,"POLYGON ((153.441474 -27.767268, 153.441456 -27.762755, 153.436382 -27.762771, 153.4364 -27.767284, 153.441474 -27.767268))",8c293a52745057c4
1086_13858,0.25,"POLYGON ((153.441456 -27.762755, 153.441438 -27.758241, 153.436364 -27.758257, 153.436382 -27.762771, 153.441456 -27.762755))",8c293a52745057c4
1086_13859,0.25,"POLYGON ((153.441438 -27.758241, 153.44142 -27.753727, 153.436346 -27.753743, 153.436364 -27.758257, 153.441438 -27.758241))",8c293a52745057c4
1086_13860,0.25,"POLYGON ((153.44142 -27.753727, 153.441401 -27.749214, 153.436328 -27.74923, 153.436346 -27.753743, 153.44142 -27.753727))",8c293a52745057c4
1086_13861,0.25,"POLYGON ((153.441401 -27.749214, 153.441383 -27.7447, 153.43631 -27.744716, 153.436328 -27.74923, 153.441401 -27.749214))",8c293a52745057c4
1086_13862,0.25,"POLYGON ((153.441383 -27.7447, 153.441365 -27.740186, 153.436292 -27.740202, 153.43631 -27.744716, 153.441383 -27.7447))",8c293a52745057c4
1086_13863,0.21696615316731116,"POLYGON ((153.441365 -27.740186, 153.441347 -27.735673, 153.436274 -27.735689, 153.436292 -27.740202, 153.441365 -27.740186))",8c293a52745057c4
1086_13864,0.0026213007403520024,"POLYGON ((153.441347 -27.735673, 153.441329 -27.731159, 153.436256 -27.731175, 153.436274 -27.735689, 153.441347 -27.735673))",8c293a52745057c4
1087_13764,0.0820213180703061,"POLYGON ((153.448281 -28.18701, 153.448262 -28.182496, 153.443168 -28.182513, 153.443187 -28.187026, 153.448281 -28.18701))",8c293a52745057c4
1087_13765,0.25,"POLYGON ((153.448262 -28.182496, 153.448243 -28.177983, 153.443149 -28.178, 153.443168 -28.182513, 153.448262 -28.182496))",8c293a52745057c4
1087_13766,0.25,"POLYGON ((153.448243 -28.177983, 153.448224 -28.17347, 153.443131 -28.173486, 153.443149 -28.178, 153.448243 -28.177983))",8c293a52745057c4
1087_13767,0.25,"POLYGON ((153.448224 -28.17347, 153.448205 -28.168956, 153.443112 -28.168973, 153.443131 -28.173486, 153.448224 -28.17347))",8c293a52745057c4
1087_13768,0.25,"POLYGON ((153.448205 -28.168956, 153.448186 -28.164443, 153.443094 -28.164459, 153.443112 -28.168973, 153.448205 -28.168956))",8c293a52745057c4
1087_13769,0.25,"POLYGON ((153.448186 -28.164443, 153.448168 -28.159929, 153.443075 -28.159946, 153.443094 -28.164459, 153.448186 -28.164443))",8c293a52745057c4
1087_13770,0.25,"POLYGON ((153.448168 -28.159929, 153.448149 -28.155416, 153.443056 -28.155433, 153.443075 -28.159946, 153.448168 -28.159929))",8c293a52745057c4
1087_13771,0.25,"POLYGON ((153.448149 -28.155416, 153.44813 -28.150903, 153.443038 -28.150919, 153.443056 -28.155433, 153.448149 -28.155416))",8c293a52745057c4
1087_13772,0.25,"POLYGON ((153.44813 -28.150903, 153.448111 -28.146389, 153.443019 -28.146406, 153.443038 -28.150919, 153.44813 -28.150903))",8c293a52745057c4
1087_13773,0.25,"POLYGON ((153.448111 -28.146389, 153.448093 -28.141876, 153.443001 -28.141892, 153.443019 -28.146406, 153.448111 -28.146389))",8c293a52745057c4
1087_13774,0.25,"POLYGON ((153.448093 -28.141876, 153.448074 -28.137362, 153.442982 -28.137379, 153.443001 -28.141892, 153.448093 -28.141876))",8c293a52745057c4
1087_13775,0.25,"POLYGON ((153.448074 -28.137362, 153.448055 -28.132849, 153.442964 -28.132866, 153.442982 -28.137379, 153.448074 -28.137362))",8c293a52745057c4
1087_13776,0.25,"POLYGON ((153.448055 -28.132849, 153.448036 -28.128336, 153.442945 -28.128352, 153.442964 -28.132866, 153.448055 -28.132849))",8c293a52745057c4
1087_13777,0.25,"POLYGON ((153.448036 -28.128336, 153.448017 -28.123822, 153.442926 -28.123839, 153.442945 -28.128352, 153.448036 -28.128336))",8c293a52745057c4
1087_13778,0.25,"POLYGON ((153.448017 -28.123822, 153.447999 -28.119309, 153.442908 -28.119325, 153.442926 -28.123839, 153.448017 -28.123822))",8c293a52745057c4
1087_13779,0.25,"POLYGON ((153.447999 -28.119309, 153.44798 -28.114795, 153.442889 -28.114812, 153.442908 -28.119325, 153.447999 -28.119309))",8c293a52745057c4
1087_13780,0.25,"POLYGON ((153.44798 -28.114795, 153.447961 -28.110282, 153.442871 -28.110298, 153.442889 -28.114812, 153.44798 -28.114795))",8c293a52745057c4
1087_13781,0.25,"POLYGON ((153.447961 -28.110282, 153.447942 -28.105768, 153.442852 -28.105785, 153.442871 -28.110298, 153.447961 -28.110282))",8c293a52745057c4
1087_13782,0.25,"POLYGON ((153.447942 -28.105768, 153.447924 -28.101255, 153.442834 -28.101272, 153.442852 -28.105785, 153.447942 -28.105768))",8c293a52745057c4
1087_13783,0.25,"POLYGON ((153.447924 -28.101255, 153.447905 -28.096742, 153.442815 -28.096758, 153.442834 -28.101272, 153.447924 -28.101255))",8c293a52745057c4
1087_13784,0.25,"POLYGON ((153.447905 -28.096742, 153.447886 -28.092228, 153.442797 -28.092245, 153.442815 -28.096758, 153.447905 -28.096742))",8c293a52745057c4
1087_13785,0.25,"POLYGON ((153.447886 -28.092228, 153.447867 -28.087715, 153.442778 -28.087731, 153.442797 -28.092245, 153.447886 -28.092228))",8c293a52745057c4
1087_13786,0.25,"POLYGON ((153.447867 -28.087715, 153.447849 -28.083201, 153.44276 -28.083218, 153.442778 -28.087731, 153.447867 -28.087715))",8c293a52745057c4
1087_13787,0.25,"POLYGON ((153.447849 -28.083201, 153.44783 -28.078688, 153.442741 -28.078704, 153.44276 -28.083218, 153.447849 -28.083201))",8c293a52745057c4
1087_13788,0.23067031367384136,"POLYGON ((153.44783 -28.078688, 153.447811 -28.074174, 153.442723 -28.074191, 153.442741 -28.078704, 153.44783 -28.078688))",8c293a52745057c4
1087_13789,0.16788020031585993,"POLYGON ((153.447811 -28.074174, 153.447793 -28.069661, 153.442704 -28.069677, 153.442723 -28.074191, 153.447811 -28.074174))",8c293a52745057c4
1087_13790,0.08377945503515846,"POLYGON ((153.447793 -28.069661, 153.447774 -28.065147, 153.442686 -28.065164, 153.442704 -28.069677, 153.447793 -28.069661))",8c293a52745057c4
1087_13791,0.024954278991564344,"POLYGON ((153.447774 -28.065147, 153.447755 -28.060634, 153.442667 -28.06065, 153.442686 -28.065164, 153.447774 -28.065147))",8c293a52745057c4
1087_13854,0.0017860054699517292,"POLYGON ((153.446604 -27.780793, 153.446585 -27.776279, 153.441511 -27.776296, 153.441529 -27.780809, 153.446604 -27.780793))",8c293a52745057c4
1087_13855,0.0168868125915136,"POLYGON ((153.446585 -27.776279, 153.446567 -27.771766, 153.441492 -27.771782, 153.441511 -27.776296, 153.446585 -27.776279))",8c293a52745057c4
1087_13856,0.04584161260967094,"POLYGON ((153.446567 -27.771766, 153.446548 -27.767252, 153.441474 -27.767268, 153.441492 -27.771782, 153.446567 -27.771766))",8c293a52745057c4
1087_13857,0.09357936291723236,"POLYGON ((153.446548 -27.767252, 153.44653 -27.762738, 153.441456 -27.762755, 153.441474 -27.767268, 153.446548 -27.767252))",8c293a52745057c4
1087_13858,0.1502511712390081,"POLYGON ((153.44653 -27.762738, 153.446512 -27.758225, 153.441438 -27.758241, 153.441456 -27.762755, 153.44653 -27.762738))",8c293a52745057c4
1087_13859,0.22626574103639427,"POLYGON ((153.446512 -27.758225, 153.446493 -27.753711, 153.44142 -27.753727, 153.441438 -27.758241, 153.446512 -27.758225))",8c293a52745057c4
1087_13860,0.25,"POLYGON ((153.446493 -27.753711, 153.446475 -27.749197, 153.441401 -27.749214, 153.44142 -27.753727, 153.446493 -27.753711))",8c293a52745057c4
1087_13861,0.25,"POLYGON ((153.446475 -27.749197, 153.446456 -27.744684, 153.441383 -27.7447, 153.441401 -27.749214, 153.446475 -27.749197))",8c293a52745057c4
1087_13862,0.25,"POLYGON ((153.446456 -27.744684, 153.446438 -27.74017, 153.441365 -27.740186, 153.441383 -27.7447, 153.446456 -27.744684))",8c293a52745057c4
1087_13863,0.2354589792216209,"POLYGON ((153.446438 -27.74017, 153.44642 -27.735656, 153.441347 -27.735673, 153.441365 -27.740186, 153.446438 -27.74017))",8c293a52745057c4
1087_13864,0.027655620051425214,"POLYGON ((153.44642 -27.735656, 153.446401 -27.731143, 153.441329 -27.731159, 153.441347 -27.735673, 153.44642 -27.735656))",8c293a52745057c4
1088_13764,0.00396813036161404,"POLYGON ((153.453375 -28.186993, 153.453356 -28.18248, 153.448262 -28.182496, 153.448281 -28.18701, 153.453375 -28.186993))",8c293a52745057c4
1088_13765,0.20749221521272238,"POLYGON ((153.453356 -28.18248, 153.453336 -28.177966, 153.448243 -28.177983, 153.448262 -28.182496, 153.453356 -28.18248))",8c293a52745057c4
1088_13766,0.25,"POLYGON ((153.453336 -28.177966, 153.453317 -28.173453, 153.448224 -28.17347, 153.448243 -28.177983, 153.453336 -28.177966))",8c293a52745057c4
1088_13767,0.25,"POLYGON ((153.453317 -28.173453, 153.453298 -28.16894, 153.448205 -28.168956, 153.448224 -28.17347, 153.453317 -28.173453))",8c293a52745057c4
1088_13768,0.25,"POLYGON ((153.453298 -28.16894, 153.453279 -28.164426, 153.448186 -28.164443, 153.448205 -28.168956, 153.453298 -28.16894))",8c293a52745057c4
1088_13769,0.25,"POLYGON ((153.453279 -28.164426, 153.45326 -28.159913, 153.448168 -28.159929, 153.448186 -28.164443, 153.453279 -28.164426))",8c293a52745057c4
1088_13770,0.25,"POLYGON ((153.45326 -28.159913, 153.453241 -28.155399, 153.448149 -28.155416, 153.448168 -28.159929, 153.45326 -28.159913))",8c293a52745057c4
1088_13771,0.25,"POLYGON ((153.453241 -28.155399, 153.453222 -28.150886, 153.44813 -28.150903, 153.448149 -28.155416, 153.453241 -28.155399))",8c293a52745057c4
1088_13772,0.25,"POLYGON ((153.453222 -28.150886, 153.453203 -28.146373, 153.448111 -28.146389, 153.44813 -28.150903, 153.453222 -28.150886))",8c293a52745057c4
1088_13773,0.25,"POLYGON ((153.453203 -28.146373, 153.453184 -28.141859, 153.448093 -28.141876, 153.448111 -28.146389, 153.453203 -28.146373))",8c293a52745057c4
1088_13774,0.25,"POLYGON ((153.453184 -28.141859, 153.453165 -28.137346, 153.448074 -28.137362, 153.448093 -28.141876, 153.453184 -28.141859))",8c293a52745057c4
1088_13775,0.25,"POLYGON ((153.453165 -28.137346, 153.453146 -28.132832, 153.448055 -28.132849, 153.448074 -28.137362, 153.453165 -28.137346))",8c293a52745057c4
1088_13776,0.25,"POLYGON ((153.453146 -28.132832, 153.453127 -28.128319, 153.448036 -28.128336, 153.448055 -28.132849, 153.453146 -28.132832))",8c293a52745057c4
1088_13777,0.25,"POLYGON ((153.453127 -28.128319, 153.453108 -28.123805, 153.448017 -28.123822, 153.448036 -28.128336, 153.453127 -28.128319))",8c293a52745057c4
1088_13778,0.25,"POLYGON ((153.453108 -28.123805, 153.453089 -28.119292, 153.447999 -28.119309, 153.448017 -28.123822, 153.453108 -28.123805))",8c293a52745057c4
1088_13779,0.25,"POLYGON ((153.453089 -28.119292, 153.45307 -28.114779, 153.44798 -28.114795, 153.447999 -28.119309, 153.453089 -28.119292))",8c293a52745057c4
1088_13780,0.25,"POLYGON ((153.45307 -28.114779, 153.453051 -28.110265, 153.447961 -28.110282, 153.44798 -28.114795, 153.45307 -28.114779))",8c293a52745057c4
1088_13781,0.25,"POLYGON ((153.453051 -28.110265, 153.453033 -28.105752, 153.447942 -28.105768, 153.447961 -28.110282, 153.453051 -28.110265))",8c293a52745057c4
1088_13782,0.25,"POLYGON ((153.453033 -28.105752, 153.453014 -28.101238, 153.447924 -28.101255, 153.447942 -28.105768, 153.453033 -28.105752))",8c293a52745057c4
1088_13783,0.25,"POLYGON ((153.453014 -28.101238, 153.452995 -28.096725, 153.447905 -28.096742, 153.447924 -28.101255, 153.453014 -28.101238))",8c293a52745057c4
1088_13784,0.25,"POLYGON ((153.452995 -28.096725, 153.452976 -28.092211, 153.447886 -28.092228, 153.447905 -28.096742, 153.452995 -28.096725))",8c293a52745057c4
1088_13785,0.24874835321924338,"POLYGON ((153.452976 -28.092211, 153.452957 -28.087698, 153.447867 -28.087715, 153.447886 -28.092228, 153.452976 -28.092211))",8c293a52745057c4
1088_13786,0.1577276259987257,"POLYGON ((153.452957 -28.087698, 153.452938 -28.083184, 153.447849 -28.083201, 153.447867 -28.087715, 153.452957 -28.087698))",8c293a52745057c4
1088_13787,0.058667096633342075,"POLYGON ((153.452938 -28.083184, 153.452919 -28.078671, 153.44783 -28.078688, 153.447849 -28.083201, 153.452938 -28.083184))",8c293a52745057c4
1088_13788,0.002410682362213697,"POLYGON ((153.452919 -28.078671, 153.4529 -28.074158, 153.447811 -28.074174, 153.44783 -28.078688, 153.452919 -28.078671))",8c293a52745057c4
1088_13859,2.562556054841777e-06,"POLYGON ((153.451585 -27.758208, 153.451567 -27.753695, 153.446493 -27.753711, 153.446512 -27.758225, 153.451585 -27.758208))",8c293a52745057c4
1088_13860,0.04364062538112284,"POLYGON ((153.451567 -27.753695, 153.451548 -27.749181, 153.446475 -27.749197, 153.446493 -27.753711, 153.451567 -27.753695))",8c293a52745057c4
1088_13861,0.13574503028690935,"POLYGON ((153.451548 -27.749181, 153.45153 -27.744667, 153.446456 -27.744684, 153.446475 -27.749197, 153.451548 -27.749181))",8c293a52745057c4
1088_13862,0.09593706878990352,"POLYGON ((153.45153 -27.744667, 153.451511 -27.740154, 153.446438 -27.74017, 153.446456 -27.744684, 153.45153 -27.744667))",8c293a52745057c4
1088_13863,0.003511991026581193,"POLYGON ((153.451511 -27.740154, 153.451492 -27.73564, 153.44642 -27.735656, 153.446438 -27.74017, 153.451511 -27.740154))",8c293a52745057c4
1088_13864,0.001334858980402209,"POLYGON ((153.451492 -27.73564, 153.451474 -27.731126, 153.446401 -27.731143, 153.44642 -27.735656, 153.451492 -27.73564))",8c293a52745057c4
1089_13765,0.1446203327822498,"POLYGON ((153.458449 -28.182463, 153.45843 -28.177949, 153.453336 -28.177966, 153.453356 -28.18248, 153.458449 -28.182463))",8c293a52745057c4
1089_13766,0.25,"POLYGON ((153.45843 -28.177949, 153.458411 -28.173436, 153.453317 -28.173453, 153.453336 -28.177966, 153.45843 -28.177949))",8c293a52745057c4
1089_13767,0.25,"POLYGON ((153.458411 -28.173436, 153.458392 -28.168923, 153.453298 -28.16894, 153.453317 -28.173453, 153.458411 -28.173436))",8c293a52745057c4
1089_13768,0.25,"POLYGON ((153.458392 -28.168923, 153.458372 -28.164409, 153.453279 -28.164426, 153.453298 -28.16894, 153.458392 -28.168923))",8c293a52745057c4
1089_13769,0.25,"POLYGON ((153.458372 -28.164409, 153.458353 -28.159896, 153.45326 -28.159913, 153.453279 -28.164426, 153.458372 -28.164409))",8c293a52745057c4
1089_13770,0.25,"POLYGON ((153.458353 -28.159896, 153.458334 -28.155382, 153.453241 -28.155399, 153.45326 -28.159913, 153.458353 -28.159896))",8c293a52745057c4
1089_13771,0.25,"POLYGON ((153.458334 -28.155382, 153.458315 -28.150869, 153.453222 -28.150886, 153.453241 -28.155399, 153.458334 -28.155382))",8c293a52745057c4
1089_13772,0.25,"POLYGON ((153.458315 -28.150869, 153.458295 -28.146356, 153.453203 -28.146373, 153.453222 -28.150886, 153.458315 -28.150869))",8c293a52745057c4
1089_13773,0.25,"POLYGON ((153.458295 -28.146356, 153.458276 -28.141842, 153.453184 -28.141859, 153.453203 -28.146373, 153.458295 -28.146356))",8c293a52745057c4
1089_13774,0.25,"POLYGON ((153.458276 -28.141842, 153.458257 -28.137329, 153.453165 -28.137346, 153.453184 -28.141859, 153.458276 -28.141842))",8c293a52745057c4
1089_13775,0.25,"POLYGON ((153.458257 -28.137329, 153.458238 -28.132815, 153.453146 -28.132832, 153.453165 -28.137346, 153.458257 -28.137329))",8c293a52745057c4
1089_13776,0.25,"POLYGON ((153.458238 -28.132815, 153.458219 -28.128302, 153.453127 -28.128319, 153.453146 -28.132832, 153.458238 -28.132815))",8c293a52745057c4
1089_13777,0.25,"POLYGON ((153.458219 -28.128302, 153.458199 -28.123789, 153.453108 -28.123805, 153.453127 -28.128319, 153.458219 -28.128302))",8c293a52745057c4
1089_13778,0.25,"POLYGON ((153.458199 -28.123789, 153.45818 -28.119275, 153.453089 -28.119292, 153.453108 -28.123805, 153.458199 -28.123789))",8c293a52745057c4
1089_13779,0.25,"POLYGON ((153.45818 -28.119275, 153.458161 -28.114762, 153.45307 -28.114779, 153.453089 -28.119292, 153.45818 -28.119275))",8c293a52745057c4
1089_13780,0.25,"POLYGON ((153.458161 -28.114762, 153.458142 -28.110248, 153.453051 -28.110265, 153.45307 -28.114779, 153.458161 -28.114762))",8c293a52745057c4
1089_13781,0.25,"POLYGON ((153.458142 -28.110248, 153.458123 -28.105735, 153.453033 -28.105752, 153.453051 -28.110265, 153.458142 -28.110248))",8c293a52745057c4
1089_13782,0.25,"POLYGON ((153.458123 -28.105735, 153.458103 -28.101221, 153.453014 -28.101238, 153.453033 -28.105752, 153.458123 -28.105735))",8c293a52745057c4
1089_13783,0.25,"POLYGON ((153.458103 -28.101221, 153.458084 -28.096708, 153.452995 -28.096725, 153.453014 -28.101238, 153.458103 -28.101221))",8c293a52745057c4
1089_13784,0.25,"POLYGON ((153.458084 -28.096708, 153.458065 -28.092194, 153.452976 -28.092211, 153.452995 -28.096725, 153.458084 -28.096708))",8c293a52745057c4
1089_13785,0.1554857080851219,"POLYGON ((153.458065 -28.092194, 153.458046 -28.087681, 153.452957 -28.087698, 153.452976 -28.092211, 153.458065 -28.092194))",8c293a52745057c4
1090_13765,0.003812056703917331,"POLYGON ((153.463543 -28.182446, 153.463524 -28.177932, 153.45843 -28.177949, 153.458449 -28.182463, 153.463543 -28.182446))",8c293a52745057c4
1090_13766,0.02693006427101036,"POLYGON ((153.463524 -28.177932, 153.463504 -28.173419, 153.458411 -28.173436, 153.45843 -28.177949, 153.463524 -28.177932))",8c293a52745057c4
1090_13767,0.1642612290138654,"POLYGON ((153.463504 -28.173419, 153.463485 -28.168905, 153.458392 -28.168923, 153.458411 -28.173436, 153.463504 -28.173419))",8c293a52745057c4
1090_13768,0.25,"POLYGON ((153.463485 -28.168905, 153.463465 -28.164392, 153.458372 -28.164409, 153.458392 -28.168923, 153.463485 -28.168905))",8c293a52745057c4
1090_13769,0.25,"POLYGON ((153.463465 -28.164392, 153.463446 -28.159879, 153.458353 -28.159896, 153.458372 -28.164409, 153.463465 -28.164392))",8c293a52745057c4
1090_13770,0.25,"POLYGON ((153.463446 -28.159879, 153.463426 -28.155365, 153.458334 -28.155382, 153.458353 -28.159896, 153.463446 -28.159879))",8c293a52745057c4
1090_13771,0.25,"POLYGON ((153.463426 -28.155365, 153.463407 -28.150852, 153.458315 -28.150869, 153.458334 -28.155382, 153.463426 -28.155365))",8c293a52745057c4
1090_13772,0.25,"POLYGON ((153.463407 -28.150852, 153.463387 -28.146338, 153.458295 -28.146356, 153.458315 -28.150869, 153.463407 -28.150852))",8c293a52745057c4
1090_13773,0.25,"POLYGON ((153.463387 -28.146338, 153.463368 -28.141825, 153.458276 -28.141842, 153.458295 -28.146356, 153.463387 -28.146338))",8c293a52745057c4
1090_13774,0.25,"POLYGON ((153.463368 -28.141825, 153.463349 -28.137312, 153.458257 -28.137329, 153.458276 -28.141842, 153.463368 -28.141825))",8c293a52745057c4
1090_13775,0.25,"POLYGON ((153.463349 -28.137312, 153.463329 -28.132798, 153.458238 -28.132815, 153.458257 -28.137329, 153.463349 -28.137312))",8c293a52745057c4
1090_13776,0.25,"POLYGON ((153.463329 -28.132798, 153.46331 -28.128285, 153.458219 -28.128302, 153.458238 -28.132815, 153.463329 -28.132798))",8c293a52745057c4
1090_13777,0.25,"POLYGON ((153.46331 -28.128285, 153.46329 -28.123771, 153.458199 -28.123789, 153.458219 -28.128302, 153.46331 -28.128285))",8c293a52745057c4
1090_13778,0.25,"POLYGON ((153.46329 -28.123771, 153.463271 -28.119258, 153.45818 -28.119275, 153.458199 -28.123789, 153.46329 -28.123771))",8c293a52745057c4
1090_13779,0.25,"POLYGON ((153.463271 -28.119258, 153.463252 -28.114745, 153.458161 -28.114762, 153.45818 -28.119275, 153.463271 -28.119258))",8c293a52745057c4
1090_13780,0.25,"POLYGON ((153.463252 -28.114745, 153.463232 -28.110231, 153.458142 -28.110248, 153.458161 -28.114762, 153.463252 -28.114745))",8c293a52745057c4
1090_13781,0.25,"POLYGON ((153.463232 -28.110231, 153.463213 -28.105718, 153.458123 -28.105735, 153.458142 -28.110248, 153.463232 -28.110231))",8c293a52745057c4
1090_13782,0.25,"POLYGON ((153.463213 -28.105718, 153.463193 -28.101204, 153.458103 -28.101221, 153.458123 -28.105735, 153.463213 -28.105718))",8c293a52745057c4
1090_13783,0.2156554352621212,"POLYGON ((153.463193 -28.101204, 153.463174 -28.096691, 153.458084 -28.096708, 153.458103 -28.101221, 153.463193 -28.101204))",8c293a52745057c4
1090_13784,0.12026612033074484,"POLYGON ((153.463174 -28.096691, 153.463155 -28.092177, 153.458065 -28.092194, 153.458084 -28.096708, 153.463174 -28.096691))",8c293a52745057c4
1090_13785,0.04160148003584329,"POLYGON ((153.463155 -28.092177, 153.463135 -28.087664, 153.458046 -28.087681, 153.458065 -28.092194, 153.463155 -28.092177))",8c293a52745057c4
1091_13767,0.00018707291392225335,"POLYGON ((153.468597 -28.173401, 153.468578 -28.168888, 153.463485 -28.168905, 153.463504 -28.173419, 153.468597 -28.173401))",8c293a52745057c4
1091_13768,0.09123147475506463,"POLYGON ((153.468578 -28.168888, 153.468558 -28.164375, 153.463465 -28.164392, 153.463485 -28.168905, 153.468578 -28.168888))",8c293a52745057c4
1091_13769,0.22980297848261477,"POLYGON ((153.468558 -28.164375, 153.468538 -28.159861, 153.463446 -28.159879, 153.463465 -28.164392, 153.468558 -28.164375))",8c293a52745057c4
1091_13770,0.25,"POLYGON ((153.468538 -28.159861, 153.468519 -28.155348, 153.463426 -28.155365, 153.463446 -28.159879, 153.468538 -28.159861))",8c293a52745057c4
1091_13771,0.25,"POLYGON ((153.468519 -28.155348, 153.468499 -28.150835, 153.463407 -28.150852, 153.463426 -28.155365, 153.468519 -28.155348))",8c293a52745057c4
1091_13772,0.25,"POLYGON ((153.468499 -28.150835, 153.468479 -28.146321, 153.463387 -28.146338, 153.463407 -28.150852, 153.468499 -28.150835))",8c293a52745057c4
1091_13773,0.25,"POLYGON ((153.468479 -28.146321, 153.46846 -28.141808, 153.463368 -28.141825, 153.463387 -28.146338, 153.468479 -28.146321))",8c293a52745057c4
1091_13774,0.25,"POLYGON ((153.46846 -28.141808, 153.46844 -28.137294, 153.463349 -28.137312, 153.463368 -28.141825, 153.46846 -28.141808))",8c293a52745057c4
1091_13775,0.25,"POLYGON ((153.46844 -28.137294, 153.468421 -28.132781, 153.463329 -28.132798, 153.463349 -28.137312, 153.46844 -28.137294))",8c293a52745057c4
1091_13776,0.25,"POLYGON ((153.468421 -28.132781, 153.468401 -28.128268, 153.46331 -28.128285, 153.463329 -28.132798, 153.468421 -28.132781))",8c293a52745057c4
1091_13777,0.25,"POLYGON ((153.468401 -28.128268, 153.468381 -28.123754, 153.46329 -28.123771, 153.46331 -28.128285, 153.468401 -28.128268))",8c293a52745057c4
1091_13778,0.25,"POLYGON ((153.468381 -28.123754, 153.468362 -28.119241, 153.463271 -28.119258, 153.46329 -28.123771, 153.468381 -28.123754))",8c293a52745057c4
1091_13779,0.25,"POLYGON ((153.468362 -28.119241, 153.468342 -28.114727, 153.463252 -28.114745, 153.463271 -28.119258, 153.468362 -28.119241))",8c293a52745057c4
1091_13780,0.245500449330246,"POLYGON ((153.468342 -28.114727, 153.468322 -28.110214, 153.463232 -28.110231, 153.463252 -28.114745, 153.468342 -28.114727))",8c293a52745057c4
1091_13781,0.1681662741221848,"POLYGON ((153.468322 -28.110214, 153.468303 -28.1057, 153.463213 -28.105718, 153.463232 -28.110231, 153.468322 -28.110214))",8c293a52745057c4
1091_13782,0.06595582914723828,"POLYGON ((153.468303 -28.1057, 153.468283 -28.101187, 153.463193 -28.101204, 153.463213 -28.105718, 153.468303 -28.1057))",8c293a52745057c4
1091_13783,0.0016654446541864516,"POLYGON ((153.468283 -28.101187, 153.468264 -28.096674, 153.463174 -28.096691, 153.463193 -28.101204, 153.468283 -28.101187))",8c293a52745057c4
1092_13769,0.10386379133531336,"POLYGON ((153.473651 -28.164357, 153.473631 -28.159844, 153.468538 -28.159861, 153.468558 -28.164375, 153.473651 -28.164357))",8c293a52745057c4
1092_13770,0.25,"POLYGON ((153.473631 -28.159844, 153.473611 -28.15533, 153.468519 -28.155348, 153.468538 -28.159861, 153.473631 -28.159844))",8c293a52745057c4
1092_13771,0.25,"POLYGON ((153.473611 -28.15533, 153.473591 -28.150817, 153.468499 -28.150835, 153.468519 -28.155348, 153.473611 -28.15533))",8c293a52745057c4
1092_13772,0.25,"POLYGON ((153.473591 -28.150817, 153.473571 -28.146304, 153.468479 -28.146321, 153.468499 -28.150835, 153.473591 -28.150817))",8c293a52745057c4
1092_13773,0.25,"POLYGON ((153.473571 -28.146304, 153.473552 -28.14179, 153.46846 -28.141808, 153.468479 -28.146321, 153.473571 -28.146304))",8c293a52745057c4
1092_13774,0.25,"POLYGON ((153.473552 -28.14179, 153.473532 -28.137277, 153.46844 -28.137294, 153.46846 -28.141808, 153.473552 -28.14179))",8c293a52745057c4
1092_13775,0.25,"POLYGON ((153.473532 -28.137277, 153.473512 -28.132763, 153.468421 -28.132781, 153.46844 -28.137294, 153.473532 -28.137277))",8c293a52745057c4
1092_13776,0.25,"POLYGON ((153.473512 -28.132763, 153.473492 -28.12825, 153.468401 -28.128268, 153.468421 -28.132781, 153.473512 -28.132763))",8c293a52745057c4
1092_13777,0.25,"POLYGON ((153.473492 -28.12825, 153.473472 -28.123737, 153.468381 -28.123754, 153.468401 -28.128268, 153.473492 -28.12825))",8c293a52745057c4
1092_13778,0.24902564151119466,"POLYGON ((153.473472 -28.123737, 153.473452 -28.119223, 153.468362 -28.119241, 153.468381 -28.123754, 153.473472 -28.123737))",8c293a52745057c4
1092_13779,0.15618350113911875,"POLYGON ((153.473452 -28.119223, 153.473433 -28.11471, 153.468342 -28.114727, 153.468362 -28.119241, 153.473452 -28.119223))",8c293a52745057c4
1092_13780,0.03216265859597918,"POLYGON ((153.473433 -28.11471, 153.473413 -28.110196, 153.468322 -28.110214, 153.468342 -28.114727, 153.473433 -28.11471))",8c293a52745057c4
1093_13769,0.0010999591460069647,"POLYGON ((153.478744 -28.16434, 153.478724 -28.159826, 153.473631 -28.159844, 153.473651 -28.164357, 153.478744 -28.16434))",8c293a52745057c4
1093_13770,0.14128217385327205,"POLYGON ((153.478724 -28.159826, 153.478704 -28.155313, 153.473611 -28.15533, 153.473631 -28.159844, 153.478724 -28.159826))",8c293a52745057c4
1093_13771,0.25,"POLYGON ((153.478704 -28.155313, 153.478684 -28.150799, 153.473591 -28.150817, 153.473611 -28.15533, 153.478704 -28.155313))",8c293a52745057c4
1093_13772,0.25,"POLYGON ((153.478684 -28.150799, 153.478664 -28.146286, 153.473571 -28.146304, 153.473591 -28.150817, 153.478684 -28.150799))",8c293a52745057c4
1093_13773,0.25,"POLYGON ((153.478664 -28.146286, 153.478643 -28.141773, 153.473552 -28.14179, 153.473571 -28.146304, 153.478664 -28.146286))",8c293a52745057c4
1093_13774,0.25,"POLYGON ((153.478643 -28.141773, 153.478623 -28.137259, 153.473532 -28.137277, 153.473552 -28.14179, 153.478643 -28.141773))",8c293a52745057c4
1093_13775,0.25,"POLYGON ((153.478623 -28.137259, 153.478603 -28.132746, 153.473512 -28.132763, 153.473532 -28.137277, 153.478623 -28.137259))",8c293a52745057c4
1093_13776,0.25,"POLYGON ((153.478603 -28.132746, 153.478583 -28.128232, 153.473492 -28.12825, 153.473512 -28.132763, 153.478603 -28.132746))",8c293a52745057c4
1093_13777,0.21581069004826378,"POLYGON ((153.478583 -28.128232, 153.478563 -28.123719, 153.473472 -28.123737, 153.473492 -28.12825, 153.478583 -28.128232))",8c293a52745057c4
1093_13778,0.06159072811783277,"POLYGON ((153.478563 -28.123719, 153.478543 -28.119206, 153.473452 -28.119223, 153.473472 -28.123737, 153.478563 -28.123719))",8c293a52745057c4
1094_13770,0.13766164787974433,"POLYGON ((153.483816 -28.159808, 153.483796 -28.155295, 153.478704 -28.155313, 153.478724 -28.159826, 153.483816 -28.159808))",8c293a52745057c4
1094_13771,0.25,"POLYGON ((153.483796 -28.155295, 153.483776 -28.150781, 153.478684 -28.150799, 153.478704 -28.155313, 153.483796 -28.155295))",8c293a52745057c4
1094_13772,0.25,"POLYGON ((153.483776 -28.150781, 153.483756 -28.146268, 153.478664 -28.146286, 153.478684 -28.150799, 153.483776 -28.150781))",8c293a52745057c4
1094_13773,0.25,"POLYGON ((153.483756 -28.146268, 153.483735 -28.141755, 153.478643 -28.141773, 153.478664 -28.146286, 153.483756 -28.146268))",8c293a52745057c4
1094_13774,0.25,"POLYGON ((153.483735 -28.141755, 153.483715 -28.137241, 153.478623 -28.137259, 153.478643 -28.141773, 153.483735 -28.141755))",8c293a52745057c4
1094_13775,0.25,"POLYGON ((153.483715 -28.137241, 153.483695 -28.132728, 153.478603 -28.132746, 153.478623 -28.137259, 153.483715 -28.137241))",8c293a52745057c4
1094_13776,0.25,"POLYGON ((153.483695 -28.132728, 153.483674 -28.128214, 153.478583 -28.128232, 153.478603 -28.132746, 153.483695 -28.132728))",8c293a52745057c4
1094_13777,0.0648571044259068,"POLYGON ((153.483674 -28.128214, 153.483654 -28.123701, 153.478563 -28.123719, 153.478583 -28.128232, 153.483674 -28.128214))",8c293a52745057c4
1095_13770,0.12852844767673702,"POLYGON ((153.488909 -28.15979, 153.488889 -28.155277, 153.483796 -28.155295, 153.483816 -28.159808, 153.488909 -28.15979))",8c293a52745057c4
1095_13771,0.25,"POLYGON ((153.488889 -28.155277, 153.488868 -28.150763, 153.483776 -28.150781, 153.483796 -28.155295, 153.488889 -28.155277))",8c293a52745057c4
1095_13772,0.25,"POLYGON ((153.488868 -28.150763, 153.488848 -28.14625, 153.483756 -28.146268, 153.483776 -28.150781, 153.488868 -28.150763))",8c293a52745057c4
1095_13773,0.25,"POLYGON ((153.488848 -28.14625, 153.488827 -28.141737, 153.483735 -28.141755, 153.483756 -28.146268, 153.488848 -28.14625))",8c293a52745057c4
1095_13774,0.25,"POLYGON ((153.488827 -28.141737, 153.488807 -28.137223, 153.483715 -28.137241, 153.483735 -28.141755, 153.488827 -28.141737))",8c293a52745057c4
1095_13775,0.25,"POLYGON ((153.488807 -28.137223, 153.488786 -28.13271, 153.483695 -28.132728, 153.483715 -28.137241, 153.488807 -28.137223))",8c293a52745057c4
1095_13776,0.2187041807961854,"POLYGON ((153.488786 -28.13271, 153.488766 -28.128196, 153.483674 -28.128214, 153.483695 -28.132728, 153.488786 -28.13271))",8c293a52745057c4
1095_13777,0.0626691808607095,"POLYGON ((153.488766 -28.128196, 153.488745 -28.123683, 153.483654 -28.123701, 153.483674 -28.128214, 153.488766 -28.128196))",8c293a52745057c4
1096_13769,0.003648311125717422,"POLYGON ((153.494022 -28.164285, 153.494002 -28.159772, 153.488909 -28.15979, 153.48893 -28.164304, 153.494022 -28.164285))",8c293a52745057c4
1096_13770,0.2180025155425692,"POLYGON ((153.494002 -28.159772, 153.493981 -28.155258, 153.488889 -28.155277, 153.488909 -28.15979, 153.494002 -28.159772))",8c293a52745057c4
1096_13771,0.25,"POLYGON ((153.493981 -28.155258, 153.49396 -28.150745, 153.488868 -28.150763, 153.488889 -28.155277, 153.493981 -28.155258))",8c293a52745057c4
1096_13772,0.25,"POLYGON ((153.49396 -28.150745, 153.49394 -28.146232, 153.488848 -28.14625, 153.488868 -28.150763, 153.49396 -28.150745))",8c293a52745057c4
1096_13773,0.25,"POLYGON ((153.49394 -28.146232, 153.493919 -28.141718, 153.488827 -28.141737, 153.488848 -28.14625, 153.49394 -28.146232))",8c293a52745057c4
1096_13774,0.23811535835476486,"POLYGON ((153.493919 -28.141718, 153.493898 -28.137205, 153.488807 -28.137223, 153.488827 -28.141737, 153.493919 -28.141718))",8c293a52745057c4
1096_13775,0.1263532665846017,"POLYGON ((153.493898 -28.137205, 153.493877 -28.132692, 153.488786 -28.13271, 153.488807 -28.137223, 153.493898 -28.137205))",8c293a52745057c4
1096_13776,0.014819007202098892,"POLYGON ((153.493877 -28.132692, 153.493857 -28.128178, 153.488766 -28.128196, 153.488786 -28.13271, 153.493877 -28.132692))",8c293a52745057c4
1097_13769,0.08615936229007826,"POLYGON ((153.499115 -28.164267, 153.499094 -28.159753, 153.494002 -28.159772, 153.494022 -28.164285, 153.499115 -28.164267))",8c293a52745057c4
1097_13770,0.25,"POLYGON ((153.499094 -28.159753, 153.499073 -28.15524, 153.493981 -28.155258, 153.494002 -28.159772, 153.499094 -28.159753))",8c293a52745057c4
1097_13771,0.25,"POLYGON ((153.499073 -28.15524, 153.499052 -28.150727, 153.49396 -28.150745, 153.493981 -28.155258, 153.499073 -28.15524))",8c293a52745057c4
1097_13772,0.2492463126471987,"POLYGON ((153.499052 -28.150727, 153.499032 -28.146213, 153.49394 -28.146232, 153.49396 -28.150745, 153.499052 -28.150727))",8c293a52745057c4
1097_13773,0.1608077424797169,"POLYGON ((153.499032 -28.146213, 153.499011 -28.1417, 153.493919 -28.141718, 153.49394 -28.146232, 153.499032 -28.146213))",8c293a52745057c4
1097_13774,0.02215858507676464,"POLYGON ((153.499011 -28.1417, 153.49899 -28.137187, 153.493898 -28.137205, 153.493919 -28.141718, 153.499011 -28.1417))",8c293a52745057c4
1098_13768,0.0002848955122220977,"POLYGON ((153.504229 -28.168761, 153.504208 -28.164248, 153.499115 -28.164267, 153.499136 -28.16878, 153.504229 -28.168761))",8c293a52745057c4
1098_13769,0.20042969846289285,"POLYGON ((153.504208 -28.164248, 153.504187 -28.159735, 153.499094 -28.159753, 153.499115 -28.164267, 153.504208 -28.164248))",8c293a52745057c4
1098_13770,0.25,"POLYGON ((153.504187 -28.159735, 153.504166 -28.155221, 153.499073 -28.15524, 153.499094 -28.159753, 153.504187 -28.159735))",8c293a52745057c4
1098_13771,0.23980514210596143,"POLYGON ((153.504166 -28.155221, 153.504145 -28.150708, 153.499052 -28.150727, 153.499073 -28.15524, 153.504166 -28.155221))",8c293a52745057c4
1098_13772,0.07903965053021991,"POLYGON ((153.504145 -28.150708, 153.504124 -28.146195, 153.499032 -28.146213, 153.499052 -28.150727, 153.504145 -28.150708))",8c293a52745057c4
1099_13768,0.06545621334901079,"POLYGON ((153.509322 -28.168743, 153.509301 -28.164229, 153.504208 -28.164248, 153.504229 -28.168761, 153.509322 -28.168743))",8c293a52745057c4
1099_13769,0.25,"POLYGON ((153.509301 -28.164229, 153.50928 -28.159716, 153.504187 -28.159735, 153.504208 -28.164248, 153.509301 -28.164229))",8c293a52745057c4
1099_13770,0.22390269136513927,"POLYGON ((153.50928 -28.159716, 153.509258 -28.155203, 153.504166 -28.155221, 153.504187 -28.159735, 153.50928 -28.159716))",8c293a52745057c4
1099_13771,0.04135860801613167,"POLYGON ((153.509258 -28.155203, 153.509237 -28.150689, 153.504145 -28.150708, 153.504166 -28.155221, 153.509258 -28.155203))",8c293a52745057c4
1100_13768,0.1801972542328396,"POLYGON ((153.514415 -28.168724, 153.514394 -28.16421, 153.509301 -28.164229, 153.509322 -28.168743, 153.514415 -28.168724))",8c293a52745057c4
1100_13769,0.2358040962499024,"POLYGON ((153.514394 -28.16421, 153.514372 -28.159697, 153.50928 -28.159716, 153.509301 -28.164229, 153.514394 -28.16421))",8c293a52745057c4
1100_13770,0.040542942089612996,"POLYGON ((153.514372 -28.159697, 153.514351 -28.155184, 153.509258 -28.155203, 153.50928 -28.159716, 153.514372 -28.159697))",8c293a52745057c4
1101_13767,0.045611122597070744,"POLYGON ((153.51953 -28.173218, 153.519508 -28.168704, 153.514415 -28.168724, 153.514437 -28.173237, 153.51953 -28.173218))",8c293a52745057c4
1101_13768,0.24932646799852587,"POLYGON ((153.519508 -28.168704, 153.519487 -28.164191, 153.514394 -28.16421, 153.514415 -28.168724, 153.519508 -28.168704))",8c293a52745057c4
1101_13769,0.08971682742386568,"POLYGON ((153.519487 -28.164191, 153.519465 -28.159678, 153.514372 -28.159697, 153.514394 -28.16421, 153.519487 -28.164191))",8c293a52745057c4
1102_13767,0.15958132772550498,"POLYGON ((153.524624 -28.173198, 153.524602 -28.168685, 153.519508 -28.168704, 153.51953 -28.173218, 153.524624 -28.173198))",8c293a52745057c4
1102_13768,0.18759555944015383,"POLYGON ((153.524602 -28.168685, 153.524579 -28.164172, 153.519487 -28.164191, 153.519508 -28.168704, 153.524602 -28.168685))",8c293a52745057c4
1102_13769,0.00016765184330193582,"POLYGON ((153.524579 -28.164172, 153.524557 -28.159658, 153.519465 -28.159678, 153.519487 -28.164191, 153.524579 -28.164172))",8c293a52745057c4
1103_13766,0.028909492838636915,"POLYGON ((153.529739 -28.177692, 153.529717 -28.173179, 153.524624 -28.173198, 153.524646 -28.177712, 153.529739 -28.177692))",8c293a52745057c4
1103_13767,0.2452014370967796,"POLYGON ((153.529717 -28.173179, 153.529695 -28.168665, 153.524602 -28.168685, 153.524624 -28.173198, 153.529717 -28.173179))",8c293a52745057c4
1103_13768,0.0984598191188007,"POLYGON ((153.529695 -28.168665, 153.529672 -28.164152, 153.524579 -28.164172, 153.524602 -28.168685, 153.529695 -28.168665))",8c293a52745057c4
1104_13766,0.1613774532116358,"POLYGON ((153.534832 -28.177672, 153.53481 -28.173159, 153.529717 -28.173179, 153.529739 -28.177692, 153.534832 -28.177672))",8c293a52745057c4
1104_13767,0.25,"POLYGON ((153.53481 -28.173159, 153.534788 -28.168646, 153.529695 -28.168665, 153.529717 -28.173179, 153.53481 -28.173159))",8c293a52745057c4
1104_13768,0.1015763633692723,"POLYGON ((153.534788 -28.168646, 153.534765 -28.164132, 153.529672 -28.164152, 153.529695 -28.168665, 153.534788 -28.168646))",8c293a52745057c4
1105_13766,0.07703641839915043,"POLYGON ((153.539926 -28.177652, 153.539903 -28.173139, 153.53481 -28.173159, 153.534832 -28.177672, 153.539926 -28.177652))",8c293a52745057c4
1105_13767,0.23788440601475352,"POLYGON ((153.539903 -28.173139, 153.539881 -28.168626, 153.534788 -28.168646, 153.53481 -28.173159, 153.539903 -28.173139))",8c293a52745057c4
1105_13768,0.12194549238181164,"POLYGON ((153.539881 -28.168626, 153.539858 -28.164112, 153.534765 -28.164132, 153.534788 -28.168646, 153.539881 -28.168626))",8c293a52745057c4
1106_13767,0.02889644806356826,"POLYGON ((153.544997 -28.173119, 153.544974 -28.168605, 153.539881 -28.168626, 153.539903 -28.173139, 153.544997 -28.173119))",8c293a52745057c4
1106_13768,0.08825164981065789,"POLYGON ((153.544974 -28.168605, 153.544951 -28.164092, 153.539858 -28.164112, 153.539881 -28.168626, 153.544974 -28.168605))",8c293a52745057c4
1107_13768,0.11018179159398878,"POLYGON ((153.550067 -28.168585, 153.550044 -28.164072, 153.544951 -28.164092, 153.544974 -28.168605, 153.550067 -28.168585))",8c293a52745057c4
1107_13769,0.022099495494634445,"POLYGON ((153.550044 -28.164072, 153.550021 -28.159558, 153.544928 -28.159579, 153.544951 -28.164092, 153.550044 -28.164072))",8c293a52745057c4
1108_13768,0.01622390210241579,"POLYGON ((153.55516 -28.168565, 153.555136 -28.164051, 153.550044 -28.164072, 153.550067 -28.168585, 153.55516 -28.168565))",8c293a52745057c4
1108_13769,0.008253175684997708,"POLYGON ((153.555136 -28.164051, 153.555113 -28.159538, 153.550021 -28.159558, 153.550044 -28.164072, 153.555136 -28.164051))",8c293a52745057c4
