crash_id,year,month,severity,serious,serious_casualties,cell_id,within_current_boundary,longitude_wgs84,latitude_wgs84,snapshot_id
80905,2021,2,Medical treatment,False,0,1077_13813,True,153.394816931301,-27.962117486224,8c293a52745057c4
80911,2021,4,Hospitalisation,True,1,1077_13812,True,153.393925930377,-27.970028486195396,8c293a52745057c4
84583,2021,6,Medical treatment,False,0,1076_13820,True,153.390471935352,-27.934426485563996,8c293a52745057c4
84904,2023,7,Minor injury,False,0,1061_13834,True,153.312661754188,-27.869650695143704,8c293a52745057c4
85161,2020,11,Hospitalisation,True,1,1051_13852,True,153.261096968458,-27.786590471260503,8c293a52745057c4
85167,2020,11,Hospitalisation,True,1,1084_13803,True,153.428053921514,-28.009661489984488,8c293a52745057c4
85182,2020,11,Hospitalisation,True,1,1065_13821,True,153.330817942706,-27.927941479445803,8c293a52745057c4
85183,2020,11,Hospitalisation,True,1,1078_13809,True,153.401652927956,-27.9822164870782,8c293a52745057c4
85273,2020,1,Medical treatment,False,0,1051_13849,True,153.261632966613,-27.800535471424602,8c293a52745057c4
85922,2022,2,Medical treatment,False,0,1071_13789,True,153.362286518493,-28.0733558757862,8c293a52745057c4
91963,2023,7,Minor injury,False,0,1084_13811,True,153.427510926189,-27.973998489649006,8c293a52745057c4
91968,2023,7,Minor injury,False,0,1067_13810,True,153.341101973984,-27.9791336468929,8c293a52745057c4
92121,2020,10,Medical treatment,False,0,1083_13805,True,153.427129922656,-28.001624489827197,8c293a52745057c4
92126,2020,9,Hospitalisation,True,1,1084_13806,True,153.427615923376,-27.995648489829794,8c293a52745057c4
92361,2022,9,Medical treatment,False,0,1071_13789,True,153.363426920429,-28.072880483898494,8c293a52745057c4
92368,2022,8,Hospitalisation,True,1,1074_13789,True,153.379938918739,-28.071914485571096,8c293a52745057c4
92370,2022,9,Minor injury,False,0,1079_13816,True,153.402202932253,-27.9484964868693,8c293a52745057c4
92965,2020,1,Medical treatment,False,0,1055_13824,True,153.283384949377,-27.91637947454059,8c293a52745057c4
93096,2020,10,Medical treatment,False,0,1067_13809,True,153.343534934125,-27.9837324811763,8c293a52745057c4
93554,2021,4,Hospitalisation,True,1,1058_13817,True,153.295264944421,-27.944818475969004,8c293a52745057c4
93588,2022,9,Medical treatment,False,0,1084_13805,True,153.429642933443,-28.0011384680796,8c293a52745057c4
93785,2023,10,Medical treatment,False,0,1066_13807,True,153.337633933958,-27.9900424806261,8c293a52745057c4
93806,2023,10,Minor injury,False,0,1085_13800,True,153.43305191948,-28.021135490584296,8c293a52745057c4
94569,2022,9,Hospitalisation,True,1,1075_13820,True,153.385819935991,-27.933416485082404,8c293a52745057c4
94598,2022,9,Minor injury,False,0,1072_13803,True,153.366596928325,-28.00908548372041,8c293a52745057c4
94867,2021,6,Hospitalisation,True,1,1070_13821,True,153.36024883866,-27.9266293534271,8c293a52745057c4
94889,2021,7,Medical treatment,False,0,1084_13798,True,153.430773918181,-28.0330984904459,8c293a52745057c4
94921,2023,12,Minor injury,False,0,1078_13824,True,153.399056937296,-27.9121084862628,8c293a52745057c4
95003,2022,3,Minor injury,False,0,1057_13844,True,153.290877960688,-27.821938474557797,8c293a52745057c4
95016,2021,12,Minor injury,False,0,1065_13796,True,153.331616927982,-28.041476480418407,8c293a52745057c4
95027,2023,9,Medical treatment,False,0,1075_13822,True,153.38553493763501,-27.920916484955107,8c293a52745057c4
95029,2021,12,Medical treatment,False,0,1077_13812,True,153.393925930377,-27.970028486195396,8c293a52745057c4
95045,2022,3,Medical treatment,False,0,1082_13799,True,153.417577920473,-28.026577489049195,8c293a52745057c4
95127,2021,12,Hospitalisation,True,1,1083_13794,True,153.427049916659,-28.0480024901831,8c293a52745057c4
95134,2021,12,Minor injury,False,0,1066_13817,True,153.338774939751,-27.944133480381495,8c293a52745057c4
95157,2021,12,Minor injury,False,0,1078_13808,True,153.397586927992,-27.985379486688903,8c293a52745057c4
95163,2023,9,Hospitalisation,True,1,1066_13822,True,153.337975942635,-27.9224224801297,8c293a52745057c4
95166,2023,5,Medical treatment,False,0,1077_13790,True,153.395200622638,-28.067452256089993,8c293a52745057c4
95167,2023,5,Medical treatment,False,0,1080_13788,True,153.410158012741,-28.077128984689605,8c293a52745057c4
95181,2023,9,Minor injury,False,0,1092_13772,True,153.471156898988,-28.1467754954589,8c293a52745057c4
95188,2023,11,Hospitalisation,True,1,1083_13811,True,153.42663092624,-27.974344489562,8c293a52745057c4
95195,2023,11,Medical treatment,False,0,1067_13804,True,153.342592931433,-28.005401481250697,8c293a52745057c4
95198,2023,11,Medical treatment,False,0,1082_13811,True,153.420633926849,-27.9747094889535,8c293a52745057c4
95212,2022,8,Hospitalisation,True,2,1102_13768,True,153.520237891063,-28.166086500628293,8c293a52745057c4
95221,2022,8,Minor injury,False,0,1084_13807,True,153.428189923942,-27.99079148985019,8c293a52745057c4
95231,2022,9,Hospitalisation,True,1,1067_13815,True,153.344782175452,-27.956867475092103,8c293a52745057c4
95267,2024,7,Hospitalisation,True,1,1092_13778,True,153.468374902687,-28.120669494970194,8c293a52745057c4
95290,2022,9,Hospitalisation,True,1,1074_13813,True,153.376307932898,-27.965430484365697,8c293a52745057c4
95293,2023,2,Hospitalisation,True,1,1067_13824,True,153.342864943439,-27.912037480544896,8c293a52745057c4
95295,2022,9,Minor injury,False,0,1083_13814,True,153.426796758414,-27.957398497445794,8c293a52745057c4
95308,2023,2,Minor injury,False,0,1070_13840,True,153.355523718074,-27.842013061281097,8c293a52745057c4
95309,2023,2,Medical treatment,False,0,1050_13852,True,153.255846968944,-27.787249470733894,8c293a52745057c4
95317,2023,9,Medical treatment,False,0,1093_13778,True,153.473629901871,-28.122500495521297,8c293a52745057c4
95435,2023,4,Minor injury,False,0,1071_13813,True,153.36483467842,-27.963372313182205,8c293a52745057c4
95441,2023,4,Hospitalisation,True,2,1081_13813,True,153.411970929168,-27.964110487987195,8c293a52745057c4
95512,2020,8,Hospitalisation,True,1,1085_13801,True,153.432536919837,-28.018814490513495,8c293a52745057c4
95564,2022,11,Hospitalisation,True,1,1101_13769,True,153.516440891764,-28.1639195002228,8c293a52745057c4
95571,2022,12,Hospitalisation,True,1,1076_13786,True,153.388780916247,-28.083652486563295,8c293a52745057c4
95573,2022,12,Minor injury,False,0,1060_13821,True,153.30527994568,-27.9265244768415,8c293a52745057c4
95581,2022,12,Hospitalisation,True,1,1074_13818,True,153.380297935636,-27.940839484578603,8c293a52745057c4
95598,2020,9,Hospitalisation,True,1,1047_13859,True,153.242489974104,-27.75826246915299,8c293a52745057c4
95644,2021,1,Hospitalisation,True,1,1094_13775,True,153.479399899728,-28.1340954962017,8c293a52745057c4
95658,2023,8,Minor injury,False,0,1081_13804,True,153.413543923931,-28.0032694884551,8c293a52745057c4
95708,2021,8,Minor injury,False,0,1097_13773,True,153.494644896795,-28.143735497835397,8c293a52745057c4
95833,2022,12,Minor injury,False,0,1077_13815,True,153.395247675088,-27.95566352621721,8c293a52745057c4
95886,2020,5,Hospitalisation,True,2,1062_13826,True,153.318200946722,-27.907449478003294,8c293a52745057c4
95918,2020,10,Medical treatment,False,0,1077_13812,True,153.39410893058,-27.968302486200503,8c293a52745057c4
95937,2021,7,Medical treatment,False,0,1079_13782,True,153.405340882726,-28.1044905984133,8c293a52745057c4
96108,2020,9,Minor injury,False,0,1076_13784,True,153.389524766727,-28.094767233726195,8c293a52745057c4
96128,2020,2,Hospitalisation,True,1,1051_13851,True,153.25970896807104,-27.790789471152998,8c293a52745057c4
96160,2020,10,Medical treatment,False,0,1059_13830,True,153.304128950725,-27.888268476424,8c293a52745057c4
96161,2020,11,Hospitalisation,True,1,1066_13800,True,153.338408929903,-28.0208134809464,8c293a52745057c4
96171,2022,12,Hospitalisation,True,1,1071_13832,True,153.361749945808,-27.877649482194602,8c293a52745057c4
96186,2021,6,Minor injury,False,0,1084_13804,True,153.428044922013,-28.0058114899534,8c293a52745057c4
96188,2021,6,Medical treatment,False,0,1062_13831,True,153.315673950236,-27.8822794775488,8c293a52745057c4
96237,2020,10,Hospitalisation,True,1,1078_13821,True,153.39828593546,-27.926977486301197,8c293a52745057c4
96242,2020,11,Hospitalisation,True,1,1082_13786,True,153.420458912472,-28.085903489808302,8c293a52745057c4
96252,2020,7,Medical treatment,False,0,1073_13809,True,153.372247931092,-27.982864484089504,8c293a52745057c4
96259,2020,9,Medical treatment,False,0,1080_13813,True,153.409023929276,-27.965762487699905,8c293a52745057c4
96334,2023,9,Hospitalisation,True,1,1068_13804,True,153.347016524173,-28.0036530716866,8c293a52745057c4
96349,2020,1,Hospitalisation,True,1,1088_13779,True,153.44886562342,-28.116169748943207,8c293a52745057c4
96390,2021,8,Minor injury,False,0,1081_13811,True,153.413443927608,-27.974922488222305,8c293a52745057c4
96405,2020,9,Hospitalisation,True,1,1066_13807,True,153.337633933958,-27.9900424806261,8c293a52745057c4
96490,2020,11,Hospitalisation,True,1,1081_13798,True,153.415926920248,-28.02971048890549,8c293a52745057c4
96495,2020,11,Medical treatment,False,0,1077_13813,True,153.394980931307,-27.961932486239295,8c293a52745057c4
96497,2020,11,Hospitalisation,True,2,1069_13801,True,153.351565929105,-28.015809482244496,8c293a52745057c4
97385,2024,8,Minor injury,False,0,1079_13782,True,153.40643091193,-28.1019934885048,8c293a52745057c4
97393,2024,9,Medical treatment,False,0,1082_13778,True,153.419370908187,-28.119875489963807,8c293a52745057c4
97396,2024,8,Minor injury,False,0,1083_13777,True,153.425165906756,-28.125984490602505,8c293a52745057c4
97413,2024,9,Medical treatment,False,0,1107_13768,True,153.545642888137,-28.1670455032369,8c293a52745057c4
97414,2024,9,Hospitalisation,True,1,1044_13864,True,153.228195978696,-27.73448146751889,8c293a52745057c4
97418,2024,9,Medical treatment,False,0,1086_13788,True,153.440050911334,-28.078067491744896,8c293a52745057c4
97421,2024,9,Hospitalisation,True,1,1062_13826,True,153.317039946839,-27.907531477886,8c293a52745057c4
97422,2024,9,Hospitalisation,True,1,1075_13805,True,153.382598927717,-28.000212485279192,8c293a52745057c4
97437,2023,9,Hospitalisation,True,1,1082_13786,True,153.420187912288,-28.0875484897936,8c293a52745057c4
97438,2023,9,Hospitalisation,True,1,1046_13860,True,153.233565175143,-27.7498926531836,8c293a52745057c4
97445,2023,8,Medical treatment,False,0,1072_13817,True,153.370465935962,-27.9466474836237,8c293a52745057c4
97453,2024,5,Minor injury,False,0,1075_13815,True,153.383628933575,-27.953987485021,8c293a52745057c4
97455,2024,5,Medical treatment,False,0,1082_13783,True,153.420689910551,-28.100523489946497,8c293a52745057c4
97457,2024,5,Hospitalisation,True,1,1062_13832,True,153.315275105923,-27.877272717468898,8c293a52745057c4
97474,2021,10,Medical treatment,False,0,1076_13819,True,153.390366935354,-27.934501485553895,8c293a52745057c4
97497,2022,9,Hospitalisation,True,1,1084_13810,True,153.42896592537403,-27.979065489837197,8c293a52745057c4
97500,2022,9,Medical treatment,False,0,1064_13822,True,153.326655943754,-27.923334478986803,8c293a52745057c4
97514,2024,6,Hospitalisation,True,1,1082_13788,True,153.421839913667,-28.0755094898676,8c293a52745057c4
97517,2024,6,Medical treatment,False,0,1077_13807,True,153.395505927226,-27.99307548653739,8c293a52745057c4
97526,2023,6,Hospitalisation,True,1,1044_13863,True,153.224662978735,-27.7371684671826,8c293a52745057c4
97531,2024,6,Minor injury,False,0,1062_13831,True,153.315121949968,-27.884831477512794,8c293a52745057c4
97538,2024,6,Medical treatment,False,0,1078_13807,True,153.398855438417,-27.988755022844597,8c293a52745057c4
97543,2024,7,Hospitalisation,True,1,1067_13808,True,153.34110193413804,-27.985700480944494,8c293a52745057c4
97557,2021,8,Medical treatment,False,0,1050_13852,True,153.25719896895,-27.786050470861408,8c293a52745057c4
97558,2022,12,Medical treatment,False,0,1045_13863,True,153.230426977941,-27.738495467776296,8c293a52745057c4
97564,2022,12,Medical treatment,False,0,1083_13797,True,153.424928918226,-28.037702489886,8c293a52745057c4
97565,2021,7,Medical treatment,False,0,1091_13780,True,153.466965904087,-28.111094494751203,8c293a52745057c4
97574,2023,1,Medical treatment,False,0,1094_13773,True,153.48026389813,-28.1456554963806,8c293a52745057c4
97579,2021,9,Hospitalisation,True,2,1069_13817,True,153.351555451061,-27.946398737698395,8c293a52745057c4
97596,2024,9,Hospitalisation,True,1,1062_13826,True,153.316984946931,-27.906861477875204,8c293a52745057c4
97603,2024,9,Medical treatment,False,0,1083_13786,True,153.425801911902,-28.085765490352,8c293a52745057c4
97605,2024,9,Medical treatment,False,0,1073_13814,True,153.374572933993,-27.9584244841341,8c293a52745057c4
97649,2024,5,Minor injury,False,0,1088_13785,True,153.450112908953,-28.087891492848698,8c293a52745057c4
97651,2021,7,Hospitalisation,True,2,1059_13843,True,153.300467958687,-27.829395475589408,8c293a52745057c4
97654,2024,2,Medical treatment,False,0,1066_13815,True,153.335833938822,-27.95383648015889,8c293a52745057c4
97655,2024,5,Minor injury,False,0,1067_13806,True,153.345658932511,-27.9944424814763,8c293a52745057c4
97657,2024,9,Hospitalisation,True,1,1046_13864,True,153.236364468615,-27.736006806357604,8c293a52745057c4
97676,2023,5,Medical treatment,False,0,1047_13859,True,153.242489974104,-27.75826246915299,8c293a52745057c4
97679,2023,2,Hospitalisation,True,2,1056_13846,True,153.288783961645,-27.816259474300704,8c293a52745057c4
97715,2020,8,Minor injury,False,0,1046_13859,True,153.238464974971,-27.754905468719098,8c293a52745057c4
97718,2024,7,Hospitalisation,True,1,1086_13790,True,153.440806912651,-28.0672644917373,8c293a52745057c4
97737,2024,7,Medical treatment,False,0,1086_13791,True,153.438125913374,-28.063965491437994,8c293a52745057c4
97740,2024,4,Medical treatment,False,0,1079_13816,True,153.401578931829,-27.952309486835684,8c293a52745057c4
97741,2024,7,Medical treatment,False,0,1091_13778,True,153.464141902765,-28.1236564945613,8c293a52745057c4
97742,2020,6,Hospitalisation,True,1,1071_13812,True,153.362034933924,-27.9695904829463,8c293a52745057c4
97854,2023,5,Medical treatment,False,0,1081_13811,True,153.412949927671,-27.974858488171503,8c293a52745057c4
97866,2023,5,Medical treatment,False,0,1077_13806,True,153.392764927079,-27.9965334862854,8c293a52745057c4
97871,2023,5,Hospitalisation,True,1,1074_13814,True,153.378617933385,-27.959705484555894,8c293a52745057c4
97872,2023,3,Medical treatment,False,0,1080_13818,True,153.408064932552,-27.941225487409397,8c293a52745057c4
97876,2023,5,Medical treatment,False,0,1083_13801,True,153.423067920885,-28.018742489547403,8c293a52745057c4
97880,2023,5,Medical treatment,False,0,1084_13797,True,153.431282917962,-28.034356490507594,8c293a52745057c4
97881,2023,9,Hospitalisation,True,1,1048_13858,True,153.244535973512,-27.761155469382903,8c293a52745057c4
97882,2023,5,Medical treatment,False,0,1040_13856,True,153.207907976203,-27.7712164657562,8c293a52745057c4
97889,2024,10,Medical treatment,False,0,1062_13827,True,153.315435947729,-27.9019744776795,8c293a52745057c4
97899,2024,10,Hospitalisation,True,2,1062_13830,True,153.316729949721,-27.885388477680497,8c293a52745057c4
97901,2024,10,Hospitalisation,True,1,1075_13814,True,153.384965932802,-27.9588404851952,8c293a52745057c4
97903,2024,10,Hospitalisation,True,1,1088_13786,True,153.448890872434,-28.0852223307031,8c293a52745057c4
97912,2024,10,Hospitalisation,True,3,1076_13819,True,153.390375935353,-27.934500485554796,8c293a52745057c4
97914,2024,10,Minor injury,False,0,1063_13805,True,153.322498934174,-28.0012304791764,8c293a52745057c4
97927,2024,12,Medical treatment,False,0,1078_13809,True,153.40002892836,-27.980463486898998,8c293a52745057c4
97940,2020,9,Medical treatment,False,0,1059_13838,True,153.300334956069,-27.849896475737197,8c293a52745057c4
97989,2023,5,Hospitalisation,True,1,1074_13813,True,153.38042591752503,-27.964834209780193,8c293a52745057c4
97995,2024,6,Minor injury,False,0,1060_13798,True,153.307620931968,-28.031006477899496,8c293a52745057c4
98002,2023,9,Minor injury,False,0,1080_13813,True,153.407626929807,-27.9628354875346,8c293a52745057c4
98004,2024,6,Hospitalisation,True,1,1043_13860,True,153.219051977576,-27.750999466723997,8c293a52745057c4
98010,2024,6,Medical treatment,False,0,1083_13805,True,153.427117923043,-27.998638489802495,8c293a52745057c4
98030,2024,12,Medical treatment,False,0,1057_13856,True,153.294103966918,-27.770638474481103,8c293a52745057c4
98053,2024,12,Minor injury,False,0,1067_13839,True,153.342122952099,-27.845383479945298,8c293a52745057c4
98108,2020,8,Hospitalisation,True,2,1045_13777,True,153.233217927748,-28.1273294711133,8c293a52745057c4
98109,2020,8,Hospitalisation,True,1,1084_13804,True,153.42880292218,-28.003884490015498,8c293a52745057c4
98115,2020,8,Hospitalisation,True,1,1080_13800,True,153.411030921526,-28.023985488361596,8c293a52745057c4
98117,2020,8,Hospitalisation,True,1,1105_13767,True,153.537581888727,-28.169333502429197,8c293a52745057c4
98120,2020,8,Hospitalisation,True,1,1071_13808,True,153.365274931537,-27.985334483399505,8c293a52745057c4
98122,2020,8,Hospitalisation,True,1,1083_13805,True,153.42543490922702,-27.998644258630996,8c293a52745057c4
98178,2021,12,Hospitalisation,True,2,1082_13799,True,153.417706920595,-28.025526489054094,8c293a52745057c4
98184,2021,12,Hospitalisation,True,1,1061_13836,True,153.30997695362902,-27.8607114768008,8c293a52745057c4
98190,2021,12,Minor injury,False,0,1078_13807,True,153.399901927166,-27.989813486959495,8c293a52745057c4
98192,2021,12,Medical treatment,False,0,1084_13792,True,153.428746914994,-28.0594154904456,8c293a52745057c4
98200,2023,9,Hospitalisation,True,1,1072_13851,True,153.368937956301,-27.790054482236393,8c293a52745057c4
98216,2020,7,Minor injury,False,0,1080_13811,True,153.410644928086,-27.97359648792659,8c293a52745057c4
98307,2020,1,Hospitalisation,True,1,1055_13829,True,153.28321578445,-27.892604399336598,8c293a52745057c4
98313,2020,1,Medical treatment,False,0,1079_13783,True,153.404101912693,-28.098081488236904,8c293a52745057c4
98315,2020,1,Medical treatment,False,0,1101_13768,True,153.517241048586,-28.16461146331009,8c293a52745057c4
98326,2020,8,Minor injury,False,0,1081_13797,True,153.413145919722,-28.036132488672493,8c293a52745057c4
98329,2020,9,Hospitalisation,True,1,1059_13834,True,153.302203953235,-27.8703724760879,8c293a52745057c4
98339,2020,7,Medical treatment,False,0,1074_13813,True,153.376929293195,-27.9626032694068,8c293a52745057c4
98340,2020,9,Medical treatment,False,0,1076_13786,True,153.391409915865,-28.084371486836602,8c293a52745057c4
98341,2021,5,Medical treatment,False,0,1085_13796,True,153.43438391657,-28.042472490887594,8c293a52745057c4
98352,2020,6,Hospitalisation,True,1,1080_13810,True,153.411285927417,-27.9782264880283,8c293a52745057c4
98353,2020,9,Hospitalisation,True,1,1078_13806,True,153.400476474228,-27.9965767320711,8c293a52745057c4
98364,2020,4,Fatal,True,1,1059_13838,True,153.299890955927,-27.851384475703796,8c293a52745057c4
98375,2020,8,Medical treatment,False,0,1086_13780,True,153.439867906852,-28.112768491998395,8c293a52745057c4
98487,2021,5,Hospitalisation,True,1,1067_13810,True,153.344805934956,-27.976212481246396,8c293a52745057c4
98508,2021,1,Minor injury,False,0,1067_13814,True,153.34425839328,-27.958648072052796,8c293a52745057c4
98578,2020,8,Medical treatment,False,0,1066_13822,True,153.338047942641,-27.922315480136195,8c293a52745057c4
98580,2020,3,Minor injury,False,0,1077_13790,True,153.393045917867,-28.067516486871003,8c293a52745057c4
98706,2022,3,Hospitalisation,True,1,1047_13859,True,153.240791974731,-27.7548034689538,8c293a52745057c4
98715,2020,9,Hospitalisation,True,1,1082_13811,True,153.420089513064,-27.973508279888595,8c293a52745057c4
98720,2022,3,Medical treatment,False,0,1078_13807,True,153.399660927242,-27.9894284869319,8c293a52745057c4
98723,2020,12,Hospitalisation,True,1,1076_13816,True,153.387135933517,-27.951468485358202,8c293a52745057c4
98738,2020,12,Medical treatment,False,0,1062_13826,True,153.318789946725,-27.906931478059004,8c293a52745057c4
98818,2020,2,Medical treatment,False,0,1090_13779,True,153.461491903868,-28.117412494241808,8c293a52745057c4
98851,2023,7,Minor injury,False,0,1037_13855,True,153.190561977532,-27.7755604640372,8c293a52745057c4
98882,2020,2,Medical treatment,False,0,1051_13849,True,153.261632966613,-27.800535471424602,8c293a52745057c4
98895,2020,2,Medical treatment,False,0,1097_13773,True,153.494367896887,-28.143261497803294,8c293a52745057c4
98910,2020,2,Medical treatment,False,0,1082_13794,True,153.417274917592,-28.049083489195002,8c293a52745057c4
98937,2020,5,Hospitalisation,True,1,1090_13780,True,153.458589904783,-28.112826493909502,8c293a52745057c4
98946,2020,4,Medical treatment,False,0,1086_13790,True,153.441270912518,-28.067899491789696,8c293a52745057c4
98954,2020,5,Minor injury,False,0,1077_13806,True,153.394135927244,-27.994091486405804,8c293a52745057c4
98964,2020,5,Medical treatment,False,0,1067_13809,True,153.341681934565,-27.9818924809735,8c293a52745057c4
98966,2020,4,Hospitalisation,True,1,1059_13840,True,153.302162230117,-27.840190542846198,8c293a52745057c4
98976,2021,6,Hospitalisation,True,1,1066_13820,True,153.336344941409,-27.933322480049593,8c293a52745057c4
99012,2020,9,Medical treatment,False,0,1062_13830,True,153.315783949636,-27.886850477595893,8c293a52745057c4
99042,2020,12,Medical treatment,False,0,1091_13776,True,153.466998901823,-28.128489494890992,8c293a52745057c4
99058,2021,1,Minor injury,False,0,1077_13822,True,153.395493936035,-27.924886486000396,8c293a52745057c4
99079,2020,5,Hospitalisation,True,1,1083_13809,True,153.422046585054,-27.979665133136404,8c293a52745057c4
99088,2020,4,Hospitalisation,True,1,1089_13776,True,153.453494903292,-28.128629493513298,8c293a52745057c4
99090,2020,4,Hospitalisation,True,1,1069_13797,True,153.352052484392,-28.036411955455705,8c293a52745057c4
99091,2020,4,Hospitalisation,True,1,1088_13785,True,153.449363908895,-28.088974492780796,8c293a52745057c4
99098,2020,10,Medical treatment,False,0,1066_13802,True,153.338786930649,-28.014713480937004,8c293a52745057c4
99100,2020,4,Medical treatment,False,0,1092_13776,True,153.472647900887,-28.1309044954869,8c293a52745057c4
99113,2020,5,Hospitalisation,True,1,1085_13787,True,153.4347349117,-28.079745491215792,8c293a52745057c4
99139,2020,2,Medical treatment,False,0,1055_13804,True,153.284595766605,-28.0068708453741,8c293a52745057c4
99152,2020,2,Hospitalisation,True,1,1089_13785,True,153.4534679082,-28.090853493214397,8c293a52745057c4
99156,2020,2,Minor injury,False,0,1088_13774,True,153.452895902036,-28.138809493531898,8c293a52745057c4
99162,2023,7,Medical treatment,False,0,1078_13819,True,153.40066495919,-27.934804447605003,8c293a52745057c4
99182,2023,8,Minor injury,False,0,1085_13768,True,153.43299574038903,-28.168386568733098,8c293a52745057c4
99232,2020,3,Medical treatment,False,0,1067_13805,True,153.342377932357,-27.998418481174003,8c293a52745057c4
99238,2020,3,Hospitalisation,True,1,1083_13783,True,153.425683909901,-28.101296490461788,8c293a52745057c4
99240,2020,3,Minor injury,False,0,1074_13814,True,153.378629933363,-27.9598614845583,8c293a52745057c4
99266,2020,1,Minor injury,False,0,1088_13787,True,153.447900910321,-28.079221492555,8c293a52745057c4
99285,2020,11,Medical treatment,False,0,1079_13782,True,153.40645391192302,-28.1020294885074,8c293a52745057c4
99288,2020,9,Minor injury,False,0,1091_13781,True,153.466012904445,-28.109141494638596,8c293a52745057c4
99294,2020,5,Medical treatment,False,0,1051_13827,True,153.26409700162,-27.899745085454704,8c293a52745057c4
99305,2020,4,Medical treatment,False,0,1082_13791,True,153.418436915402,-28.0650024894383,8c293a52745057c4
99309,2020,4,Medical treatment,False,0,1087_13788,True,153.444745911263,-28.074634492197095,8c293a52745057c4
99314,2021,6,Medical treatment,False,0,1090_13783,True,153.459287228408,-28.099725120878,8c293a52745057c4
99384,2022,8,Hospitalisation,True,1,1060_13829,True,153.306442950247,-27.890025476672605,8c293a52745057c4
99684,2022,12,Medical treatment,False,0,1084_13799,True,153.429668918912,-28.028386490296196,8c293a52745057c4
99712,2023,1,Hospitalisation,True,11,1087_13788,True,153.444757911314,-28.074229492195094,8c293a52745057c4
99923,2020,11,Medical treatment,False,0,1088_13785,True,153.449303908916,-28.088864492773798,8c293a52745057c4
100010,2022,1,Minor injury,False,0,1080_13817,True,153.408709935736,-27.946995718520498,8c293a52745057c4
100049,2023,4,Minor injury,False,0,1084_13805,True,153.430699922701,-27.998249490164703,8c293a52745057c4
100173,2022,12,Medical treatment,False,0,1081_13805,True,153.414250735246,-28.000239000503303,8c293a52745057c4
100175,2022,12,Medical treatment,False,0,1085_13798,True,153.434216669181,-28.03018405777409,8c293a52745057c4
100182,2023,1,Medical treatment,False,0,1084_13806,True,153.427998923668,-27.993065489848593,8c293a52745057c4
100348,2021,7,Hospitalisation,True,1,1074_13813,True,153.376570933106,-27.9636024843781,8c293a52745057c4
100489,2021,7,Hospitalisation,True,1,1087_13788,True,153.44548891095204,-28.076404492286805,8c293a52745057c4
100509,2021,7,Medical treatment,False,0,1064_13821,True,153.329746260061,-27.926099383322413,8c293a52745057c4
100513,2021,7,Medical treatment,False,0,1067_13806,True,153.341614933056,-27.993653481058995,8c293a52745057c4
100743,2022,4,Medical treatment,False,0,1056_13827,True,153.287765950828,-27.901367474866895,8c293a52745057c4
100772,2022,4,Hospitalisation,True,1,1093_13776,True,153.473920900649,-28.1316534956228,8c293a52745057c4
100773,2022,4,Hospitalisation,True,1,1084_13801,True,153.431370742123,-28.017597913385103,8c293a52745057c4
100804,2020,8,Hospitalisation,True,2,1068_13787,True,153.349625921021,-28.0800474825512,8c293a52745057c4
100868,2022,10,Medical treatment,False,0,1082_13811,True,153.418744927341,-27.9725034887436,8c293a52745057c4
100893,2020,8,Medical treatment,False,0,1090_13781,True,153.46285590509103,-28.106842494298196,8c293a52745057c4
100955,2021,2,Hospitalisation,True,1,1082_13783,True,153.419534910678,-28.100523489828795,8c293a52745057c4
101066,2024,9,Hospitalisation,True,1,1063_13828,True,153.322192947552,-27.897612478331297,8c293a52745057c4
101384,2022,10,Minor injury,False,0,1088_13787,True,153.448275910147,-28.0802454926013,8c293a52745057c4
101844,2023,10,Hospitalisation,True,2,1047_13859,True,153.242461970055,-27.7586692421533,8c293a52745057c4
101913,2020,5,Minor injury,False,0,1061_13832,True,153.314594951072,-27.876688477395298,8c293a52745057c4
101931,2020,7,Minor injury,False,0,1061_13833,True,153.314194951374,-27.874680477338902,8c293a52745057c4
102016,2023,1,Hospitalisation,True,1,1077_13813,True,153.39511993129,-27.9619514862536,8c293a52745057c4
102055,2020,1,Minor injury,False,0,1076_13820,True,153.390638935596,-27.932396485565,8c293a52745057c4
102345,2022,9,Medical treatment,False,0,1076_13815,True,153.387138933127,-27.954486485382304,8c293a52745057c4
102390,2020,1,Hospitalisation,True,1,1055_13799,True,153.281574935053,-28.029262475243396,8c293a52745057c4
102632,2021,5,Hospitalisation,True,1,1084_13797,True,153.43151291782402,-28.035226490537905,8c293a52745057c4
103014,2024,4,Hospitalisation,True,1,1067_13809,True,153.341453934383,-27.9834954809629,8c293a52745057c4
103182,2023,7,Medical treatment,False,0,1060_13834,True,153.30727995276,-27.869761476598196,8c293a52745057c4
103263,2022,10,Hospitalisation,True,1,1067_13816,True,153.341788938725,-27.9495354807302,8c293a52745057c4
103650,2020,8,Minor injury,False,0,1066_13818,True,153.338173940104,-27.941901480302903,8c293a52745057c4
103755,2022,11,Hospitalisation,True,1,1090_13781,True,153.46285590509103,-28.106842494298196,8c293a52745057c4
103757,2022,11,Medical treatment,False,0,1066_13817,True,153.339534939622,-27.944491480461494,8c293a52745057c4
103761,2020,9,Hospitalisation,True,1,1055_13799,True,153.281811935154,-28.0282764752597,8c293a52745057c4
103767,2020,11,Medical treatment,False,0,1076_13810,True,153.387814929818,-27.979535485647798,8c293a52745057c4
103773,2023,11,Minor injury,False,0,1067_13816,True,153.342798938381,-27.9513444808471,8c293a52745057c4
103931,2020,6,Minor injury,False,0,1044_13843,True,153.226160967134,-27.826599468038307,8c293a52745057c4
103980,2020,1,Hospitalisation,True,2,1067_13816,True,153.342412938439,-27.951224480806896,8c293a52745057c4
103983,2020,1,Medical treatment,False,0,1083_13809,True,153.42221492598,-27.980091489156905,8c293a52745057c4
103985,2020,1,Minor injury,False,0,1090_13782,True,153.458342906088,-28.102988493807192,8c293a52745057c4
103986,2020,1,Medical treatment,False,0,1062_13830,True,153.315274949813,-27.88590447753679,8c293a52745057c4
104021,2023,7,Medical treatment,False,0,1076_13827,True,153.388360939973,-27.900403485081604,8c293a52745057c4
104147,2022,9,Hospitalisation,True,1,1076_13819,True,153.390339935355,-27.934517485551297,8c293a52745057c4
104474,2021,3,Hospitalisation,True,1,1084_13804,True,153.430376921853,-28.005076490185395,8c293a52745057c4
104486,2023,1,Medical treatment,False,0,1074_13811,True,153.378540931553,-27.973958484660002,8c293a52745057c4
104600,2020,1,Minor injury,False,0,1079_13820,True,153.406181599873,-27.932588933149603,8c293a52745057c4
104714,2023,7,Hospitalisation,True,1,1062_13825,True,153.318576946138,-27.91167147807459,8c293a52745057c4
111603,2020,1,Hospitalisation,True,1,1064_13862,True,153.325418967196,-27.741989477434004,8c293a52745057c4
111644,2023,1,Hospitalisation,True,2,1079_13810,True,153.402585928767,-27.975156487117797,8c293a52745057c4
111689,2022,4,Hospitalisation,True,1,1081_13780,True,153.416257909197,-28.11472948960609,8c293a52745057c4
111690,2022,5,Minor injury,False,0,1090_13779,True,153.45869890395,-28.1191524939703,8c293a52745057c4
111928,2022,8,Hospitalisation,True,1,1067_13816,True,153.343145763235,-27.95218795688899,8c293a52745057c4
111933,2022,10,Minor injury,False,0,1091_13776,True,153.467558901632,-28.129484494956,8c293a52745057c4
112153,2020,2,Medical treatment,False,0,1073_13820,True,153.373679937615,-27.931110483828597,8c293a52745057c4
112161,2020,5,Hospitalisation,True,1,1082_13791,True,153.41994191534,-28.064209489585505,8c293a52745057c4
112182,2024,11,Hospitalisation,True,1,1066_13825,True,153.338536944416,-27.908117480074296,8c293a52745057c4
112293,2024,4,Hospitalisation,True,2,1046_13860,True,153.237347975354,-27.7528544685898,8c293a52745057c4
112580,2022,11,Hospitalisation,True,1,1080_13805,True,153.406838925371,-27.997817487728994,8c293a52745057c4
112950,2021,8,Hospitalisation,True,1,1062_13827,True,153.31522494767,-27.902606477662992,8c293a52745057c4
113013,2024,7,Hospitalisation,True,1,1062_13830,True,153.31567594988203,-27.8850284775706,8c293a52745057c4
113136,2023,7,Medical treatment,False,0,1080_13794,True,153.408867918682,-28.047796488328096,8c293a52745057c4
113240,2020,6,Minor injury,False,0,1084_13797,True,153.431255917976,-28.03427349050419,8c293a52745057c4
113261,2020,11,Minor injury,False,0,1087_13788,True,153.446386911017,-28.075137492368388,8c293a52745057c4
113266,2021,1,Hospitalisation,True,1,1065_13845,True,153.332634956622,-27.818233478767496,8c293a52745057c4
113292,2021,8,Minor injury,False,0,1062_13807,True,153.316293936099,-27.9915744784705,8c293a52745057c4
113402,2021,4,Minor injury,False,0,1084_13808,True,153.427371924557,-27.986731489734897,8c293a52745057c4
113608,2021,9,Hospitalisation,True,2,1073_13820,True,153.37356693763,-27.931084483817,8c293a52745057c4
113663,2023,11,Hospitalisation,True,1,1077_13807,True,153.393055928023,-27.988978486255697,8c293a52745057c4
113934,2020,11,Medical treatment,False,0,1071_13789,True,153.363992920417,-28.072494483953005,8c293a52745057c4
114100,2022,8,Minor injury,False,0,1103_13768,True,153.527909890033,-28.167501501424596,8c293a52745057c4
114326,2021,11,Hospitalisation,True,3,1082_13797,True,153.417579919215,-28.036289489125704,8c293a52745057c4
114327,2022,1,Medical treatment,False,0,1068_13817,True,153.350647938085,-27.94698448161069,8c293a52745057c4
114348,2023,7,Medical treatment,False,0,1079_13821,True,153.405847934372,-27.929014487087503,8c293a52745057c4
114593,2022,5,Medical treatment,False,0,1078_13807,True,153.399983927186,-27.98959148696609,8c293a52745057c4
114603,2022,10,Hospitalisation,True,3,1074_13787,True,153.376682956641,-28.083168739327892,8c293a52745057c4
114691,2022,2,Minor injury,False,0,1084_13800,True,153.428978919943,-28.021012490167898,8c293a52745057c4
114809,2021,7,Hospitalisation,True,1,1066_13846,True,153.336053956848,-27.813582479078303,8c293a52745057c4
115004,2023,3,Hospitalisation,True,1,1087_13785,True,153.443667909393,-28.089958492207195,8c293a52745057c4
115198,2022,3,Hospitalisation,True,1,1066_13847,True,153.337706957344,-27.8083294792049,8c293a52745057c4
121376,2023,7,Hospitalisation,True,1,1092_13774,True,153.47254007972,-28.1399716265469,8c293a52745057c4
121450,2022,5,Medical treatment,False,0,1084_13797,True,153.431640917723,-28.03589949055629,8c293a52745057c4
121595,2021,1,Medical treatment,False,0,1079_13783,True,153.405196912354,-28.099769488361602,8c293a52745057c4
121599,2021,1,Hospitalisation,True,1,1062_13837,True,153.318030953521,-27.854728477571403,8c293a52745057c4
121823,2020,3,Hospitalisation,True,1,1070_13793,True,153.356869624761,-28.052683096073203,8c293a52745057c4
121841,2020,2,Minor injury,False,0,1077_13819,True,153.39354093492702,-27.9351194858819,8c293a52745057c4
121863,2020,5,Hospitalisation,True,1,1062_13831,True,153.315648950266,-27.882062477544604,8c293a52745057c4
121865,2020,5,Medical treatment,False,0,1086_13783,True,153.442043704403,-28.098973159112195,8c293a52745057c4
121933,2022,4,Medical treatment,False,0,1079_13821,True,153.403886935043,-27.925476486859893,8c293a52745057c4
121964,2021,7,Minor injury,False,0,1074_13810,True,153.38017693116,-27.975618484839497,8c293a52745057c4
122329,2023,11,Hospitalisation,True,1,1053_13804,True,153.272834939041,-28.005735474172695,8c293a52745057c4
122339,2023,11,Medical treatment,False,0,1059_13840,True,153.302660956703,-27.842988475918897,8c293a52745057c4
122344,2023,11,Medical treatment,False,0,1088_13785,True,153.451299769738,-28.088538761974906,8c293a52745057c4
122700,2021,8,Hospitalisation,True,1,1080_13817,True,153.408694931786,-27.946621487515998,8c293a52745057c4
122820,2021,4,Medical treatment,False,0,1092_13776,True,153.471398901111,-28.130236495354104,8c293a52745057c4
122833,2021,6,Minor injury,False,0,1091_13781,True,153.464971918714,-28.107953209522996,8c293a52745057c4
122838,2020,11,Minor injury,False,0,1093_13777,True,153.476783900822,-28.127897495885797,8c293a52745057c4
122864,2022,9,Hospitalisation,True,1,1044_13864,True,153.226923827638,-27.736012367402196,8c293a52745057c4
123121,2023,10,Medical treatment,False,0,1071_13808,True,153.364976931621,-27.984933483365996,8c293a52745057c4
123131,2023,10,Medical treatment,False,0,1074_13811,True,153.376555531134,-27.9711433784358,8c293a52745057c4
123258,2022,10,Medical treatment,False,0,1074_13811,True,153.376548124189,-27.970720442431706,8c293a52745057c4
123280,2024,6,Hospitalisation,True,1,1063_13820,True,153.32470494307,-27.9303064788434,8c293a52745057c4
123293,2024,12,Hospitalisation,True,1,1089_13777,True,153.457838902927,-28.127758493949898,8c293a52745057c4
123358,2023,7,Medical treatment,False,0,1086_13780,True,153.441268906594,-28.1135644921475,8c293a52745057c4
123359,2023,7,Hospitalisation,True,1,1083_13802,True,153.424056921647,-28.012018489595498,8c293a52745057c4
123400,2022,11,Minor injury,False,0,1060_13834,True,153.304952953097,-27.869115476357,8c293a52745057c4
123799,2021,9,Hospitalisation,True,2,1067_13856,True,153.344908961656,-27.768686479624602,8c293a52745057c4
123805,2021,6,Medical treatment,False,0,1088_13779,True,153.451134905084,-28.1168304931799,8c293a52745057c4
123813,2021,6,Minor injury,False,0,1090_13783,True,153.461107906123,-28.10037649406899,8c293a52745057c4
123859,2020,1,Medical treatment,False,0,1069_13787,True,153.354623920193,-28.082195483076198,8c293a52745057c4
123995,2022,7,Hospitalisation,True,1,1081_13812,True,153.416187928419,-27.966329488434496,8c293a52745057c4
124047,2021,12,Hospitalisation,True,1,1070_13809,True,153.358308125736,-27.981954198664305,8c293a52745057c4
124049,2021,10,Minor injury,False,0,1062_13832,True,153.315038951067,-27.876352477437692,8c293a52745057c4
124070,2021,12,Medical treatment,False,0,1062_13832,True,153.315156115985,-27.87689021445391,8c293a52745057c4
124130,2022,9,Medical treatment,False,0,1064_13821,True,153.327836943283,-27.925995479127696,8c293a52745057c4
124143,2020,3,Hospitalisation,True,1,1090_13783,True,153.46026990625,-28.100106493981297,8c293a52745057c4
124146,2020,5,Medical treatment,False,0,1080_13810,True,153.411068927709,-27.976157487990005,8c293a52745057c4
124170,2021,4,Minor injury,False,0,1090_13783,True,153.46005590629,-28.0999794939585,8c293a52745057c4
124233,2021,4,Medical treatment,False,0,1055_13845,True,153.283160962087,-27.817574473740795,8c293a52745057c4
124234,2021,4,Hospitalisation,True,1,1080_13810,True,153.410947927725,-27.976133487977396,8c293a52745057c4
124251,2021,2,Minor injury,False,0,1083_13786,True,153.423591912093,-28.086166490129802,8c293a52745057c4
124311,2020,1,Hospitalisation,True,1,1084_13806,True,153.427363923588,-27.994221489792903,8c293a52745057c4
124384,2021,6,Minor injury,False,0,1061_13829,True,153.313460949436,-27.890376477387807,8c293a52745057c4
124603,2022,12,Hospitalisation,True,1,1070_13794,True,153.36006592374602,-28.050077483377805,8c293a52745057c4
124797,2022,6,Minor injury,False,0,1060_13839,True,153.306461408601,-27.848346034346697,8c293a52745057c4
124801,2022,7,Hospitalisation,True,1,1059_13840,True,153.304228956702,-27.841670476067595,8c293a52745057c4
124805,2022,8,Hospitalisation,True,1,1060_13838,True,153.307038955328,-27.849981476418197,8c293a52745057c4
124807,2022,9,Hospitalisation,True,1,1086_13780,True,153.440169906675,-28.113874492037812,8c293a52745057c4
124810,2022,9,Hospitalisation,True,1,1077_13813,True,153.39511993129,-27.9619514862536,8c293a52745057c4
124813,2022,9,Hospitalisation,True,3,1060_13839,True,153.305631169965,-27.8462164102457,8c293a52745057c4
124818,2022,12,Minor injury,False,0,1060_13839,True,153.305822955831,-27.847101476272094,8c293a52745057c4
124820,2023,2,Hospitalisation,True,1,1059_13840,True,153.304342269643,-27.842033681081993,8c293a52745057c4
124829,2023,4,Medical treatment,False,0,1060_13840,True,153.304711956384,-27.8437324761329,8c293a52745057c4
124832,2023,5,Hospitalisation,True,1,1060_13844,True,153.305306959092,-27.8221474760234,8c293a52745057c4
124836,2023,8,Medical treatment,False,0,1060_13838,True,153.306972955358,-27.849803476410102,8c293a52745057c4
124846,2024,12,Medical treatment,False,0,1060_13829,True,153.305051950414,-27.8899084765306,8c293a52745057c4
124935,2020,6,Medical treatment,False,0,1081_13780,True,153.416220909304,-28.1139394895961,8c293a52745057c4
124947,2020,12,Medical treatment,False,0,1077_13813,True,153.39511993129,-27.9619514862536,8c293a52745057c4
125010,2024,7,Hospitalisation,True,1,1044_13865,True,153.225395979392,-27.7314074672114,8c293a52745057c4
125017,2024,9,Medical treatment,False,0,1062_13824,True,153.319936945582,-27.9148354782376,8c293a52745057c4
125021,2024,10,Hospitalisation,True,2,1045_13807,True,153.229786945716,-27.990547469693592,8c293a52745057c4
125029,2024,10,Hospitalisation,True,1,1067_13813,True,153.34541793657604,-27.9631284812059,8c293a52745057c4
125037,2024,9,Minor injury,False,0,1067_13815,True,153.343751937891,-27.954339480967498,8c293a52745057c4
125043,2024,11,Medical treatment,False,0,1043_13866,True,153.22003298053,-27.727051466634492,8c293a52745057c4
125102,2024,6,Hospitalisation,True,1,1090_13781,True,153.46024990504,-28.109447494052496,8c293a52745057c4
125113,2022,6,Hospitalisation,True,2,1076_13810,True,153.391062929548,-27.9788684859733,8c293a52745057c4
125193,2024,3,Medical treatment,False,0,1044_13863,True,153.226415978533,-27.737264467360696,8c293a52745057c4
125199,2024,4,Medical treatment,False,0,1086_13780,True,153.441446906948,-28.110690492143195,8c293a52745057c4
125213,2024,4,Medical treatment,False,0,1081_13811,True,153.415739927421,-27.9744294884524,8c293a52745057c4
125216,2024,5,Medical treatment,False,0,1079_13817,True,153.406103932259,-27.945153487240503,8c293a52745057c4
125236,2024,4,Medical treatment,False,0,1080_13811,True,153.411425928137,-27.972544487997993,8c293a52745057c4
125284,2024,11,Hospitalisation,True,1,1087_13783,True,153.44308690848,-28.097491492206995,8c293a52745057c4
125290,2024,11,Medical treatment,False,0,1083_13783,True,153.426141910216,-28.098480490486395,8c293a52745057c4
125298,2024,11,Hospitalisation,True,1,1062_13826,True,153.317208947142,-27.905033477883592,8c293a52745057c4
125307,2022,6,Medical treatment,False,0,1080_13816,True,153.408722677542,-27.948484928533496,8c293a52745057c4
125315,2024,11,Medical treatment,False,0,1079_13790,True,153.403630916791,-28.06683948794389,8c293a52745057c4
125341,2024,12,Hospitalisation,True,1,1067_13816,True,153.34325993867103,-27.948706480873206,8c293a52745057c4
125368,2022,12,Medical treatment,False,0,1060_13837,True,153.307820434233,-27.857845085559397,8c293a52745057c4
125379,2022,12,Minor injury,False,0,1047_13859,True,153.240778496402,-27.757384920972807,8c293a52745057c4
125381,2022,12,Hospitalisation,True,1,1053_13854,True,153.273664967962,-27.779804472480706,8c293a52745057c4
125388,2022,12,Hospitalisation,True,1,1066_13807,True,153.339173767643,-27.991176535791507,8c293a52745057c4
125407,2023,6,Medical treatment,False,0,1060_13839,True,153.305690314937,-27.846386527252992,8c293a52745057c4
125417,2023,12,Hospitalisation,True,1,1059_13840,True,153.304621956428,-27.843469476121705,8c293a52745057c4
125424,2024,3,Medical treatment,False,0,1101_13768,True,153.515260891552,-28.1665495001226,8c293a52745057c4
125438,2024,4,Hospitalisation,True,1,1060_13838,True,153.30698795534,-27.8499324764126,8c293a52745057c4
125440,2024,6,Minor injury,False,0,1060_13838,True,153.306862955411,-27.849488476396395,8c293a52745057c4
125458,2021,9,Medical treatment,False,0,1060_13837,True,153.309307954369,-27.855522476692098,8c293a52745057c4
125460,2024,3,Hospitalisation,True,1,1046_13859,True,153.238458975036,-27.7544014687145,8c293a52745057c4
125538,2022,5,Medical treatment,False,0,1059_13842,True,153.301840958171,-27.832252475751208,8c293a52745057c4
125539,2022,5,Medical treatment,False,0,1058_13844,True,153.29502366002,-27.823632905991694,8c293a52745057c4
125545,2022,8,Minor injury,False,0,1081_13780,True,153.415986909343,-28.1138364895715,8c293a52745057c4
125557,2022,12,Minor injury,False,0,1082_13779,True,153.421811908441,-28.115843490180996,8c293a52745057c4
125558,2022,9,Medical treatment,False,0,1059_13840,True,153.304023956773,-27.841286476043802,8c293a52745057c4
125562,2023,2,Medical treatment,False,0,1060_13844,True,153.305306959092,-27.8221474760234,8c293a52745057c4
125565,2023,3,Minor injury,False,0,1086_13780,True,153.439131906841,-28.11347549192879,8c293a52745057c4
125572,2023,5,Medical treatment,False,0,1060_13838,True,153.307250122223,-27.850621810444704,8c293a52745057c4
125577,2023,6,Medical treatment,False,0,1044_13865,True,153.223553979907,-27.7289424670056,8c293a52745057c4
125578,2023,7,Hospitalisation,True,5,1060_13844,True,153.305306959092,-27.8221474760234,8c293a52745057c4
125610,2024,9,Medical treatment,False,0,1047_13858,True,153.241405974119,-27.759067469049597,8c293a52745057c4
125620,2024,10,Medical treatment,False,0,1049_13854,True,153.252651119369,-27.778832326343895,8c293a52745057c4
125622,2024,10,Medical treatment,False,0,1086_13788,True,153.440458327305,-28.077941758785492,8c293a52745057c4
125623,2024,11,Hospitalisation,True,1,1062_13832,True,153.31538595087,-27.87759047748269,8c293a52745057c4
125642,2024,7,Hospitalisation,True,1,1092_13778,True,153.469925902196,-28.123136495147993,8c293a52745057c4
125667,2023,3,Fatal,True,2,1046_13811,True,153.234161947459,-27.9732384700005,8c293a52745057c4
125738,2024,7,Hospitalisation,True,1,1084_13793,True,153.42850891544,-28.0561684903959,8c293a52745057c4
125761,2024,12,Hospitalisation,True,1,1055_13775,True,153.283922920895,-28.137074476326603,8c293a52745057c4
125805,2024,12,Medical treatment,False,0,1076_13827,True,153.388234939808,-27.901792485079692,8c293a52745057c4
125880,2024,12,Medical treatment,False,0,1080_13782,True,153.410987595345,-28.102632482974105,8c293a52745057c4
125881,2024,12,Minor injury,False,0,1075_13787,True,153.383365917187,-28.080996485991093,8c293a52745057c4
125882,2024,12,Hospitalisation,True,1,1059_13828,True,153.30023195004,-27.8969084760965,8c293a52745057c4
125884,2024,12,Medical treatment,False,0,1087_13785,True,153.44588890936,-28.088333492421103,8c293a52745057c4
125885,2024,12,Medical treatment,False,0,1105_13768,True,153.537522996855,-28.168405149415896,8c293a52745057c4
125938,2023,6,Hospitalisation,True,1,1092_13776,True,153.471720901046,-28.130463495388696,8c293a52745057c4
125951,2024,7,Hospitalisation,True,2,1075_13786,True,153.38615091621003,-28.0861774863153,8c293a52745057c4
125953,2024,7,Minor injury,False,0,1080_13794,True,153.40896191866,-28.0478834883383,8c293a52745057c4
125956,2024,5,Medical treatment,False,0,1060_13838,True,153.307324955209,-27.850665476452598,8c293a52745057c4
125959,2024,6,Medical treatment,False,0,1092_13775,True,153.472202900166,-28.136826495487803,8c293a52745057c4
125973,2024,7,Medical treatment,False,0,1077_13813,True,153.39511993129,-27.9619514862536,8c293a52745057c4
125977,2024,8,Medical treatment,False,0,1067_13816,True,153.34232793854,-27.950515480792703,8c293a52745057c4
125979,2024,6,Minor injury,False,0,1060_13838,True,153.307564955057,-27.851646476484703,8c293a52745057c4
125984,2024,7,Minor injury,False,0,1066_13817,True,153.339196939699,-27.9441744804247,8c293a52745057c4
125996,2024,10,Medical treatment,False,0,1080_13815,True,153.408985930614,-27.955446487615,8c293a52745057c4
126097,2021,12,Hospitalisation,True,5,1067_13815,True,153.344193937656,-27.955785481023792,8c293a52745057c4
126124,2024,10,Medical treatment,False,0,1082_13812,True,153.417945927933,-27.9686054886315,8c293a52745057c4
126125,2023,12,Hospitalisation,True,1,1084_13805,True,153.429385922748,-27.998999490036596,8c293a52745057c4
126129,2023,10,Hospitalisation,True,1,1056_13845,True,153.285603961678,-27.818698473997404,8c293a52745057c4
126130,2023,11,Minor injury,False,0,1062_13826,True,153.31831894684,-27.906433478007305,8c293a52745057c4
126132,2024,11,Medical treatment,False,0,1084_13801,True,153.427488920567,-28.017454489988104,8c293a52745057c4
126141,2024,12,Hospitalisation,True,1,1068_13822,True,153.347543941727,-27.921362481093805,8c293a52745057c4
126169,2023,8,Hospitalisation,True,1,1059_13842,True,153.302303957884,-27.834096475812704,8c293a52745057c4
126181,2024,3,Fatal,True,1,1088_13775,True,153.449264736059,-28.134009723123697,8c293a52745057c4
126291,2024,12,Minor injury,False,0,1067_13809,True,153.341762934549,-27.98194948098219,8c293a52745057c4
126293,2023,4,Hospitalisation,True,1,1051_13827,True,153.261456953816,-27.900469472192892,8c293a52745057c4
126321,2022,12,Fatal,True,4,1071_13779,True,153.362742914818,-28.116841484173502,8c293a52745057c4
126324,2024,8,Hospitalisation,True,1,1071_13832,True,153.361749945808,-27.877649482194602,8c293a52745057c4
126369,2021,12,Hospitalisation,True,1,1079_13814,True,153.405448930655,-27.958119487275603,8c293a52745057c4
126386,2024,2,Medical treatment,False,0,1077_13790,True,153.395152917563,-28.06807648709,8c293a52745057c4
126440,2023,6,Hospitalisation,True,1,1085_13796,True,153.433496917098,-28.0391494907711,8c293a52745057c4
126450,2023,6,Medical treatment,False,0,1061_13829,True,153.314275968947,-27.893490666494994,8c293a52745057c4
126456,2023,6,Medical treatment,False,0,1060_13838,True,153.307860954869,-27.8528624765243,8c293a52745057c4
126460,2023,8,Hospitalisation,True,1,1055_13831,True,153.280992954222,-27.880694474017492,8c293a52745057c4
126464,2024,11,Hospitalisation,True,2,1058_13828,True,153.296026950327,-27.898242475680295,8c293a52745057c4
126465,2024,11,Hospitalisation,True,1,1071_13789,True,153.36279792037902,-28.0738044838418,8c293a52745057c4
126466,2024,11,Medical treatment,False,0,1065_13820,True,153.33499194146404,-27.93404847991779,8c293a52745057c4
126477,2024,10,Minor injury,False,0,1077_13790,True,153.395072917612,-28.0677614870794,8c293a52745057c4
126479,2024,10,Medical treatment,False,0,1066_13817,True,153.33990093942901,-27.945674480508004,8c293a52745057c4
126483,2024,10,Hospitalisation,True,1,1048_13858,True,153.2441989737,-27.759970469339397,8c293a52745057c4
126486,2024,9,Minor injury,False,0,1060_13838,True,153.307079955322,-27.8499924764224,8c293a52745057c4
126487,2024,11,Medical treatment,False,0,1059_13840,True,153.30441195653,-27.8428534760955,8c293a52745057c4
126490,2024,11,Hospitalisation,True,1,1071_13832,True,153.361092945957,-27.8770504821231,8c293a52745057c4
126494,2024,11,Minor injury,False,0,1068_13801,True,153.347142929569,-28.015972481796098,8c293a52745057c4
126495,2024,11,Minor injury,False,0,1067_13817,True,153.34062093915,-27.947229480593396,8c293a52745057c4
126502,2024,8,Minor injury,False,0,1067_13817,True,153.340649939135,-27.947318480597104,8c293a52745057c4
126529,2022,3,Medical treatment,False,0,1086_13783,True,153.442622908215,-28.099926492178795,8c293a52745057c4
126543,2024,8,Medical treatment,False,0,1080_13797,True,153.408765920312,-28.035287488219492,8c293a52745057c4
126607,2023,7,Medical treatment,False,0,1077_13813,True,153.394998931323,-27.961799486240103,8c293a52745057c4
126610,2023,9,Minor injury,False,0,1060_13838,True,153.306982955346,-27.8498924764118,8c293a52745057c4
126617,2023,11,Hospitalisation,True,1,1058_13844,True,153.294493960126,-27.82325047493489,8c293a52745057c4
126625,2024,4,Minor injury,False,0,1060_13838,True,153.307262955217,-27.850659476446307,8c293a52745057c4
126628,2024,5,Hospitalisation,True,1,1059_13841,True,153.303080957368,-27.837458475917998,8c293a52745057c4
126642,2024,6,Medical treatment,False,0,1054_13773,True,153.275891920794,-28.144728475572304,8c293a52745057c4
126646,2024,6,Hospitalisation,True,1,1077_13784,True,153.393486914334,-28.09443448712699,8c293a52745057c4
126868,2024,11,Hospitalisation,True,4,1092_13778,True,153.472860902129,-28.121164495432296,8c293a52745057c4
126896,2024,8,Medical treatment,False,0,1055_13846,True,153.279957962603,-27.816271473405795,8c293a52745057c4
126920,2024,5,Medical treatment,False,0,1079_13783,True,153.40389691268,-28.098359488218104,8c293a52745057c4
126926,2023,5,Minor injury,False,0,1066_13804,True,153.340268931916,-28.003631481000596,8c293a52745057c4
126944,2024,10,Medical treatment,False,0,1080_13809,True,153.410609927264,-27.979985487973295,8c293a52745057c4
126989,2024,7,Medical treatment,False,0,1094_13771,True,153.480365897417,-28.1510514964333,8c293a52745057c4
126990,2024,8,Hospitalisation,True,1,1053_13772,True,153.270955920601,-28.150451475116707,8c293a52745057c4
126997,2024,6,Minor injury,False,0,1054_13813,True,153.274688944241,-27.9637314740309,8c293a52745057c4
126998,2024,7,Hospitalisation,True,1,1058_13837,True,153.298693955758,-27.853714475600707,8c293a52745057c4
127003,2024,6,Minor injury,False,0,1060_13839,True,153.305414956038,-27.8458354762207,8c293a52745057c4
127012,2024,9,Medical treatment,False,0,1067_13816,True,153.342400938516,-27.950636480801094,8c293a52745057c4
127016,2024,6,Minor injury,False,0,1066_13817,True,153.340126939336,-27.9462034805352,8c293a52745057c4
127020,2024,10,Hospitalisation,True,1,1081_13807,True,153.412696925627,-27.990877488271494,8c293a52745057c4
127021,2024,10,Medical treatment,False,0,1059_13841,True,153.303301957279,-27.8379584759443,8c293a52745057c4
127041,2024,2,Medical treatment,False,0,1081_13813,True,153.414903928787,-27.96457048828981,8c293a52745057c4
127055,2024,1,Minor injury,False,0,1105_13768,True,153.536666888972,-28.168233502326895,8c293a52745057c4
127059,2024,1,Medical treatment,False,0,1071_13789,True,153.364654920363,-28.0723514840193,8c293a52745057c4
127077,2024,1,Medical treatment,False,0,1067_13815,True,153.343417938109,-27.952934480922504,8c293a52745057c4
127080,2024,1,Minor injury,False,0,1083_13794,True,153.42724791661303,-28.048184490204694,8c293a52745057c4
127129,2024,11,Medical treatment,False,0,1075_13787,True,153.383365917187,-28.080996485991093,8c293a52745057c4
127145,2020,10,Hospitalisation,True,1,1091_13780,True,153.467847903772,-28.1127704948545,8c293a52745057c4
127148,2020,10,Hospitalisation,True,1,1046_13860,True,153.23667897536902,-27.753303468525694,8c293a52745057c4
127215,2024,11,Minor injury,False,0,1078_13807,True,153.399901927166,-27.989813486959495,8c293a52745057c4
127281,2024,7,Fatal,True,1,1084_13804,True,153.431294921852,-28.004305490272994,8c293a52745057c4
127283,2023,6,Minor injury,False,0,1072_13803,True,153.369702927733,-28.011035484051707,8c293a52745057c4
127285,2024,7,Hospitalisation,True,1,1065_13823,True,153.332615943495,-27.920292479568296,8c293a52745057c4
127326,2024,7,Hospitalisation,True,1,1077_13808,True,153.393985928034,-27.988111486343588,8c293a52745057c4
127345,2024,12,Hospitalisation,True,1,1060_13839,True,153.306615955524,-27.848813476366093,8c293a52745057c4
127351,2024,12,Minor injury,False,0,1059_13842,True,153.302019958086,-27.8327674757734,8c293a52745057c4
127360,2024,10,Minor injury,False,0,1060_13839,True,153.305737955882,-27.846771476260898,8c293a52745057c4
127376,2020,12,Hospitalisation,True,1,1071_13821,True,153.361100598542,-27.926824339515196,8c293a52745057c4
127386,2020,12,Medical treatment,False,0,1050_13852,True,153.255605969096,-27.786266470701698,8c293a52745057c4
127398,2020,12,Medical treatment,False,0,1083_13774,True,153.427275064558,-28.14113505993629,8c293a52745057c4
127423,2021,7,Minor injury,False,0,1085_13790,True,153.435247913335,-28.06670249116579,8c293a52745057c4
127425,2021,7,Minor injury,False,0,1092_13776,True,153.473264900618,-28.132446495561997,8c293a52745057c4
127428,2021,1,Medical treatment,False,0,1084_13805,True,153.430945922371,-28.000593490208196,8c293a52745057c4
127431,2021,2,Hospitalisation,True,3,1094_13773,True,153.479480898174,-28.145979496303095,8c293a52745057c4
127435,2021,2,Minor injury,False,0,1069_13817,True,153.353901937914,-27.945552481930296,8c293a52745057c4
127436,2021,2,Medical treatment,False,0,1077_13803,True,153.392625055356,-28.009980200376702,8c293a52745057c4
127496,2020,8,Hospitalisation,True,2,1059_13838,True,153.303268498339,-27.85309214406,8c293a52745057c4
127513,2020,9,Hospitalisation,True,1,1066_13804,True,153.340382426893,-28.003714025012805,8c293a52745057c4
127578,2024,12,Hospitalisation,True,1,1104_13767,True,153.530065889163,-28.1723525016833,8c293a52745057c4
127619,2024,7,Hospitalisation,True,2,1074_13789,True,153.377204919033,-28.071964485293204,8c293a52745057c4
127652,2021,1,Hospitalisation,True,1,1061_13830,True,153.31415595002,-27.885244477418006,8c293a52745057c4
127654,2021,1,Medical treatment,False,0,1076_13817,True,153.387265934171,-27.946288485330804,8c293a52745057c4
127657,2020,12,Minor injury,False,0,1064_13838,True,153.327896953158,-27.849190478529785,8c293a52745057c4
127668,2021,6,Medical treatment,False,0,1075_13814,True,153.38154896520604,-27.958604776845608,8c293a52745057c4
127670,2021,6,Minor injury,False,0,1061_13833,True,153.314165951328,-27.875067477338998,8c293a52745057c4
127673,2020,12,Medical treatment,False,0,1074_13810,True,153.380941930913,-27.976881484927283,8c293a52745057c4
127685,2021,1,Hospitalisation,True,1,1076_13821,True,153.388574936238,-27.929171485329505,8c293a52745057c4
127686,2021,7,Hospitalisation,True,1,1092_13778,True,153.470664902437,-28.120657495204,8c293a52745057c4
127697,2021,2,Hospitalisation,True,1,1060_13836,True,153.309251436925,-27.8590287617139,8c293a52745057c4
127752,2020,1,Hospitalisation,True,1,1077_13792,True,153.394764919095,-28.056566486960204,8c293a52745057c4
127849,2024,11,Medical treatment,False,0,1076_13785,True,153.389292915406,-28.089718486662996,8c293a52745057c4
127869,2021,1,Medical treatment,False,0,1063_13821,True,153.320577944007,-27.926530478394604,8c293a52745057c4
127870,2021,7,Hospitalisation,True,1,1053_13828,True,153.272937952864,-27.898120473337904,8c293a52745057c4
127893,2021,7,Medical treatment,False,0,1093_13776,True,153.473911973509,-28.132742938630397,8c293a52745057c4
127909,2020,1,Medical treatment,False,0,1059_13842,True,153.304261957857,-27.8326454759999,8c293a52745057c4
127919,2020,2,Medical treatment,False,0,1059_13838,True,153.303266955349,-27.853017476059296,8c293a52745057c4
127927,2020,7,Medical treatment,False,0,1059_13822,True,153.304772945902,-27.9252284767799,8c293a52745057c4
127929,2020,2,Medical treatment,False,0,1058_13797,True,153.29744621938204,-28.0364604709097,8c293a52745057c4
128129,2023,3,Medical treatment,False,0,1071_13800,True,153.361929145294,-28.021031261339395,8c293a52745057c4
128258,2023,3,Hospitalisation,True,1,1077_13790,True,153.395072917612,-28.0677614870794,8c293a52745057c4
128277,2023,7,Minor injury,False,0,1061_13830,True,153.310890949999,-27.888179477109603,8c293a52745057c4
128877,2023,7,Minor injury,False,0,1058_13838,True,153.299419955854,-27.852348475663607,8c293a52745057c4
129182,2022,1,Minor injury,False,0,1079_13815,True,153.403485828055,-27.9566845390643,8c293a52745057c4
129192,2020,6,Minor injury,False,0,1082_13784,True,153.420528911424,-28.093930489878396,8c293a52745057c4
129199,2022,1,Medical treatment,False,0,1084_13807,True,153.428347923955,-27.990554489864397,8c293a52745057c4
129323,2020,4,Hospitalisation,True,2,1100_13770,True,153.509644893144,-28.159080499489598,8c293a52745057c4
129339,2020,3,Medical treatment,False,0,1062_13830,True,153.316630949671,-27.8858564776741,8c293a52745057c4
129404,2022,8,Hospitalisation,True,1,1051_13851,True,153.25970896807104,-27.790789471152998,8c293a52745057c4
129782,2022,10,Medical treatment,False,0,1058_13843,True,153.297774959179,-27.82784947530399,8c293a52745057c4
129892,2020,2,Hospitalisation,True,5,1094_13775,True,153.48342242042,-28.133055844604595,8c293a52745057c4
131363,2022,10,Medical treatment,False,0,1073_13813,True,153.371848933526,-27.96434948390349,8c293a52745057c4
131389,2022,4,Hospitalisation,True,4,1083_13783,True,153.423306959196,-28.1010427482174,8c293a52745057c4
131493,2023,3,Hospitalisation,True,1,1065_13804,True,153.332290671669,-28.004576292197296,8c293a52745057c4
131530,2023,9,Hospitalisation,True,3,1055_13845,True,153.283279962068,-27.817623473753297,8c293a52745057c4
131533,2020,11,Hospitalisation,True,1,1076_13810,True,153.391206929896,-27.976051485965908,8c293a52745057c4
131551,2023,9,Minor injury,False,0,1066_13807,True,153.34039793328,-27.992944480929797,8c293a52745057c4
131620,2023,4,Medical treatment,False,0,1064_13784,True,153.330797663164,-28.094975321754692,8c293a52745057c4
131656,2023,3,Hospitalisation,True,1,1082_13811,True,153.419852927257,-27.972220488854294,8c293a52745057c4
131663,2023,3,Minor injury,False,0,1093_13774,True,153.47513889929,-28.1410794958211,8c293a52745057c4
131724,2023,4,Hospitalisation,True,1,1086_13792,True,153.438110914199,-28.057612491386593,8c293a52745057c4
131802,2020,12,Medical treatment,False,0,1061_13830,True,153.313980950018,-27.8854074774015,8c293a52745057c4
131823,2023,7,Hospitalisation,True,1,1084_13803,True,153.429298921201,-28.0110274901222,8c293a52745057c4
131839,2023,7,Medical treatment,False,0,1060_13838,True,153.307889954852,-27.852970476528093,8c293a52745057c4
131858,2020,9,Minor injury,False,0,1081_13812,True,153.412180928791,-27.966844488030098,8c293a52745057c4
131865,2021,4,Hospitalisation,True,1,1089_13783,True,153.455309907175,-28.0971864934521,8c293a52745057c4
131873,2021,4,Hospitalisation,True,1,1054_13846,True,153.277046200277,-27.813488149088695,8c293a52745057c4
131888,2023,11,Hospitalisation,True,2,1075_13808,True,153.382857929492,-27.986256485195995,8c293a52745057c4
131900,2023,11,Hospitalisation,True,1,1077_13824,True,153.39252302759,-27.9153565196229,8c293a52745057c4
131918,2020,3,Medical treatment,False,0,1071_13832,True,153.361749945808,-27.877649482194602,8c293a52745057c4
131939,2020,1,Hospitalisation,True,3,1071_13832,True,153.361163945906,-27.877381482132897,8c293a52745057c4
131994,2022,4,Hospitalisation,True,5,1051_13853,True,153.261155968653,-27.785015471254095,8c293a52745057c4
132009,2022,4,Hospitalisation,True,1,1074_13805,True,153.378177928291,-27.9995234848238,8c293a52745057c4
132036,2023,12,Medical treatment,False,0,1087_13785,True,153.44471285122,-28.0904137653174,8c293a52745057c4
132066,2024,1,Medical treatment,False,0,1061_13790,True,153.313781926776,-28.06601047879951,8c293a52745057c4
132068,2024,1,Medical treatment,False,0,1084_13799,True,153.431143918693,-28.028830490450094,8c293a52745057c4
132086,2024,1,Medical treatment,False,0,1057_13846,True,153.289929961482,-27.816553474419198,8c293a52745057c4
132089,2024,1,Hospitalisation,True,1,1070_13811,True,153.360614933457,-27.974413482839694,8c293a52745057c4
132132,2022,11,Hospitalisation,True,1,1050_13853,True,153.254036969742,-27.7825534705136,8c293a52745057c4
132212,2024,7,Hospitalisation,True,1,1054_13846,True,153.274668963555,-27.8133304728464,8c293a52745057c4
132226,2020,3,Hospitalisation,True,1,1080_13813,True,153.408203929802,-27.962389487589903,8c293a52745057c4
132228,2021,9,Hospitalisation,True,1,1055_13854,True,153.283107871212,-27.777658371421094,8c293a52745057c4
132239,2021,9,Medical treatment,False,0,1061_13805,True,153.312895673293,-28.000714969197197,8c293a52745057c4
132256,2023,3,Hospitalisation,True,1,1082_13794,True,153.41987891698,-28.051596489480104,8c293a52745057c4
132273,2021,2,Minor injury,False,0,1069_13817,True,153.353901937914,-27.945552481930296,8c293a52745057c4
132308,2020,7,Medical treatment,False,0,1061_13835,True,153.312875538659,-27.8658017281351,8c293a52745057c4
132313,2020,10,Hospitalisation,True,1,1051_13756,True,153.263500391259,-28.221458375916807,8c293a52745057c4
132466,2023,10,Medical treatment,False,0,1085_13780,True,153.435994907144,-28.1138024916114,8c293a52745057c4
132478,2023,11,Medical treatment,False,0,1080_13811,True,153.410644928086,-27.97359648792659,8c293a52745057c4
132543,2020,1,Medical treatment,False,0,1064_13821,True,153.327675943302,-27.925983479111192,8c293a52745057c4
132546,2020,1,Medical treatment,False,0,1061_13835,True,153.313044952573,-27.8663264771564,8c293a52745057c4
132550,2020,1,Medical treatment,False,0,1086_13780,True,153.441346906957,-28.110702492133097,8c293a52745057c4
132653,2020,2,Medical treatment,False,0,1079_13821,True,153.404247935,-27.925498486896903,8c293a52745057c4
132654,2020,2,Medical treatment,False,0,1081_13795,True,153.4158559182,-28.045588489022894,8c293a52745057c4
132661,2022,1,Hospitalisation,True,1,1073_13832,True,153.375116944361,-27.877570483553896,8c293a52745057c4
132866,2023,1,Minor injury,False,0,1083_13799,True,153.427160565167,-28.028545460041595,8c293a52745057c4
133105,2023,6,Hospitalisation,True,1,1083_13804,True,153.426253922636,-28.0025204897449,8c293a52745057c4
133109,2023,6,Hospitalisation,True,1,1082_13799,True,153.417796920603,-28.025386489062203,8c293a52745057c4
133254,2023,7,Minor injury,False,0,1076_13829,True,153.388534941124,-27.891334485028,8c293a52745057c4
133260,2023,7,Hospitalisation,True,1,1092_13775,True,153.471337900776,-28.1328634953684,8c293a52745057c4
133267,2023,7,Minor injury,False,0,1051_13850,True,153.260761967283,-27.796043471301,8c293a52745057c4
133275,2023,7,Minor injury,False,0,1055_13845,True,153.283107962099,-27.817528473735106,8c293a52745057c4
133283,2022,4,Medical treatment,False,0,1058_13837,True,153.298530955725,-27.854108475587296,8c293a52745057c4
133322,2022,4,Minor injury,False,0,1067_13806,True,153.345326932559,-27.9943484814418,8c293a52745057c4
133337,2023,2,Medical treatment,False,0,1062_13837,True,153.31883495355,-27.85381847764589,8c293a52745057c4
133488,2023,4,Minor injury,False,0,1066_13816,True,153.340536938581,-27.951715480620102,8c293a52745057c4
133522,2022,12,Hospitalisation,True,1,1072_13809,True,153.370283931258,-27.9832444838927,8c293a52745057c4
133528,2020,2,Hospitalisation,True,1,1102_13768,True,153.521745890744,-28.167262500791804,8c293a52745057c4
133539,2023,3,Hospitalisation,True,1,1056_13846,True,153.287719961714,-27.816616474195595,8c293a52745057c4
133548,2023,3,Medical treatment,False,0,1080_13813,True,153.41056992945,-27.963111487836603,8c293a52745057c4
133563,2022,5,Medical treatment,False,0,1067_13810,True,153.345448911,-27.97531932230479,8c293a52745057c4
133619,2020,8,Minor injury,False,0,1062_13831,True,153.31566395024203,-27.882240477547505,8c293a52745057c4
133668,2021,1,Minor injury,False,0,1079_13800,True,153.405794230307,-28.0223908348155,8c293a52745057c4
133888,2023,2,Hospitalisation,True,1,1092_13778,True,153.472176902086,-28.122073495369502,8c293a52745057c4
134058,2020,3,Medical treatment,False,0,1078_13783,True,153.400669912766,-28.100432487905596,8c293a52745057c4
134134,2021,3,Hospitalisation,True,2,1087_13788,True,153.44548891095204,-28.076404492286805,8c293a52745057c4
134149,2023,3,Hospitalisation,True,1,1083_13797,True,153.426684643389,-28.034955666043395,8c293a52745057c4
134256,2022,2,Hospitalisation,True,1,1083_13782,True,153.42545890991002,-28.101420490439804,8c293a52745057c4
134269,2020,3,Medical treatment,False,0,1084_13802,True,153.429407921169,-28.0111814901345,8c293a52745057c4
134315,2020,6,Medical treatment,False,0,1055_13846,True,153.28278896228,-27.8163854736937,8c293a52745057c4
134362,2020,5,Medical treatment,False,0,1065_13822,True,153.33353494278,-27.9250634796992,8c293a52745057c4
134373,2020,7,Medical treatment,False,0,1045_13864,True,153.2293196825,-27.735056949637098,8c293a52745057c4
134487,2023,7,Minor injury,False,0,1067_13803,True,153.342753497083,-28.0079774832872,8c293a52745057c4
134609,2023,2,Hospitalisation,True,1,1080_13802,True,153.41077492321,-28.011190488235105,8c293a52745057c4
134818,2022,3,Hospitalisation,True,1,1079_13815,True,153.402188931217,-27.956527486931,8c293a52745057c4
134851,2021,10,Fatal,True,1,1080_13786,True,153.410685913667,-28.0849694888049,8c293a52745057c4
134958,2021,8,Hospitalisation,True,1,1081_13783,True,153.415123692131,-28.100775319381096,8c293a52745057c4
135256,2021,5,Medical treatment,False,0,1074_13810,True,153.381264930914,-27.976601484957996,8c293a52745057c4
135416,2022,5,Hospitalisation,True,1,1047_13859,True,153.242565555049,-27.7586307981635,8c293a52745057c4
135431,2021,4,Medical treatment,False,0,1073_13805,True,153.37574815965,-27.998806481570895,8c293a52745057c4
135441,2023,4,Hospitalisation,True,1,1045_13864,True,153.231132978411,-27.734213467814005,8c293a52745057c4
135442,2023,4,Hospitalisation,True,1,1072_13809,True,153.370187931276,-27.983187483882503,8c293a52745057c4
135543,2023,11,Minor injury,False,0,1062_13779,True,153.317790919864,-28.116132479599404,8c293a52745057c4
135546,2023,11,Hospitalisation,True,1,1087_13788,True,153.444252911188,-28.0756304921546,8c293a52745057c4
135560,2023,11,Hospitalisation,True,1,1050_13853,True,153.253838969806,-27.7822154704908,8c293a52745057c4
135566,2020,5,Medical treatment,False,0,1066_13807,True,153.340622466769,-27.9889682439214,8c293a52745057c4
135591,2020,8,Hospitalisation,True,1,1085_13794,True,153.43482991568,-28.048965490984102,8c293a52745057c4
135616,2020,7,Minor injury,False,0,1091_13781,True,153.464423905008,-28.106156494452893,8c293a52745057c4
135620,2020,7,Hospitalisation,True,1,1081_13812,True,153.412532928342,-27.970020488090995,8c293a52745057c4
135636,2020,9,Medical treatment,False,0,1077_13792,True,153.394764919095,-28.056566486960204,8c293a52745057c4
135758,2023,9,Hospitalisation,True,2,1060_13843,True,153.307821509937,-27.8290051153326,8c293a52745057c4
135945,2023,10,Hospitalisation,True,1,1061_13832,True,153.314188951169,-27.8762804773509,8c293a52745057c4
136012,2022,10,Hospitalisation,True,1,1083_13779,True,153.424288566148,-28.115999944434698,8c293a52745057c4
136203,2021,12,Hospitalisation,True,1,1063_13794,True,153.321887402848,-28.050797746503203,8c293a52745057c4
136255,2020,7,Medical treatment,False,0,1071_13789,True,153.363287920267,-28.074257483895103,8c293a52745057c4
163058,2021,2,Minor injury,False,0,1084_13797,True,153.43225291746302,-28.037385490630296,8c293a52745057c4
163059,2021,2,Hospitalisation,True,2,1051_13849,True,153.262765966314,-27.801909471550204,8c293a52745057c4
163062,2021,2,Hospitalisation,True,2,1084_13797,True,153.432214917475,-28.037325490625996,8c293a52745057c4
163079,2020,6,Medical treatment,False,0,1065_13805,True,153.334984932793,-28.0013254804455,8c293a52745057c4
163084,2020,5,Hospitalisation,True,2,1084_13770,True,153.428752850146,-28.158462029222697,8c293a52745057c4
163085,2020,5,Medical treatment,False,0,1081_13797,True,153.415021919479,-28.036415488865902,8c293a52745057c4
163088,2020,5,Minor injury,False,0,1079_13821,True,153.405915936686,-27.92652446407491,8c293a52745057c4
163089,2024,2,Medical treatment,False,0,1091_13778,True,153.466337902711,-28.1222114947743,8c293a52745057c4
163094,2021,4,Minor injury,False,0,1080_13802,True,153.411861923078,-28.011285488346594,8c293a52745057c4
163109,2020,7,Medical treatment,False,0,1076_13798,True,153.387056923071,-28.0323714859855,8c293a52745057c4
163112,2020,7,Medical treatment,False,0,1083_13809,True,153.422000926071,-27.979572489131,8c293a52745057c4
163117,2020,7,Medical treatment,False,0,1077_13808,True,153.396367927753,-27.9882614865873,8c293a52745057c4
163165,2020,3,Medical treatment,False,0,1047_13860,True,153.242473974795,-27.7528804691089,8c293a52745057c4
163209,2020,4,Minor injury,False,0,1069_13840,True,153.351110951549,-27.84205248083269,8c293a52745057c4
163228,2020,4,Medical treatment,False,0,1080_13819,True,153.407611932945,-27.93856948734239,8c293a52745057c4
163231,2020,4,Hospitalisation,True,1,1075_13786,True,153.384208916469,-28.085825486114796,8c293a52745057c4
163232,2020,12,Hospitalisation,True,1,1096_13774,True,153.489436221652,-28.141558233285792,8c293a52745057c4
163256,2020,12,Medical treatment,False,0,1051_13849,True,153.263365966094,-27.803115471620497,8c293a52745057c4
163292,2020,6,Hospitalisation,True,1,1049_13860,True,153.250661341197,-27.750611860920102,8c293a52745057c4
163325,2021,11,Minor injury,False,0,1061_13836,True,153.311462953545,-27.860108476946895,8c293a52745057c4
163343,2021,11,Medical treatment,False,0,1079_13786,True,153.402702914673,-28.083983487983794,8c293a52745057c4
163370,2021,3,Hospitalisation,True,4,1066_13804,True,153.340057931949,-28.003550480978493,8c293a52745057c4
163378,2021,3,Hospitalisation,True,1,1067_13809,True,153.343858934096,-27.9836814812088,8c293a52745057c4
163381,2021,3,Minor injury,False,0,1083_13782,True,153.426672347759,-28.101555419564605,8c293a52745057c4
163394,2022,3,Medical treatment,False,0,1086_13780,True,153.441346906957,-28.110702492133097,8c293a52745057c4
163397,2022,3,Medical treatment,False,0,1091_13782,True,153.463498905319,-28.104546494345904,8c293a52745057c4
163401,2021,3,Hospitalisation,True,1,1060_13804,True,153.30792219610402,-28.00641905073709,8c293a52745057c4
163431,2021,10,Medical treatment,False,0,1084_13805,True,153.430648922754,-27.99788949015669,8c293a52745057c4
163435,2021,10,Medical treatment,False,0,1085_13787,True,153.433462911747,-28.0804604910917,8c293a52745057c4
163436,2021,10,Medical treatment,False,0,1060_13829,True,153.309467949947,-27.8897894769778,8c293a52745057c4
163440,2021,10,Medical treatment,False,0,1071_13832,True,153.362132644707,-27.878105694237096,8c293a52745057c4
163441,2021,10,Minor injury,False,0,1049_13856,True,153.251393971387,-27.7719454701623,8c293a52745057c4
163457,2020,12,Hospitalisation,True,2,1077_13829,True,153.394691940144,-27.8937294856738,8c293a52745057c4
163484,2023,8,Minor injury,False,0,1095_13775,True,153.486708898673,-28.136017496963696,8c293a52745057c4
163486,2021,4,Hospitalisation,True,1,1070_13822,True,153.356957602347,-27.924090261072397,8c293a52745057c4
163520,2020,3,Medical treatment,False,0,1084_13787,True,153.432348911564,-28.082823490996592,8c293a52745057c4
163521,2020,3,Hospitalisation,True,1,1082_13798,True,153.419485919361,-28.033543489298395,8c293a52745057c4
163533,2020,2,Minor injury,False,0,1087_13783,True,153.446810908114,-28.0971544925844,8c293a52745057c4
163539,2020,5,Medical treatment,False,0,1075_13787,True,153.383365917187,-28.080996485991093,8c293a52745057c4
163545,2020,12,Hospitalisation,True,1,1080_13817,True,153.40838993196,-27.945531487476412,8c293a52745057c4
163547,2020,12,Medical treatment,False,0,1057_13827,True,153.290721950398,-27.902201475173296,8c293a52745057c4
163576,2020,8,Medical treatment,False,0,1048_13858,True,153.245762531576,-27.759617837495,8c293a52745057c4
163584,2020,9,Hospitalisation,True,1,1080_13794,True,153.40896191866,-28.0478834883383,8c293a52745057c4
163585,2020,9,Minor injury,False,0,1087_13788,True,153.44529291122,-28.074504492251894,8c293a52745057c4
163593,2020,1,Minor injury,False,0,1067_13804,True,153.343274931188,-28.0067194813303,8c293a52745057c4
163599,2020,9,Medical treatment,False,0,1080_13816,True,153.40818693123302,-27.9513324875013,8c293a52745057c4
163600,2020,9,Minor injury,False,0,1081_13805,True,153.413326924522,-27.99888448839859,8c293a52745057c4
163603,2020,9,Medical treatment,False,0,1075_13798,True,153.385294554246,-28.0325145768072,8c293a52745057c4
163608,2020,11,Hospitalisation,True,1,1103_13768,True,153.524982682443,-28.1668302181197,8c293a52745057c4
163635,2024,10,Hospitalisation,True,2,1091_13781,True,153.463321199068,-28.106628424344002,8c293a52745057c4
163639,2024,10,Hospitalisation,True,1,1070_13753,True,153.358517900067,-28.234321484663592,8c293a52745057c4
163642,2024,10,Medical treatment,False,0,1050_13861,True,153.2582589736,-27.748831470675604,8c293a52745057c4
163654,2022,6,Fatal,True,1,1066_13807,True,153.340464933426,-27.991756480927297,8c293a52745057c4
163659,2021,12,Minor injury,False,0,1062_13834,True,153.31503944411,-27.86824146837399,8c293a52745057c4
163664,2024,9,Medical treatment,False,0,1071_13789,True,153.36325792074,-28.0706204838636,8c293a52745057c4
163669,2024,4,Medical treatment,False,0,1061_13836,True,153.313857998522,-27.858258477175504,8c293a52745057c4
163677,2021,2,Hospitalisation,True,1,1044_13832,True,153.226922960524,-27.877561468516188,8c293a52745057c4
163683,2024,5,Minor injury,False,0,1076_13819,True,153.390211935366,-27.934538485538404,8c293a52745057c4
163684,2021,3,Hospitalisation,True,1,1066_13838,True,153.335717952048,-27.851205479340194,8c293a52745057c4
163694,2021,3,Medical treatment,False,0,1086_13790,True,153.440394912691,-28.067308491695705,8c293a52745057c4
163700,2021,11,Hospitalisation,True,1,1061_13833,True,153.314525210441,-27.873883278366094,8c293a52745057c4
163701,2022,2,Hospitalisation,True,1,1080_13813,True,153.408546929486,-27.9645444876417,8c293a52745057c4
163708,2021,11,Medical treatment,False,0,1078_13818,True,153.40003020639,-27.9415373735933,8c293a52745057c4
163709,2021,11,Hospitalisation,True,1,1071_13809,True,153.364523931815,-27.9838184833112,8c293a52745057c4
163716,2021,11,Hospitalisation,True,1,1084_13795,True,153.432047255357,-28.046098699677703,8c293a52745057c4
163718,2021,11,Medical treatment,False,0,1051_13827,True,153.263683180645,-27.899904733414,8c293a52745057c4
163773,2023,6,Minor injury,False,0,1066_13838,True,153.338728951977,-27.849205479630392,8c293a52745057c4
163775,2021,10,Minor injury,False,0,1070_13821,True,153.359525761824,-27.925972137348406,8c293a52745057c4
163776,2021,10,Medical treatment,False,0,1078_13783,True,153.401725912538,-28.101298488019996,8c293a52745057c4
163783,2023,7,Hospitalisation,True,1,1079_13795,True,153.406891586975,-28.047206551122095,8c293a52745057c4
163787,2020,3,Minor injury,False,0,1062_13842,True,153.315236956861,-27.8311034771018,8c293a52745057c4
163792,2023,8,Medical treatment,False,0,1080_13796,True,153.407776919712,-28.040763488161705,8c293a52745057c4
163798,2020,12,Hospitalisation,True,3,1049_13798,True,153.253143937683,-28.033090472392097,8c293a52745057c4
163814,2020,12,Medical treatment,False,0,1049_13857,True,153.248898972504,-27.765336469857605,8c293a52745057c4
163843,2021,3,Hospitalisation,True,1,1064_13862,True,153.325418967196,-27.741989477434004,8c293a52745057c4
163847,2021,3,Medical treatment,False,0,1082_13786,True,153.420458912472,-28.085903489808302,8c293a52745057c4
163849,2021,3,Hospitalisation,True,1,1067_13787,True,153.341747019574,-28.082474654769296,8c293a52745057c4
163855,2021,8,Medical treatment,False,0,1058_13838,True,153.299582956175,-27.849710475659396,8c293a52745057c4
163897,2023,5,Hospitalisation,True,2,1077_13791,True,153.394592918561,-28.06083848697619,8c293a52745057c4
163904,2020,6,Medical treatment,False,0,1076_13798,True,153.386889923071,-28.032516485969605,8c293a52745057c4
163905,2020,9,Medical treatment,False,0,1087_13789,True,153.444353013448,-28.073540887148404,8c293a52745057c4
163910,2020,11,Medical treatment,False,0,1085_13800,True,153.434045919082,-28.02336949070319,8c293a52745057c4
163923,2020,11,Medical treatment,False,0,1054_13846,True,153.276790768182,-27.814444614070297,8c293a52745057c4
163942,2024,10,Hospitalisation,True,1,1060_13837,True,153.30839531757104,-27.8547283415932,8c293a52745057c4
163946,2024,10,Medical treatment,False,0,1091_13776,True,153.467283901415,-28.131385494942798,8c293a52745057c4
163956,2024,9,Hospitalisation,True,1,1059_13842,True,153.301765957879,-27.834595475762004,8c293a52745057c4
163965,2021,3,Hospitalisation,True,1,1051_13849,True,153.261632966613,-27.800535471424602,8c293a52745057c4
163968,2021,3,Medical treatment,False,0,1088_13785,True,153.451577772702,-28.088585724003703,8c293a52745057c4
163972,2021,3,Minor injury,False,0,1074_13789,True,153.379178792615,-28.073518595506293,8c293a52745057c4
163976,2022,3,Hospitalisation,True,1,1082_13810,True,153.419076925836,-27.976129581805907,8c293a52745057c4
163990,2021,2,Medical treatment,False,0,1069_13798,True,153.351415104351,-28.029527405336804,8c293a52745057c4
164000,2024,4,Minor injury,False,0,1062_13852,True,153.315516962489,-27.787038476783398,8c293a52745057c4
164017,2021,11,Hospitalisation,True,1,1065_13815,True,153.33274216403,-27.9548515728527,8c293a52745057c4
164050,2022,12,Medical treatment,False,0,1102_13768,True,153.520472657823,-28.1677326706652,8c293a52745057c4
164064,2020,12,Medical treatment,False,0,1064_13822,True,153.326489625748,-27.923529020971394,8c293a52745057c4
164072,2022,7,Minor injury,False,0,1077_13811,True,153.393362930262,-27.9713954861488,8c293a52745057c4
164075,2022,9,Medical treatment,False,0,1060_13817,True,153.305215942934,-27.9479204770031,8c293a52745057c4
164078,2021,12,Medical treatment,False,0,1080_13815,True,153.406669931173,-27.953082487360394,8c293a52745057c4
164085,2021,12,Hospitalisation,True,1,1074_13818,True,153.379190935443,-27.943278484485095,8c293a52745057c4
164086,2021,12,Minor injury,False,0,1084_13802,True,153.430824920757,-28.013159490294495,8c293a52745057c4
164114,2020,12,Minor injury,False,0,1087_13788,True,153.445515910904,-28.076750492292202,8c293a52745057c4
164134,2021,6,Medical treatment,False,0,1056_13823,True,153.288576624365,-27.919840139094298,8c293a52745057c4
164135,2021,6,Minor injury,False,0,1061_13827,True,153.314787985716,-27.902623925618805,8c293a52745057c4
164158,2021,4,Hospitalisation,True,1,1076_13825,True,153.387807938793,-27.91002148510089,8c293a52745057c4
164159,2021,4,Medical treatment,False,0,1091_13776,True,153.467845760597,-28.1295086689854,8c293a52745057c4
164167,2021,1,Hospitalisation,True,1,1060_13822,True,153.305003580912,-27.924955263801102,8c293a52745057c4
164174,2021,8,Medical treatment,False,0,1083_13811,True,153.426015407292,-27.974464153500193,8c293a52745057c4
164212,2021,7,Hospitalisation,True,2,1066_13822,True,153.336852942578,-27.923816480026495,8c293a52745057c4
164216,2021,11,Hospitalisation,True,2,1081_13795,True,153.414914918263,-28.045899488929397,8c293a52745057c4
164220,2022,2,Minor injury,False,0,1066_13832,True,153.337963948296,-27.878465479782896,8c293a52745057c4
164245,2024,8,Minor injury,False,0,1086_13792,True,153.437875914348,-28.056664491355193,8c293a52745057c4
164250,2024,8,Minor injury,False,0,1084_13803,True,153.431623921035,-28.010342490353885,8c293a52745057c4
164258,2024,8,Minor injury,False,0,1057_13804,True,153.290555937,-28.006489475975595,8c293a52745057c4
164284,2022,6,Hospitalisation,True,1,1061_13801,True,153.31204593317,-28.0179104782459,8c293a52745057c4
164298,2022,6,Hospitalisation,True,1,1051_13853,True,153.261155968653,-27.785015471254095,8c293a52745057c4
164312,2022,2,Hospitalisation,True,1,1060_13837,True,153.308860954246,-27.856856476657196,8c293a52745057c4
164317,2023,12,Hospitalisation,True,2,1066_13819,True,153.335528941234,-27.935375479982795,8c293a52745057c4
164332,2022,1,Hospitalisation,True,1,1083_13787,True,153.424082299703,-28.0810418841396,8c293a52745057c4
164340,2022,1,Medical treatment,False,0,1094_13773,True,153.47971589831,-28.144735496317303,8c293a52745057c4
164356,2021,2,Hospitalisation,True,1,1073_13832,True,153.373239944524,-27.877897483365494,8c293a52745057c4
164358,2021,9,Medical treatment,False,0,1068_13801,True,153.348096929474,-28.015900481892594,8c293a52745057c4
164381,2022,1,Minor injury,False,0,1077_13798,True,153.392336922589,-28.0316254865172,8c293a52745057c4
164396,2021,7,Hospitalisation,True,2,1066_13815,True,153.338579938508,-27.953939480438695,8c293a52745057c4
164441,2021,8,Medical treatment,False,0,1064_13828,True,153.325822947304,-27.896465478691002,8c293a52745057c4
164443,2021,8,Medical treatment,False,0,1080_13787,True,153.409907914456,-28.0795394886831,8c293a52745057c4
164464,2022,5,Minor injury,False,0,1080_13794,True,153.407334003636,-28.049452372184803,8c293a52745057c4
164471,2022,5,Medical treatment,False,0,1044_13865,True,153.224360979697,-27.7299004670948,8c293a52745057c4
164475,2023,5,Medical treatment,False,0,1059_13821,True,153.299917946257,-27.926594476297897,8c293a52745057c4
164478,2023,5,Medical treatment,False,0,1071_13832,True,153.361749945808,-27.877649482194602,8c293a52745057c4
164482,2023,6,Hospitalisation,True,4,1077_13803,True,153.395097925179,-28.009253486622796,8c293a52745057c4
164489,2022,4,Hospitalisation,True,1,1080_13761,True,153.411457898872,-28.198386489772197,8c293a52745057c4
164505,2022,4,Medical treatment,False,0,1094_13773,True,153.479480898174,-28.145979496303095,8c293a52745057c4
164512,2022,4,Medical treatment,False,0,1071_13788,True,153.363538608144,-28.074994772926395,8c293a52745057c4
164528,2023,10,Medical treatment,False,0,1079_13823,True,153.404204935972,-27.9180094868336,8c293a52745057c4
164534,2023,10,Medical treatment,False,0,1083_13786,True,153.423334911957,-28.0874344901136,8c293a52745057c4
164543,2023,12,Medical treatment,False,0,1081_13811,True,153.415608927609,-27.973083488428504,8c293a52745057c4
164560,2024,1,Medical treatment,False,0,1087_13789,True,153.444247911492,-28.0732894921357,8c293a52745057c4
164574,2024,2,Minor injury,False,0,1085_13792,True,153.437505913898,-28.060445491347092,8c293a52745057c4
164582,2024,2,Medical treatment,False,0,1058_13844,True,153.296763959616,-27.825304475181397,8c293a52745057c4
164585,2022,2,Fatal,True,1,1071_13783,True,153.36187191713702,-28.099663483950298,8c293a52745057c4
164586,2022,9,Medical treatment,False,0,1081_13812,True,153.413649928682,-27.966445488176692,8c293a52745057c4
164610,2024,6,Hospitalisation,True,1,1051_13849,True,153.261632966613,-27.800535471424602,8c293a52745057c4
164622,2022,9,Fatal,True,3,1071_13785,True,153.365082918169,-28.0889464841929,8c293a52745057c4
164655,2024,3,Minor injury,False,0,1067_13816,True,153.340677938589,-27.951536480633102,8c293a52745057c4
164662,2021,6,Medical treatment,False,0,1095_13774,True,153.484137898326,-28.140867496738903,8c293a52745057c4
164666,2021,12,Medical treatment,False,0,1081_13798,True,153.416274920201,-28.029782488941603,8c293a52745057c4
164668,2022,1,Medical treatment,False,0,1084_13797,True,153.431909917626,-28.0364204905878,8c293a52745057c4
164672,2021,11,Hospitalisation,True,1,1067_13814,True,153.344903222063,-27.9597841161273,8c293a52745057c4
164676,2021,7,Medical treatment,False,0,1100_13770,True,153.509975997069,-28.159371097525703,8c293a52745057c4
164678,2024,6,Medical treatment,False,0,1066_13829,True,153.33833594646,-27.8924144799304,8c293a52745057c4
164684,2021,8,Medical treatment,False,0,1059_13821,True,153.304322945887,-27.925730476738103,8c293a52745057c4
164699,2024,6,Medical treatment,False,0,1080_13783,True,153.411825911424,-28.101318489049298,8c293a52745057c4
164700,2021,10,Minor injury,False,0,1067_13809,True,153.341673934326,-27.983754480987297,8c293a52745057c4
164701,2021,10,Hospitalisation,True,2,1067_13808,True,153.34102393387303,-27.9878174809532,8c293a52745057c4
164702,2021,8,Medical treatment,False,0,1070_13794,True,153.359033924108,-28.0481564832577,8c293a52745057c4
164703,2021,11,Medical treatment,False,0,1052_13848,True,153.267151965522,-27.804368472013998,8c293a52745057c4
164715,2023,6,Medical treatment,False,0,1083_13786,True,153.425853911881,-28.085880490358196,8c293a52745057c4
164722,2023,6,Minor injury,False,0,1075_13795,True,153.385610749712,-28.0441094809303,8c293a52745057c4
164725,2023,6,Medical treatment,False,0,1093_13772,True,153.473577898669,-28.147177495709403,8c293a52745057c4
164729,2023,6,Medical treatment,False,0,1082_13811,True,153.420258927065,-27.97336248890471,8c293a52745057c4
164732,2023,6,Hospitalisation,True,1,1069_13778,True,153.352423915068,-28.123702483177894,8c293a52745057c4
164734,2023,6,Medical treatment,False,0,1067_13810,True,153.343504934865,-27.978019481128396,8c293a52745057c4
164735,2023,6,Medical treatment,False,0,1080_13797,True,153.408248920402,-28.035031488164798,8c293a52745057c4
164737,2023,6,Hospitalisation,True,1,1086_13790,True,153.437978913197,-28.0654554914346,8c293a52745057c4
164751,2021,7,Hospitalisation,True,1,1075_13815,True,153.383628933575,-27.953987485021,8c293a52745057c4
164788,2022,11,Hospitalisation,True,1,1092_13771,True,153.470434898049,-28.154605495446496,8c293a52745057c4
164815,2022,11,Medical treatment,False,0,1084_13806,True,153.427447923256,-27.996720489821104,8c293a52745057c4
164816,2022,11,Hospitalisation,True,1,1082_13779,True,153.418019772781,-28.1164419367991,8c293a52745057c4
164818,2022,11,Medical treatment,False,0,1076_13786,True,153.391396915858,-28.084434486835793,8c293a52745057c4
164826,2022,11,Medical treatment,False,0,1089_13784,True,153.454051907402,-28.096504493318296,8c293a52745057c4
164830,2022,11,Minor injury,False,0,1080_13814,True,153.410013929737,-27.961357487766197,8c293a52745057c4
164840,2022,11,Medical treatment,False,0,1076_13798,True,153.389415922833,-28.0322174862244,8c293a52745057c4
164842,2023,6,Hospitalisation,True,1,1088_13776,True,153.451270903543,-28.128581493285893,8c293a52745057c4
164847,2023,6,Hospitalisation,True,1,1088_13785,True,153.451344082733,-28.0885460429795,8c293a52745057c4
164854,2023,6,Minor injury,False,0,1080_13797,True,153.408773920273,-28.035581488222693,8c293a52745057c4
164855,2023,6,Minor injury,False,0,1075_13807,True,153.381752929128,-27.990007485113004,8c293a52745057c4
164858,2023,1,Minor injury,False,0,1060_13844,True,153.305295959083,-27.822227476022892,8c293a52745057c4
164865,2024,2,Minor injury,False,0,1092_13778,True,153.469222902435,-28.121890495066395,8c293a52745057c4
164895,2022,10,Hospitalisation,True,1,1066_13817,True,153.339613939444,-27.9457994804799,8c293a52745057c4
164918,2024,7,Medical treatment,False,0,1071_13854,True,153.361660958319,-27.780510481420993,8c293a52745057c4
164921,2024,7,Hospitalisation,True,1,1072_13816,True,153.369770935756,-27.948828483570097,8c293a52745057c4
164922,2023,3,Hospitalisation,True,1,1074_13809,True,153.378482930771,-27.980064484702005,8c293a52745057c4
164942,2023,4,Hospitalisation,True,1,1065_13803,True,153.333882931729,-28.010508480405605,8c293a52745057c4
164952,2023,2,Hospitalisation,True,1,1075_13820,True,153.385819935991,-27.933416485082404,8c293a52745057c4
164962,2023,2,Hospitalisation,True,1,1078_13815,True,153.399918931512,-27.9561674866969,8c293a52745057c4
164964,2023,2,Minor injury,False,0,1084_13799,True,153.429169919401,-28.025036490219,8c293a52745057c4
164973,2023,4,Medical treatment,False,0,1057_13836,True,153.292767955769,-27.858655475038397,8c293a52745057c4
164978,2021,11,Minor injury,False,0,1065_13831,True,153.330735535767,-27.880927309067804,8c293a52745057c4
164986,2023,4,Hospitalisation,True,1,1061_13842,True,153.314633956945,-27.8309614770395,8c293a52745057c4
164999,2021,12,Medical treatment,False,0,1061_13834,True,153.313188650069,-27.870132035200903,8c293a52745057c4
165008,2022,3,Medical treatment,False,0,1061_13834,True,153.313205875025,-27.8704539612052,8c293a52745057c4
165019,2021,11,Minor injury,False,0,1078_13810,True,153.400920928891,-27.9755994869516,8c293a52745057c4
165024,2022,8,Hospitalisation,True,1,1062_13842,True,153.315236956861,-27.8311034771018,8c293a52745057c4
165027,2022,8,Medical treatment,False,0,1062_13827,True,153.315244948022,-27.899855477643403,8c293a52745057c4
165033,2022,1,Hospitalisation,True,1,1077_13821,True,153.392935935808,-27.928809485770696,8c293a52745057c4
165040,2022,8,Hospitalisation,True,1,1078_13817,True,153.399407933115,-27.944192486550804,8c293a52745057c4
165046,2022,8,Hospitalisation,True,1,1093_13776,True,153.475953900846,-28.128415495805104,8c293a52745057c4
165049,2022,8,Hospitalisation,True,1,1080_13786,True,153.410021207524,-28.086639340750292,8c293a52745057c4
165050,2022,8,Hospitalisation,True,1,1088_13786,True,153.448555909559,-28.0845434926636,8c293a52745057c4
165052,2022,8,Minor injury,False,0,1071_13813,True,153.361562934562,-27.965041482862496,8c293a52745057c4
165053,2022,8,Minor injury,False,0,1085_13791,True,153.436054913454,-28.065098491235595,8c293a52745057c4
165057,2022,1,Minor injury,False,0,1058_13845,True,153.298992527215,-27.8187504643559,8c293a52745057c4
165074,2021,8,Minor injury,False,0,1063_13841,True,153.324132861792,-27.839671851072602,8c293a52745057c4
165085,2021,8,Minor injury,False,0,1058_13837,True,153.298636055733,-27.853954175596698,8c293a52745057c4
165090,2021,8,Hospitalisation,True,1,1082_13811,True,153.420499387861,-27.974736818940002,8c293a52745057c4
165097,2021,8,Minor injury,False,0,1060_13834,True,153.305018740141,-27.868715622360497,8c293a52745057c4
165122,2023,6,Medical treatment,False,0,1068_13802,True,153.347999929515,-28.015669481880902,8c293a52745057c4
165131,2023,6,Hospitalisation,True,1,1083_13804,True,153.426206922651,-28.0024374897395,8c293a52745057c4
165147,2022,9,Hospitalisation,True,1,1079_13795,True,153.406898919284,-28.04481548810409,8c293a52745057c4
165150,2022,9,Hospitalisation,True,1,1057_13845,True,153.290076961068,-27.819656474458604,8c293a52745057c4
165153,2022,9,Medical treatment,False,0,1059_13841,True,153.302720957617,-27.8358224758686,8c293a52745057c4
165154,2022,9,Hospitalisation,True,1,1078_13823,True,153.39874693620501,-27.920816486299692,8c293a52745057c4
165158,2022,9,Medical treatment,False,0,1086_13792,True,153.438024913994,-28.0592624913907,8c293a52745057c4
165162,2022,9,Medical treatment,False,0,1080_13805,True,153.408211035901,-28.000287894888196,8c293a52745057c4
165164,2021,9,Hospitalisation,True,1,1044_13833,True,153.226777960803,-27.875509468485408,8c293a52745057c4
165181,2022,8,Minor injury,False,0,1063_13838,True,153.320313953482,-27.8530994777904,8c293a52745057c4
165213,2024,3,Minor injury,False,0,1079_13782,True,153.40613191195,-28.102088488475104,8c293a52745057c4
165221,2023,9,Medical treatment,False,0,1091_13782,True,153.4642209051,-28.105617494427996,8c293a52745057c4
165232,2023,9,Medical treatment,False,0,1062_13826,True,153.316797947161,-27.905231477843397,8c293a52745057c4
165248,2024,9,Minor injury,False,0,1082_13806,True,153.417625924564,-27.994925488805606,8c293a52745057c4
165249,2024,9,Hospitalisation,True,1,1068_13802,True,153.34726092975,-28.014471481796395,8c293a52745057c4
165255,2023,5,Minor injury,False,0,1086_13794,True,153.437832778171,-28.050345091301192,8c293a52745057c4
165270,2023,5,Hospitalisation,True,2,1077_13792,True,153.393556919243,-28.0564494868363,8c293a52745057c4
165271,2023,5,Hospitalisation,True,1,1066_13830,True,153.336073452106,-27.889312115676102,8c293a52745057c4
165282,2023,5,Minor injury,False,0,1084_13806,True,153.427966923672,-27.993066489845297,8c293a52745057c4
165288,2023,5,Medical treatment,False,0,1085_13800,True,153.432570919598,-28.0206354905313,8c293a52745057c4
165299,2022,4,Medical treatment,False,0,1083_13805,True,153.426573922728,-28.0015324897698,8c293a52745057c4
165307,2022,4,Medical treatment,False,0,1064_13822,True,153.32688794372,-27.923408479010906,8c293a52745057c4
165310,2022,3,Minor injury,False,0,1079_13814,True,153.405335930565,-27.9589144872703,8c293a52745057c4
165311,2022,4,Hospitalisation,True,1,1063_13828,True,153.32243694754104,-27.8974964783552,8c293a52745057c4
165330,2022,5,Medical treatment,False,0,1084_13799,True,153.429632596068,-28.027214935283297,8c293a52745057c4
165331,2022,5,Hospitalisation,True,1,1080_13799,True,153.410300921064,-28.028178488320105,8c293a52745057c4
165339,2022,1,Hospitalisation,True,2,1083_13777,True,153.425839906671,-28.126067490671804,8c293a52745057c4
165342,2022,1,Medical treatment,False,0,1083_13798,True,153.424754918962,-28.032167489824804,8c293a52745057c4
165344,2022,1,Minor injury,False,0,1062_13824,True,153.319055946026,-27.912136478126904,8c293a52745057c4
165345,2022,3,Hospitalisation,True,1,1073_13820,True,153.373186814669,-27.931108432778498,8c293a52745057c4
165347,2022,2,Minor injury,False,0,1078_13816,True,153.399340348148,-27.9517358416032,8c293a52745057c4
165370,2024,6,Hospitalisation,True,1,1078_13793,True,153.399723918901,-28.053858487443996,8c293a52745057c4
165373,2024,6,Minor injury,False,0,1075_13809,True,153.38230693033,-27.98023348509259,8c293a52745057c4
165396,2021,11,Medical treatment,False,0,1076_13813,True,153.386863931831,-27.9647564854349,8c293a52745057c4
165398,2023,5,Medical treatment,False,0,1066_13819,True,153.335958941052,-27.93642448003481,8c293a52745057c4
165401,2023,5,Minor injury,False,0,1039_13855,True,153.19963397674104,-27.774036464942004,8c293a52745057c4
165411,2021,8,Hospitalisation,True,1,1076_13819,True,153.390284935305,-27.934947485548992,8c293a52745057c4
165414,2021,8,Minor injury,False,0,1049_13854,True,153.252859970131,-27.7805114703783,8c293a52745057c4
165420,2021,8,Hospitalisation,True,1,1060_13834,True,153.307229952778,-27.86966547659239,8c293a52745057c4
166979,2023,3,Hospitalisation,True,1,1067_13815,True,153.342518202744,-27.956524380859303,8c293a52745057c4
168151,2023,10,Hospitalisation,True,1,1083_13805,True,153.426512922727,-28.001598489764106,8c293a52745057c4
168152,2023,10,Minor injury,False,0,1059_13842,True,153.301504958018,-27.833731475728698,8c293a52745057c4
168610,2023,1,Medical treatment,False,0,1063_13817,True,153.324941940986,-27.946290478993102,8c293a52745057c4
168613,2023,1,Hospitalisation,True,1,1050_13851,True,153.25627296816,-27.793006470822288,8c293a52745057c4
168684,2022,8,Minor injury,False,0,1057_13845,True,153.289434961133,-27.819691474393693,8c293a52745057c4
169081,2022,10,Minor injury,False,0,1056_13846,True,153.286519301794,-27.817015079077,8c293a52745057c4
169090,2022,10,Minor injury,False,0,1061_13830,True,153.313526949694,-27.888310477378205,8c293a52745057c4
169091,2022,11,Hospitalisation,True,1,1081_13790,True,153.415433663473,-28.067002483147892,8c293a52745057c4
169097,2022,11,Hospitalisation,True,1,1070_13820,True,153.359161938953,-27.933036482366898,8c293a52745057c4
169106,2022,11,Hospitalisation,True,1,1087_13776,True,153.443022903906,-28.132783492477106,8c293a52745057c4
169172,2020,1,Minor injury,False,0,1085_13787,True,153.43519891166,-28.079660491262498,8c293a52745057c4
169440,2024,7,Hospitalisation,True,1,1061_13826,True,153.310838947931,-27.904305477231095,8c293a52745057c4
169444,2024,7,Minor injury,False,0,1087_13788,True,153.443652911084,-28.076941492103597,8c293a52745057c4
169577,2022,10,Medical treatment,False,0,1086_13791,True,153.437741913484,-28.0634414913947,8c293a52745057c4
169666,2023,7,Hospitalisation,True,1,1049_13822,True,153.252138951701,-27.924872471440796,8c293a52745057c4
169668,2020,3,Hospitalisation,True,1,1066_13807,True,153.337408933932,-27.990432480606295,8c293a52745057c4
169691,2023,7,Hospitalisation,True,1,1071_13834,True,153.36325294652,-27.870848482293997,8c293a52745057c4
170028,2021,5,Hospitalisation,True,1,1060_13834,True,153.307229952778,-27.86966547659239,8c293a52745057c4
170047,2022,4,Hospitalisation,True,1,1061_13805,True,153.31360693514,-28.001300478274004,8c293a52745057c4
170226,2022,1,Hospitalisation,True,1,1042_13860,True,153.217290977818,-27.750605466542694,8c293a52745057c4
170777,2020,10,Medical treatment,False,0,1066_13785,True,153.339744609601,-28.091708323638205,8c293a52745057c4
170808,2023,3,Hospitalisation,True,1,1077_13813,True,153.395070612316,-27.96179327524729,8c293a52745057c4
170824,2023,4,Hospitalisation,True,1,1067_13786,True,153.34204352383,-28.087981213842603,8c293a52745057c4
170927,2024,3,Minor injury,False,0,1079_13782,True,153.40613191195,-28.102088488475104,8c293a52745057c4
171001,2020,2,Minor injury,False,0,1072_13802,True,153.369669927712,-28.0112254840499,8c293a52745057c4
171310,2020,5,Minor injury,False,0,1100_13769,True,153.51000889299,-28.159949499533603,8c293a52745057c4
171337,2020,6,Medical treatment,False,0,1084_13782,True,153.428078846565,-28.101859229710385,8c293a52745057c4
171372,2020,8,Medical treatment,False,0,1079_13821,True,153.405848934637,-27.9269604870715,8c293a52745057c4
171442,2022,10,Hospitalisation,True,1,1076_13826,True,153.387949939373,-27.905403485078995,8c293a52745057c4
171565,2024,12,Minor injury,False,0,1060_13837,True,153.309353954114,-27.8574684767121,8c293a52745057c4
171662,2023,7,Hospitalisation,True,1,1084_13812,True,153.427740301741,-27.9695366686374,8c293a52745057c4
171669,2023,7,Hospitalisation,True,1,1083_13800,True,153.426409920157,-28.021533489910098,8c293a52745057c4
171673,2023,7,Medical treatment,False,0,1084_13798,True,153.42863491889,-28.029430490198898,8c293a52745057c4
181436,2021,3,Hospitalisation,True,1,1082_13789,True,153.420000978561,-28.070167375638295,8c293a52745057c4
181452,2020,9,Medical treatment,False,0,1086_13780,True,153.439339880824,-28.113429984949704,8c293a52745057c4
181470,2020,12,Hospitalisation,True,1,1083_13809,True,153.423893925547,-27.982021489343293,8c293a52745057c4
181510,2024,9,Hospitalisation,True,1,1067_13808,True,153.341236934006,-27.986604480965305,8c293a52745057c4
181550,2021,3,Medical treatment,False,0,1060_13837,True,153.307137819446,-27.85676438148159,8c293a52745057c4
181555,2020,2,Hospitalisation,True,1,1065_13821,True,153.333544942695,-27.925715479705303,8c293a52745057c4
181580,2021,1,Hospitalisation,True,1,1080_13814,True,153.408829930058,-27.959882487634005,8c293a52745057c4
181581,2020,10,Medical treatment,False,0,1076_13822,True,153.387822937272,-27.921790485194908,8c293a52745057c4
181587,2020,11,Medical treatment,False,0,1083_13810,True,153.42212492609403,-27.979285489141397,8c293a52745057c4
181599,2021,3,Hospitalisation,True,3,1078_13811,True,153.40109492895704,-27.97494548696419,8c293a52745057c4
181609,2020,12,Medical treatment,False,0,1074_13809,True,153.378338930801,-27.979951484686495,8c293a52745057c4
181635,2020,12,Hospitalisation,True,1,1075_13798,True,153.386539923171,-28.032038485930208,8c293a52745057c4
181643,2021,9,Medical treatment,False,0,1089_13784,True,153.45318890782,-28.094016493210702,8c293a52745057c4
181656,2021,1,Medical treatment,False,0,1076_13786,True,153.39129891588,-28.084349486825104,8c293a52745057c4
181661,2021,3,Medical treatment,False,0,1079_13782,True,153.405932911974,-28.102074488454697,8c293a52745057c4
181666,2021,3,Hospitalisation,True,2,1050_13789,True,153.255590932214,-28.073496472956798,8c293a52745057c4
181681,2020,4,Hospitalisation,True,1,1079_13790,True,153.402127084026,-28.0663071037865,8c293a52745057c4
181688,2020,4,Hospitalisation,True,1,1074_13810,True,153.379261108873,-27.978613497769803,8c293a52745057c4
181689,2020,4,Hospitalisation,True,1,1078_13806,True,153.39798492640404,-27.997333486823294,8c293a52745057c4
181702,2020,1,Medical treatment,False,0,1064_13822,True,153.326071399802,-27.923458738928396,8c293a52745057c4
181703,2020,1,Medical treatment,False,0,1047_13854,True,153.243240971573,-27.7774094693798,8c293a52745057c4
181704,2020,7,Medical treatment,False,0,1094_13773,True,153.480088025263,-28.144778633355703,8c293a52745057c4
181712,2023,1,Hospitalisation,True,1,1079_13817,True,153.40298793267,-27.94460648691869,8c293a52745057c4
181752,2021,6,Hospitalisation,True,1,1045_13862,True,153.232000977412,-27.7412984679576,8c293a52745057c4
181758,2020,2,Medical treatment,False,0,1070_13789,True,153.35775192114502,-28.07217048331569,8c293a52745057c4
181761,2020,2,Medical treatment,False,0,1083_13782,True,153.427403909647,-28.101794490641094,8c293a52745057c4
181767,2020,2,Medical treatment,False,0,1080_13802,True,153.411831923036,-28.011638488346303,8c293a52745057c4
181775,2021,6,Medical treatment,False,0,1071_13790,True,153.363092920963,-28.0690404838344,8c293a52745057c4
181783,2020,4,Minor injury,False,0,1105_13768,True,153.536666888972,-28.168233502326895,8c293a52745057c4
181795,2021,1,Hospitalisation,True,1,1083_13777,True,153.425208731594,-28.1271986906163,8c293a52745057c4
181803,2021,3,Hospitalisation,True,1,1084_13772,True,153.427914903523,-28.1485654910597,8c293a52745057c4
181858,2023,11,Hospitalisation,True,2,1076_13823,True,153.388177937529,-27.919504485213096,8c293a52745057c4
181878,2024,7,Minor injury,False,0,1080_13796,True,153.407922919715,-28.0406164881754,8c293a52745057c4
181897,2022,3,Hospitalisation,True,1,1063_13805,True,153.323284934028,-28.0016974792599,8c293a52745057c4
181908,2022,3,Minor injury,False,0,1097_13773,True,153.494879896782,-28.143630497858595,8c293a52745057c4
181911,2020,3,Hospitalisation,True,1,1079_13808,True,153.406319926804,-27.9871734875926,8c293a52745057c4
181943,2021,9,Hospitalisation,True,2,1055_13828,True,153.2836379519,-27.896532474410293,8c293a52745057c4
181953,2020,1,Hospitalisation,True,1,1047_13858,True,153.241829974068,-27.759108469092805,8c293a52745057c4
181959,2020,3,Hospitalisation,True,1,1075_13810,True,153.381373930632,-27.97869248498549,8c293a52745057c4
181966,2020,3,Hospitalisation,True,1,1080_13810,True,153.411330579497,-27.977570782027705,8c293a52745057c4
181977,2020,3,Hospitalisation,True,1,1083_13783,True,153.426141910216,-28.098480490486395,8c293a52745057c4
182024,2020,8,Minor injury,False,0,1068_13817,True,153.350647938085,-27.94698448161069,8c293a52745057c4
182086,2021,1,Medical treatment,False,0,1061_13830,True,153.313890949907,-27.8863474773998,8c293a52745057c4
182157,2023,12,Hospitalisation,True,1,1085_13797,True,153.432440917765,-28.03489349063,8c293a52745057c4
182159,2023,12,Hospitalisation,True,1,1069_13786,True,153.352409920125,-28.084610482869998,8c293a52745057c4
182179,2021,12,Hospitalisation,True,1,1059_13837,True,153.303773954876,-27.856269476136305,8c293a52745057c4
182207,2021,12,Hospitalisation,True,2,1061_13830,True,153.313632949674,-27.8883824773896,8c293a52745057c4
182226,2020,10,Minor injury,False,0,1081_13812,True,153.41545454897,-27.97042520339191,8c293a52745057c4
182227,2020,10,Minor injury,False,0,1075_13798,True,153.385398923265,-28.032284485816,8c293a52745057c4
182238,2020,4,Minor injury,False,0,1068_13802,True,153.34726092975,-28.014471481796395,8c293a52745057c4
182268,2020,4,Medical treatment,False,0,1086_13790,True,153.441654272398,-28.068500660833497,8c293a52745057c4
182273,2021,6,Hospitalisation,True,1,1082_13805,True,153.420120923879,-27.9981054890849,8c293a52745057c4
182287,2021,1,Minor injury,False,0,1075_13820,True,153.383456936323,-27.932846484837402,8c293a52745057c4
182309,2021,1,Hospitalisation,True,1,1071_13832,True,153.365358945342,-27.8782154825662,8c293a52745057c4
182326,2021,3,Medical treatment,False,0,1068_13806,True,153.346518932387,-27.994668481565505,8c293a52745057c4
182341,2021,1,Hospitalisation,True,1,1060_13798,True,153.307467932058,-28.030435477879493,8c293a52745057c4
182350,2021,1,Medical treatment,False,0,1084_13798,True,153.429953918723,-28.029609490334796,8c293a52745057c4
182356,2021,1,Medical treatment,False,0,1069_13833,True,153.355237947219,-27.8722004814895,8c293a52745057c4
182357,2022,9,Hospitalisation,True,3,1083_13777,True,153.426196958729,-28.1253205527024,8c293a52745057c4
182365,2022,9,Hospitalisation,True,1,1078_13822,True,153.398687935715,-27.924663486324008,8c293a52745057c4
182379,2022,9,Medical treatment,False,0,1059_13805,True,153.302987936729,-27.99800847717029,8c293a52745057c4
182380,2022,9,Medical treatment,False,0,1069_13798,True,153.351799927059,-28.03145848239109,8c293a52745057c4
182398,2022,9,Medical treatment,False,0,1075_13798,True,153.385467923274,-28.032153485821997,8c293a52745057c4
182399,2022,9,Minor injury,False,0,1066_13822,True,153.338274942605,-27.922406480159893,8c293a52745057c4
182502,2023,12,Hospitalisation,True,1,1053_13797,True,153.273035911971,-28.037180009439805,8c293a52745057c4
182503,2023,11,Medical treatment,False,0,1078_13822,True,153.398866936108,-27.921469486317104,8c293a52745057c4
182506,2023,12,Hospitalisation,True,1,1066_13822,True,153.337707942696,-27.922178480100488,8c293a52745057c4
182519,2023,12,Medical treatment,False,0,1078_13827,True,153.401067950821,-27.89859283336139,8c293a52745057c4
182521,2020,10,Minor injury,False,0,1079_13810,True,153.402761928741,-27.9752064871361,8c293a52745057c4
182527,2024,8,Hospitalisation,True,1,1073_13814,True,153.375336934058,-27.957273484202805,8c293a52745057c4
182536,2024,8,Minor injury,False,0,1078_13816,True,153.400006932533,-27.948190486643195,8c293a52745057c4
182541,2024,11,Hospitalisation,True,3,1057_13846,True,153.292579961276,-27.815914474682998,8c293a52745057c4
182547,2020,8,Minor injury,False,0,1071_13821,True,153.360865405579,-27.9267377174906,8c293a52745057c4
182584,2021,8,Minor injury,False,0,1068_13816,True,153.346160938258,-27.9494454811739,8c293a52745057c4
182611,2020,5,Hospitalisation,True,1,1084_13798,True,153.430508918503,-28.0308384904011,8c293a52745057c4
182617,2021,6,Medical treatment,False,0,1061_13831,True,153.31441795016,-27.8839364774343,8c293a52745057c4
182620,2021,6,Medical treatment,False,0,1085_13794,True,153.43591791559,-28.048737491093195,8c293a52745057c4
182623,2021,6,Minor injury,False,0,1076_13785,True,153.390091915176,-28.0908124867529,8c293a52745057c4
182625,2020,6,Hospitalisation,True,1,1086_13790,True,153.439703912685,-28.067942491630102,8c293a52745057c4
182642,2020,12,Hospitalisation,True,1,1058_13827,True,153.29498093888,-27.902607271608506,8c293a52745057c4
182655,2021,9,Hospitalisation,True,1,1079_13782,True,153.406278911934,-28.10208648849,8c293a52745057c4
182667,2021,9,Medical treatment,False,0,1080_13810,True,153.409978113813,-27.976275140879704,8c293a52745057c4
182668,2021,8,Minor injury,False,0,1044_13864,True,153.22815897858,-27.735418467522493,8c293a52745057c4
182670,2022,11,Minor injury,False,0,1071_13789,True,153.36325792074,-28.0706204838636,8c293a52745057c4
182679,2021,3,Medical treatment,False,0,1060_13820,True,153.307291944836,-27.931370477083792,8c293a52745057c4
182696,2021,3,Medical treatment,False,0,1074_13814,True,153.378617933385,-27.959705484555894,8c293a52745057c4
182739,2020,5,Hospitalisation,True,1,1079_13787,True,153.404706287547,-28.083254237182196,8c293a52745057c4
182826,2024,8,Hospitalisation,True,1,1084_13794,True,153.428812916423,-28.0483274903654,8c293a52745057c4
182848,2024,8,Minor injury,False,0,1089_13785,True,153.453755908325,-28.089644493234296,8c293a52745057c4
182860,2024,3,Medical treatment,False,0,1038_13855,True,153.193188977316,-27.7750214642984,8c293a52745057c4
182861,2024,3,Hospitalisation,True,1,1070_13830,True,153.359821944816,-27.886979482071908,8c293a52745057c4
182862,2022,3,Medical treatment,False,0,1066_13838,True,153.335810952056,-27.85106547934861,8c293a52745057c4
182874,2024,3,Hospitalisation,True,1,1082_13779,True,153.421432908433,-28.116226490145397,8c293a52745057c4
182898,2021,6,Hospitalisation,True,1,1086_13767,True,153.438335899669,-28.1693874922857,8c293a52745057c4
182914,2020,12,Medical treatment,False,0,1075_13787,True,153.386410916923,-28.080446486296797,8c293a52745057c4
182916,2020,12,Hospitalisation,True,1,1064_13805,True,153.327794933681,-28.000549479709008,8c293a52745057c4
182923,2021,1,Hospitalisation,True,1,1084_13805,True,153.427180923028,-27.998706489809493,8c293a52745057c4
182945,2021,6,Medical treatment,False,0,1061_13829,True,153.314925127838,-27.893783350563197,8c293a52745057c4
182959,2021,9,Hospitalisation,True,3,1068_13802,True,153.347222453913,-28.0132462707828,8c293a52745057c4
182984,2022,7,Hospitalisation,True,1,1080_13818,True,153.408124932423,-27.942175487422997,8c293a52745057c4
182986,2022,7,Medical treatment,False,0,1074_13800,True,153.380135551223,-28.021599653196304,8c293a52745057c4
183011,2022,7,Minor injury,False,0,1089_13775,True,153.455023901998,-28.137295493737298,8c293a52745057c4
183014,2022,7,Medical treatment,False,0,1083_13783,True,153.422766910246,-28.101114490162892,8c293a52745057c4
183021,2021,5,Hospitalisation,True,1,1088_13778,True,153.45116690460503,-28.120496493211903,8c293a52745057c4
183023,2021,5,Hospitalisation,True,1,1081_13814,True,153.412432929499,-27.9611564880111,8c293a52745057c4
183029,2021,5,Hospitalisation,True,2,1080_13802,True,153.411831923036,-28.011638488346303,8c293a52745057c4
183032,2022,9,Hospitalisation,True,1,1088_13784,True,153.448652908439,-28.093092492740492,8c293a52745057c4
183038,2023,6,Hospitalisation,True,1,1082_13805,True,153.419930923767,-27.999128489073595,8c293a52745057c4
183058,2023,6,Medical treatment,False,0,1083_13783,True,153.422479910286,-28.1010514901332,8c293a52745057c4
183071,2022,12,Hospitalisation,True,1,1068_13823,True,153.34577394206,-27.920272480905304,8c293a52745057c4
183075,2022,12,Hospitalisation,True,1,1074_13805,True,153.378492928292,-27.999243484853704,8c293a52745057c4
183096,2023,7,Medical treatment,False,0,1066_13804,True,153.34032593198802,-28.003025481001597,8c293a52745057c4
183128,2020,5,Hospitalisation,True,1,1075_13797,True,153.386285922575,-28.0368644859422,8c293a52745057c4
183144,2020,12,Medical treatment,False,0,1106_13768,True,153.542639195385,-28.167680926934196,8c293a52745057c4
183161,2024,6,Hospitalisation,True,1,1047_13856,True,153.240152972853,-27.770023469009,8c293a52745057c4
183176,2024,8,Medical treatment,False,0,1075_13815,True,153.381798933914,-27.95291148482631,8c293a52745057c4
183184,2024,8,Medical treatment,False,0,1080_13800,True,153.411042921533,-28.023920488362304,8c293a52745057c4
183191,2024,9,Hospitalisation,True,1,1073_13804,True,153.374450928196,-28.003419484475103,8c293a52745057c4
183193,2022,5,Hospitalisation,True,1,1047_13862,True,153.239911976484,-27.741844468762597,8c293a52745057c4
183195,2024,9,Hospitalisation,True,1,1086_13786,True,153.437681910626,-28.08553149156179,8c293a52745057c4
183206,2024,6,Hospitalisation,True,1,1076_13808,True,153.388437928583,-27.9885644857822,8c293a52745057c4
183241,2024,9,Hospitalisation,True,1,1068_13805,True,153.346038931727,-28.000195481560105,8c293a52745057c4
183249,2020,2,Medical treatment,False,0,1079_13782,True,153.406281911917,-28.102222488491392,8c293a52745057c4
183251,2020,7,Minor injury,False,0,1057_13845,True,153.289434961133,-27.819691474393693,8c293a52745057c4
183259,2020,12,Medical treatment,False,0,1077_13790,True,153.395016917612,-28.067815487074096,8c293a52745057c4
183268,2020,12,Hospitalisation,True,1,1064_13840,True,153.32551595461,-27.83991847821499,8c293a52745057c4
183282,2020,12,Hospitalisation,True,1,1084_13805,True,153.427220923042,-27.9985624898124,8c293a52745057c4
183301,2021,9,Minor injury,False,0,1067_13803,True,153.342468868224,-28.0071237522516,8c293a52745057c4
183306,2021,9,Minor injury,False,0,1080_13811,True,153.407005928553,-27.9730624875517,8c293a52745057c4
183310,2021,5,Minor injury,False,0,1074_13813,True,153.376445932865,-27.9655694843809,8c293a52745057c4
183327,2021,12,Hospitalisation,True,1,1084_13803,True,153.427689921748,-28.008165489935596,8c293a52745057c4
183328,2021,12,Medical treatment,False,0,1056_13845,True,153.285513961693,-27.818655473987892,8c293a52745057c4
183340,2023,11,Hospitalisation,True,1,1060_13806,True,153.309194936408,-27.995215477778398,8c293a52745057c4
183346,2023,11,Medical treatment,False,0,1088_13785,True,153.449606908802,-28.08948249280959,8c293a52745057c4
183347,2023,11,Minor injury,False,0,1059_13842,True,153.304288957915,-27.832175475998998,8c293a52745057c4
183348,2023,11,Minor injury,False,0,1076_13819,True,153.390366935354,-27.934501485553895,8c293a52745057c4
183354,2024,3,Hospitalisation,True,1,1048_13866,True,153.247228977919,-27.724420469366105,8c293a52745057c4
183358,2024,3,Hospitalisation,True,2,1075_13813,True,153.385109932226,-27.963181485244004,8c293a52745057c4
183390,2021,10,Minor injury,False,0,1085_13780,True,153.435189907251,-28.1136614915282,8c293a52745057c4
183399,2022,1,Hospitalisation,True,1,1084_13779,True,153.42965090753103,-28.1162004909831,8c293a52745057c4
183406,2022,5,Medical treatment,False,0,1082_13780,True,153.417744909025,-28.114791489758204,8c293a52745057c4
183408,2022,5,Medical treatment,False,0,1085_13780,True,153.433348907364,-28.114354491345804,8c293a52745057c4
183440,2022,9,Hospitalisation,True,1,1061_13834,True,153.314494951778,-27.87128447734259,8c293a52745057c4
183444,2022,3,Minor injury,False,0,1078_13803,True,153.398628924791,-28.009258486982507,8c293a52745057c4
183448,2021,2,Medical treatment,False,0,1074_13787,True,153.377166917591,-28.083138485376995,8c293a52745057c4
183449,2020,8,Medical treatment,False,0,1067_13809,True,153.341937934504,-27.9821484810015,8c293a52745057c4
183453,2021,2,Medical treatment,False,0,1070_13792,True,153.358128823046,-28.057139483236195,8c293a52745057c4
183457,2021,4,Hospitalisation,True,2,1076_13827,True,153.388734940166,-27.8985954851054,8c293a52745057c4
183460,2021,4,Minor injury,False,0,1084_13805,True,153.430703537671,-27.9984810061669,8c293a52745057c4
183466,2021,5,Medical treatment,False,0,1068_13812,True,153.347101935707,-27.968434481418694,8c293a52745057c4
183468,2021,7,Hospitalisation,True,1,1070_13791,True,153.360990921676,-28.0653114835914,8c293a52745057c4
183471,2021,9,Hospitalisation,True,1,1068_13811,True,153.346549935059,-27.97392848140579,8c293a52745057c4
183475,2021,9,Medical treatment,False,0,1081_13812,True,153.415372928448,-27.9667964883551,8c293a52745057c4
183480,2021,12,Hospitalisation,True,1,1070_13791,True,153.360796803798,-28.064530985565494,8c293a52745057c4
183488,2022,5,Medical treatment,False,0,1106_13768,True,153.541837888461,-28.167773502852903,8c293a52745057c4
183493,2024,4,Minor injury,False,0,1066_13826,True,153.337365945054,-27.9041574799241,8c293a52745057c4
183501,2024,9,Hospitalisation,True,1,1075_13820,True,153.385886935968,-27.933538485090203,8c293a52745057c4
183505,2024,9,Medical treatment,False,0,1076_13831,True,153.387865942064,-27.884612484907,8c293a52745057c4
183509,2024,9,Medical treatment,False,0,1088_13786,True,153.450407909133,-28.086257492865997,8c293a52745057c4
183512,2020,6,Hospitalisation,True,1,1081_13798,True,153.415363920323,-28.0296064888473,8c293a52745057c4
183545,2024,9,Hospitalisation,True,1,1083_13812,True,153.426990927077,-27.967572489545592,8c293a52745057c4
183552,2024,9,Hospitalisation,True,1,1075_13827,True,153.384263940655,-27.898579484650096,8c293a52745057c4
183559,2024,9,Medical treatment,False,0,1086_13788,True,153.440939911619,-28.075111491812493,8c293a52745057c4
183569,2024,9,Medical treatment,False,0,1067_13814,True,153.344865937382,-27.9573394811043,8c293a52745057c4
183581,2020,12,Medical treatment,False,0,1060_13838,True,153.307399955155,-27.851027476463102,8c293a52745057c4
183588,2020,12,Medical treatment,False,0,1080_13787,True,153.408299914263,-28.082395488541597,8c293a52745057c4
183594,2020,7,Medical treatment,False,0,1083_13783,True,153.426190824238,-28.098266324489696,8c293a52745057c4
183596,2020,6,Minor injury,False,0,1079_13798,True,153.40313592133,-28.032195487621603,8c293a52745057c4
183604,2021,12,Hospitalisation,True,1,1062_13844,True,153.317241957535,-27.824156477250693,8c293a52745057c4
183655,2022,3,Medical treatment,False,0,1070_13811,True,153.358960933951,-27.971981482652396,8c293a52745057c4
183682,2023,6,Hospitalisation,True,1,1067_13804,True,153.340738931807,-28.004075481051796,8c293a52745057c4
183693,2023,6,Hospitalisation,True,1,1072_13807,True,153.369012930485,-27.9903114838188,8c293a52745057c4
183708,2023,6,Minor injury,False,0,1075_13787,True,153.386375916922,-28.0804804862935,8c293a52745057c4
183709,2023,7,Hospitalisation,True,1,1064_13818,True,153.325819941286,-27.943211479058096,8c293a52745057c4
183712,2023,8,Medical treatment,False,0,1052_13848,True,153.267151965522,-27.804368472013998,8c293a52745057c4
183725,2023,10,Hospitalisation,True,1,1090_13778,True,153.462962903119,-28.121936494427505,8c293a52745057c4
183729,2023,8,Medical treatment,False,0,1076_13787,True,153.388670916846,-28.0791174865165,8c293a52745057c4
183730,2023,7,Medical treatment,False,0,1049_13854,True,153.253308970052,-27.78074847042559,8c293a52745057c4
183731,2023,11,Hospitalisation,True,1,1068_13813,True,153.345927051248,-27.9652407252742,8c293a52745057c4
183737,2023,8,Medical treatment,False,0,1058_13834,True,153.2962369542,-27.867924475463198,8c293a52745057c4
183741,2024,3,Hospitalisation,True,1,1049_13856,True,153.251510971518,-27.7708234701654,8c293a52745057c4
183751,2022,9,Minor injury,False,0,1084_13805,True,153.429620922411,-28.0014044900795,8c293a52745057c4
183756,2022,10,Hospitalisation,True,1,1070_13793,True,153.356921542636,-28.0536013190856,8c293a52745057c4
183762,2022,12,Minor injury,False,0,1081_13797,True,153.412647758791,-28.0360212806209,8c293a52745057c4
184283,2022,10,Hospitalisation,True,1,1090_13780,True,153.462658904571,-28.111012494310803,8c293a52745057c4
184535,2021,1,Medical treatment,False,0,1063_13844,True,153.319913368265,-27.8239985185207,8c293a52745057c4
184752,2021,2,Hospitalisation,True,1,1078_13783,True,153.40088891287,-28.099447487920198,8c293a52745057c4
184767,2020,3,Medical treatment,False,0,1076_13811,True,153.387966930483,-27.974253485621805,8c293a52745057c4
185164,2024,3,Medical treatment,False,0,1089_13783,True,153.455764907079,-28.0975434935013,8c293a52745057c4
185166,2024,3,Medical treatment,False,0,1052_13848,True,153.265629965492,-27.805892471871807,8c293a52745057c4
185168,2024,3,Hospitalisation,True,2,1076_13786,True,153.391409915865,-28.084371486836602,8c293a52745057c4
185286,2020,8,Medical treatment,False,0,1090_13780,True,153.462948904476,-28.1115024943442,8c293a52745057c4
185523,2022,8,Medical treatment,False,0,1069_13789,True,153.353434921858,-28.070329482862288,8c293a52745057c4
185742,2022,9,Hospitalisation,True,1,1080_13812,True,153.41013592863,-27.969820487845105,8c293a52745057c4
185944,2023,2,Hospitalisation,True,1,1083_13809,True,153.422000926071,-27.979572489131,8c293a52745057c4
186668,2022,10,Medical treatment,False,0,1060_13838,True,153.307703954904,-27.852719476507197,8c293a52745057c4
186677,2022,10,Medical treatment,False,0,1083_13777,True,153.425165906756,-28.125984490602505,8c293a52745057c4
186684,2020,9,Medical treatment,False,0,1081_13780,True,153.416467909268,-28.114002489621797,8c293a52745057c4
186691,2020,11,Minor injury,False,0,1077_13817,True,153.39465693322103,-27.947391486092005,8c293a52745057c4
186693,2020,9,Medical treatment,False,0,1068_13792,True,153.348956923597,-28.060681482331294,8c293a52745057c4
186694,2020,9,Medical treatment,False,0,1073_13809,True,153.371674182143,-27.982955222031894,8c293a52745057c4
186729,2021,6,Medical treatment,False,0,1077_13806,True,153.39262692710903,-27.9964164862704,8c293a52745057c4
186745,2020,2,Medical treatment,False,0,1086_13768,True,153.439630899593,-28.168872492413804,8c293a52745057c4
186747,2020,2,Hospitalisation,True,1,1072_13806,True,153.37091905176,-27.9943087530442,8c293a52745057c4
186764,2020,1,Minor injury,False,0,1091_13780,True,153.466787904133,-28.11088649473139,8c293a52745057c4
186775,2020,3,Hospitalisation,True,3,1079_13785,True,153.402433914058,-28.0889644879954,8c293a52745057c4
186782,2020,3,Medical treatment,False,0,1100_13769,True,153.510200892995,-28.159751499551703,8c293a52745057c4
186790,2020,2,Hospitalisation,True,1,1075_13787,True,153.386349916936,-28.080394486290206,8c293a52745057c4
186817,2020,10,Minor injury,False,0,1071_13821,True,153.363887939099,-27.927897482807197,8c293a52745057c4
186825,2020,11,Medical treatment,False,0,1069_13790,True,153.35405592186603,-28.0697404829208,8c293a52745057c4
186830,2020,11,Hospitalisation,True,1,1048_13857,True,153.246293391738,-27.7657122625967,8c293a52745057c4
186845,2020,12,Medical treatment,False,0,1044_13864,True,153.225164471979,-27.734837482215,8c293a52745057c4
186846,2021,2,Medical treatment,False,0,1067_13816,True,153.34077593854602,-27.95178748064499,8c293a52745057c4
186864,2021,2,Minor injury,False,0,1058_13845,True,153.296035960655,-27.81782747504869,8c293a52745057c4
186865,2021,5,Hospitalisation,True,1,1087_13788,True,153.443244911114,-28.077051492062804,8c293a52745057c4
186870,2021,2,Medical treatment,False,0,1077_13809,True,153.392551929027,-27.981640486146702,8c293a52745057c4
186871,2023,8,Hospitalisation,True,1,1066_13820,True,153.337526941162,-27.9342394801769,8c293a52745057c4
186873,2021,5,Minor injury,False,0,1086_13788,True,153.440796911289,-28.077777491818797,8c293a52745057c4
186874,2021,5,Medical treatment,False,0,1056_13832,True,153.286526953739,-27.8797584745714,8c293a52745057c4
186894,2021,8,Medical treatment,False,0,1077_13815,True,153.393643932296,-27.955412486051905,8c293a52745057c4
186896,2021,6,Medical treatment,False,0,1078_13824,True,153.398079937365,-27.912397486165602,8c293a52745057c4
186903,2021,6,Minor injury,False,0,1044_13865,True,153.224520979646,-27.730162467113004,8c293a52745057c4
186907,2021,7,Minor injury,False,0,1080_13803,True,153.40977292335,-28.010953488131094,8c293a52745057c4
186909,2021,5,Medical treatment,False,0,1076_13824,True,153.389012839036,-27.914870530261695,8c293a52745057c4
186912,2021,4,Minor injury,False,0,1050_13852,True,153.256900968999,-27.785924470830196,8c293a52745057c4
186970,2021,3,Medical treatment,False,0,1081_13789,True,153.41441991502,-28.0713644890788,8c293a52745057c4
186973,2021,4,Minor injury,False,0,1067_13808,True,153.341021007863,-27.987894618953494,8c293a52745057c4
186991,2021,7,Medical treatment,False,0,1060_13837,True,153.308332954422,-27.8559364765964,8c293a52745057c4
187024,2023,4,Hospitalisation,True,1,1070_13863,True,153.356403110227,-27.738972530558996,8c293a52745057c4
187036,2021,11,Minor injury,False,0,1084_13806,True,153.427647923292,-27.996267489837898,8c293a52745057c4
187052,2021,11,Hospitalisation,True,1,1064_13842,True,153.329691955114,-27.8324594785805,8c293a52745057c4
187072,2022,2,Hospitalisation,True,1,1060_13844,True,153.305349441085,-27.82216025802779,8c293a52745057c4
187073,2022,2,Minor injury,False,0,1072_13803,True,153.367829494015,-28.010437243856494,8c293a52745057c4
187078,2021,5,Minor injury,False,0,1062_13832,True,153.315397840535,-27.8801831265043,8c293a52745057c4
187080,2021,2,Medical treatment,False,0,1070_13805,True,153.359926930115,-28.0008844829776,8c293a52745057c4
187082,2022,6,Minor injury,False,0,1070_13805,True,153.359926930115,-28.0008844829776,8c293a52745057c4
187112,2020,10,Hospitalisation,True,1,1083_13809,True,153.425112925184,-27.983794489481504,8c293a52745057c4
187194,2022,5,Hospitalisation,True,1,1050_13867,True,153.255437270661,-27.719485682158496,8c293a52745057c4
187197,2020,6,Medical treatment,False,0,1084_13801,True,153.429117920428,-28.017149490151798,8c293a52745057c4
187200,2022,3,Minor injury,False,0,1071_13808,True,153.362701931728,-27.986035483143297,8c293a52745057c4
187209,2020,7,Medical treatment,False,0,1067_13816,True,153.341239695843,-27.949087053670908,8c293a52745057c4
187213,2020,2,Medical treatment,False,0,1077_13830,True,153.3950119407,-27.8891454856703,8c293a52745057c4
187242,2020,12,Medical treatment,False,0,1069_13817,True,153.352174938048,-27.945974481758,8c293a52745057c4
187255,2020,11,Medical treatment,False,0,1080_13797,True,153.40800592044002,-28.034942488139393,8c293a52745057c4
187261,2020,7,Minor injury,False,0,1080_13782,True,153.41036791155,-28.101583488902804,8c293a52745057c4
187294,2021,11,Hospitalisation,True,1,1062_13826,True,153.315965947142,-27.906084477765596,8c293a52745057c4
187311,2020,2,Medical treatment,False,0,1086_13790,True,153.440197912779,-28.066796491671504,8c293a52745057c4
187327,2020,2,Medical treatment,False,0,1093_13778,True,153.474005901831,-28.12248749555959,8c293a52745057c4
187328,2020,2,Medical treatment,False,0,1075_13798,True,153.386494923178,-28.032022485925495,8c293a52745057c4
187373,2020,7,Hospitalisation,True,1,1044_13863,True,153.225517978538,-27.737990467275598,8c293a52745057c4
187378,2020,11,Medical treatment,False,0,1056_13845,True,153.28703796143,-27.819414474148402,8c293a52745057c4
187388,2020,9,Hospitalisation,True,1,1052_13848,True,153.267151965522,-27.804368472013998,8c293a52745057c4
187390,2020,12,Medical treatment,False,0,1067_13800,True,153.34477592914,-28.021308481597398,8c293a52745057c4
187393,2020,11,Medical treatment,False,0,1081_13797,True,153.415447919422,-28.036500488909994,8c293a52745057c4
187404,2020,12,Hospitalisation,True,1,1062_13825,True,153.31791478258,-27.9087998549848,8c293a52745057c4
187429,2021,6,Medical treatment,False,0,1057_13804,True,153.290555937,-28.006489475975595,8c293a52745057c4
187434,2021,5,Hospitalisation,True,2,1057_13826,True,153.291240949753,-27.906779475261896,8c293a52745057c4
187436,2023,2,Medical treatment,False,0,1066_13807,True,153.33742493394,-27.9903594806074,8c293a52745057c4
187440,2021,5,Minor injury,False,0,1081_13814,True,153.412482935495,-27.961142741016104,8c293a52745057c4
187443,2021,3,Medical treatment,False,0,1067_13809,True,153.344857934105,-27.9827614813031,8c293a52745057c4
187446,2021,6,Minor injury,False,0,1087_13788,True,153.443570215096,-28.076914020094996,8c293a52745057c4
187454,2020,10,Minor injury,False,0,1060_13839,True,153.305000956237,-27.844634476169297,8c293a52745057c4
187459,2021,6,Hospitalisation,True,1,1045_13758,True,153.234051916822,-28.211384471855595,8c293a52745057c4
187460,2021,6,Medical treatment,False,0,1080_13782,True,153.40989310758903,-28.101683672855195,8c293a52745057c4
187463,2021,7,Minor injury,False,0,1044_13864,True,153.227381978881,-27.7337214674305,8c293a52745057c4
187469,2021,7,Medical treatment,False,0,1074_13805,True,153.378672928294,-27.9990764848707,8c293a52745057c4
187549,2021,7,Medical treatment,False,0,1067_13815,True,153.343302395627,-27.956773693940896,8c293a52745057c4
187551,2021,7,Hospitalisation,True,1,1061_13830,True,153.313508949682,-27.888424477377292,8c293a52745057c4
187553,2021,7,Hospitalisation,True,1,1106_13768,True,153.54436203226803,-28.167124519106295,8c293a52745057c4
187581,2021,12,Minor injury,False,0,1081_13804,True,153.413444923894,-28.003643488447995,8c293a52745057c4
187585,2022,1,Medical treatment,False,0,1081_13797,True,153.415326919437,-28.036486488897598,8c293a52745057c4
187611,2021,10,Medical treatment,False,0,1079_13794,True,153.403289918989,-28.050155487778305,8c293a52745057c4
187614,2022,1,Medical treatment,False,0,1059_13819,True,153.301330944876,-27.936130476516208,8c293a52745057c4
187619,2022,1,Hospitalisation,True,1,1075_13817,True,153.386196034479,-27.944813985210303,8c293a52745057c4
187620,2022,1,Hospitalisation,True,2,1081_13806,True,153.416579924345,-27.997499488719196,8c293a52745057c4
187629,2022,3,Minor injury,False,0,1076_13820,True,153.390527935649,-27.932077485551197,8c293a52745057c4
187634,2022,3,Hospitalisation,True,1,1079_13782,True,153.40613191195,-28.102088488475104,8c293a52745057c4
187642,2022,3,Medical treatment,False,0,1079_13823,True,153.403698936203,-27.916649486771394,8c293a52745057c4
187647,2021,5,Hospitalisation,True,1,1081_13780,True,153.414673909579,-28.113130489432102,8c293a52745057c4
187650,2022,3,Hospitalisation,True,1,1064_13840,True,153.32855295403,-27.8418534785387,8c293a52745057c4
187653,2021,6,Minor injury,False,0,1067_13816,True,153.34275107440303,-27.9512203128413,8c293a52745057c4
187656,2022,3,Medical treatment,False,0,1058_13845,True,153.299466959822,-27.821403475424905,8c293a52745057c4
187658,2021,6,Medical treatment,False,0,1062_13831,True,153.315545143399,-27.881123276526605,8c293a52745057c4
187744,2020,7,Medical treatment,False,0,1083_13804,True,153.423045922501,-28.006276489447295,8c293a52745057c4
187751,2022,5,Hospitalisation,True,1,1090_13780,True,153.45838290480503,-28.1128354938885,8c293a52745057c4
187755,2020,7,Medical treatment,False,0,1078_13821,True,153.398110935357,-27.927922486290797,8c293a52745057c4
187767,2020,11,Medical treatment,False,0,1091_13778,True,153.466943902847,-28.1206534948239,8c293a52745057c4
187774,2020,6,Medical treatment,False,0,1062_13826,True,153.31664894745,-27.903113477811598,8c293a52745057c4
187783,2020,1,Minor injury,False,0,1062_13825,True,153.316873946722,-27.908581477877398,8c293a52745057c4
187798,2022,10,Hospitalisation,True,1,1084_13805,True,153.430870922436,-28.0001544901971,8c293a52745057c4
187804,2020,5,Medical treatment,False,0,1061_13837,True,153.313083953897,-27.85599247707909,8c293a52745057c4
187817,2020,6,Medical treatment,False,0,1080_13812,True,153.40950692902,-27.967335487761495,8c293a52745057c4
187862,2020,2,Hospitalisation,True,1,1084_13793,True,153.428605915441,-28.056078490405092,8c293a52745057c4
187874,2020,3,Minor injury,False,0,1070_13812,True,153.357194934442,-27.969676482454698,8c293a52745057c4
187877,2020,3,Minor injury,False,0,1090_13783,True,153.459480906376,-28.099804493898397,8c293a52745057c4
187878,2020,3,Hospitalisation,True,1,1061_13830,True,153.314031949972,-27.885725477409196,8c293a52745057c4
187879,2020,3,Medical treatment,False,0,1063_13828,True,153.322462437522,-27.897620619358793,8c293a52745057c4
187883,2020,8,Hospitalisation,True,1,1052_13762,True,153.267491915217,-28.195129475115298,8c293a52745057c4
187890,2020,2,Minor injury,False,0,1064_13821,True,153.327903943247,-27.926216479136198,8c293a52745057c4
187891,2020,8,Hospitalisation,True,1,1048_13857,True,153.246128972788,-27.765460469578098,8c293a52745057c4
187894,2021,6,Hospitalisation,True,1,1035_13847,True,153.180474974418,-27.8085264632778,8c293a52745057c4
187896,2020,2,Hospitalisation,True,1,1088_13784,True,153.4528639078,-28.094442493180892,8c293a52745057c4
187902,2020,8,Medical treatment,False,0,1067_13815,True,153.343993937891,-27.954138480990498,8c293a52745057c4
187912,2020,9,Hospitalisation,True,1,1080_13815,True,153.408746930696,-27.955015487587303,8c293a52745057c4
187916,2020,9,Hospitalisation,True,1,1081_13806,True,153.414277924592,-27.997537488484905,8c293a52745057c4
187927,2020,1,Hospitalisation,True,1,1078_13809,True,153.40002892836,-27.980463486898998,8c293a52745057c4
187934,2020,11,Medical treatment,False,0,1058_13845,True,153.295558960329,-27.820769475023404,8c293a52745057c4
187935,2020,9,Medical treatment,False,0,1089_13775,True,153.454224902126,-28.1369854936533,8c293a52745057c4
187942,2020,12,Hospitalisation,True,1,1092_13773,True,153.472161899204,-28.1442644955419,8c293a52745057c4
187948,2020,8,Minor injury,False,0,1075_13798,True,153.385983923157,-28.032622485878196,8c293a52745057c4
187972,2020,12,Medical treatment,False,0,1089_13784,True,153.453848907834,-28.0933464932728,8c293a52745057c4
187974,2021,1,Hospitalisation,True,1,1068_13806,True,153.348414932093,-27.9953414817635,8c293a52745057c4
187992,2021,4,Hospitalisation,True,1,1079_13798,True,153.402390516426,-28.03208141554479,8c293a52745057c4
188008,2021,5,Medical treatment,False,0,1060_13836,True,153.307363953735,-27.862109476546603,8c293a52745057c4
188023,2021,6,Medical treatment,False,0,1083_13809,True,153.422000926071,-27.979572489131,8c293a52745057c4
188059,2020,2,Medical treatment,False,0,1075_13798,True,153.383324269348,-28.033403441613597,8c293a52745057c4
188086,2020,1,Hospitalisation,True,1,1076_13798,True,153.388034641977,-28.032274545084306,8c293a52745057c4
188091,2022,10,Hospitalisation,True,1,1062_13827,True,153.316025947792,-27.900979477731603,8c293a52745057c4
188097,2020,2,Hospitalisation,True,1,1051_13774,True,153.263180922614,-28.1415034742587,8c293a52745057c4
188108,2020,3,Medical treatment,False,0,1067_13815,True,153.344607690554,-27.9562246510693,8c293a52745057c4
188116,2021,7,Medical treatment,False,0,1095_13770,True,153.488044895901,-28.1561974972583,8c293a52745057c4
188133,2021,9,Hospitalisation,True,2,1072_13807,True,153.369289930404,-27.990702483850104,8c293a52745057c4
188154,2022,1,Hospitalisation,True,1,1063_13843,True,153.321850956261,-27.8301694777661,8c293a52745057c4
188156,2022,1,Hospitalisation,True,1,1084_13803,True,153.431166921514,-28.0070234902813,8c293a52745057c4
188159,2021,4,Hospitalisation,True,1,1073_13805,True,153.375273928721,-27.9986594845215,8c293a52745057c4
188160,2022,2,Medical treatment,False,0,1066_13806,True,153.3403639328,-27.996699480955794,8c293a52745057c4
188167,2022,2,Medical treatment,False,0,1073_13813,True,153.373005962416,-27.964217804020198,8c293a52745057c4
188173,2022,2,Hospitalisation,True,1,1092_13776,True,153.471720901046,-28.130463495388696,8c293a52745057c4
188174,2022,2,Minor injury,False,0,1102_13768,True,153.519769891021,-28.166804500586004,8c293a52745057c4
188176,2022,2,Medical treatment,False,0,1071_13789,True,153.363426920429,-28.072880483898494,8c293a52745057c4
188178,2022,2,Medical treatment,False,0,1082_13805,True,153.41718641026,-27.997642146782198,8c293a52745057c4
188192,2022,2,Medical treatment,False,0,1083_13797,True,153.42481091824,-28.037694489873903,8c293a52745057c4
188193,2022,3,Hospitalisation,True,1,1062_13825,True,153.317032946557,-27.909728477902604,8c293a52745057c4
188197,2022,3,Hospitalisation,True,1,1045_13757,True,153.232408916405,-28.216029471725605,8c293a52745057c4
188198,2022,3,Hospitalisation,True,1,1061_13802,True,153.311589933582,-28.0151034781776,8c293a52745057c4
188199,2022,3,Hospitalisation,True,1,1061_13835,True,153.313044952573,-27.8663264771564,8c293a52745057c4
188215,2022,4,Minor injury,False,0,1074_13800,True,153.378634488407,-28.021452580042407,8c293a52745057c4
188218,2022,4,Hospitalisation,True,1,1047_13859,True,153.242860161024,-27.758572540192908,8c293a52745057c4
188225,2022,4,Hospitalisation,True,1,1094_13776,True,153.483467899722,-28.130695496590697,8c293a52745057c4
188228,2022,2,Hospitalisation,True,1,1077_13819,True,153.39634093455,-27.935676486171495,8c293a52745057c4
188230,2022,1,Minor injury,False,0,1082_13791,True,153.419908556336,-28.064264123582507,8c293a52745057c4
188324,2020,8,Hospitalisation,True,1,1082_13800,True,153.418119920769,-28.023825489082896,8c293a52745057c4
188362,2020,6,Hospitalisation,True,2,1085_13778,True,153.436933905979,-28.1219854917713,8c293a52745057c4
188364,2021,9,Hospitalisation,True,1,1075_13817,True,153.385112934449,-27.945962485108993,8c293a52745057c4
188366,2020,6,Medical treatment,False,0,1059_13818,True,153.302598944147,-27.940715476680907,8c293a52745057c4
188369,2020,6,Medical treatment,False,0,1080_13808,True,153.408103926856,-27.985260487759298,8c293a52745057c4
188371,2020,6,Medical treatment,False,0,1081_13814,True,153.41193492965402,-27.96037948795429,8c293a52745057c4
188374,2020,6,Hospitalisation,True,1,1055_13836,True,153.282447956745,-27.859813474000788,8c293a52745057c4
188383,2020,4,Medical treatment,False,0,1080_13782,True,153.409885911588,-28.101698488854602,8c293a52745057c4
188399,2023,3,Hospitalisation,True,1,1077_13810,True,153.391860929824,-27.976054486032496,8c293a52745057c4
188402,2024,7,Hospitalisation,True,2,1082_13810,True,153.420732926791,-27.9750784889665,8c293a52745057c4
188409,2020,3,Hospitalisation,True,1,1071_13802,True,153.3612129573,-28.013854887210197,8c293a52745057c4
188427,2024,11,Medical treatment,False,0,1060_13839,True,153.30482395621,-27.844993476154205,8c293a52745057c4
188431,2021,4,Medical treatment,False,0,1091_13777,True,153.465222902593,-28.12406949467499,8c293a52745057c4
188432,2021,4,Medical treatment,False,0,1077_13785,True,153.393190914756,-28.091427487073297,8c293a52745057c4
188449,2020,6,Hospitalisation,True,1,1079_13795,True,153.403684720629,-28.044869968777,8c293a52745057c4
188456,2020,1,Minor injury,False,0,1051_13849,True,153.263404948161,-27.802560391620094,8c293a52745057c4
188459,2020,3,Medical treatment,False,0,1069_13801,True,153.353981928675,-28.017088482500196,8c293a52745057c4
188478,2021,10,Minor injury,False,0,1061_13834,True,153.313133668092,-27.869996643194302,8c293a52745057c4
188490,2020,10,Hospitalisation,True,1,1081_13812,True,153.41183292858602,-27.968725488009397,8c293a52745057c4
188523,2020,12,Medical treatment,False,0,1048_13858,True,153.246520973068,-27.762946469598,8c293a52745057c4
188526,2021,1,Medical treatment,False,0,1080_13813,True,153.40727945784,-27.962877909499504,8c293a52745057c4
188546,2021,2,Medical treatment,False,0,1080_13809,True,153.410770926949,-27.982287488007696,8c293a52745057c4
188552,2021,2,Hospitalisation,True,1,1042_13860,True,153.217336977755,-27.751058466551,8c293a52745057c4
188570,2020,6,Hospitalisation,True,1,1088_13785,True,153.44915590863,-28.0911914927769,8c293a52745057c4
188575,2021,4,Medical treatment,False,0,1084_13798,True,153.431194918621,-28.0293404904593,8c293a52745057c4
188587,2021,6,Medical treatment,False,0,1083_13814,True,153.426764928441,-27.957217489441096,8c293a52745057c4
188593,2021,6,Hospitalisation,True,1,1046_13753,True,153.238824913212,-28.2352594725255,8c293a52745057c4
188604,2020,11,Minor injury,False,0,1051_13853,True,153.26091696869,-27.784930471229195,8c293a52745057c4
188608,2021,2,Medical treatment,False,0,1078_13814,True,153.400641931191,-27.958042486785295,8c293a52745057c4
188614,2021,5,Hospitalisation,True,1,1061_13832,True,153.314541950956,-27.877636477397395,8c293a52745057c4
188636,2021,8,Medical treatment,False,0,1061_13834,True,153.313108952136,-27.8696734771892,8c293a52745057c4
188637,2021,8,Minor injury,False,0,1084_13808,True,153.429697924568,-27.984675489955904,8c293a52745057c4
188639,2021,8,Medical treatment,False,0,1084_13808,True,153.429895212333,-27.986325774989005,8c293a52745057c4
188640,2021,9,Medical treatment,False,0,1061_13832,True,153.314352951056,-27.877017477373304,8c293a52745057c4
188649,2022,10,Minor injury,False,0,1089_13779,True,153.454041904927,-28.115576493466797,8c293a52745057c4
188655,2022,10,Hospitalisation,True,1,1057_13838,True,153.293011956932,-27.849392474990296,8c293a52745057c4
188658,2022,10,Minor injury,False,0,1047_13808,True,153.243073944513,-27.988568471023008,8c293a52745057c4
188662,2020,5,Hospitalisation,True,1,1049_13857,True,153.249372591304,-27.766492148914697,8c293a52745057c4
188678,2020,7,Hospitalisation,True,1,1049_13855,True,153.25169097125004,-27.77276147019881,8c293a52745057c4
188704,2021,12,Hospitalisation,True,2,1075_13787,True,153.386418916931,-28.0803754862971,8c293a52745057c4
188710,2021,12,Medical treatment,False,0,1061_13833,True,153.313283951492,-27.8745364772453,8c293a52745057c4
188716,2021,12,Hospitalisation,True,4,1061_13834,True,153.312157392287,-27.869307915089795,8c293a52745057c4
188719,2021,12,Hospitalisation,True,1,1086_13784,True,153.442484101802,-28.095523303130097,8c293a52745057c4
188749,2022,2,Medical treatment,False,0,1091_13780,True,153.463852904165,-28.1131264944493,8c293a52745057c4
188751,2022,2,Minor injury,False,0,1080_13813,True,153.40826792961,-27.9638174876076,8c293a52745057c4
188763,2021,5,Medical treatment,False,0,1086_13783,True,153.438983908521,-28.100658491813192,8c293a52745057c4
188770,2021,4,Medical treatment,False,0,1085_13796,True,153.437083143424,-28.041315451153892,8c293a52745057c4
188771,2021,6,Medical treatment,False,0,1061_13833,True,153.314135978506,-27.87370632732519,8c293a52745057c4
188790,2021,6,Medical treatment,False,0,1101_13769,True,153.515964200816,-28.163922710174003,8c293a52745057c4
188830,2020,2,Hospitalisation,True,1,1084_13804,True,153.431277921927,-28.0037434902668,8c293a52745057c4
188847,2020,2,Medical treatment,False,0,1070_13813,True,153.35712993542,-27.962152482389,8c293a52745057c4
188848,2020,3,Medical treatment,False,0,1067_13833,True,153.340974948331,-27.875639480066603,8c293a52745057c4
188866,2020,12,Hospitalisation,True,1,1066_13805,True,153.33943593274,-27.997951480871297,8c293a52745057c4
188869,2020,2,Medical treatment,False,0,1074_13814,True,153.380868933008,-27.9607194847929,8c293a52745057c4
188883,2021,5,Minor injury,False,0,1066_13806,True,153.339485079765,-27.997719086874504,8c293a52745057c4
188885,2021,5,Medical treatment,False,0,1066_13806,True,153.339485923762,-27.997741698874798,8c293a52745057c4
188905,2022,4,Minor injury,False,0,1084_13795,True,153.429277770728,-28.045580908391198,8c293a52745057c4
188912,2022,5,Hospitalisation,True,1,1074_13810,True,153.381042930909,-27.9768244849372,8c293a52745057c4
188972,2020,11,Medical treatment,False,0,1060_13836,True,153.309347954013,-27.858258476717687,8c293a52745057c4
188989,2021,4,Medical treatment,False,0,1080_13811,True,153.410791928221,-27.972433487932502,8c293a52745057c4
188997,2021,6,Medical treatment,False,0,1066_13807,True,153.337221934032,-27.9898144805825,8c293a52745057c4
188999,2021,5,Hospitalisation,True,1,1074_13810,True,153.381042930909,-27.9768244849372,8c293a52745057c4
189008,2021,6,Minor injury,False,0,1060_13836,True,153.309404443985,-27.858432365724802,8c293a52745057c4
189024,2020,5,Hospitalisation,True,1,1080_13812,True,153.406967929276,-27.967501487504098,8c293a52745057c4
189031,2021,10,Hospitalisation,True,1,1087_13787,True,153.44697391022302,-28.080762492472495,8c293a52745057c4
189044,2020,6,Medical treatment,False,0,1079_13819,True,153.404736933471,-27.9369244870365,8c293a52745057c4
189045,2020,6,Hospitalisation,True,1,1089_13784,True,153.453862599858,-28.0931503652727,8c293a52745057c4
189047,2020,6,Hospitalisation,True,1,1064_13828,True,153.328522947188,-27.895072478954294,8c293a52745057c4
189063,2020,10,Hospitalisation,True,1,1089_13778,True,153.454937539962,-28.1222487026105,8c293a52745057c4
189066,2020,10,Hospitalisation,True,2,1079_13819,True,153.403432657714,-27.93615004789759,8c293a52745057c4
189071,2020,10,Minor injury,False,0,1087_13779,True,153.446756149728,-28.1155865547233,8c293a52745057c4
189073,2020,10,Medical treatment,False,0,1076_13821,True,153.388574936238,-27.929171485329505,8c293a52745057c4
189075,2020,10,Minor injury,False,0,1080_13811,True,153.410839928176,-27.972740487939802,8c293a52745057c4
189076,2020,10,Hospitalisation,True,1,1103_13767,True,153.528461889533,-28.170864501507495,8c293a52745057c4
189081,2021,2,Hospitalisation,True,1,1075_13813,True,153.385820931893,-27.965159485331895,8c293a52745057c4
189099,2021,2,Hospitalisation,True,1,1064_13841,True,153.328802954328,-27.839325478544204,8c293a52745057c4
189101,2021,2,Medical treatment,False,0,1076_13789,True,153.388184917613,-28.07360848642381,8c293a52745057c4
189107,2021,2,Medical treatment,False,0,1064_13825,True,153.325883945786,-27.908207478789492,8c293a52745057c4
189109,2022,2,Hospitalisation,True,1,1065_13820,True,153.333268942022,-27.931174479720205,8c293a52745057c4
189117,2021,2,Medical treatment,False,0,1081_13813,True,153.413931929098,-27.962986488178295,8c293a52745057c4
189123,2021,2,Hospitalisation,True,2,1064_13821,True,153.32909694296,-27.927429479266902,8c293a52745057c4
189133,2021,2,Medical treatment,False,0,1062_13844,True,153.317241957535,-27.824156477250693,8c293a52745057c4
189139,2021,6,Medical treatment,False,0,1066_13805,True,153.338056393688,-27.9995284807435,8c293a52745057c4
189155,2021,4,Hospitalisation,True,1,1090_13778,True,153.460563903608,-28.120202494168904,8c293a52745057c4
189169,2021,6,Medical treatment,False,0,1077_13798,True,153.391904922614,-28.031793486474594,8c293a52745057c4
189170,2021,6,Hospitalisation,True,1,1051_13827,True,153.263082070697,-27.900010037354,8c293a52745057c4
189180,2021,6,Medical treatment,False,0,1079_13813,True,153.402499930351,-27.962968487013306,8c293a52745057c4
189188,2021,9,Hospitalisation,True,1,1047_13859,True,153.23999497474304,-27.7553874688777,8c293a52745057c4
189189,2021,10,Minor injury,False,0,1082_13779,True,153.422007908403,-28.115968490201993,8c293a52745057c4
189190,2021,9,Hospitalisation,True,1,1080_13818,True,153.407553932837,-27.939448487343405,8c293a52745057c4
189201,2021,11,Medical treatment,False,0,1088_13772,True,153.450594915126,-28.1477649853672,8c293a52745057c4
189211,2021,11,Hospitalisation,True,2,1041_13859,True,153.213029977622,-27.7557564661524,8c293a52745057c4
189237,2020,9,Hospitalisation,True,1,1071_13788,True,153.365250303711,-28.076885199115402,8c293a52745057c4
189243,2021,2,Hospitalisation,True,1,1083_13809,True,153.424240925422,-27.982694489383896,8c293a52745057c4
189245,2021,2,Hospitalisation,True,1,1065_13815,True,153.331819939108,-27.9550294797604,8c293a52745057c4
189246,2020,10,Medical treatment,False,0,1067_13808,True,153.341391934141,-27.985429480971792,8c293a52745057c4
189257,2020,12,Minor injury,False,0,1075_13787,True,153.386375916922,-28.0804804862935,8c293a52745057c4
189264,2020,11,Medical treatment,False,0,1061_13832,True,153.31428195108,-27.876891477365092,8c293a52745057c4
189270,2021,2,Minor injury,False,0,1073_13820,True,153.374267937508,-27.931436483891,8c293a52745057c4
189272,2021,12,Hospitalisation,True,2,1079_13811,True,153.403285928887,-27.973628487177102,8c293a52745057c4
189273,2021,12,Medical treatment,False,0,1092_13777,True,153.469660901581,-28.128093495159696,8c293a52745057c4
189277,2021,12,Minor injury,False,0,1071_13832,True,153.361749945808,-27.877649482194602,8c293a52745057c4
189279,2021,12,Medical treatment,False,0,1083_13783,True,153.424303910062,-28.1012314903205,8c293a52745057c4
189280,2021,12,Medical treatment,False,0,1101_13768,True,153.519239891174,-28.166083500526092,8c293a52745057c4
189282,2021,12,Medical treatment,False,0,1066_13815,True,153.33810293867,-27.953093480383608,8c293a52745057c4
189288,2021,12,Minor injury,False,0,1061_13835,True,153.31479095236102,-27.8665004773351,8c293a52745057c4
189289,2021,12,Hospitalisation,True,1,1080_13792,True,153.40752391753,-28.057834488269894,8c293a52745057c4
189292,2022,1,Hospitalisation,True,1,1058_13827,True,153.296148445941,-27.90114467571539,8c293a52745057c4
189295,2022,2,Fatal,True,1,1086_13768,True,153.44267589929,-28.168622492722502,8c293a52745057c4
189302,2022,1,Hospitalisation,True,1,1080_13787,True,153.407203161793,-28.079239808405088,8c293a52745057c4
189310,2021,12,Medical treatment,False,0,1080_13810,True,153.410982927684,-27.976418487983295,8c293a52745057c4
189314,2022,2,Medical treatment,False,0,1082_13783,True,153.421308504429,-28.100936721012804,8c293a52745057c4
189319,2022,2,Medical treatment,False,0,1074_13815,True,153.381170933454,-27.957004484794503,8c293a52745057c4
189320,2022,2,Medical treatment,False,0,1078_13813,True,153.400527930462,-27.963779486818805,8c293a52745057c4
189326,2021,11,Minor injury,False,0,1077_13808,True,153.392865928184,-27.987895486227803,8c293a52745057c4
189329,2022,1,Minor injury,False,0,1077_13806,True,153.391725128209,-27.996411599178504,8c293a52745057c4
189334,2022,3,Hospitalisation,True,1,1102_13768,True,153.522240897745,-28.166835240839102,8c293a52745057c4
189337,2022,3,Hospitalisation,True,1,1040_13846,True,153.208061870584,-27.815036781116696,8c293a52745057c4
189343,2022,3,Hospitalisation,True,1,1075_13813,True,153.38581193191104,-27.9650214853299,8c293a52745057c4
189344,2022,3,Medical treatment,False,0,1084_13799,True,153.431672564714,-28.028218675499193,8c293a52745057c4
189345,2022,3,Hospitalisation,True,1,1071_13787,True,153.36558291918,-28.080704484179197,8c293a52745057c4
189361,2020,5,Hospitalisation,True,1,1067_13808,True,153.34127693404,-27.986310480967,8c293a52745057c4
189383,2020,8,Medical treatment,False,0,1066_13807,True,153.340564933532,-27.9908524809303,8c293a52745057c4
189386,2020,9,Hospitalisation,True,2,1056_13845,True,153.287098961357,-27.819931474158693,8c293a52745057c4
189398,2020,3,Minor injury,False,0,1077_13792,True,153.393597919178,-28.056920486844096,8c293a52745057c4
189409,2020,3,Hospitalisation,True,1,1055_13830,True,153.283810953174,-27.886465474348693,8c293a52745057c4
189414,2020,2,Hospitalisation,True,1,1085_13780,True,153.436298907174,-28.1133104916385,8c293a52745057c4
189445,2020,5,Hospitalisation,True,2,1064_13821,True,153.329298942959,-27.927268479286198,8c293a52745057c4
189455,2020,5,Hospitalisation,True,1,1078_13819,True,153.39759793441203,-27.935676486299503,8c293a52745057c4
189461,2020,5,Medical treatment,False,0,1075_13827,True,153.383884940554,-27.8996884846203,8c293a52745057c4
189470,2021,8,Medical treatment,False,0,1066_13805,True,153.339387152678,-27.998474311870492,8c293a52745057c4
189477,2023,7,Hospitalisation,True,1,1058_13848,True,153.295804962281,-27.805349474926995,8c293a52745057c4
189478,2021,10,Medical treatment,False,0,1070_13792,True,153.359517922489,-28.060272483402002,8c293a52745057c4
189483,2022,4,Medical treatment,False,0,1084_13802,True,153.431093920685,-28.013490490324592,8c293a52745057c4
189504,2020,9,Medical treatment,False,0,1082_13811,True,153.419300927495,-27.970845488787294,8c293a52745057c4
189514,2020,9,Minor injury,False,0,1075_13787,True,153.384520917143,-28.080350486103697,8c293a52745057c4
189523,2020,8,Medical treatment,False,0,1071_13787,True,153.36558291918,-28.080704484179197,8c293a52745057c4
189551,2020,8,Hospitalisation,True,2,1067_13816,True,153.340677938589,-27.951536480633102,8c293a52745057c4
189592,2023,11,Medical treatment,False,0,1105_13767,True,153.538443888681,-28.168955502514592,8c293a52745057c4
189606,2020,6,Minor injury,False,0,1083_13794,True,153.427049916659,-28.0480024901831,8c293a52745057c4
189607,2021,11,Medical treatment,False,0,1078_13811,True,153.400981928972,-27.9749214869525,8c293a52745057c4
189616,2020,7,Minor injury,False,0,1071_13789,True,153.364653920376,-28.072252484018396,8c293a52745057c4
189630,2020,8,Minor injury,False,0,1080_13814,True,153.408787930378,-27.9574354876105,8c293a52745057c4
189645,2020,9,Minor injury,False,0,1077_13810,True,153.39151992989,-27.97583348599599,8c293a52745057c4
189663,2020,3,Hospitalisation,True,3,1050_13791,True,153.255166933461,-28.064168472840798,8c293a52745057c4
189669,2020,7,Medical treatment,False,0,1066_13822,True,153.33787694267,-27.922234480118103,8c293a52745057c4
189677,2020,11,Medical treatment,False,0,1079_13782,True,153.405162911778,-28.1042424883932,8c293a52745057c4
189713,2021,2,Medical treatment,False,0,1077_13813,True,153.395138931305,-27.9618194862545,8c293a52745057c4
189725,2021,6,Hospitalisation,True,2,1058_13805,True,153.299434936853,-28.000066476825896,8c293a52745057c4
189728,2021,6,Hospitalisation,True,1,1082_13795,True,153.417363833042,-28.045529083176095,8c293a52745057c4
189729,2021,6,Medical treatment,False,0,1066_13820,True,153.33699094137,-27.9330814801134,8c293a52745057c4
189731,2021,6,Hospitalisation,True,1,1059_13825,True,153.303599948109,-27.9090624765338,8c293a52745057c4
189761,2021,7,Minor injury,False,0,1076_13787,True,153.387224916865,-28.080199486377797,8c293a52745057c4
189771,2021,9,Hospitalisation,True,1,1072_13800,True,153.370911881312,-28.021007586252995,8c293a52745057c4
189789,2021,9,Medical treatment,False,0,1072_13803,True,153.368063927966,-28.0106214838817,8c293a52745057c4
189793,2021,2,Hospitalisation,True,1,1064_13817,True,153.325405940945,-27.946212479039602,8c293a52745057c4
189800,2021,10,Hospitalisation,True,1,1071_13854,True,153.363602958094,-27.7806174816193,8c293a52745057c4
189806,2022,4,Minor injury,False,0,1080_13815,True,153.409458930397,-27.95672748767331,8c293a52745057c4
189821,2021,9,Hospitalisation,True,1,1045_13864,True,153.2292529605,-27.7351154566308,8c293a52745057c4
189881,2022,8,Medical treatment,False,0,1071_13789,True,153.364654920363,-28.0723514840193,8c293a52745057c4
189882,2022,8,Medical treatment,False,0,1083_13782,True,153.424815870587,-28.10445983539809,8c293a52745057c4
189892,2022,2,Hospitalisation,True,1,1083_13776,True,153.425099121109,-28.131027551635196,8c293a52745057c4
189951,2020,1,Hospitalisation,True,1,1082_13800,True,153.418216920811,-28.023421489089596,8c293a52745057c4
190006,2020,7,Hospitalisation,True,1,1069_13813,True,153.353557935877,-27.9616354820217,8c293a52745057c4
190015,2021,8,Hospitalisation,True,1,1062_13831,True,153.315479950406,-27.881123477519996,8c293a52745057c4
190034,2021,7,Medical treatment,False,0,1084_13802,True,153.429534399116,-28.011482123149797,8c293a52745057c4
190037,2023,6,Minor injury,False,0,1083_13805,True,153.426700922754,-28.0012284897803,8c293a52745057c4
190048,2023,5,Medical treatment,False,0,1074_13814,True,153.378617933385,-27.959705484555894,8c293a52745057c4
190051,2023,5,Hospitalisation,True,1,1066_13807,True,153.339964933362,-27.992680480883696,8c293a52745057c4
190052,2022,5,Hospitalisation,True,1,1084_13802,True,153.431254920645,-28.013663490342402,8c293a52745057c4
190162,2021,10,Medical treatment,False,0,1086_13792,True,153.438256093854,-28.060150491421293,8c293a52745057c4
190163,2020,8,Medical treatment,False,0,1080_13786,True,153.408106913655,-28.08725148856,8c293a52745057c4
190168,2022,4,Medical treatment,False,0,1080_13796,True,153.407776919712,-28.040763488161705,8c293a52745057c4
190181,2022,5,Medical treatment,False,0,1075_13798,True,153.385983923157,-28.032622485878196,8c293a52745057c4
190271,2020,1,Minor injury,False,0,1077_13806,True,153.39511092725,-27.993221486498292,8c293a52745057c4
190277,2020,1,Medical treatment,False,0,1080_13808,True,153.408103926856,-27.985260487759298,8c293a52745057c4
190291,2020,3,Medical treatment,False,0,1081_13789,True,153.413422945226,-28.070613883971312,8c293a52745057c4
190295,2020,5,Medical treatment,False,0,1081_13806,True,153.413714924971,-27.995085488408296,8c293a52745057c4
190334,2021,8,Medical treatment,False,0,1067_13816,True,153.343164257247,-27.95207804689,8c293a52745057c4
190343,2021,11,Minor injury,False,0,1061_13833,True,153.313962951513,-27.873796477308392,8c293a52745057c4
190355,2022,8,Hospitalisation,True,4,1078_13790,True,153.397426917357,-28.0677364873189,8c293a52745057c4
190363,2023,1,Hospitalisation,True,3,1064_13801,True,153.325938402805,-28.016675873647,8c293a52745057c4
190371,2020,6,Medical treatment,False,0,1080_13812,True,153.406782929419,-27.9665574874778,8c293a52745057c4
190530,2022,10,Hospitalisation,True,1,1063_13818,True,153.325047941883,-27.939235478948397,8c293a52745057c4
190711,2020,2,Hospitalisation,True,2,1076_13820,True,153.390471935352,-27.934426485563996,8c293a52745057c4
190716,2021,3,Hospitalisation,True,1,1082_13763,True,153.420396143146,-28.188669918607204,8c293a52745057c4
190723,2020,2,Medical treatment,False,0,1082_13792,True,153.41845391623,-28.058600489389804,8c293a52745057c4
190812,2021,11,Medical treatment,False,0,1074_13785,True,153.379771916619,-28.088436485683594,8c293a52745057c4
190823,2021,5,Hospitalisation,True,1,1049_13852,True,153.250256969691,-27.786155470159095,8c293a52745057c4
190886,2023,5,Hospitalisation,True,1,1075_13798,True,153.385983923157,-28.032622485878196,8c293a52745057c4
190919,2023,5,Medical treatment,False,0,1083_13777,True,153.426204906726,-28.125332490703293,8c293a52745057c4
190936,2020,10,Medical treatment,False,0,1071_13832,True,153.362291945692,-27.878094482253292,8c293a52745057c4
190958,2021,1,Hospitalisation,True,1,1087_13787,True,153.446655910394,-28.079712492431806,8c293a52745057c4
191064,2021,3,Medical treatment,False,0,1077_13808,True,153.392662928249,-27.987567486204586,8c293a52745057c4
191075,2021,4,Hospitalisation,True,1,1070_13813,True,153.357168935409,-27.96220248239331,8c293a52745057c4
191076,2022,7,Hospitalisation,True,1,1078_13784,True,153.397347913626,-28.096619387537398,8c293a52745057c4
191119,2020,1,Minor injury,False,0,1066_13829,True,153.33833594646,-27.8924144799304,8c293a52745057c4
191161,2020,8,Hospitalisation,True,1,1059_13806,True,153.303875936738,-27.9971804772539,8c293a52745057c4
191174,2020,8,Medical treatment,False,0,1062_13844,True,153.317241957535,-27.824156477250693,8c293a52745057c4
191186,2021,9,Hospitalisation,True,1,1052_13824,True,153.266477951381,-27.915163472817202,8c293a52745057c4
191199,2021,9,Hospitalisation,True,1,1045_13862,True,153.231295977356,-27.742328467894396,8c293a52745057c4
191279,2020,2,Minor injury,False,0,1083_13805,True,153.427133923087,-27.9982904898014,8c293a52745057c4
191281,2024,10,Medical treatment,False,0,1067_13808,True,153.341249298051,-27.986245860963702,8c293a52745057c4
191282,2020,2,Medical treatment,False,0,1060_13837,True,153.307454954293,-27.857683476520997,8c293a52745057c4
191371,2021,12,Minor injury,False,0,1080_13814,True,153.408495930153,-27.959424487596305,8c293a52745057c4
191393,2020,9,Medical treatment,False,0,1073_13817,True,153.373752935488,-27.9475304839651,8c293a52745057c4
191416,2021,11,Minor injury,False,0,1083_13794,True,153.427221916636,-28.0480344902008,8c293a52745057c4
191445,2020,6,Minor injury,False,0,1061_13807,True,153.313344827373,-27.991954667174095,8c293a52745057c4
191472,2021,3,Minor injury,False,0,1067_13805,True,153.34524507760202,-28.001836456492295,8c293a52745057c4
191485,2020,1,Hospitalisation,True,1,1049_13795,True,153.251007936624,-28.043148472254696,8c293a52745057c4
191492,2020,2,Hospitalisation,True,1,1067_13810,True,153.340961934975,-27.9793234808802,8c293a52745057c4
191495,2021,5,Hospitalisation,True,1,1083_13779,True,153.425674907971,-28.116189490577597,8c293a52745057c4
191500,2021,2,Hospitalisation,True,1,1053_13816,True,153.272036082017,-27.9521802836713,8c293a52745057c4
191508,2022,10,Hospitalisation,True,1,1064_13844,True,153.325986956498,-27.824825478144096,8c293a52745057c4
191514,2020,11,Hospitalisation,True,1,1075_13820,True,153.385368583092,-27.933017856033295,8c293a52745057c4
191526,2020,11,Minor injury,False,0,1064_13822,True,153.326865943723,-27.9234004790086,8c293a52745057c4
191549,2020,11,Hospitalisation,True,1,1084_13779,True,153.430233907511,-28.1158614910399,8c293a52745057c4
191561,2022,7,Hospitalisation,True,1,1084_13801,True,153.428003975497,-28.0175613150414,8c293a52745057c4
191587,2022,8,Hospitalisation,True,1,1057_13847,True,153.292286967105,-27.8097000386044,8c293a52745057c4
191599,2020,9,Hospitalisation,True,2,1083_13797,True,153.425484200503,-28.0350916369221,8c293a52745057c4
191648,2023,3,Medical treatment,False,0,1078_13824,True,153.398079937365,-27.912397486165602,8c293a52745057c4
191672,2023,3,Hospitalisation,True,1,1067_13809,True,153.344857934105,-27.9827614813031,8c293a52745057c4
191717,2020,11,Hospitalisation,True,1,1073_13787,True,153.374132918076,-28.08197448505899,8c293a52745057c4
191719,2020,11,Medical treatment,False,0,1053_13760,True,153.271683913657,-28.203614475606592,8c293a52745057c4
191723,2020,7,Medical treatment,False,0,1084_13805,True,153.427330923165,-27.997516489815403,8c293a52745057c4
191741,2020,8,Minor injury,False,0,1083_13786,True,153.424709912005,-28.0858954902417,8c293a52745057c4
191745,2020,11,Hospitalisation,True,1,1057_13832,True,153.289752017337,-27.880145820901504,8c293a52745057c4
191747,2020,8,Hospitalisation,True,1,1077_13830,True,153.393820941144,-27.886708485529798,8c293a52745057c4
191751,2020,8,Medical treatment,False,0,1082_13785,True,153.421167911809,-28.090412489916,8c293a52745057c4
191762,2021,10,Minor injury,False,0,1067_13809,True,153.345117639126,-27.982377350326495,8c293a52745057c4
191786,2020,4,Medical treatment,False,0,1075_13808,True,153.384613929254,-27.98661448537759,8c293a52745057c4
191789,2023,1,Minor injury,False,0,1049_13855,True,153.251752907967,-27.77492080122209,8c293a52745057c4
191796,2023,1,Medical treatment,False,0,1090_13782,True,153.461014905711,-28.103629494085,8c293a52745057c4
191862,2024,3,Hospitalisation,True,2,1083_13809,True,153.424551925388,-27.9826924894156,8c293a52745057c4
191863,2020,2,Medical treatment,False,0,1070_13794,True,153.359680923973,-28.048650483327407,8c293a52745057c4
191903,2021,4,Hospitalisation,True,1,1064_13831,True,153.326948175009,-27.8822544696935,8c293a52745057c4
191905,2021,4,Medical treatment,False,0,1085_13795,True,153.43506575313,-28.045290190979298,8c293a52745057c4
191919,2021,5,Hospitalisation,True,1,1073_13820,True,153.371676937919,-27.930450483619598,8c293a52745057c4
191990,2023,8,Hospitalisation,True,1,1059_13851,True,153.30139096352,-27.790960475380505,8c293a52745057c4
192019,2020,3,Hospitalisation,True,1,1080_13811,True,153.410738706256,-27.972207112925293,8c293a52745057c4
192023,2020,3,Hospitalisation,True,2,1081_13811,True,153.413949566112,-27.970599489239895,8c293a52745057c4
192024,2020,3,Medical treatment,False,0,1082_13789,True,153.421109914102,-28.072768489771693,8c293a52745057c4
192025,2020,3,Minor injury,False,0,1048_13859,True,153.244483973866,-27.758435469356193,8c293a52745057c4
192027,2020,6,Minor injury,False,0,1070_13805,True,153.360117930121,-28.0006754829954,8c293a52745057c4
192028,2020,3,Hospitalisation,True,1,1055_13834,True,153.281566955414,-27.870923473998904,8c293a52745057c4
192029,2020,3,Fatal,True,1,1098_13771,True,153.50002889527,-28.1508924984419,8c293a52745057c4
192031,2020,9,Medical treatment,False,0,1064_13804,True,153.327248933463,-28.00270347967041,8c293a52745057c4
192032,2020,7,Hospitalisation,True,1,1063_13805,True,153.323374934039,-28.00153447926779,8c293a52745057c4
192033,2020,3,Medical treatment,False,0,1060_13836,True,153.307266954267,-27.858048476504795,8c293a52745057c4
192044,2020,5,Medical treatment,False,0,1093_13777,True,153.476658900874,-28.127603495870808,8c293a52745057c4
192047,2020,5,Hospitalisation,True,3,1067_13810,True,153.344373934942,-27.976684481206195,8c293a52745057c4
192052,2020,6,Medical treatment,False,0,1066_13807,True,153.337633933958,-27.9900424806261,8c293a52745057c4
192059,2020,6,Hospitalisation,True,4,1068_13806,True,153.347748932211,-27.994988481692996,8c293a52745057c4
192072,2020,10,Hospitalisation,True,1,1066_13807,True,153.337633933958,-27.9900424806261,8c293a52745057c4
192076,2020,7,Medical treatment,False,0,1066_13806,True,153.339955933259,-27.993487480889097,8c293a52745057c4
192079,2020,10,Medical treatment,False,0,1060_13834,True,153.304975952969,-27.870091476366998,8c293a52745057c4
192085,2020,10,Hospitalisation,True,1,1078_13819,True,153.400491862744,-27.938401676615698,8c293a52745057c4
192122,2020,11,Medical treatment,False,0,1080_13810,True,153.41153981737003,-27.9783789800554,8c293a52745057c4
192126,2020,11,Minor injury,False,0,1081_13814,True,153.41193492965402,-27.96037948795429,8c293a52745057c4
192176,2021,7,Hospitalisation,True,1,1065_13820,True,153.334032554853,-27.931837479802997,8c293a52745057c4
192186,2021,7,Medical treatment,False,0,1081_13810,True,153.414106927353,-27.976339488300994,8c293a52745057c4
192188,2021,8,Hospitalisation,True,1,1084_13805,True,153.429837942854,-27.997799421073307,8c293a52745057c4
192203,2021,8,Minor injury,False,0,1081_13805,True,153.414299569461,-27.9985317184949,8c293a52745057c4
192206,2021,8,Medical treatment,False,0,1082_13812,True,153.418494927764,-27.9694434886941,8c293a52745057c4
192232,2020,2,Medical treatment,False,0,1062_13832,True,153.315072950618,-27.879818477468408,8c293a52745057c4
192286,2020,5,Hospitalisation,True,1,1073_13820,True,153.373593441625,-27.931107066819795,8c293a52745057c4
192303,2020,8,Minor injury,False,0,1087_13789,True,153.444174911575,-28.0727074921237,8c293a52745057c4
192326,2022,12,Minor injury,False,0,1075_13798,True,153.385264923252,-28.032497485803997,8c293a52745057c4
192330,2020,9,Hospitalisation,True,1,1078_13819,True,153.396936934513,-27.9354554862304,8c293a52745057c4
192331,2020,9,Hospitalisation,True,1,1074_13808,True,153.380434929785,-27.986044484947698,8c293a52745057c4
192335,2020,4,Medical treatment,False,0,1083_13804,True,153.426332922673,-28.0021654897502,8c293a52745057c4
192430,2020,2,Hospitalisation,True,1,1073_13809,True,153.371825065112,-27.983071885048105,8c293a52745057c4
192454,2020,2,Hospitalisation,True,1,1063_13831,True,153.323950949261,-27.8828384783937,8c293a52745057c4
192461,2020,2,Hospitalisation,True,1,1062_13844,True,153.319092957299,-27.824426477440795,8c293a52745057c4
192566,2020,1,Hospitalisation,True,1,1046_13860,True,153.236497975775,-27.75028746848359,8c293a52745057c4
192572,2022,3,Minor injury,False,0,1082_13791,True,153.419080915328,-28.065032489504205,8c293a52745057c4
192573,2022,10,Hospitalisation,True,1,1101_13768,True,153.518639891236,-28.166114500465,8c293a52745057c4
192600,2020,5,Medical treatment,False,0,1060_13834,True,153.304900952963,-27.870199476360202,8c293a52745057c4
192602,2020,7,Hospitalisation,True,1,1076_13810,True,153.39124992989403,-27.9760354859701,8c293a52745057c4
192609,2020,7,Hospitalisation,True,1,1061_13832,True,153.314488950948,-27.877743477392805,8c293a52745057c4
192646,2020,7,Hospitalisation,True,1,1067_13809,True,153.345222686092,-27.982550124338605,8c293a52745057c4
192656,2020,10,Hospitalisation,True,1,1050_13776,True,153.255906702917,-28.129862119430502,8c293a52745057c4
192659,2020,8,Medical treatment,False,0,1066_13805,True,153.340213932615,-27.99826248095289,8c293a52745057c4
192662,2020,10,Minor injury,False,0,1066_13805,True,153.340155932625,-27.99823048094669,8c293a52745057c4
192664,2020,8,Medical treatment,False,0,1083_13812,True,153.426926927038,-27.967931489541797,8c293a52745057c4
192665,2020,10,Minor injury,False,0,1068_13801,True,153.347299929552,-28.015972481812106,8c293a52745057c4
192670,2020,8,Medical treatment,False,0,1064_13805,True,153.327794933681,-28.000549479709008,8c293a52745057c4
192672,2020,8,Hospitalisation,True,1,1066_13807,True,153.337633933958,-27.9900424806261,8c293a52745057c4
192680,2020,8,Medical treatment,False,0,1083_13782,True,153.425271909634,-28.103707490438694,8c293a52745057c4
192707,2022,4,Medical treatment,False,0,1064_13821,True,153.327877185252,-27.9261966451333,8c293a52745057c4
192725,2021,4,Hospitalisation,True,2,1067_13813,True,153.345218667705,-27.962296849179094,8c293a52745057c4
192744,2021,3,Medical treatment,False,0,1078_13783,True,153.398722913349,-28.09758448768501,8c293a52745057c4
192747,2021,7,Hospitalisation,True,1,1061_13832,True,153.314669950836,-27.878460477416795,8c293a52745057c4
192809,2021,2,Minor injury,False,0,1065_13822,True,153.334793942996,-27.922316479805495,8c293a52745057c4
192810,2020,3,Hospitalisation,True,1,1052_13848,True,153.267151965522,-27.804368472013998,8c293a52745057c4
192815,2021,2,Medical treatment,False,0,1105_13768,True,153.538782888691,-28.168593502546404,8c293a52745057c4
192831,2020,5,Medical treatment,False,0,1084_13797,True,153.431064917994,-28.0342914904849,8c293a52745057c4
192927,2020,10,Hospitalisation,True,1,1084_13774,True,153.43147290444404,-28.138445491343298,8c293a52745057c4
192936,2020,11,Hospitalisation,True,1,1074_13816,True,153.378598665716,-27.949406842472996,8c293a52745057c4
193007,2020,12,Hospitalisation,True,1,1057_13845,True,153.289602404988,-27.8206811344185,8c293a52745057c4
193015,2020,2,Hospitalisation,True,1,1087_13788,True,153.446626603836,-28.076331217402288,8c293a52745057c4
193019,2021,5,Minor injury,False,0,1064_13822,True,153.327455943476,-27.924817479079696,8c293a52745057c4
193030,2020,2,Medical treatment,False,0,1085_13792,True,153.433650914513,-28.058970490942304,8c293a52745057c4
193037,2020,2,Medical treatment,False,0,1064_13817,True,153.325687156236,-27.943717839048606,8c293a52745057c4
193040,2020,3,Minor injury,False,0,1066_13808,True,153.339626934374,-27.985123480789998,8c293a52745057c4
193047,2020,2,Minor injury,False,0,1104_13767,True,153.532154889164,-28.170572501883303,8c293a52745057c4
193064,2021,6,Medical treatment,False,0,1086_13780,True,153.441446906948,-28.110690492143195,8c293a52745057c4
193119,2022,8,Minor injury,False,0,1088_13776,True,153.451270903543,-28.128581493285893,8c293a52745057c4
193167,2022,3,Minor injury,False,0,1066_13807,True,153.340183737449,-27.9918194808992,8c293a52745057c4
193170,2020,8,Hospitalisation,True,1,1068_13814,True,153.346599936777,-27.9605674813059,8c293a52745057c4
193186,2020,8,Hospitalisation,True,1,1063_13805,True,153.323331934024,-28.0016844792646,8c293a52745057c4
193191,2020,8,Medical treatment,False,0,1088_13779,True,153.453075133824,-28.1171913953808,8c293a52745057c4
193192,2023,6,Minor injury,False,0,1090_13778,True,153.462769903187,-28.121572494404898,8c293a52745057c4
193200,2020,12,Hospitalisation,True,1,1081_13812,True,153.412550928386,-27.969665488090005,8c293a52745057c4
193204,2021,1,Medical treatment,False,0,1106_13768,True,153.543083888263,-28.1682375029841,8c293a52745057c4
193207,2021,1,Medical treatment,False,0,1063_13805,True,153.323284934028,-28.0016974792599,8c293a52745057c4
193209,2023,5,Medical treatment,False,0,1083_13773,True,153.42757090428202,-28.143011490981095,8c293a52745057c4
193244,2020,7,Medical treatment,False,0,1066_13784,True,153.337584920694,-28.09282748142749,8c293a52745057c4
193250,2020,9,Hospitalisation,True,1,1065_13807,True,153.332762934109,-27.9930064801545,8c293a52745057c4
193251,2020,9,Hospitalisation,True,1,1067_13804,True,153.341410792563,-28.00539431113049,8c293a52745057c4
193282,2021,11,Medical treatment,False,0,1056_13845,True,153.287401961167,-27.821152474198996,8c293a52745057c4
193286,2021,1,Medical treatment,False,0,1079_13811,True,153.406107646664,-27.9729666274594,8c293a52745057c4
193287,2021,3,Medical treatment,False,0,1077_13831,True,153.395938941339,-27.883408485719595,8c293a52745057c4
193296,2021,7,Hospitalisation,True,1,1075_13787,True,153.386418916931,-28.0803754862971,8c293a52745057c4
193306,2021,5,Hospitalisation,True,1,1047_13819,True,153.243622951038,-27.937293470675993,8c293a52745057c4
193322,2021,5,Medical treatment,False,0,1091_13781,True,153.465780435517,-28.108784416612092,8c293a52745057c4
193327,2021,5,Medical treatment,False,0,1080_13811,True,153.406803928437,-27.9741374875395,8c293a52745057c4
193332,2023,3,Minor injury,False,0,1050_13854,True,153.25657296976,-27.780260470752395,8c293a52745057c4
193338,2023,3,Medical treatment,False,0,1074_13810,True,153.380857850946,-27.976691514917295,8c293a52745057c4
193394,2021,7,Minor injury,False,0,1061_13778,True,153.313907115742,-28.120387505238394,8c293a52745057c4
193444,2023,4,Medical treatment,False,0,1085_13798,True,153.434186918163,-28.030348490772393,8c293a52745057c4
193451,2023,4,Hospitalisation,True,1,1079_13811,True,153.402135928928,-27.974288487065103,8c293a52745057c4
193452,2023,4,Medical treatment,False,0,1086_13791,True,153.437754913479,-28.063465491396204,8c293a52745057c4
193460,2021,5,Hospitalisation,True,1,1056_13844,True,153.289375960818,-27.8222004744075,8c293a52745057c4
193461,2021,5,Hospitalisation,True,1,1063_13819,True,153.323102942195,-27.9384584787448,8c293a52745057c4
193464,2021,5,Hospitalisation,True,1,1067_13813,True,153.34527493667,-27.962516481186498,8c293a52745057c4
193467,2021,5,Minor injury,False,0,1084_13798,True,153.42980891879,-28.0292094903169,8c293a52745057c4
193474,2020,9,Hospitalisation,True,1,1060_13844,True,153.307094958859,-27.822440476207188,8c293a52745057c4
193481,2020,9,Hospitalisation,True,1,1084_13798,True,153.429925918742,-28.029482490331,8c293a52745057c4
193490,2021,7,Hospitalisation,True,1,1080_13815,True,153.409026930679,-27.954908487615,8c293a52745057c4
193492,2021,7,Hospitalisation,True,2,1061_13835,True,153.312258952705,-27.86597147707381,8c293a52745057c4
193497,2020,9,Medical treatment,False,0,1080_13798,True,153.410111920832,-28.030124488316204,8c293a52745057c4
193596,2020,3,Hospitalisation,True,1,1076_13786,True,153.391396915858,-28.084434486835793,8c293a52745057c4
193600,2020,3,Minor injury,False,0,1067_13806,True,153.340717933158,-27.993619480967592,8c293a52745057c4
193614,2023,9,Minor injury,False,0,1076_13810,True,153.391294929905,-27.975912485973698,8c293a52745057c4
193694,2021,2,Medical treatment,False,0,1076_13810,True,153.390894929908,-27.9762224859354,8c293a52745057c4
193699,2021,2,Hospitalisation,True,1,1067_13810,True,153.341086934985,-27.979141480891403,8c293a52745057c4
193743,2021,1,Hospitalisation,True,1,1062_13843,True,153.319012956788,-27.82847347746449,8c293a52745057c4
193750,2021,1,Hospitalisation,True,1,1058_13833,True,153.297033953507,-27.872643475581206,8c293a52745057c4
193756,2023,3,Hospitalisation,True,1,1079_13820,True,153.404628933946,-27.933339486997394,8c293a52745057c4
193775,2023,3,Medical treatment,False,0,1050_13852,True,153.255846968944,-27.787249470733894,8c293a52745057c4
193777,2021,1,Hospitalisation,True,1,1050_13852,True,153.256958968995,-27.785905470835907,8c293a52745057c4
193784,2020,10,Hospitalisation,True,1,1066_13803,True,153.337413316408,-28.009998677760393,8c293a52745057c4
193786,2020,5,Medical treatment,False,0,1066_13804,True,153.34032593198802,-28.003025481001597,8c293a52745057c4
193792,2020,11,Minor injury,False,0,1067_13804,True,153.343274931188,-28.0067194813303,8c293a52745057c4
193794,2020,12,Hospitalisation,True,1,1071_13786,True,153.363826918545,-28.087114484050794,8c293a52745057c4
193801,2021,1,Medical treatment,False,0,1070_13787,True,153.359911919604,-28.0822514836144,8c293a52745057c4
193804,2021,1,Medical treatment,False,0,1085_13795,True,153.43476891626,-28.044538490943097,8c293a52745057c4
193809,2021,1,Hospitalisation,True,1,1085_13801,True,153.433273919704,-28.019220490591895,8c293a52745057c4
193831,2021,4,Hospitalisation,True,1,1078_13820,True,153.398863934884,-27.930950486391296,8c293a52745057c4
193832,2021,12,Medical treatment,False,0,1075_13800,True,153.382462924762,-28.0231914854457,8c293a52745057c4
193840,2021,4,Hospitalisation,True,1,1069_13834,True,153.351391947855,-27.870522481085295,8c293a52745057c4
193854,2021,1,Medical treatment,False,0,1084_13779,True,153.431107999431,-28.115735711128092,8c293a52745057c4
193860,2021,4,Hospitalisation,True,1,1073_13812,True,153.376182102821,-27.9661393693585,8c293a52745057c4
193862,2021,3,Hospitalisation,True,1,1054_13774,True,153.27904892115703,-28.139218475849198,8c293a52745057c4
193866,2021,4,Medical treatment,False,0,1046_13860,True,153.236382250648,-27.7513727364804,8c293a52745057c4
193878,2021,7,Hospitalisation,True,1,1062_13826,True,153.31801694675102,-27.9073824779841,8c293a52745057c4
193885,2021,7,Hospitalisation,True,1,1055_13846,True,153.281439962373,-27.816805473560205,8c293a52745057c4
193961,2021,3,Medical treatment,False,0,1086_13783,True,153.44232790841,-28.0986724921388,8c293a52745057c4
193964,2020,8,Hospitalisation,True,1,1092_13776,True,153.47327790062,-28.132426495563205,8c293a52745057c4
193972,2020,7,Hospitalisation,True,1,1061_13832,True,153.31448695095,-27.8777304773925,8c293a52745057c4
193975,2020,4,Minor injury,False,0,1061_13832,True,153.314395951044,-27.8770804773782,8c293a52745057c4
193977,2020,8,Hospitalisation,True,1,1070_13805,True,153.359851021171,-28.000517286967003,8c293a52745057c4
193987,2021,9,Hospitalisation,True,1,1084_13799,True,153.429556834105,-28.026991553273795,8c293a52745057c4
193992,2021,9,Hospitalisation,True,1,1051_13867,True,153.262789976789,-27.720071470907993,8c293a52745057c4
194042,2021,8,Minor injury,False,0,1065_13796,True,153.332746859891,-28.041222079531195,8c293a52745057c4
194043,2020,6,Hospitalisation,True,1,1076_13798,True,153.388971922879,-28.032234486179405,8c293a52745057c4
194045,2020,12,Medical treatment,False,0,1080_13814,True,153.41046092972,-27.961111487809788,8c293a52745057c4
194064,2021,9,Medical treatment,False,0,1071_13832,True,153.361749945808,-27.877649482194602,8c293a52745057c4
194072,2021,9,Medical treatment,False,0,1084_13799,True,153.429648919077,-28.027129490284302,8c293a52745057c4
194141,2021,9,Medical treatment,False,0,1076_13818,True,153.38676393482302,-27.941665485243306,8c293a52745057c4
194142,2020,2,Medical treatment,False,0,1104_13768,True,153.531126889701,-28.1673215017525,8c293a52745057c4
194146,2020,2,Medical treatment,False,0,1084_13802,True,153.431864920775,-28.012146490392702,8c293a52745057c4
194148,2020,2,Hospitalisation,True,1,1082_13794,True,153.420242949319,-28.048676055494298,8c293a52745057c4
194152,2020,2,Medical treatment,False,0,1056_13845,True,153.288449542997,-27.821592473308804,8c293a52745057c4
194164,2020,6,Medical treatment,False,0,1098_13772,True,153.49936894963702,-28.1486346563568,8c293a52745057c4
194178,2020,12,Hospitalisation,True,1,1079_13758,True,153.40652089787,-28.210304489362404,8c293a52745057c4
194184,2020,6,Medical treatment,False,0,1076_13827,True,153.388360939973,-27.900403485081604,8c293a52745057c4
194190,2020,7,Medical treatment,False,0,1097_13773,True,153.494363896823,-28.14375649780681,8c293a52745057c4
194192,2020,7,Minor injury,False,0,1060_13835,True,153.307289881653,-27.862803555544502,8c293a52745057c4
194193,2020,7,Hospitalisation,True,1,1066_13808,True,153.338408934382,-27.9860924806739,8c293a52745057c4
194206,2022,6,Hospitalisation,True,1,1077_13798,True,153.39209092259,-28.0318234864937,8c293a52745057c4
194245,2021,5,Hospitalisation,True,1,1082_13781,True,153.421401909335,-28.109300490087904,8c293a52745057c4
194247,2021,5,Minor injury,False,0,1080_13799,True,153.410258921034,-28.0284394883179,8c293a52745057c4
194267,2021,5,Hospitalisation,True,1,1076_13824,True,153.387438938256,-27.914495485098495,8c293a52745057c4
194272,2021,3,Medical treatment,False,0,1062_13826,True,153.316740947221,-27.904812477834298,8c293a52745057c4
194280,2020,9,Hospitalisation,True,1,1066_13853,True,153.336178960777,-27.78290347884941,8c293a52745057c4
194283,2020,3,Hospitalisation,True,2,1084_13800,True,153.431143919821,-28.020119490381692,8c293a52745057c4
194297,2020,9,Medical treatment,False,0,1078_13783,True,153.402022912722,-28.099625488037205,8c293a52745057c4
194309,2020,10,Hospitalisation,True,1,1093_13776,True,153.473519900583,-28.132505495588493,8c293a52745057c4
194320,2021,9,Hospitalisation,True,1,1067_13815,True,153.34299723262,-27.957079545912286,8c293a52745057c4
194326,2020,12,Minor injury,False,0,1078_13815,True,153.4013079317,-27.9535344868177,8c293a52745057c4
194327,2021,9,Hospitalisation,True,1,1066_13817,True,153.339421939578,-27.944924480453505,8c293a52745057c4
194332,2021,2,Hospitalisation,True,1,1062_13830,True,153.315470949872,-27.885282477551804,8c293a52745057c4
194333,2021,2,Hospitalisation,True,1,1084_13801,True,153.431952777295,-28.0157785394301,8c293a52745057c4
194350,2021,6,Minor injury,False,0,1080_13809,True,153.410864493906,-27.98253874501931,8c293a52745057c4
194352,2021,2,Medical treatment,False,0,1049_13810,True,153.253820344982,-27.975747772010706,8c293a52745057c4
194360,2021,1,Medical treatment,False,0,1069_13789,True,153.354129921794,-28.0702284829322,8c293a52745057c4
194363,2021,1,Medical treatment,False,0,1058_13844,True,153.29638506975,-27.824583202137195,8c293a52745057c4
194370,2021,4,Minor injury,False,0,1062_13826,True,153.31703487406,-27.905813138871995,8c293a52745057c4
194374,2020,1,Hospitalisation,True,1,1066_13806,True,153.339900933259,-27.993533480883897,8c293a52745057c4
194375,2021,4,Medical treatment,False,0,1085_13795,True,153.434857795266,-28.0444158359512,8c293a52745057c4
194389,2022,3,Medical treatment,False,0,1075_13813,True,153.38460193203,-27.96512548520749,8c293a52745057c4
194440,2021,7,Minor injury,False,0,1085_13791,True,153.434374913914,-28.062978491047595,8c293a52745057c4
194456,2021,7,Minor injury,False,0,1084_13806,True,153.430283923371,-27.993425490084398,8c293a52745057c4
194501,2020,11,Hospitalisation,True,1,1078_13786,True,153.400043914753,-28.085625487725803,8c293a52745057c4
194505,2020,11,Medical treatment,False,0,1092_13772,True,153.471156898988,-28.1467754954589,8c293a52745057c4
194506,2020,11,Hospitalisation,True,2,1069_13796,True,153.352830925831,-28.040089482563705,8c293a52745057c4
194510,2020,11,Minor injury,False,0,1085_13800,True,153.432733209563,-28.020766666548898,8c293a52745057c4
194511,2020,11,Hospitalisation,True,1,1077_13830,True,153.395188940953,-27.887034485671702,8c293a52745057c4
194520,2020,8,Medical treatment,False,0,1081_13798,True,153.415143368349,-28.0295978628248,8c293a52745057c4
194523,2020,8,Minor injury,False,0,1084_13797,True,153.432245917897,-28.034041490603403,8c293a52745057c4
194606,2020,11,Fatal,True,2,1065_13853,True,153.334126960768,-27.784708478655098,8c293a52745057c4
194608,2021,9,Medical treatment,False,0,1078_13811,True,153.400981928972,-27.9749214869525,8c293a52745057c4
194610,2021,10,Medical treatment,False,0,1062_13826,True,153.316150947507,-27.903091477760892,8c293a52745057c4
194626,2020,12,Hospitalisation,True,1,1059_13821,True,153.300913946133,-27.9267134763999,8c293a52745057c4
194628,2021,11,Medical treatment,False,0,1058_13827,True,153.296476931971,-27.900630654744706,8c293a52745057c4
194630,2021,11,Medical treatment,False,0,1058_13829,True,153.297687570956,-27.8919381727992,8c293a52745057c4
194638,2021,11,Medical treatment,False,0,1083_13782,True,153.425377909873,-28.101772490434293,8c293a52745057c4
194639,2021,11,Medical treatment,False,0,1080_13797,True,153.40927195225004,-28.035338277271503,8c293a52745057c4
194654,2021,8,Fatal,True,1,1085_13791,True,153.43733791386202,-28.060868491333295,8c293a52745057c4
194663,2021,9,Hospitalisation,True,1,1086_13788,True,153.441241911262,-28.077610491862895,8c293a52745057c4
194691,2020,3,Hospitalisation,True,1,1085_13798,True,153.434294918055,-28.031085490789202,8c293a52745057c4
194698,2020,3,Medical treatment,False,0,1066_13808,True,153.338408934382,-27.9860924806739,8c293a52745057c4
194701,2020,3,Hospitalisation,True,1,1057_13846,True,153.292579961276,-27.815914474682998,8c293a52745057c4
194704,2020,3,Medical treatment,False,0,1096_13773,True,153.492266897275,-28.1420604975791,8c293a52745057c4
194710,2020,3,Medical treatment,False,0,1086_13780,True,153.440478123082,-28.1104767940427,8c293a52745057c4
194745,2020,11,Hospitalisation,True,1,1045_13863,True,153.230056977992,-27.73840746773809,8c293a52745057c4
194748,2020,8,Hospitalisation,True,1,1068_13812,True,153.346875717624,-27.969275162402294,8c293a52745057c4
194750,2020,8,Hospitalisation,True,1,1079_13818,True,153.402009932948,-27.9432844868087,8c293a52745057c4
194753,2020,8,Medical treatment,False,0,1088_13785,True,153.449363908895,-28.088974492780796,8c293a52745057c4
194756,2020,1,Hospitalisation,True,1,1081_13807,True,153.412936925469,-27.9918934883039,8c293a52745057c4
194770,2020,2,Medical treatment,False,0,1084_13803,True,153.429916921675,-28.006841490152304,8c293a52745057c4
194776,2020,10,Hospitalisation,True,1,1070_13821,True,153.358429090521,-27.929250691262606,8c293a52745057c4
194779,2020,1,Hospitalisation,True,1,1074_13814,True,153.378565933415,-27.959512484549098,8c293a52745057c4
194782,2021,6,Hospitalisation,True,1,1063_13830,True,153.322245468162,-27.8850542272379,8c293a52745057c4
194788,2021,6,Medical treatment,False,0,1084_13802,True,153.429312920721,-28.014721490152606,8c293a52745057c4
194798,2020,1,Medical treatment,False,0,1092_13773,True,153.47233389922,-28.1439944955574,8c293a52745057c4
194814,2020,11,Minor injury,False,0,1083_13805,True,153.427122923084,-27.998319489800497,8c293a52745057c4
194845,2020,9,Medical treatment,False,0,1060_13837,True,153.309220833119,-27.857546130699195,8c293a52745057c4
194847,2020,10,Medical treatment,False,0,1078_13793,True,153.399723918901,-28.053858487443996,8c293a52745057c4
194863,2020,11,Medical treatment,False,0,1078_13811,True,153.397413929433,-27.9743754865848,8c293a52745057c4
194865,2020,8,Fatal,True,4,1059_13840,True,153.302170957154,-27.839895475844802,8c293a52745057c4
194880,2021,2,Minor injury,False,0,1066_13806,True,153.339909933281,-27.993350480883397,8c293a52745057c4
194892,2021,3,Hospitalisation,True,1,1082_13805,True,153.418496924044,-27.99820248892019,8c293a52745057c4
194893,2021,3,Hospitalisation,True,1,1083_13805,True,153.425066462262,-27.998682831593705,8c293a52745057c4
194911,2021,3,Medical treatment,False,0,1076_13787,True,153.388670916846,-28.0791174865165,8c293a52745057c4
194916,2021,3,Minor injury,False,0,1078_13817,True,153.398207932766,-27.9479094864578,8c293a52745057c4
194919,2021,3,Hospitalisation,True,2,1077_13830,True,153.3950119407,-27.8891454856703,8c293a52745057c4
194920,2021,3,Medical treatment,False,0,1067_13810,True,153.342421241793,-27.9794996200299,8c293a52745057c4
194926,2021,3,Hospitalisation,True,1,1067_13815,True,153.344161937792,-27.9547594810125,8c293a52745057c4
194930,2021,3,Medical treatment,False,0,1062_13830,True,153.315168672726,-27.886670933531995,8c293a52745057c4
194939,2021,3,Hospitalisation,True,1,1080_13817,True,153.409923931518,-27.947656487649397,8c293a52745057c4
194948,2020,9,Medical treatment,False,0,1078_13815,True,153.398756931799,-27.954926486568805,8c293a52745057c4
194987,2020,8,Hospitalisation,True,1,1071_13805,True,153.361204929837,-28.001956483116004,8c293a52745057c4
195067,2021,10,Medical treatment,False,0,1066_13804,True,153.33846193184,-28.005759480833593,8c293a52745057c4
195088,2023,4,Hospitalisation,True,1,1081_13806,True,153.413633573081,-27.994306715393897,8c293a52745057c4
195102,2024,10,Medical treatment,False,0,1100_13769,True,153.50999696,-28.1598881265319,8c293a52745057c4
195128,2022,10,Medical treatment,False,0,1079_13824,True,153.403629183323,-27.915775777757403,8c293a52745057c4
195147,2021,10,Medical treatment,False,0,1067_13802,True,153.344486929905,-28.0156294815235,8c293a52745057c4
195149,2022,3,Medical treatment,False,0,1071_13786,True,153.364062415504,-28.087224436075605,8c293a52745057c4
195150,2022,3,Hospitalisation,True,1,1070_13792,True,153.359544922456,-28.0605034834066,8c293a52745057c4
195172,2021,2,Hospitalisation,True,1,1070_13805,True,153.360811826924,-28.00161616007329,8c293a52745057c4
195174,2020,11,Medical treatment,False,0,1062_13831,True,153.315631950177,-27.882770477548398,8c293a52745057c4
195185,2021,8,Minor injury,False,0,1081_13788,True,153.41221291475802,-28.075256488884396,8c293a52745057c4
195187,2021,10,Hospitalisation,True,1,1069_13794,True,153.354975131502,-28.048554469848096,8c293a52745057c4
195191,2021,11,Hospitalisation,True,1,1052_13848,True,153.265323965656,-27.804868471832688,8c293a52745057c4
195198,2021,11,Hospitalisation,True,1,1068_13806,True,153.347674932202,-27.995118481686497,8c293a52745057c4
195239,2021,12,Minor injury,False,0,1064_13806,True,153.328000934099,-27.9971324797031,8c293a52745057c4
195250,2020,4,Medical treatment,False,0,1062_13844,True,153.317241957535,-27.824156477250693,8c293a52745057c4
195262,2020,4,Fatal,True,1,1043_13811,True,153.221981823077,-27.971031645750703,8c293a52745057c4
195263,2020,3,Hospitalisation,True,1,1078_13766,True,153.399509903211,-28.175126488372705,8c293a52745057c4
195264,2020,3,Minor injury,False,0,1075_13787,True,153.386418916931,-28.0803754862971,8c293a52745057c4
195268,2021,9,Medical treatment,False,0,1059_13842,True,153.302134957955,-27.83368647579229,8c293a52745057c4
195270,2021,9,Hospitalisation,True,1,1086_13788,True,153.438333911473,-28.07845149157279,8c293a52745057c4
195276,2020,1,Medical treatment,False,0,1075_13814,True,153.385294932459,-27.961221485247396,8c293a52745057c4
195282,2020,6,Minor injury,False,0,1081_13798,True,153.41647492016102,-28.029919488963003,8c293a52745057c4
195320,2020,8,Minor injury,False,0,1063_13838,True,153.320533899525,-27.852577333808593,8c293a52745057c4
195324,2020,8,Medical treatment,False,0,1068_13822,True,153.349016941465,-27.922145481249697,8c293a52745057c4
195394,2020,2,Medical treatment,False,0,1068_13802,True,153.350896929184,-28.015766482176197,8c293a52745057c4
195410,2020,3,Hospitalisation,True,1,1077_13813,True,153.395093931035,-27.9639424862666,8c293a52745057c4
195427,2020,10,Hospitalisation,True,1,1061_13828,True,153.314249452698,-27.895446588507692,8c293a52745057c4
195440,2020,10,Medical treatment,False,0,1078_13810,True,153.400821928825,-27.9761964869463,8c293a52745057c4
195442,2020,10,Medical treatment,False,0,1081_13812,True,153.414405928339,-27.96845748826959,8c293a52745057c4
195455,2020,10,Medical treatment,False,0,1087_13788,True,153.446366910571,-28.078590492393495,8c293a52745057c4
195470,2021,5,Hospitalisation,True,1,1062_13826,True,153.316706947215,-27.9048884778314,8c293a52745057c4
195477,2021,2,Minor injury,False,0,1070_13807,True,153.360648101035,-27.9931482969902,8c293a52745057c4
195481,2021,2,Minor injury,False,0,1069_13840,True,153.353324951475,-27.8407544810476,8c293a52745057c4
195486,2021,5,Hospitalisation,True,2,1076_13819,True,153.390366935354,-27.934501485553895,8c293a52745057c4
195488,2021,5,Minor injury,False,0,1070_13853,True,153.356782958449,-27.783610480949292,8c293a52745057c4
195490,2021,3,Hospitalisation,True,1,1057_13845,True,153.290324960859,-27.821074474494896,8c293a52745057c4
195529,2021,6,Medical treatment,False,0,1074_13777,True,153.377808912011,-28.1257054857759,8c293a52745057c4
195530,2021,6,Medical treatment,False,0,1080_13795,True,153.407076919358,-28.044090488116495,8c293a52745057c4
195537,2020,10,Medical treatment,False,0,1061_13836,True,153.311796953355,-27.8613044769902,8c293a52745057c4
195538,2021,6,Medical treatment,False,0,1050_13852,True,153.255955968897,-27.787519470746993,8c293a52745057c4
195631,2021,10,Hospitalisation,True,1,1086_13790,True,153.442297912202,-28.0694654919067,8c293a52745057c4
195632,2021,10,Hospitalisation,True,2,1060_13837,True,153.307163954305,-27.857836476492697,8c293a52745057c4
195649,2021,10,Medical treatment,False,0,1080_13769,True,153.411581590515,-28.1625124195039,8c293a52745057c4
195654,2021,10,Medical treatment,False,0,1092_13775,True,153.47046990052,-28.135569495300995,8c293a52745057c4
195659,2021,11,Hospitalisation,True,1,1067_13823,True,153.34144794269,-27.919048480456,8c293a52745057c4
195661,2021,11,Hospitalisation,True,1,1075_13822,True,153.383118937694,-27.922506484721694,8c293a52745057c4
195664,2021,12,Hospitalisation,True,1,1066_13817,True,153.340207090331,-27.946173095543095,8c293a52745057c4
195668,2021,10,Medical treatment,False,0,1052_13848,True,153.267684965448,-27.804490472069,8c293a52745057c4
195686,2021,11,Medical treatment,False,0,1047_13858,True,153.241502974067,-27.7593894690619,8c293a52745057c4
195688,2022,2,Medical treatment,False,0,1079_13815,True,153.404265930954,-27.95681148714479,8c293a52745057c4
195694,2021,10,Medical treatment,False,0,1078_13815,True,153.401472931316,-27.956367486856788,8c293a52745057c4
195703,2021,11,Hospitalisation,True,1,1049_13856,True,153.251403546371,-27.772064399164197,8c293a52745057c4
195729,2023,4,Hospitalisation,True,3,1072_13803,True,153.369549927753,-28.011008484035997,8c293a52745057c4
195761,2022,2,Hospitalisation,True,1,1074_13805,True,153.378672928294,-27.9990764848707,8c293a52745057c4
195762,2022,2,Medical treatment,False,0,1045_13854,True,153.230425972958,-27.777463468083102,8c293a52745057c4
195779,2022,4,Hospitalisation,True,1,1061_13835,True,153.313044952573,-27.8663264771564,8c293a52745057c4
195783,2022,4,Hospitalisation,True,2,1062_13826,True,153.31652442616,-27.9054686898175,8c293a52745057c4
195804,2021,8,Medical treatment,False,0,1068_13809,True,153.347305933959,-27.981813481544506,8c293a52745057c4
195813,2021,11,Hospitalisation,True,1,1086_13787,True,153.44108841707302,-28.079198325859696,8c293a52745057c4
195814,2021,11,Hospitalisation,True,1,1085_13798,True,153.4341589183,-28.0293104907614,8c293a52745057c4
195820,2022,3,Minor injury,False,0,1075_13800,True,153.383900924469,-28.024243485600397,8c293a52745057c4
195825,2022,5,Medical treatment,False,0,1096_13772,True,153.491772896442,-28.14887649758199,8c293a52745057c4
195829,2021,11,Medical treatment,False,0,1084_13807,True,153.42970892403,-27.9888254899897,8c293a52745057c4
195837,2020,1,Medical treatment,False,0,1070_13777,True,153.358120913943,-28.127542483787295,8c293a52745057c4
195840,2020,12,Minor injury,False,0,1080_13797,True,153.40885092035,-28.034924488225297,8c293a52745057c4
195845,2020,2,Hospitalisation,True,2,1072_13821,True,153.369138274309,-27.929575158354496,8c293a52745057c4
195854,2020,4,Hospitalisation,True,1,1079_13822,True,153.40405140328,-27.923496473861096,8c293a52745057c4
195858,2020,4,Hospitalisation,True,1,1092_13772,True,153.470643898688,-28.149516495427996,8c293a52745057c4
195860,2020,4,Hospitalisation,True,1,1062_13829,True,153.315128125361,-27.889541599550494,8c293a52745057c4
195865,2020,5,Minor injury,False,0,1085_13796,True,153.437232916328,-28.041930491173993,8c293a52745057c4
195878,2020,8,Medical treatment,False,0,1078_13783,True,153.401810912538,-28.101225488028096,8c293a52745057c4
195880,2020,8,Hospitalisation,True,1,1083_13810,True,153.42518492592,-27.9780404894436,8c293a52745057c4
195884,2020,8,Medical treatment,False,0,1080_13797,True,153.408765920312,-28.035287488219492,8c293a52745057c4
195885,2020,8,Medical treatment,False,0,1081_13812,True,153.416770928248,-27.967161488500402,8c293a52745057c4
195888,2023,6,Hospitalisation,True,1,1076_13823,True,153.388597937833,-27.91678848523449,8c293a52745057c4
195906,2020,9,Medical treatment,False,0,1061_13843,True,153.311555957768,-27.8271614766971,8c293a52745057c4
195913,2024,8,Medical treatment,False,0,1086_13781,True,153.441223907135,-28.109439492110607,8c293a52745057c4
195937,2023,10,Hospitalisation,True,1,1082_13762,True,153.421321898536,-28.1925764907321,8c293a52745057c4
195958,2024,4,Medical treatment,False,0,1095_13776,True,153.487305899431,-28.129687496975105,8c293a52745057c4
195963,2024,4,Medical treatment,False,0,1091_13779,True,153.463358903697,-28.1171454944303,8c293a52745057c4
196000,2021,3,Medical treatment,False,0,1055_13830,True,153.283250953003,-27.888268474306,8c293a52745057c4
196010,2021,4,Hospitalisation,True,1,1053_13847,True,153.269236743633,-27.809536472265993,8c293a52745057c4
196023,2021,5,Medical treatment,False,0,1057_13844,True,153.292699960442,-27.822312474745488,8c293a52745057c4
196024,2021,3,Medical treatment,False,0,1072_13803,True,153.369549927753,-28.011008484035997,8c293a52745057c4
196033,2021,4,Hospitalisation,True,1,1079_13824,True,153.403012936876,-27.912018486665094,8c293a52745057c4
196041,2021,6,Hospitalisation,True,1,1062_13831,True,153.315153950517,-27.880531477482297,8c293a52745057c4
196052,2021,11,Hospitalisation,True,3,1087_13789,True,153.44340291188,-28.071010492031597,8c293a52745057c4
196063,2020,4,Hospitalisation,True,1,1073_13820,True,153.374821704442,-27.93148005294769,8c293a52745057c4
196068,2020,10,Hospitalisation,True,1,1080_13815,True,153.409376421728,-27.9542318266453,8c293a52745057c4
196075,2020,12,Medical treatment,False,0,1073_13817,True,153.373860041493,-27.947405172974992,8c293a52745057c4
196099,2024,4,Minor injury,False,0,1070_13822,True,153.355740940541,-27.92361748194499,8c293a52745057c4
196103,2024,3,Minor injury,False,0,1060_13836,True,153.309347954013,-27.858258476717687,8c293a52745057c4
196132,2024,9,Hospitalisation,True,1,1079_13811,True,153.404823928833,-27.9727454873268,8c293a52745057c4
196137,2024,10,Hospitalisation,True,1,1084_13793,True,153.42828291582404,-28.053403490351204,8c293a52745057c4
196139,2024,10,Hospitalisation,True,1,1066_13820,True,153.336589941584,-27.931756480062198,8c293a52745057c4
196150,2024,10,Medical treatment,False,0,1097_13773,True,153.49417789684603,-28.143733497787597,8c293a52745057c4
196164,2021,12,Hospitalisation,True,3,1056_13838,True,153.289050957117,-27.8513084746036,8c293a52745057c4
196186,2021,4,Medical treatment,False,0,1079_13782,True,153.405651947623,-28.1050238534492,8c293a52745057c4
196189,2021,7,Medical treatment,False,0,1077_13815,True,153.395177932094,-27.955672486210194,8c293a52745057c4
196200,2021,7,Medical treatment,False,0,1075_13798,True,153.385983923157,-28.032622485878196,8c293a52745057c4
196214,2021,6,Fatal,True,1,1066_13819,True,153.336524940812,-27.937807480103192,8c293a52745057c4
196218,2021,11,Hospitalisation,True,1,1080_13806,True,153.408489925687,-27.993976487867105,8c293a52745057c4
196223,2021,11,Hospitalisation,True,1,1095_13773,True,153.486371897744,-28.143443496987395,8c293a52745057c4
196226,2021,11,Hospitalisation,True,1,1058_13844,True,153.296428959671,-27.8251584751462,8c293a52745057c4
196227,2021,11,Hospitalisation,True,1,1082_13786,True,153.420458912472,-28.085903489808302,8c293a52745057c4
196229,2021,11,Hospitalisation,True,1,1075_13822,True,153.385268722625,-27.921222192930397,8c293a52745057c4
196230,2021,11,Hospitalisation,True,1,1081_13797,True,153.413127919709,-28.036247488671602,8c293a52745057c4
196231,2021,11,Hospitalisation,True,1,1068_13801,True,153.348096929474,-28.015900481892594,8c293a52745057c4
196232,2021,11,Medical treatment,False,0,1063_13831,True,153.323679949276,-27.882952478367102,8c293a52745057c4
196234,2021,11,Minor injury,False,0,1066_13832,True,153.338476948281,-27.8781424798325,8c293a52745057c4
196266,2020,2,Minor injury,False,0,1057_13823,True,153.290461900303,-27.918718451276703,8c293a52745057c4
196275,2020,2,Hospitalisation,True,1,1096_13774,True,153.489111055687,-28.141564281252595,8c293a52745057c4
196290,2023,5,Hospitalisation,True,1,1061_13829,True,153.314321987916,-27.8936857895012,8c293a52745057c4
196294,2023,5,Hospitalisation,True,2,1068_13812,True,153.346634935911,-27.967254481362,8c293a52745057c4
196305,2023,5,Minor injury,False,0,1057_13845,True,153.289714961135,-27.8194404744202,8c293a52745057c4
196319,2023,5,Minor injury,False,0,1062_13837,True,153.318169953521,-27.854611477584598,8c293a52745057c4
196320,2023,5,Hospitalisation,True,1,1062_13826,True,153.316810903018,-27.906334494853393,8c293a52745057c4
196337,2022,4,Hospitalisation,True,1,1080_13814,True,153.411699763722,-27.9600475669277,8c293a52745057c4
196369,2024,10,Fatal,True,3,1073_13789,True,153.37182491976003,-28.070914484737486,8c293a52745057c4
196373,2021,7,Minor injury,False,0,1069_13808,True,153.353786932911,-27.984435482224104,8c293a52745057c4
196379,2021,7,Hospitalisation,True,3,1078_13811,True,153.400981928972,-27.9749214869525,8c293a52745057c4
196382,2021,7,Medical treatment,False,0,1082_13790,True,153.418777915332,-28.0652584894751,8c293a52745057c4
196383,2021,7,Hospitalisation,True,1,1076_13818,True,153.38704793507,-27.9395134852553,8c293a52745057c4
196402,2021,8,Hospitalisation,True,1,1054_13853,True,153.27784396718303,-27.782338472924305,8c293a52745057c4
196409,2021,8,Medical treatment,False,0,1075_13805,True,153.382705927712,-28.000161485289695,8c293a52745057c4
196412,2021,11,Medical treatment,False,0,1080_13801,True,153.411458922341,-28.017325488353,8c293a52745057c4
196413,2021,11,Medical treatment,False,0,1060_13822,True,153.305729945897,-27.924456476870894,8c293a52745057c4
196414,2021,11,Minor injury,False,0,1060_13834,True,153.307229952778,-27.86966547659239,8c293a52745057c4
196418,2024,12,Medical treatment,False,0,1061_13836,True,153.311232953786,-27.858430476910396,8c293a52745057c4
196432,2023,4,Minor injury,False,0,1074_13805,True,153.378569928266,-27.999383484862605,8c293a52745057c4
196436,2023,4,Medical treatment,False,0,1060_13836,True,153.309414458987,-27.858409670725603,8c293a52745057c4
196446,2023,4,Minor injury,False,0,1078_13808,True,153.396694928106,-27.985254486596997,8c293a52745057c4
196457,2020,2,Medical treatment,False,0,1072_13803,True,153.369869927755,-28.010718484066196,8c293a52745057c4
196483,2021,10,Hospitalisation,True,1,1060_13826,True,153.30969294791,-27.9054404771237,8c293a52745057c4
196486,2021,11,Hospitalisation,True,1,1080_13797,True,153.408660920453,-28.034289488201,8c293a52745057c4
196500,2021,11,Medical treatment,False,0,1091_13779,True,153.465966903469,-28.116694494693096,8c293a52745057c4
196502,2021,10,Minor injury,False,0,1084_13802,True,153.429848920927,-28.0126724901912,8c293a52745057c4
196503,2021,11,Medical treatment,False,0,1101_13768,True,153.518047363441,-28.165040556395894,8c293a52745057c4
196505,2022,3,Hospitalisation,True,1,1061_13833,True,153.314097937409,-27.8744905943275,8c293a52745057c4
196519,2024,6,Medical treatment,False,0,1077_13785,True,153.3958479145,-28.091145487341695,8c293a52745057c4
196527,2024,6,Minor injury,False,0,1061_13835,True,153.311641952972,-27.86441347699891,8c293a52745057c4
196539,2023,9,Medical treatment,False,0,1084_13779,True,153.42965090753103,-28.1162004909831,8c293a52745057c4
196594,2024,11,Hospitalisation,True,1,1082_13802,True,153.42139992180904,-28.013013489332405,8c293a52745057c4
196602,2024,11,Hospitalisation,True,2,1079_13780,True,153.40418691084,-28.112313488357103,8c293a52745057c4
196605,2024,11,Hospitalisation,True,1,1081_13807,True,153.412710925519,-27.991703488279395,8c293a52745057c4
196622,2023,4,Hospitalisation,True,1,1060_13825,True,153.307116175601,-27.91002697889819,8c293a52745057c4
196623,2023,5,Hospitalisation,True,1,1067_13816,True,153.340677938589,-27.951536480633102,8c293a52745057c4
196629,2023,5,Minor injury,False,0,1084_13798,True,153.429787918783,-28.029280490315294,8c293a52745057c4
196634,2023,5,Minor injury,False,0,1056_13845,True,153.285822961639,-27.818812474020497,8c293a52745057c4
196639,2023,5,Hospitalisation,True,1,1071_13800,True,153.361876927289,-28.02111748333469,8c293a52745057c4
196641,2023,5,Medical treatment,False,0,1081_13786,True,153.412694913553,-28.084148489003198,8c293a52745057c4
196660,2022,2,Medical treatment,False,0,1063_13821,True,153.323582943678,-27.926533478699803,8c293a52745057c4
196683,2021,8,Minor injury,False,0,1060_13834,True,153.304975952969,-27.870091476366998,8c293a52745057c4
196685,2021,8,Minor injury,False,0,1050_13852,True,153.25719896895,-27.786050470861408,8c293a52745057c4
196702,2021,8,Minor injury,False,0,1076_13798,True,153.388351269965,-28.03209786911509,8c293a52745057c4
196743,2022,1,Hospitalisation,True,1,1051_13850,True,153.261084049985,-27.7980999213498,8c293a52745057c4
196748,2022,1,Medical treatment,False,0,1097_13772,True,153.498811895775,-28.148040498295103,8c293a52745057c4
196750,2022,5,Medical treatment,False,0,1080_13795,True,153.407168919426,-28.043485488121103,8c293a52745057c4
196751,2022,2,Medical treatment,False,0,1081_13803,True,153.412353923237,-28.009643488383894,8c293a52745057c4
196766,2020,5,Hospitalisation,True,1,1078_13810,True,153.397598575232,-27.975777244614598,8c293a52745057c4
196768,2020,5,Minor injury,False,0,1071_13789,True,153.364830920268,-28.0729344840417,8c293a52745057c4
196769,2020,5,Minor injury,False,0,1103_13767,True,153.528656889615,-28.1700765015213,8c293a52745057c4
196822,2022,4,Medical treatment,False,0,1076_13820,True,153.390198935826,-27.930986485509095,8c293a52745057c4
196825,2022,5,Medical treatment,False,0,1081_13812,True,153.413808907645,-27.9665960941941,8c293a52745057c4
196830,2024,7,Hospitalisation,True,1,1063_13805,True,153.323224934003,-28.0019424792557,8c293a52745057c4
196848,2024,7,Medical treatment,False,0,1078_13790,True,153.400113917049,-28.067834487593394,8c293a52745057c4
196853,2024,7,Hospitalisation,True,2,1067_13816,True,153.340677938589,-27.951536480633102,8c293a52745057c4
196865,2023,7,Hospitalisation,True,1,1067_13807,True,153.343182932982,-27.9928874812124,8c293a52745057c4
196884,2024,4,Medical treatment,False,0,1056_13845,True,153.289359961184,-27.819359474383493,8c293a52745057c4
196885,2024,4,Hospitalisation,True,1,1077_13790,True,153.395056917591,-28.067942487079197,8c293a52745057c4
196908,2022,7,Hospitalisation,True,1,1084_13798,True,153.429953918723,-28.029609490334796,8c293a52745057c4
196924,2022,7,Medical treatment,False,0,1078_13790,True,153.398979916936,-28.069666487492196,8c293a52745057c4
196925,2022,7,Medical treatment,False,0,1082_13810,True,153.421697926268,-27.978301489090203,8c293a52745057c4
196926,2022,7,Medical treatment,False,0,1080_13812,True,153.409922928675,-27.969652487822096,8c293a52745057c4
196927,2022,7,Medical treatment,False,0,1049_13855,True,153.251758970922,-27.7752694702255,8c293a52745057c4
196931,2023,11,Medical treatment,False,0,1043_13865,True,153.221002980341,-27.727704466737798,8c293a52745057c4
196957,2024,10,Medical treatment,False,0,1060_13834,True,153.305599953251,-27.8673704764089,8c293a52745057c4
196968,2022,6,Hospitalisation,True,1,1045_13862,True,153.232930888887,-27.744615332077895,8c293a52745057c4
196977,2024,10,Hospitalisation,True,1,1081_13813,True,153.411970929168,-27.964110487987195,8c293a52745057c4
196990,2024,10,Minor injury,False,0,1084_13798,True,153.430905918213,-28.032738490456502,8c293a52745057c4
196998,2022,8,Minor injury,False,0,1068_13816,True,153.347034938271,-27.948607481256197,8c293a52745057c4
197003,2022,6,Medical treatment,False,0,1082_13810,True,153.42196892613,-27.979143489124404,8c293a52745057c4
197010,2022,6,Hospitalisation,True,1,1087_13788,True,153.443244911114,-28.077051492062804,8c293a52745057c4
197021,2023,4,Hospitalisation,True,1,1080_13786,True,153.41038791343,-28.08705248879089,8c293a52745057c4
197036,2021,12,Hospitalisation,True,1,1066_13808,True,153.335894934383,-27.988218480435098,8c293a52745057c4
197051,2022,6,Medical treatment,False,0,1069_13794,True,153.355681501343,-28.049184391924904,8c293a52745057c4
197059,2021,3,Hospitalisation,True,1,1071_13789,True,153.364071920381,-28.0727074839628,8c293a52745057c4
197061,2022,1,Medical treatment,False,0,1084_13805,True,153.428461632534,-28.001437848961505,8c293a52745057c4
197066,2022,1,Hospitalisation,True,1,1048_13852,True,153.244996969863,-27.789274469651005,8c293a52745057c4
197071,2022,1,Medical treatment,False,0,1072_13800,True,153.371225926274,-28.0210324842852,8c293a52745057c4
197085,2022,9,Hospitalisation,True,1,1048_13858,True,153.245749973484,-27.760348469499505,8c293a52745057c4
197092,2022,9,Hospitalisation,True,1,1067_13810,True,153.342636832829,-27.9790393680482,8c293a52745057c4
197103,2022,9,Minor injury,False,0,1060_13844,True,153.306620958576,-27.825047476179602,8c293a52745057c4
197109,2023,3,Hospitalisation,True,1,1057_13804,True,153.290555937,-28.006489475975595,8c293a52745057c4
197120,2020,7,Minor injury,False,0,1059_13825,True,153.303638947867,-27.9109174765523,8c293a52745057c4
197123,2023,11,Hospitalisation,True,1,1072_13809,True,153.370184154259,-27.9833248858831,8c293a52745057c4
197137,2020,4,Minor injury,False,0,1060_13834,True,153.304900952963,-27.870199476360202,8c293a52745057c4
197141,2020,7,Medical treatment,False,0,1079_13811,True,153.406649454734,-27.971967815506705,8c293a52745057c4
197147,2024,5,Minor injury,False,0,1055_13846,True,153.282435962206,-27.8172614736648,8c293a52745057c4
197151,2024,7,Minor injury,False,0,1075_13808,True,153.384035929311,-27.986659485319098,8c293a52745057c4
197177,2023,5,Hospitalisation,True,1,1061_13837,True,153.31103195397,-27.857168476879995,8c293a52745057c4
197183,2023,5,Medical treatment,False,0,1067_13813,True,153.34550693644,-27.964107481222598,8c293a52745057c4
197192,2023,6,Medical treatment,False,0,1079_13786,True,153.402582914701,-28.0838744879707,8c293a52745057c4
197195,2024,3,Medical treatment,False,0,1086_13791,True,153.437917913391,-28.064005491417007,8c293a52745057c4
197198,2023,1,Fatal,True,1,1062_13830,True,153.315457949701,-27.886617477561,8c293a52745057c4
197211,2023,9,Minor injury,False,0,1073_13809,True,153.37199022041,-27.980619987045696,8c293a52745057c4
197217,2023,10,Medical treatment,False,0,1091_13780,True,153.46445790396,-28.1141954945194,8c293a52745057c4
197221,2023,10,Hospitalisation,True,2,1059_13841,True,153.303107957262,-27.838261475926995,8c293a52745057c4
197254,2022,12,Hospitalisation,True,1,1074_13786,True,153.379903916809,-28.086855485684705,8c293a52745057c4
197256,2022,12,Hospitalisation,True,1,1079_13820,True,153.402066934209,-27.933469486737394,8c293a52745057c4
197257,2022,12,Hospitalisation,True,3,1076_13798,True,153.387316923079,-28.032089486009696,8c293a52745057c4
197263,2022,12,Minor injury,False,0,1057_13847,True,153.292254567096,-27.80979938460189,8c293a52745057c4
197287,2023,6,Medical treatment,False,0,1099_13771,True,153.504885894233,-28.1547474989689,8c293a52745057c4
197305,2023,6,Medical treatment,False,0,1067_13814,True,153.343647937271,-27.95923848099539,8c293a52745057c4
197313,2022,1,Hospitalisation,True,1,1081_13810,True,153.41203418618701,-27.9793781911136,8c293a52745057c4
197336,2022,6,Medical treatment,False,0,1080_13810,True,153.411285927417,-27.9782264880283,8c293a52745057c4
197350,2022,7,Medical treatment,False,0,1076_13788,True,153.387552917442,-28.075463486373998,8c293a52745057c4
197352,2022,7,Minor injury,False,0,1067_13816,True,153.341681335685,-27.949936481722492,8c293a52745057c4
197354,2022,7,Minor injury,False,0,1084_13798,True,153.42980791879,-28.029213490316895,8c293a52745057c4
197359,2023,3,Hospitalisation,True,1,1083_13792,True,153.423755915582,-28.059105489934296,8c293a52745057c4
197366,2023,3,Hospitalisation,True,1,1078_13803,True,153.396844925005,-28.009114486799692,8c293a52745057c4
197371,2023,3,Hospitalisation,True,1,1055_13845,True,153.284044961929,-27.818060473834297,8c293a52745057c4
197373,2023,9,Medical treatment,False,0,1084_13800,True,153.432224919639,-28.020614490495806,8c293a52745057c4
197401,2021,5,Hospitalisation,True,1,1083_13786,True,153.425801911902,-28.085765490352,8c293a52745057c4
197406,2020,7,Hospitalisation,True,2,1099_13771,True,153.504885894233,-28.1547474989689,8c293a52745057c4
197418,2020,7,Medical treatment,False,0,1102_13768,True,153.520237891063,-28.166086500628293,8c293a52745057c4
197421,2020,7,Medical treatment,False,0,1074_13834,True,153.376560945141,-27.87029948364369,8c293a52745057c4
197422,2020,7,Hospitalisation,True,1,1071_13766,True,153.363118476052,-28.176505489679098,8c293a52745057c4
197424,2020,7,Medical treatment,False,0,1081_13814,True,153.41193492965402,-27.96037948795429,8c293a52745057c4
197432,2023,3,Fatal,True,1,1087_13791,True,153.443145912799,-28.0641474919515,8c293a52745057c4
197478,2024,3,Minor injury,False,0,1075_13815,True,153.384044933619,-27.95329748505789,8c293a52745057c4
197485,2024,8,Hospitalisation,True,1,1078_13790,True,153.399754090196,-28.067002687550207,8c293a52745057c4
197540,2022,12,Medical treatment,False,0,1075_13799,True,153.386250281688,-28.028290315871295,8c293a52745057c4
197556,2022,12,Medical treatment,False,0,1063_13817,True,153.320279941691,-27.944772478507705,8c293a52745057c4
197559,2022,7,Medical treatment,False,0,1076_13783,True,153.391591913956,-28.098959486969502,8c293a52745057c4
197568,2022,12,Hospitalisation,True,1,1071_13819,True,153.36164893795402,-27.938670482664097,8c293a52745057c4
197581,2023,2,Hospitalisation,True,1,1066_13817,True,153.339820800188,-27.9476161605151,8c293a52745057c4
197600,2023,3,Hospitalisation,True,1,1080_13814,True,153.408495930153,-27.959424487596305,8c293a52745057c4
197609,2023,6,Minor injury,False,0,1083_13809,True,153.423754925548,-27.982126489329904,8c293a52745057c4
197611,2022,7,Medical treatment,False,0,1075_13805,True,153.382598927717,-28.000212485279192,8c293a52745057c4
197612,2022,7,Medical treatment,False,0,1067_13816,True,153.341766897656,-27.950091077732406,8c293a52745057c4
197630,2024,3,Minor injury,False,0,1065_13819,True,153.335137941322,-27.935025479940403,8c293a52745057c4
197632,2024,3,Hospitalisation,True,1,1092_13777,True,153.468690901861,-28.126764495050196,8c293a52745057c4
197647,2024,3,Medical treatment,False,0,1075_13798,True,153.385691923078,-28.033477485855194,8c293a52745057c4
197709,2021,4,Hospitalisation,True,1,1049_13856,True,153.252330971515,-27.77015047024309,8c293a52745057c4
197710,2021,7,Medical treatment,False,0,1082_13781,True,153.417818909595,-28.110334489730796,8c293a52745057c4
197713,2021,5,Hospitalisation,True,1,1075_13801,True,153.384206925008,-28.019813485596796,8c293a52745057c4
197720,2021,9,Hospitalisation,True,1,1080_13803,True,153.40977292335,-28.010953488131094,8c293a52745057c4
197722,2021,7,Hospitalisation,True,1,1083_13783,True,153.422779910259,-28.1010034901634,8c293a52745057c4
197723,2021,7,Hospitalisation,True,1,1083_13804,True,153.426206922651,-28.0024374897395,8c293a52745057c4
197727,2021,7,Hospitalisation,True,1,1057_13804,True,153.290555937,-28.006489475975595,8c293a52745057c4
197731,2021,5,Medical treatment,False,0,1081_13804,True,153.413543923931,-28.0032694884551,8c293a52745057c4
197739,2021,7,Minor injury,False,0,1079_13819,True,153.404086933576,-27.9366624869682,8c293a52745057c4
197763,2024,4,Hospitalisation,True,1,1103_13767,True,153.526580889967,-28.169131501301294,8c293a52745057c4
197770,2024,3,Minor injury,False,0,1063_13824,True,153.320194945567,-27.914736478263002,8c293a52745057c4
197773,2024,8,Hospitalisation,True,1,1078_13824,True,153.400847937055,-27.912462486448092,8c293a52745057c4
197775,2024,8,Medical treatment,False,0,1080_13811,True,153.407005928553,-27.9730624875517,8c293a52745057c4
197777,2024,8,Hospitalisation,True,1,1062_13837,True,153.317944953547,-27.854596477561593,8c293a52745057c4
197780,2024,4,Medical treatment,False,0,1062_13830,True,153.315224949415,-27.889042477556394,8c293a52745057c4
197789,2024,6,Medical treatment,False,0,1065_13807,True,153.334021934253,-27.99082248026521,8c293a52745057c4
197792,2024,6,Hospitalisation,True,1,1062_13837,True,153.317196953747,-27.853679477478497,8c293a52745057c4
197802,2024,6,Minor injury,False,0,1086_13788,True,153.440796911289,-28.077777491818797,8c293a52745057c4
197804,2024,6,Hospitalisation,True,1,1068_13786,True,153.3491479203,-28.086029482549495,8c293a52745057c4
197805,2024,6,Minor injury,False,0,1061_13836,True,153.31153541232,-27.861795980967493,8c293a52745057c4
197826,2022,12,Medical treatment,False,0,1071_13832,True,153.362234945692,-27.878139482247796,8c293a52745057c4
197860,2023,9,Hospitalisation,True,1,1072_13820,True,153.370626938084,-27.930057483509703,8c293a52745057c4
197863,2020,7,Fatal,True,1,1063_13867,True,153.321808970611,-27.7184154768815,8c293a52745057c4
197869,2023,6,Minor injury,False,0,1092_13775,True,153.470698900606,-28.134712495317594,8c293a52745057c4
197881,2023,7,Hospitalisation,True,1,1083_13782,True,153.42272391022,-28.101346490160385,8c293a52745057c4
197888,2023,6,Medical treatment,False,0,1071_13832,True,153.362362945774,-27.877394482254992,8c293a52745057c4
197920,2022,12,Hospitalisation,True,1,1084_13806,True,153.427440923192,-27.997213489824297,8c293a52745057c4
197928,2023,7,Hospitalisation,True,1,1080_13817,True,153.40838993196,-27.945531487476412,8c293a52745057c4
197931,2023,7,Hospitalisation,True,1,1068_13806,True,153.350338931762,-27.996271481966396,8c293a52745057c4
197935,2021,7,Hospitalisation,True,1,1073_13804,True,153.373536031139,-28.00464059839159,8c293a52745057c4
197937,2021,7,Medical treatment,False,0,1063_13821,True,153.324802943142,-27.9296614788483,8c293a52745057c4
197940,2021,7,Hospitalisation,True,1,1047_13859,True,153.23944595178,-27.755566442823604,8c293a52745057c4
197946,2021,7,Medical treatment,False,0,1047_13860,True,153.241807974746,-27.753825469049005,8c293a52745057c4
197994,2024,11,Medical treatment,False,0,1079_13796,True,153.406869919655,-28.041971488078794,8c293a52745057c4
198083,2024,10,Minor injury,False,0,1075_13808,True,153.382360929725,-27.984874485134505,8c293a52745057c4
198132,2020,12,Minor injury,False,0,1078_13816,True,153.400915210915,-27.952203883767304,8c293a52745057c4
198157,2021,10,Minor injury,False,0,1066_13822,True,153.336415376926,-27.921486812963803,8c293a52745057c4
198163,2022,8,Hospitalisation,True,1,1044_13865,True,153.224089979813,-27.729220467062007,8c293a52745057c4
198180,2020,3,Medical treatment,False,0,1075_13776,True,153.38395391086,-28.1293564864301,8c293a52745057c4
198181,2020,2,Medical treatment,False,0,1076_13787,True,153.390531916434,-28.080721486718595,8c293a52745057c4
198204,2020,12,Hospitalisation,True,1,1067_13816,True,153.340677938589,-27.951536480633102,8c293a52745057c4
198205,2020,8,Minor injury,False,0,1097_13772,True,153.498316895908,-28.1474404982398,8c293a52745057c4
198213,2024,12,Minor injury,False,0,1079_13811,True,153.402135928928,-27.974288487065103,8c293a52745057c4
198229,2020,9,Hospitalisation,True,1,1074_13811,True,153.3766119322,-27.970585484437198,8c293a52745057c4
198232,2020,11,Medical treatment,False,0,1075_13810,True,153.384484930556,-27.976642485286096,8c293a52745057c4
198275,2024,8,Hospitalisation,True,1,1062_13842,True,153.315003956736,-27.832270477087402,8c293a52745057c4
198358,2022,9,Minor injury,False,0,1060_13837,True,153.30655502486704,-27.8539799364005,8c293a52745057c4
198365,2023,9,Hospitalisation,True,1,1074_13812,True,153.376287932391,-27.9693804843947,8c293a52745057c4
198422,2024,11,Hospitalisation,True,1,1034_13848,True,153.177178975306,-27.8043834629123,8c293a52745057c4
198428,2024,11,Hospitalisation,True,1,1098_13771,True,153.501186895108,-28.151157498562398,8c293a52745057c4
198435,2024,11,Medical treatment,False,0,1075_13815,True,153.382281933487,-27.955806484898197,8c293a52745057c4
198449,2024,5,Hospitalisation,True,1,1063_13818,True,153.32515294183,-27.939554478961597,8c293a52745057c4
198450,2024,5,Medical treatment,False,0,1073_13809,True,153.374147930959,-27.982285484278304,8c293a52745057c4
198480,2024,10,Medical treatment,False,0,1073_13820,True,153.374404937507,-27.931330483904194,8c293a52745057c4
198500,2024,10,Minor injury,False,0,1058_13834,True,153.29615895423,-27.867757475454003,8c293a52745057c4
198501,2024,10,Medical treatment,False,0,1060_13834,True,153.305009953057,-27.869379476364905,8c293a52745057c4
198502,2024,10,Minor injury,False,0,1078_13824,True,153.39832493699,-27.9150934862118,8c293a52745057c4
198508,2024,11,Medical treatment,False,0,1079_13802,True,153.404018923885,-28.0116944875507,8c293a52745057c4
198511,2024,11,Hospitalisation,True,1,1056_13846,True,153.28499896199,-27.816772473920892,8c293a52745057c4
198515,2024,12,Hospitalisation,True,1,1066_13838,True,153.339110951957,-27.849037479667892,8c293a52745057c4
198541,2022,3,Hospitalisation,True,1,1084_13812,True,153.427093926968,-27.968327489562004,8c293a52745057c4
198549,2022,3,Hospitalisation,True,7,1059_13841,True,153.302851712366,-27.837666416896298,8c293a52745057c4
198551,2022,3,Medical treatment,False,0,1087_13788,True,153.445646710829,-28.07721308030919,8c293a52745057c4
198578,2020,8,Medical treatment,False,0,1084_13804,True,153.431184921988,-28.003349490254198,8c293a52745057c4
198586,2020,8,Hospitalisation,True,1,1055_13832,True,153.283187954039,-27.880254474236594,8c293a52745057c4
198591,2024,9,Hospitalisation,True,1,1080_13816,True,153.409327931173,-27.9508304876136,8c293a52745057c4
198593,2020,9,Medical treatment,False,0,1061_13831,True,153.314835950543,-27.88060047745049,8c293a52745057c4
198596,2021,3,Hospitalisation,True,1,1061_13826,True,153.31381072471103,-27.903490686526403,8c293a52745057c4
198599,2024,10,Minor injury,False,0,1096_13774,True,153.491953897539,-28.140290497533297,8c293a52745057c4
198618,2021,2,Medical treatment,False,0,1062_13825,True,153.317950946592,-27.908677477987496,8c293a52745057c4
198620,2021,4,Medical treatment,False,0,1091_13780,True,153.467738903777,-28.112819494843706,8c293a52745057c4
198634,2021,4,Minor injury,False,0,1091_13778,True,153.466819902497,-28.123452494833195,8c293a52745057c4
198637,2021,4,Medical treatment,False,0,1084_13777,True,153.429037306396,-28.1254741679932,8c293a52745057c4
198683,2024,12,Hospitalisation,True,1,1076_13820,True,153.390549935516,-27.93309548556149,8c293a52745057c4
198719,2023,7,Hospitalisation,True,1,1068_13822,True,153.348269941584,-27.921853481171492,8c293a52745057c4
198720,2023,7,Minor injury,False,0,1044_13807,True,153.22503994613703,-27.991322469219302,8c293a52745057c4
198722,2023,9,Medical treatment,False,0,1069_13822,True,153.354880940712,-27.923013481852696,8c293a52745057c4
198744,2024,4,Medical treatment,False,0,1101_13768,True,153.51543489172903,-28.165039500128596,8c293a52745057c4
198746,2024,3,Minor injury,False,0,1087_13783,True,153.442991908435,-28.0979184922007,8c293a52745057c4
198817,2023,11,Hospitalisation,True,4,1079_13806,True,153.404404925688,-27.99742548747799,8c293a52745057c4
198834,2024,10,Hospitalisation,True,1,1080_13811,True,153.410856928162,-27.972830487942197,8c293a52745057c4
198874,2024,3,Minor injury,False,0,1061_13830,True,153.314876949537,-27.888386477515894,8c293a52745057c4
198876,2023,12,Fatal,True,1,1094_13771,True,153.480738897305,-28.1515924964756,8c293a52745057c4
198884,2024,11,Minor injury,False,0,1086_13790,True,153.441297912483,-28.0681434917943,8c293a52745057c4
198886,2024,11,Minor injury,False,0,1067_13816,True,153.340677938589,-27.951536480633102,8c293a52745057c4
198920,2021,7,Hospitalisation,True,1,1081_13805,True,153.414287924583,-27.997602488486397,8c293a52745057c4
198924,2024,7,Minor injury,False,0,1082_13811,True,153.419588927065,-27.973925488840806,8c293a52745057c4
198927,2024,7,Hospitalisation,True,1,1081_13813,True,153.412752929153,-27.963563488062604,8c293a52745057c4
198932,2024,7,Minor injury,False,0,1084_13798,True,153.430561918685,-28.029388490395103,8c293a52745057c4
198938,2020,5,Hospitalisation,True,1,1082_13799,True,153.417686920554,-28.025857489054697,8c293a52745057c4
198943,2024,11,Medical treatment,False,0,1081_13809,True,153.41316992686,-27.980941488241694,8c293a52745057c4
198945,2024,11,Minor injury,False,0,1072_13803,True,153.369549927753,-28.011008484035997,8c293a52745057c4
198950,2024,11,Minor injury,False,0,1065_13843,True,153.33473295525502,-27.827098479050395,8c293a52745057c4
198954,2024,12,Hospitalisation,True,1,1042_13859,True,153.215346977131,-27.757631466401506,8c293a52745057c4
198986,2021,12,Minor injury,False,0,1085_13792,True,153.435497914268,-28.0592904911332,8c293a52745057c4
198988,2022,1,Hospitalisation,True,1,1083_13818,True,153.425258930776,-27.94043148915569,8c293a52745057c4
198994,2024,8,Minor injury,False,0,1082_13800,True,153.418216920811,-28.023421489089596,8c293a52745057c4
198999,2022,1,Hospitalisation,True,1,1045_13807,True,153.230581945576,-27.9909584697773,8c293a52745057c4
199005,2022,1,Hospitalisation,True,1,1092_13779,True,153.470982902685,-28.1184794952194,8c293a52745057c4
199010,2024,8,Hospitalisation,True,1,1059_13844,True,153.30346695932,-27.821925475834902,8c293a52745057c4
199012,2022,1,Minor injury,False,0,1094_13776,True,153.480826899939,-28.1312614963253,8c293a52745057c4
199015,2022,1,Minor injury,False,0,1066_13804,True,153.340062931942,-28.003602480979396,8c293a52745057c4
199029,2020,9,Hospitalisation,True,1,1066_13808,True,153.337753934293,-27.987340480617096,8c293a52745057c4
199035,2020,9,Hospitalisation,True,1,1082_13783,True,153.4193279108,-28.099758489801694,8c293a52745057c4
199037,2020,9,Hospitalisation,True,2,1092_13772,True,153.470223898617,-28.150421495392198,8c293a52745057c4
199044,2020,9,Hospitalisation,True,1,1069_13789,True,153.354129921794,-28.0702284829322,8c293a52745057c4
199054,2020,12,Medical treatment,False,0,1084_13779,True,153.431541907432,-28.115361491169395,8c293a52745057c4
199061,2024,11,Medical treatment,False,0,1046_13858,True,153.238313974326,-27.7600754687445,8c293a52745057c4
199065,2021,4,Medical treatment,False,0,1071_13831,True,153.362157945273,-27.881454482266108,8c293a52745057c4
199069,2021,5,Medical treatment,False,0,1067_13808,True,153.341087374094,-27.986053069945797,8c293a52745057c4
199072,2022,2,Medical treatment,False,0,1088_13785,True,153.449428908763,-28.089932492794897,8c293a52745057c4
199075,2021,5,Medical treatment,False,0,1065_13807,True,153.333984934253,-27.990849480261698,8c293a52745057c4
199091,2021,5,Hospitalisation,True,1,1047_13860,True,153.242357974778,-27.753108469099,8c293a52745057c4
199093,2021,4,Medical treatment,False,0,1074_13813,True,153.376751933085,-27.963606484396607,8c293a52745057c4
199097,2021,5,Minor injury,False,0,1105_13768,True,153.53557288926004,-28.166950502204905,8c293a52745057c4
199101,2021,5,Medical treatment,False,0,1075_13798,True,153.384672316266,-28.0328877317467,8c293a52745057c4
199144,2023,1,Medical treatment,False,0,1066_13804,True,153.340213900862,-28.004092733998593,8c293a52745057c4
199196,2024,7,Hospitalisation,True,1,1083_13809,True,153.424107925459,-27.98251448936899,8c293a52745057c4
199205,2024,7,Medical treatment,False,0,1065_13831,True,153.334418948407,-27.880604479439498,8c293a52745057c4
199208,2024,7,Minor injury,False,0,1086_13780,True,153.441346906957,-28.110702492133097,8c293a52745057c4
199213,2024,7,Hospitalisation,True,1,1075_13823,True,153.385632937655,-27.9206814849633,8c293a52745057c4
199237,2024,11,Medical treatment,False,0,1095_13775,True,153.488222898579,-28.135458497113994,8c293a52745057c4
199275,2023,8,Fatal,True,1,1077_13830,True,153.394419941125,-27.886349485587992,8c293a52745057c4
199280,2024,11,Fatal,True,3,1065_13828,True,153.330434946921,-27.895529479152103,8c293a52745057c4
199281,2024,9,Hospitalisation,True,1,1062_13826,True,153.319377946816,-27.905721478109193,8c293a52745057c4
199291,2024,10,Hospitalisation,True,1,1084_13805,True,153.431075922246,-28.001446490228204,8c293a52745057c4
199295,2024,11,Hospitalisation,True,1,1078_13807,True,153.399905927165,-27.989813486959903,8c293a52745057c4
199301,2024,11,Hospitalisation,True,1,1086_13790,True,153.438598913116,-28.0655534914987,8c293a52745057c4
199311,2024,11,Medical treatment,False,0,1069_13834,True,153.351024947925,-27.870285481046103,8c293a52745057c4
199314,2024,11,Minor injury,False,0,1068_13801,True,153.347299929552,-28.015972481812106,8c293a52745057c4
199320,2020,2,Medical treatment,False,0,1060_13837,True,153.309072954165,-27.857313476682293,8c293a52745057c4
199324,2024,11,Hospitalisation,True,1,1064_13821,True,153.32909694296,-27.927429479266902,8c293a52745057c4
199329,2024,11,Medical treatment,False,0,1066_13818,True,153.337036136576,-27.939202009166095,8c293a52745057c4
199342,2024,11,Medical treatment,False,0,1091_13776,True,153.467660901652,-28.1292454949645,8c293a52745057c4
199350,2024,5,Hospitalisation,True,1,1062_13831,True,153.315304950215,-27.882755477515097,8c293a52745057c4
199371,2024,10,Hospitalisation,True,1,1063_13838,True,153.321165953504,-27.852203477869892,8c293a52745057c4
199374,2024,10,Hospitalisation,True,1,1082_13797,True,153.419641919028,-28.0359854893335,8c293a52745057c4
199389,2024,10,Minor injury,False,0,1061_13834,True,153.312742952424,-27.867742477136904,8c293a52745057c4
199412,2024,11,Minor injury,False,0,1062_13827,True,153.316065947558,-27.902764477749702,8c293a52745057c4
199426,2024,6,Medical treatment,False,0,1054_13846,True,153.278291962923,-27.8151864732283,8c293a52745057c4
199433,2024,7,Medical treatment,False,0,1077_13817,True,153.391768933589,-27.9469884857948,8c293a52745057c4
199442,2024,7,Hospitalisation,True,1,1067_13816,True,153.34302493855,-27.949846480858294,8c293a52745057c4
199444,2024,7,Hospitalisation,True,1,1046_13860,True,153.237893975124,-27.754189468655596,8c293a52745057c4
199446,2024,7,Hospitalisation,True,1,1077_13817,True,153.39247093351,-27.947003485866396,8c293a52745057c4
199449,2024,7,Hospitalisation,True,1,1087_13788,True,153.447017910731,-28.076810492445997,8c293a52745057c4
199454,2024,7,Minor injury,False,0,1081_13795,True,153.415887918181,-28.045709489027104,8c293a52745057c4
199455,2024,7,Hospitalisation,True,1,1062_13826,True,153.319400946909,-27.904980478105703,8c293a52745057c4
199456,2024,3,Hospitalisation,True,1,1067_13803,True,153.342785931128,-28.007597481287497,8c293a52745057c4
199475,2022,5,Hospitalisation,True,2,1047_13865,True,153.241394524105,-27.727908280802907,8c293a52745057c4
199476,2022,7,Medical treatment,False,0,1079_13821,True,153.405801209303,-27.929586290087293,8c293a52745057c4
199511,2023,4,Medical treatment,False,0,1073_13787,True,153.372885918289,-28.0813874849276,8c293a52745057c4
199527,2023,3,Hospitalisation,True,1,1081_13813,True,153.413931929098,-27.962986488178295,8c293a52745057c4
199554,2024,11,Medical treatment,False,0,1067_13806,True,153.340749933155,-27.9936154809708,8c293a52745057c4
199569,2020,8,Medical treatment,False,0,1081_13813,True,153.411854929172,-27.964174487975903,8c293a52745057c4
199573,2021,3,Hospitalisation,True,3,1046_13832,True,153.235086959535,-27.878325469348404,8c293a52745057c4
199578,2021,12,Minor injury,False,0,1081_13803,True,153.412649923472,-28.007572488397788,8c293a52745057c4
199583,2022,1,Medical treatment,False,0,1094_13773,True,153.483489568235,-28.142110088682394,8c293a52745057c4
199598,2022,1,Medical treatment,False,0,1076_13798,True,153.388770922903,-28.03222148615879,8c293a52745057c4
199602,2021,12,Medical treatment,False,0,1044_13864,True,153.227255978614,-27.735917467435094,8c293a52745057c4
199605,2022,1,Minor injury,False,0,1076_13826,True,153.387945939416,-27.905073485075995,8c293a52745057c4
199635,2021,2,Medical treatment,False,0,1080_13782,True,153.412072911385,-28.101407489075097,8c293a52745057c4
199644,2021,2,Hospitalisation,True,1,1068_13801,True,153.347558929281,-28.0178564818532,8c293a52745057c4
199654,2021,2,Minor injury,False,0,1057_13845,True,153.289434961133,-27.819691474393693,8c293a52745057c4
199655,2021,4,Minor injury,False,0,1064_13821,True,153.327836943283,-27.925995479127696,8c293a52745057c4
199664,2021,5,Medical treatment,False,0,1083_13794,True,153.427221916636,-28.0480344902008,8c293a52745057c4
199669,2020,7,Medical treatment,False,0,1066_13817,True,153.340380939152,-27.947418480570498,8c293a52745057c4
199690,2020,3,Fatal,True,2,1084_13804,True,153.428138922029,-28.0056134899614,8c293a52745057c4
199694,2024,12,Medical treatment,False,0,1062_13824,True,153.31897694598,-27.9125624781223,8c293a52745057c4
199696,2024,12,Medical treatment,False,0,1080_13804,True,153.410765923856,-28.006205488195093,8c293a52745057c4
199698,2024,12,Minor injury,False,0,1071_13832,True,153.361749945808,-27.877649482194602,8c293a52745057c4
199821,2024,3,Fatal,True,2,1076_13813,True,153.389274931807,-27.962893485665802,8c293a52745057c4
199830,2024,11,Minor injury,False,0,1070_13821,True,153.358904888929,-27.925684533282993,8c293a52745057c4
199847,2021,12,Hospitalisation,True,1,1080_13797,True,153.409057920298,-28.0351474882482,8c293a52745057c4
199848,2024,11,Hospitalisation,True,1,1084_13799,True,153.429866918919,-28.0281664903146,8c293a52745057c4
199854,2024,12,Medical treatment,False,0,1083_13782,True,153.425377909873,-28.101772490434293,8c293a52745057c4
199864,2024,11,Medical treatment,False,0,1065_13845,True,153.332521956646,-27.8181454787553,8c293a52745057c4
199868,2024,11,Hospitalisation,True,1,1071_13813,True,153.361745934666,-27.964079482873597,8c293a52745057c4
199870,2024,11,Hospitalisation,True,1,1062_13830,True,153.315585949691,-27.886587477573695,8c293a52745057c4
199881,2024,11,Hospitalisation,True,1,1080_13811,True,153.410639927978,-27.974435487932702,8c293a52745057c4
199882,2024,11,Hospitalisation,True,1,1050_13798,True,153.255396937567,-28.032072472612402,8c293a52745057c4
199898,2024,11,Minor injury,False,0,1070_13793,True,153.357020923609,-28.053726483096696,8c293a52745057c4
199902,2024,11,Minor injury,False,0,1083_13797,True,153.424996637337,-28.036785670885706,8c293a52745057c4
199921,2024,10,Medical treatment,False,0,1084_13801,True,153.43147591998,-28.0186084904037,8c293a52745057c4
199944,2024,10,Medical treatment,False,0,1078_13819,True,153.398906934117,-27.936855486442088,8c293a52745057c4
199954,2024,12,Hospitalisation,True,1,1076_13819,True,153.387720935184,-27.9380614853124,8c293a52745057c4
199970,2024,12,Medical treatment,False,0,1045_13832,True,153.229844960154,-27.877956468815,8c293a52745057c4
199979,2023,3,Hospitalisation,True,1,1062_13827,True,153.31507094807202,-27.899618477623903,8c293a52745057c4
199997,2024,12,Hospitalisation,True,1,1046_13860,True,153.236265975684,-27.751190468467193,8c293a52745057c4
200036,2024,3,Medical treatment,False,0,1080_13796,True,153.40795091978603,-28.0400394881738,8c293a52745057c4
200042,2024,8,Hospitalisation,True,1,1063_13821,True,153.324489943616,-27.926244478789705,8c293a52745057c4
200043,2024,12,Hospitalisation,True,1,1053_13867,True,153.271285975714,-27.7212874717786,8c293a52745057c4
200063,2024,12,Medical treatment,False,0,1078_13815,True,153.400449931445,-27.956235486751492,8c293a52745057c4
200070,2021,12,Hospitalisation,True,1,1079_13797,True,153.402593921072,-28.034651487585702,8c293a52745057c4
200148,2023,2,Hospitalisation,True,1,1086_13792,True,153.437878914342,-28.056706491355797,8c293a52745057c4
200157,2024,3,Minor injury,False,0,1076_13830,True,153.388547941482,-27.888547485007397,8c293a52745057c4
200162,2024,4,Hospitalisation,True,1,1080_13819,True,153.407375932999,-27.938349487316604,8c293a52745057c4
200167,2024,4,Minor injury,False,0,1054_13846,True,153.276735963149,-27.8147474730671,8c293a52745057c4
200176,2024,4,Medical treatment,False,0,1077_13780,True,153.392917911997,-28.112959487214294,8c293a52745057c4
200200,2024,11,Minor injury,False,0,1071_13817,True,153.364057936872,-27.945017482958995,8c293a52745057c4
200204,2022,6,Hospitalisation,True,1,1063_13823,True,153.321940944734,-27.919728478479605,8c293a52745057c4
200221,2024,6,Hospitalisation,True,1,1074_13820,True,153.379820936805,-27.932182484461997,8c293a52745057c4
200227,2022,2,Hospitalisation,True,1,1077_13808,True,153.392865928184,-27.987895486227803,8c293a52745057c4
200235,2022,2,Medical treatment,False,0,1071_13832,True,153.36149194591104,-27.8770654821638,8c293a52745057c4
200238,2022,2,Hospitalisation,True,1,1096_13773,True,153.493440609087,-28.142508458702597,8c293a52745057c4
200245,2022,5,Hospitalisation,True,1,1061_13832,True,153.314216825122,-27.876624760356403,8c293a52745057c4
200253,2022,5,Medical treatment,False,0,1078_13817,True,153.398207932766,-27.9479094864578,8c293a52745057c4
200258,2022,5,Medical treatment,False,0,1086_13780,True,153.44000324364,-28.114285676024096,8c293a52745057c4
200263,2020,8,Hospitalisation,True,1,1081_13801,True,153.414907921885,-28.0179284887092,8c293a52745057c4
200282,2021,5,Hospitalisation,True,1,1076_13820,True,153.390398935431,-27.9338814855523,8c293a52745057c4
200285,2021,5,Hospitalisation,True,1,1062_13831,True,153.315651950206,-27.882532477548597,8c293a52745057c4
200290,2022,2,Medical treatment,False,0,1079_13783,True,153.404101912693,-28.098081488236904,8c293a52745057c4
200295,2021,5,Hospitalisation,True,1,1076_13830,True,153.388315941628,-27.887614484976393,8c293a52745057c4
200297,2022,4,Hospitalisation,True,2,1067_13785,True,153.341910329828,-28.0881114618301,8c293a52745057c4
200302,2021,5,Medical treatment,False,0,1077_13790,True,153.395024917611,-28.067812487074903,8c293a52745057c4
200307,2021,2,Medical treatment,False,0,1084_13805,True,153.43085692246504,-27.999939490194002,8c293a52745057c4
200340,2024,3,Hospitalisation,True,1,1077_13812,True,153.394155930513,-27.968781486209096,8c293a52745057c4
200341,2022,5,Medical treatment,False,0,1086_13780,True,153.441446906948,-28.110690492143195,8c293a52745057c4
200351,2024,6,Hospitalisation,True,2,1080_13808,True,153.41106892668301,-27.9840894880523,8c293a52745057c4
200360,2024,11,Minor injury,False,0,1085_13796,True,153.436615916717,-28.0394484910915,8c293a52745057c4
200361,2024,11,Medical treatment,False,0,1092_13772,True,153.471101898963,-28.147010495455202,8c293a52745057c4
200365,2024,11,Medical treatment,False,0,1061_13836,True,153.311407953648,-27.8593574769354,8c293a52745057c4
200383,2024,12,Medical treatment,False,0,1092_13773,True,153.47143589906,-28.1459854954812,8c293a52745057c4
200410,2024,12,Hospitalisation,True,1,1096_13773,True,153.4933158971,-28.1425174976899,8c293a52745057c4
200418,2024,12,Minor injury,False,0,1045_13862,True,153.232373977186,-27.74274446800681,8c293a52745057c4
200423,2024,12,Minor injury,False,0,1061_13836,True,153.311366953709,-27.858912476927795,8c293a52745057c4
200435,2024,10,Medical treatment,False,0,1062_13825,True,153.316597946846,-27.907846477843595,8c293a52745057c4
200436,2024,7,Minor injury,False,0,1066_13806,True,153.339993933153,-27.994275480899205,8c293a52745057c4
200440,2024,11,Hospitalisation,True,1,1049_13806,True,153.25388194268,-27.993608472157092,8c293a52745057c4
200449,2024,11,Hospitalisation,True,1,1065_13815,True,153.332123939072,-27.955050479791495,8c293a52745057c4
200465,2024,11,Medical treatment,False,0,1077_13815,True,153.395177932094,-27.955672486210194,8c293a52745057c4
200466,2024,11,Medical treatment,False,0,1056_13845,True,153.288489960974,-27.821735474314007,8c293a52745057c4
200475,2024,3,Hospitalisation,True,3,1078_13819,True,153.401236934026,-27.935589486669503,8c293a52745057c4
200516,2024,12,Medical treatment,False,0,1079_13823,True,153.403948936081,-27.917384486802696,8c293a52745057c4
200519,2024,11,Medical treatment,False,0,1077_13832,True,153.395055942047,-27.8786694855924,8c293a52745057c4
200522,2024,11,Minor injury,False,0,1080_13813,True,153.40970592924901,-27.9653934877665,8c293a52745057c4
200524,2024,11,Minor injury,False,0,1078_13786,True,153.401406914742,-28.084549487856197,8c293a52745057c4
200555,2024,9,Minor injury,False,0,1075_13798,True,153.385983923157,-28.032622485878196,8c293a52745057c4
200560,2024,4,Fatal,True,1,1075_13813,True,153.38570893192,-27.965045485319603,8c293a52745057c4
200587,2024,10,Medical treatment,False,0,1085_13783,True,153.436544908712,-28.101251491569105,8c293a52745057c4
200680,2024,9,Minor injury,False,0,1077_13798,True,153.39187692277,-28.030616486462502,8c293a52745057c4
200688,2024,12,Minor injury,False,0,1077_13808,True,153.396445927732,-27.988362486596092,8c293a52745057c4
200720,2024,4,Medical treatment,False,0,1067_13813,True,153.345263936706,-27.962247481183304,8c293a52745057c4
200730,2024,4,Hospitalisation,True,1,1063_13852,True,153.323880961406,-27.7883974776434,8c293a52745057c4
200736,2024,4,Minor injury,False,0,1063_13805,True,153.323284934028,-28.0016974792599,8c293a52745057c4
200739,2024,4,Medical treatment,False,0,1061_13832,True,153.314310951067,-27.876972477368696,8c293a52745057c4
200751,2023,11,Hospitalisation,True,1,1076_13822,True,153.387698936851,-27.925159485208795,8c293a52745057c4
200753,2023,11,Medical treatment,False,0,1084_13794,True,153.43233491595,-28.0489934907298,8c293a52745057c4
200760,2020,7,Medical treatment,False,0,1092_13772,True,153.471031362052,-28.1463877374431,8c293a52745057c4
200766,2023,1,Medical treatment,False,0,1054_13801,True,153.278399937076,-28.0162554748194,8c293a52745057c4
200771,2023,12,Hospitalisation,True,1,1095_13776,True,153.484232899661,-28.1305194966675,8c293a52745057c4
200779,2023,12,Hospitalisation,True,2,1051_13852,True,153.25916196869,-27.786420471063096,8c293a52745057c4
200794,2023,12,Hospitalisation,True,1,1062_13834,True,153.319906464705,-27.867262715860505,8c293a52745057c4
200806,2023,2,Hospitalisation,True,1,1079_13788,True,153.406198997016,-28.078367765295898,8c293a52745057c4
200812,2022,8,Hospitalisation,True,2,1074_13813,True,153.376751933085,-27.963606484396607,8c293a52745057c4
200828,2023,3,Hospitalisation,True,1,1080_13793,True,153.409308917908,-28.0533964884169,8c293a52745057c4
200834,2023,3,Medical treatment,False,0,1076_13824,True,153.389246938275,-27.912820485269403,8c293a52745057c4
200835,2023,3,Minor injury,False,0,1064_13828,True,153.325594947324,-27.8965024786681,8c293a52745057c4
200836,2023,3,Medical treatment,False,0,1091_13779,True,153.466381903318,-28.117502494741803,8c293a52745057c4
200838,2023,3,Medical treatment,False,0,1076_13818,True,153.38704793507,-27.9395134852553,8c293a52745057c4
200839,2022,9,Minor injury,False,0,1090_13781,True,153.46285590509103,-28.106842494298196,8c293a52745057c4
200855,2023,8,Hospitalisation,True,1,1075_13808,True,153.382149929589,-27.986106485122704,8c293a52745057c4
200864,2023,2,Hospitalisation,True,1,1065_13821,True,153.334260942226,-27.9287504798019,8c293a52745057c4
200874,2023,8,Minor injury,False,0,1087_13788,True,153.444935911219,-28.0748144922178,8c293a52745057c4
200888,2023,2,Hospitalisation,True,1,1084_13802,True,153.431077920705,-28.013348490321803,8c293a52745057c4
200892,2022,5,Medical treatment,False,0,1047_13859,True,153.242376974128,-27.758173469140793,8c293a52745057c4
200902,2023,2,Hospitalisation,True,1,1070_13794,True,153.359513924053,-28.048172483306697,8c293a52745057c4
200926,2021,5,Minor injury,False,0,1071_13817,True,153.364862936781,-27.945042483041107,8c293a52745057c4
200929,2022,11,Medical treatment,False,0,1047_13859,True,153.242489974104,-27.75826246915299,8c293a52745057c4
200943,2021,8,Hospitalisation,True,1,1093_13775,True,153.476748899651,-28.1369344959531,8c293a52745057c4
200944,2022,12,Hospitalisation,True,1,1065_13820,True,153.333513942037,-27.930849479742502,8c293a52745057c4
200954,2022,12,Medical treatment,False,0,1050_13867,True,153.256734977631,-27.71861647028309,8c293a52745057c4
200957,2021,8,Medical treatment,False,0,1043_13812,True,153.221741499268,-27.969755591716297,8c293a52745057c4
200960,2021,8,Hospitalisation,True,2,1083_13761,True,153.422979897891,-28.196133490929,8c293a52745057c4
200968,2022,4,Medical treatment,False,0,1067_13787,True,153.34235392142,-28.083146481836298,8c293a52745057c4
200974,2022,4,Hospitalisation,True,1,1083_13805,True,153.422852174521,-27.998562640366995,8c293a52745057c4
200980,2022,5,Hospitalisation,True,1,1068_13816,True,153.346993938261,-27.9487204812529,8c293a52745057c4
200983,2022,5,Hospitalisation,True,1,1045_13854,True,153.228883918208,-27.776815658921997,8c293a52745057c4
200984,2022,9,Hospitalisation,True,1,1091_13778,True,153.466819902497,-28.123452494833195,8c293a52745057c4
200990,2022,9,Medical treatment,False,0,1069_13801,True,153.353602519751,-28.016824359459605,8c293a52745057c4
200992,2024,3,Hospitalisation,True,1,1083_13819,True,153.426086930924,-27.93858348922559,8c293a52745057c4
201009,2024,12,Medical treatment,False,0,1069_13815,True,153.35325093663,-27.956058481946698,8c293a52745057c4
201012,2024,12,Hospitalisation,True,1,1044_13863,True,153.227645978251,-27.738427467494294,8c293a52745057c4
201025,2024,12,Hospitalisation,True,1,1062_13842,True,153.318653956263,-27.832860477462603,8c293a52745057c4
201057,2024,12,Hospitalisation,True,1,1060_13838,True,153.307543955064,-27.8516064764822,8c293a52745057c4
201080,2024,12,Minor injury,False,0,1074_13805,True,153.377492928267,-28.0002924847601,8c293a52745057c4
201083,2024,11,Medical treatment,False,0,1084_13803,True,153.429503921379,-28.0094734901309,8c293a52745057c4
201146,2024,12,Hospitalisation,True,1,1082_13791,True,153.418739915352,-28.065135489470194,8c293a52745057c4
201149,2024,12,Hospitalisation,True,1,1078_13830,True,153.396767940604,-27.888408485843296,8c293a52745057c4
201158,2024,12,Hospitalisation,True,2,1074_13820,True,153.376905936908,-27.9338574841785,8c293a52745057c4
201159,2024,12,Hospitalisation,True,2,1084_13805,True,153.42860592285,-27.998871489956095,8c293a52745057c4
201161,2024,12,Medical treatment,False,0,1084_13798,True,153.431614918341,-28.031149490516295,8c293a52745057c4
201164,2024,12,Minor injury,False,0,1066_13805,True,153.338975932673,-27.998860480831695,8c293a52745057c4
201170,2024,12,Minor injury,False,0,1044_13863,True,153.2265129784,-27.738225467378104,8c293a52745057c4
201182,2023,10,Medical treatment,False,0,1069_13822,True,153.354989940694,-27.923063481864197,8c293a52745057c4
201198,2024,3,Medical treatment,False,0,1076_13786,True,153.390607915831,-28.0853184867624,8c293a52745057c4
201214,2024,5,Hospitalisation,True,1,1092_13778,True,153.472568902207,-28.120814495399692,8c293a52745057c4
201342,2020,8,Hospitalisation,True,1,1071_13787,True,153.36558291918,-28.080704484179197,8c293a52745057c4
201408,2024,5,Minor injury,False,0,1077_13808,True,153.395823928269,-27.984736486504197,8c293a52745057c4
201412,2024,5,Medical treatment,False,0,1085_13798,True,153.434454918,-28.03137949080779,8c293a52745057c4
201423,2024,1,Hospitalisation,True,1,1071_13853,True,153.363853957531,-27.784783481677696,8c293a52745057c4
201431,2024,1,Hospitalisation,True,1,1067_13816,True,153.34191993859,-27.950469480750897,8c293a52745057c4
201446,2024,1,Minor injury,False,0,1079_13803,True,153.403781924132,-28.0099874875131,8c293a52745057c4
201449,2024,1,Hospitalisation,True,1,1078_13821,True,153.398951935325,-27.9274664863729,8c293a52745057c4
201450,2024,1,Medical treatment,False,0,1073_13820,True,153.374621937564,-27.930702483921305,8c293a52745057c4
201460,2022,11,Minor injury,False,0,1066_13806,True,153.3403639328,-27.996699480955794,8c293a52745057c4
201466,2022,12,Medical treatment,False,0,1104_13767,True,153.530072889162,-28.1723525016841,8c293a52745057c4
201468,2022,12,Medical treatment,False,0,1076_13826,True,153.388031962374,-27.905323107086794,8c293a52745057c4
201481,2022,12,Medical treatment,False,0,1077_13792,True,153.394580919117,-28.0565514869413,8c293a52745057c4
201482,2022,12,Minor injury,False,0,1080_13796,True,153.407849919749,-28.0404144881664,8c293a52745057c4
201490,2023,4,Medical treatment,False,0,1089_13778,True,153.457043903637,-28.122962493831192,8c293a52745057c4
201505,2022,8,Minor injury,False,0,1071_13808,True,153.36482493157,-27.9854614833547,8c293a52745057c4
201509,2023,8,Medical treatment,False,0,1061_13830,True,153.314002950037,-27.885246477402497,8c293a52745057c4
201533,2023,7,Medical treatment,False,0,1092_13778,True,153.472668901927,-28.122883495426098,8c293a52745057c4
201534,2023,8,Medical treatment,False,0,1077_13815,True,153.395177932094,-27.955672486210194,8c293a52745057c4
201546,2024,8,Minor injury,False,0,1075_13813,True,153.38570893192,-27.965045485319603,8c293a52745057c4
201554,2024,6,Minor injury,False,0,1069_13787,True,153.352994920622,-28.080265482895495,8c293a52745057c4
201557,2024,8,Medical treatment,False,0,1044_13863,True,153.2265129784,-27.738225467378104,8c293a52745057c4
201559,2024,6,Hospitalisation,True,1,1064_13839,True,153.327578953407,-27.847526478484404,8c293a52745057c4
201568,2024,6,Hospitalisation,True,1,1080_13813,True,153.409023929276,-27.965762487699905,8c293a52745057c4
201598,2021,11,Minor injury,False,0,1064_13793,True,153.327412926792,-28.054279480091793,8c293a52745057c4
201604,2024,10,Hospitalisation,True,1,1075_13805,True,153.385818927623,-27.998212485591292,8c293a52745057c4
201614,2021,11,Hospitalisation,True,1,1074_13810,True,153.379547931266,-27.975324484773196,8c293a52745057c4
201618,2021,11,Hospitalisation,True,1,1065_13840,True,153.334647953431,-27.84135847915399,8c293a52745057c4
201623,2024,4,Hospitalisation,True,1,1077_13830,True,153.394731941066,-27.8865424856213,8c293a52745057c4
201635,2024,12,Minor injury,False,0,1069_13834,True,153.351459947902,-27.870095481088796,8c293a52745057c4
201652,2024,10,Hospitalisation,True,1,1089_13785,True,153.455518908094,-28.0899294934165,8c293a52745057c4
201788,2024,11,Medical treatment,False,0,1070_13810,True,153.36004193329,-27.976192482795398,8c293a52745057c4
201835,2024,6,Minor injury,False,0,1062_13832,True,153.315037951065,-27.876369477437798,8c293a52745057c4
201841,2024,6,Minor injury,False,0,1083_13786,True,153.425803222845,-28.086206357355593,8c293a52745057c4
201853,2024,7,Minor injury,False,0,1047_13859,True,153.242616974079,-27.758351469166495,8c293a52745057c4
201855,2024,7,Minor injury,False,0,1077_13815,True,153.395346932186,-27.954820486220694,8c293a52745057c4
201866,2024,8,Hospitalisation,True,1,1067_13813,True,153.3454809366,-27.962889481210397,8c293a52745057c4
201871,2024,8,Minor injury,False,0,1044_13865,True,153.224813979556,-27.7306204671463,8c293a52745057c4
201878,2024,12,Hospitalisation,True,1,1076_13819,True,153.38980617014,-27.936637861513592,8c293a52745057c4
202075,2024,3,Medical treatment,False,0,1077_13816,True,153.396292932741,-27.949725486276996,8c293a52745057c4
202083,2024,3,Medical treatment,False,0,1078_13815,True,153.398754931809,-27.954852486567997,8c293a52745057c4
202085,2024,4,Hospitalisation,True,1,1079_13820,True,153.401839934445,-27.93183848670139,8c293a52745057c4
202089,2024,4,Medical treatment,False,0,1091_13779,True,153.46516390372,-28.115445494601296,8c293a52745057c4
202101,2024,4,Hospitalisation,True,1,1062_13828,True,153.315026948613,-27.895448477586694,8c293a52745057c4
202118,2024,12,Hospitalisation,True,1,1075_13801,True,153.384208925005,-28.019830485597097,8c293a52745057c4
202120,2024,12,Minor injury,False,0,1076_13831,True,153.387865942064,-27.884612484907,8c293a52745057c4
202129,2024,12,Minor injury,False,0,1067_13816,True,153.34094093859,-27.9513004806579,8c293a52745057c4
202146,2023,8,Medical treatment,False,0,1083_13805,True,153.426573922728,-28.0015324897698,8c293a52745057c4
202166,2024,7,Hospitalisation,True,1,1060_13837,True,153.306999954387,-27.857339476472102,8c293a52745057c4
202168,2024,6,Hospitalisation,True,1,1068_13801,True,153.34944092904,-28.018119482046597,8c293a52745057c4
202173,2024,6,Hospitalisation,True,1,1069_13801,True,153.35367392872104,-28.0169974824682,8c293a52745057c4
202188,2024,4,Fatal,True,1,1046_13860,True,153.23667897536902,-27.753303468525694,8c293a52745057c4
202194,2023,11,Hospitalisation,True,2,1061_13835,True,153.312403926621,-27.866498644092697,8c293a52745057c4
202223,2024,12,Medical treatment,False,0,1068_13817,True,153.350655938084,-27.94698448161149,8c293a52745057c4
202226,2024,12,Hospitalisation,True,1,1085_13800,True,153.434145918951,-28.02429749072069,8c293a52745057c4
202232,2024,12,Minor injury,False,0,1083_13786,True,153.425853911818,-28.0863704903621,8c293a52745057c4
202235,2021,11,Minor injury,False,0,1082_13783,True,153.419393716676,-28.10066295881551,8c293a52745057c4
202237,2021,11,Minor injury,False,0,1076_13813,True,153.389274931807,-27.962893485665802,8c293a52745057c4
202254,2021,3,Medical treatment,False,0,1058_13820,True,153.29513294607,-27.932111475855795,8c293a52745057c4
202257,2021,11,Minor injury,False,0,1060_13822,True,153.306759945805,-27.924295476974198,8c293a52745057c4
202264,2021,11,Medical treatment,False,0,1086_13773,True,153.440805963877,-28.142595240327797,8c293a52745057c4
202295,2024,6,Hospitalisation,True,1,1067_13808,True,153.341204934027,-27.986467480960997,8c293a52745057c4
202418,2024,4,Hospitalisation,True,1,1075_13817,True,153.386138934318,-27.9461054852146,8c293a52745057c4
202427,2024,4,Hospitalisation,True,1,1085_13780,True,153.437066907089,-28.113318491716903,8c293a52745057c4
202447,2024,4,Hospitalisation,True,1,1086_13790,True,153.440169912788,-28.066750491668298,8c293a52745057c4
202485,2022,5,Medical treatment,False,0,1072_13801,True,153.368700927139,-28.016478483992493,8c293a52745057c4
202618,2023,9,Medical treatment,False,0,1086_13792,True,153.438311913966,-28.059239491419806,8c293a52745057c4
202761,2023,4,Medical treatment,False,0,1087_13788,True,153.44567291117403,-28.074532492290803,8c293a52745057c4
202958,2020,1,Hospitalisation,True,1,1080_13813,True,153.40970592924901,-27.9653934877665,8c293a52745057c4
202986,2020,1,Minor injury,False,0,1071_13808,True,153.361016931838,-27.9866124829764,8c293a52745057c4
202989,2023,1,Minor injury,False,0,1103_13767,True,153.525111176067,-28.169608697154693,8c293a52745057c4
203000,2023,1,Minor injury,False,0,1088_13785,True,153.450411908877,-28.088225492881897,8c293a52745057c4
203039,2021,4,Hospitalisation,True,1,1076_13830,True,153.388547941482,-27.888547485007397,8c293a52745057c4
203072,2023,12,Medical treatment,False,0,1078_13824,True,153.398079937365,-27.912397486165602,8c293a52745057c4
203073,2023,2,Hospitalisation,True,1,1064_13828,True,153.326242947105,-27.897655478742998,8c293a52745057c4
203078,2023,12,Medical treatment,False,0,1066_13822,True,153.337975942635,-27.9224224801297,8c293a52745057c4
203086,2023,12,Hospitalisation,True,1,1074_13832,True,153.376847944306,-27.876535483721902,8c293a52745057c4
203160,2021,1,Minor injury,False,0,1081_13813,True,153.412992928841,-27.965771488104505,8c293a52745057c4
203161,2023,9,Hospitalisation,True,1,1082_13806,True,153.417204213451,-27.9961559487723,8c293a52745057c4
203163,2023,9,Hospitalisation,True,1,1057_13849,True,153.294193928818,-27.802524024741295,8c293a52745057c4
203242,2020,2,Minor injury,False,0,1077_13803,True,153.396649687026,-28.0091225347798,8c293a52745057c4
203280,2020,11,Medical treatment,False,0,1093_13776,True,153.475124900789,-28.129554495729295,8c293a52745057c4
203317,2023,10,Medical treatment,False,0,1076_13786,True,153.391409915865,-28.084371486836602,8c293a52745057c4
203405,2021,6,Medical treatment,False,0,1071_13832,True,153.362420945769,-27.877380482260804,8c293a52745057c4
203558,2020,7,Medical treatment,False,0,1067_13816,True,153.34433493829,-27.9507494809985,8c293a52745057c4
203567,2020,7,Hospitalisation,True,1,1075_13798,True,153.385983923157,-28.032622485878196,8c293a52745057c4
203591,2020,7,Hospitalisation,True,1,1063_13821,True,153.324192943727,-27.925634478754702,8c293a52745057c4
203619,2023,6,Hospitalisation,True,1,1061_13817,True,153.3106259427,-27.9451344775304,8c293a52745057c4
203659,2023,6,Minor injury,False,0,1081_13783,True,153.413359911307,-28.100914489202395,8c293a52745057c4
203660,2023,6,Medical treatment,False,0,1062_13826,True,153.315566947385,-27.904537477712893,8c293a52745057c4
203676,2023,6,Hospitalisation,True,1,1081_13811,True,153.41329392789,-27.972873488190892,8c293a52745057c4
203756,2024,1,Hospitalisation,True,1,1084_13800,True,153.428906920028,-28.020416490155895,8c293a52745057c4
203943,2023,4,Minor injury,False,0,1079_13782,True,153.404936911743,-28.1047014883738,8c293a52745057c4
203966,2023,5,Minor injury,False,0,1083_13792,True,153.423031915524,-28.060167489868803,8c293a52745057c4
204041,2023,10,Hospitalisation,True,1,1089_13785,True,153.453259908244,-28.0906904931919,8c293a52745057c4
204047,2023,10,Hospitalisation,True,1,1079_13817,True,153.40616693224703,-27.945188487247194,8c293a52745057c4
204107,2022,10,Hospitalisation,True,1,1083_13797,True,153.425890692481,-28.034913693962093,8c293a52745057c4
204120,2020,11,Minor injury,False,0,1084_13779,True,153.431477907427,-28.1154584911636,8c293a52745057c4
204162,2023,6,Hospitalisation,True,1,1078_13783,True,153.401290912815,-28.099529487961806,8c293a52745057c4
204246,2020,2,Medical treatment,False,0,1081_13805,True,153.414131924597,-27.9976214884707,8c293a52745057c4
204264,2023,6,Minor injury,False,0,1086_13783,True,153.442545908385,-28.0986794921611,8c293a52745057c4
204455,2023,12,Minor injury,False,0,1080_13811,True,153.40874292846902,-27.972249487722202,8c293a52745057c4
204469,2022,1,Minor injury,False,0,1074_13811,True,153.376425932214,-27.970628484418597,8c293a52745057c4
204498,2021,5,Medical treatment,False,0,1046_13860,True,153.23667897536902,-27.753303468525694,8c293a52745057c4
204502,2022,5,Hospitalisation,True,1,1063_13817,True,153.325189940944,-27.9464014790191,8c293a52745057c4
204637,2023,4,Medical treatment,False,0,1085_13783,True,153.434357877016,-28.100765179342194,8c293a52745057c4
204696,2023,1,Medical treatment,False,0,1067_13816,True,153.341379938862,-27.948823480683096,8c293a52745057c4
204737,2021,8,Minor injury,False,0,1061_13834,True,153.313384952172,-27.869162477213195,8c293a52745057c4
204744,2021,8,Hospitalisation,True,1,1074_13817,True,153.377523935496,-27.944275484323295,8c293a52745057c4
204886,2020,12,Minor injury,False,0,1064_13840,True,153.328330953864,-27.8433324785278,8c293a52745057c4
204902,2021,4,Hospitalisation,True,1,1067_13815,True,153.343143797089,-27.953321584897697,8c293a52745057c4
205093,2023,2,Hospitalisation,True,1,1064_13805,True,153.326848829732,-28.0009582076161,8c293a52745057c4
205141,2023,3,Medical treatment,False,0,1084_13804,True,153.431242761722,-28.0053562072759,8c293a52745057c4
205145,2020,2,Medical treatment,False,0,1073_13820,True,153.374489937496,-27.9313474839129,8c293a52745057c4
205384,2020,6,Hospitalisation,True,1,1096_13773,True,153.493631145956,-28.14335509872871,8c293a52745057c4
205545,2020,2,Medical treatment,False,0,1061_13829,True,153.313881949187,-27.891956477443,8c293a52745057c4
205593,2020,2,Medical treatment,False,0,1072_13803,True,153.369702927733,-28.011035484051707,8c293a52745057c4
205727,2022,5,Hospitalisation,True,1,1073_13796,True,153.374826923288,-28.041077484808902,8c293a52745057c4
205739,2022,5,Medical treatment,False,0,1080_13797,True,153.408769920275,-28.035573488222195,8c293a52745057c4
205759,2021,4,Medical treatment,False,0,1057_13845,True,153.289698960971,-27.820729474428695,8c293a52745057c4
205807,2023,4,Minor injury,False,0,1081_13811,True,153.412675928221,-27.9708324881119,8c293a52745057c4
205817,2021,5,Hospitalisation,True,1,1069_13834,True,153.351484947905,-27.870050481091,8c293a52745057c4
205881,2020,11,Hospitalisation,True,1,1083_13786,True,153.423591912093,-28.086166490129802,8c293a52745057c4
206023,2020,7,Medical treatment,False,0,1060_13797,True,153.309036931063,-28.036818478088804,8c293a52745057c4
206040,2021,8,Medical treatment,False,0,1062_13831,True,153.315121949968,-27.884831477512794,8c293a52745057c4
206128,2020,12,Medical treatment,False,0,1083_13816,True,153.425908929557,-27.949312489291792,8c293a52745057c4
206133,2020,11,Medical treatment,False,0,1066_13822,True,153.337296942776,-27.921903480056592,8c293a52745057c4
206170,2023,11,Medical treatment,False,0,1092_13778,True,153.472105901949,-28.123187495371,8c293a52745057c4
206334,2021,2,Minor injury,False,0,1080_13798,True,153.409980920946,-28.029357488296803,8c293a52745057c4
206339,2021,2,Medical treatment,False,0,1076_13798,True,153.39110892269,-28.0318864863942,8c293a52745057c4
206350,2023,1,Medical treatment,False,0,1080_13812,True,153.41013592863,-27.969820487845105,8c293a52745057c4
206361,2023,9,Medical treatment,False,0,1082_13801,True,153.419526921425,-28.01756848917719,8c293a52745057c4
206386,2024,5,Hospitalisation,True,1,1072_13803,True,153.369702927733,-28.011035484051707,8c293a52745057c4
206487,2023,4,Minor injury,False,0,1080_13813,True,153.408477929525,-27.964299487632804,8c293a52745057c4
206582,2023,4,Medical treatment,False,0,1068_13805,True,153.346170931928,-27.998520481560305,8c293a52745057c4
206587,2023,5,Minor injury,False,0,1066_13807,True,153.335870934104,-27.990402480449795,8c293a52745057c4
206606,2023,5,Medical treatment,False,0,1071_13788,True,153.366270919497,-28.077669484225385,8c293a52745057c4
206608,2020,5,Medical treatment,False,0,1078_13793,True,153.399982918893,-28.053700487469197,8c293a52745057c4
206615,2023,5,Minor injury,False,0,1093_13773,True,153.477388898873,-28.142379496061103,8c293a52745057c4
206624,2020,7,Hospitalisation,True,1,1067_13832,True,153.340712594314,-27.875995652042803,8c293a52745057c4
206638,2023,6,Hospitalisation,True,1,1064_13822,True,153.325885743775,-27.9238320459125,8c293a52745057c4
206757,2021,9,Hospitalisation,True,1,1092_13776,True,153.471366901116,-28.13022649535069,8c293a52745057c4
206780,2020,2,Hospitalisation,True,1,1049_13798,True,153.253000937664,-28.0333654723798,8c293a52745057c4
206881,2024,1,Hospitalisation,True,1,1084_13798,True,153.429953918723,-28.029609490334796,8c293a52745057c4
206942,2021,5,Hospitalisation,True,2,1072_13809,True,153.371138931173,-27.9831744839791,8c293a52745057c4
206962,2021,5,Minor injury,False,0,1071_13789,True,153.364535951441,-28.071845244003203,8c293a52745057c4
206982,2023,9,Minor injury,False,0,1061_13837,True,153.313670953883,-27.8556074771357,8c293a52745057c4
207018,2023,5,Hospitalisation,True,1,1067_13810,True,153.344369934877,-27.9771874812098,8c293a52745057c4
207246,2023,5,Hospitalisation,True,1,1046_13860,True,153.23667897536902,-27.753303468525694,8c293a52745057c4
207254,2023,4,Hospitalisation,True,1,1074_13809,True,153.378482930771,-27.980064484702005,8c293a52745057c4
207261,2020,2,Minor injury,False,0,1045_13864,True,153.230643978388,-27.7348114677692,8c293a52745057c4
207318,2020,7,Hospitalisation,True,2,1083_13810,True,153.422691926134,-27.9785004891931,8c293a52745057c4
207324,2020,7,Medical treatment,False,0,1061_13835,True,153.311902952855,-27.865101477030898,8c293a52745057c4
207327,2020,7,Hospitalisation,True,1,1079_13782,True,153.406278911934,-28.10208648849,8c293a52745057c4
207341,2021,8,Hospitalisation,True,1,1061_13808,True,153.310620937279,-27.987238477860497,8c293a52745057c4
207343,2020,7,Minor injury,False,0,1078_13793,True,153.397590918849,-28.0560674872441,8c293a52745057c4
207344,2021,8,Medical treatment,False,0,1093_13777,True,153.47667390082,-28.1280104958755,8c293a52745057c4
207350,2021,9,Medical treatment,False,0,1076_13806,True,153.389297927526,-27.996016485928298,8c293a52745057c4
207354,2021,8,Medical treatment,False,0,1094_13772,True,153.479657722934,-28.1476743133344,8c293a52745057c4
207361,2021,1,Minor injury,False,0,1080_13819,True,153.407375932999,-27.938349487316604,8c293a52745057c4
207364,2021,2,Medical treatment,False,0,1076_13810,True,153.391294929905,-27.975912485973698,8c293a52745057c4
207366,2021,7,Minor injury,False,0,1082_13812,True,153.417946927933,-27.968605488631603,8c293a52745057c4
207386,2024,6,Hospitalisation,True,3,1064_13822,True,153.32908794323,-27.9253414792496,8c293a52745057c4
207414,2024,6,Hospitalisation,True,1,1076_13818,True,153.38701057599,-27.940158821256606,8c293a52745057c4
207437,2024,6,Minor injury,False,0,1082_13781,True,153.42164590923,-28.109901490117498,8c293a52745057c4
207438,2024,6,Hospitalisation,True,1,1076_13831,True,153.387865942064,-27.884612484907,8c293a52745057c4
207442,2024,6,Hospitalisation,True,5,1062_13843,True,153.316374957133,-27.828022477193105,8c293a52745057c4
207446,2024,7,Hospitalisation,True,2,1084_13787,True,153.432259911733,-28.08159349097791,8c293a52745057c4
207468,2023,10,Medical treatment,False,0,1077_13806,True,153.394813927251,-27.99346648646989,8c293a52745057c4
207475,2023,11,Hospitalisation,True,1,1081_13814,True,153.41193492965402,-27.96037948795429,8c293a52745057c4
207485,2023,11,Hospitalisation,True,1,1081_13804,True,153.413543923931,-28.0032694884551,8c293a52745057c4
207492,2023,9,Hospitalisation,True,1,1075_13788,True,153.385520917715,-28.07508548616419,8c293a52745057c4
207507,2023,11,Hospitalisation,True,2,1078_13821,True,153.398194935127,-27.929639486312908,8c293a52745057c4
207514,2023,9,Minor injury,False,0,1092_13778,True,153.469470902361,-28.12225449509461,8c293a52745057c4
207542,2021,5,Hospitalisation,True,1,1062_13842,True,153.315236956861,-27.8311034771018,8c293a52745057c4
207563,2021,11,Medical treatment,False,0,1086_13780,True,153.440130907042,-28.111080492011993,8c293a52745057c4
207600,2020,3,Hospitalisation,True,1,1067_13816,True,153.344656938241,-27.950855481032093,8c293a52745057c4
207618,2024,9,Medical treatment,False,0,1081_13805,True,153.416911924297,-27.99758848875379,8c293a52745057c4
207679,2023,9,Medical treatment,False,0,1071_13821,True,153.362232939356,-27.9273064826342,8c293a52745057c4
207685,2023,9,Hospitalisation,True,1,1062_13821,True,153.317591944353,-27.92638147809019,8c293a52745057c4
207693,2023,9,Medical treatment,False,0,1067_13816,True,153.34261893843504,-27.9510834808268,8c293a52745057c4
207705,2023,9,Medical treatment,False,0,1103_13767,True,153.528748889718,-28.169203501523793,8c293a52745057c4
207707,2023,11,Medical treatment,False,0,1063_13821,True,153.324977943408,-27.927447478848695,8c293a52745057c4
207709,2023,9,Medical treatment,False,0,1078_13820,True,153.399927934472,-27.933240486517708,8c293a52745057c4
207711,2023,9,Minor injury,False,0,1052_13847,True,153.268004964849,-27.808890472136095,8c293a52745057c4
207715,2023,11,Hospitalisation,True,1,1050_13852,True,153.25719996895,-27.786054470861494,8c293a52745057c4
207720,2022,4,Medical treatment,False,0,1089_13785,True,153.454008908027,-28.09172449327639,8c293a52745057c4
207723,2022,4,Medical treatment,False,0,1074_13810,True,153.38070993096,-27.976709484902397,8c293a52745057c4
207728,2023,4,Medical treatment,False,0,1067_13815,True,153.343382288964,-27.954087654927896,8c293a52745057c4
207739,2024,7,Medical treatment,False,0,1086_13788,True,153.439333911826,-28.0748754916468,8c293a52745057c4
207742,2024,11,Medical treatment,False,0,1090_13778,True,153.462968902936,-28.123336494439002,8c293a52745057c4
207746,2024,7,Minor injury,False,0,1057_13804,True,153.290555937,-28.006489475975595,8c293a52745057c4
207750,2024,7,Hospitalisation,True,1,1075_13787,True,153.386349916936,-28.080394486290206,8c293a52745057c4
207756,2024,7,Minor injury,False,0,1077_13806,True,153.392713927104,-27.996383486279004,8c293a52745057c4
207757,2024,7,Hospitalisation,True,1,1079_13804,True,153.403784924927,-28.003839487465203,8c293a52745057c4
207784,2023,11,Medical treatment,False,0,1063_13843,True,153.322274956162,-27.830585477812395,8c293a52745057c4
207791,2023,11,Medical treatment,False,0,1079_13819,True,153.404086933576,-27.9366624869682,8c293a52745057c4
207794,2023,11,Hospitalisation,True,1,1083_13797,True,153.424901119504,-28.0355747878664,8c293a52745057c4
207798,2023,11,Hospitalisation,True,1,1061_13835,True,153.312113952865,-27.864850477050297,8c293a52745057c4
207820,2024,6,Minor injury,False,0,1062_13824,True,153.31950594583301,-27.913253478181396,8c293a52745057c4
207828,2022,3,Medical treatment,False,0,1051_13849,True,153.262031953458,-27.8014038784719,8c293a52745057c4
207870,2024,11,Medical treatment,False,0,1071_13854,True,153.361625958335,-27.780413481416602,8c293a52745057c4
207876,2024,11,Medical treatment,False,0,1068_13800,True,153.34608611403104,-28.021039573728498,8c293a52745057c4
207893,2024,8,Medical treatment,False,0,1071_13789,True,153.363322920462,-28.0727194838867,8c293a52745057c4
207908,2024,8,Medical treatment,False,0,1062_13831,True,153.31548695047,-27.880617477516697,8c293a52745057c4
207912,2024,8,Hospitalisation,True,1,1063_13821,True,153.320764943887,-27.92730347841969,8c293a52745057c4
207934,2020,9,Minor injury,False,0,1084_13805,True,153.42861192285,-27.9988714899567,8c293a52745057c4
207935,2020,9,Medical treatment,False,0,1083_13777,True,153.426230722751,-28.125118120704197,8c293a52745057c4
207940,2020,9,Medical treatment,False,0,1085_13795,True,153.434874916191,-28.044980490957407,8c293a52745057c4
207959,2023,9,Fatal,True,1,1050_13790,True,153.255494933061,-28.066995472896195,8c293a52745057c4
207974,2024,11,Medical treatment,False,0,1069_13799,True,153.351187927586,-28.027899482301,8c293a52745057c4
208001,2024,12,Medical treatment,False,0,1058_13805,True,153.299434936853,-28.000066476825896,8c293a52745057c4
208008,2024,12,Medical treatment,False,0,1062_13830,True,153.31546594985,-27.885458477552696,8c293a52745057c4
208011,2024,12,Medical treatment,False,0,1062_13826,True,153.318635946724,-27.9070654780444,8c293a52745057c4
208019,2020,5,Hospitalisation,True,1,1080_13815,True,153.407959931097,-27.95257548748789,8c293a52745057c4
208031,2024,8,Hospitalisation,True,1,1060_13794,True,153.307439929405,-28.0510384780383,8c293a52745057c4
208039,2024,8,Minor injury,False,0,1058_13844,True,153.295194959954,-27.8239964750119,8c293a52745057c4
208083,2020,9,Medical treatment,False,0,1084_13801,True,153.429345920584,-28.0157544901641,8c293a52745057c4
208085,2020,7,Medical treatment,False,0,1078_13819,True,153.398906934117,-27.936855486442088,8c293a52745057c4
208130,2024,11,Medical treatment,False,0,1084_13798,True,153.429953918723,-28.029609490334796,8c293a52745057c4
208133,2024,11,Minor injury,False,0,1070_13801,True,153.358906927811,-28.019597483020693,8c293a52745057c4
208150,2021,1,Hospitalisation,True,2,1085_13801,True,153.43246091986,-28.01870149050489,8c293a52745057c4
208151,2021,1,Medical treatment,False,0,1067_13816,True,153.344001938324,-27.950772480964893,8c293a52745057c4
208154,2021,1,Hospitalisation,True,2,1055_13827,True,153.284417951296,-27.900564474520994,8c293a52745057c4
208171,2020,8,Minor injury,False,0,1067_13816,True,153.343224841409,-27.9507714428859,8c293a52745057c4
208173,2020,8,Minor injury,False,0,1057_13845,True,153.29397896053,-27.820539474861302,8c293a52745057c4
208174,2020,1,Hospitalisation,True,1,1076_13817,True,153.388205934052,-27.946417485427496,8c293a52745057c4
208181,2021,1,Hospitalisation,True,1,1062_13843,True,153.319640956696,-27.828656477529695,8c293a52745057c4
208183,2021,2,Minor injury,False,0,1062_13830,True,153.315470949872,-27.885282477551804,8c293a52745057c4
208186,2021,7,Medical treatment,False,0,1077_13813,True,153.395012931319,-27.9618114862416,8c293a52745057c4
208188,2020,11,Hospitalisation,True,1,1065_13808,True,153.334236934569,-27.988186480266407,8c293a52745057c4
208190,2021,1,Medical treatment,False,0,1086_13788,True,153.441070911599,-28.0751554918262,8c293a52745057c4
208192,2021,4,Hospitalisation,True,1,1075_13823,True,153.385761937652,-27.92059148497569,8c293a52745057c4
208243,2020,9,Medical treatment,False,0,1081_13788,True,153.414734914093,-28.078250489164898,8c293a52745057c4
208319,2021,8,Hospitalisation,True,1,1066_13808,True,153.338408934382,-27.9860924806739,8c293a52745057c4
208351,2021,1,Hospitalisation,True,1,1104_13767,True,153.533613888979,-28.170761502034093,8c293a52745057c4
208352,2021,1,Medical treatment,False,0,1060_13805,True,153.308607935835,-28.000164477757696,8c293a52745057c4
208359,2021,1,Minor injury,False,0,1062_13825,True,153.316597946846,-27.907846477843595,8c293a52745057c4
208361,2021,1,Medical treatment,False,0,1084_13803,True,153.427847623763,-28.00791286694969,8c293a52745057c4
208362,2021,1,Medical treatment,False,0,1081_13790,True,153.414036915673,-28.066641489002695,8c293a52745057c4
208363,2021,7,Hospitalisation,True,1,1072_13807,True,153.369289930404,-27.990702483850104,8c293a52745057c4
208369,2021,7,Hospitalisation,True,1,1076_13808,True,153.39092992842203,-27.987693486029094,8c293a52745057c4
208373,2021,7,Hospitalisation,True,1,1053_13760,True,153.271723913628,-28.2038084756122,8c293a52745057c4
208375,2021,7,Medical treatment,False,0,1083_13805,True,153.426765922808,-28.0007544897832,8c293a52745057c4
208378,2021,2,Hospitalisation,True,1,1062_13830,True,153.314983949538,-27.888293477526,8c293a52745057c4
208394,2021,8,Hospitalisation,True,1,1079_13815,True,153.40162393130203,-27.956353486872104,8c293a52745057c4
208397,2021,9,Hospitalisation,True,1,1080_13809,True,153.411016217779,-27.9833913690414,8c293a52745057c4
208413,2021,8,Medical treatment,False,0,1078_13813,True,153.398838930552,-27.964514486652497,8c293a52745057c4
208454,2020,2,Medical treatment,False,0,1075_13798,True,153.385396177269,-28.032250894815398,8c293a52745057c4
208477,2020,10,Medical treatment,False,0,1060_13838,True,153.307823954923,-27.852473476517492,8c293a52745057c4
208542,2021,1,Hospitalisation,True,2,1067_13803,True,153.342232931222,-28.007340481229303,8c293a52745057c4
208564,2020,3,Minor injury,False,0,1084_13802,True,153.42966592089,-28.013118490175998,8c293a52745057c4
208579,2021,1,Minor injury,False,0,1048_13858,True,153.248530973136,-27.760709469783897,8c293a52745057c4
208587,2020,12,Medical treatment,False,0,1085_13788,True,153.432883912445,-28.075572490994293,8c293a52745057c4
208610,2023,3,Medical treatment,False,0,1082_13790,True,153.418552915359,-28.065241489451996,8c293a52745057c4
208614,2021,5,Hospitalisation,True,3,1067_13809,True,153.343770934119,-27.983575481199104,8c293a52745057c4
208615,2021,5,Hospitalisation,True,1,1104_13767,True,153.530097889438,-28.170209501669802,8c293a52745057c4
208661,2020,1,Minor injury,False,0,1066_13817,True,153.340248939212,-27.947064480554296,8c293a52745057c4
209445,2022,3,Minor injury,False,0,1094_13773,True,153.479670898221,-28.145453496318396,8c293a52745057c4
209532,2022,6,Medical treatment,False,0,1071_13789,True,153.363322920462,-28.0727194838867,8c293a52745057c4
209566,2022,10,Medical treatment,False,0,1054_13798,True,153.279718934805,-28.032774475082796,8c293a52745057c4
209578,2020,10,Medical treatment,False,0,1053_13813,True,153.27433594435502,-27.963147473990507,8c293a52745057c4
209584,2020,10,Minor injury,False,0,1057_13827,True,153.290110950511,-27.9018354751084,8c293a52745057c4
209737,2023,7,Medical treatment,False,0,1075_13798,True,153.386429923196,-28.03194048591831,8c293a52745057c4
210032,2021,6,Hospitalisation,True,1,1073_13812,True,153.372328932743,-27.970007483996792,8c293a52745057c4
210393,2023,2,Hospitalisation,True,1,1065_13808,True,153.331067072845,-27.988737361948598,8c293a52745057c4
210822,2023,3,Minor injury,False,0,1080_13810,True,153.410871927873,-27.975050487961198,8c293a52745057c4
210838,2023,3,Hospitalisation,True,1,1037_13855,True,153.189900006618,-27.775448935969504,8c293a52745057c4
210938,2020,6,Hospitalisation,True,2,1059_13821,True,153.300488946182,-27.92669047635659,8c293a52745057c4
210940,2020,6,Medical treatment,False,0,1071_13804,True,153.364120078937,-28.0064506234478,8c293a52745057c4
210981,2022,10,Hospitalisation,True,1,1053_13819,True,153.271268862856,-27.938523131486203,8c293a52745057c4
211121,2020,2,Medical treatment,False,0,1068_13811,True,153.345891935009,-27.974873481346293,8c293a52745057c4
211414,2024,12,Medical treatment,False,0,1076_13813,True,153.389605931819,-27.962523485696604,8c293a52745057c4
211625,2024,5,Minor injury,False,0,1061_13835,True,153.311793953109,-27.863221477005,8c293a52745057c4
211692,2023,7,Medical treatment,False,0,1065_13821,True,153.331166231638,-27.928175854482994,8c293a52745057c4
216934,2020,1,Medical treatment,False,0,1086_13783,True,153.441514908201,-28.100971492073896,8c293a52745057c4
217479,2020,11,Minor injury,False,0,1071_13789,True,153.363322920462,-28.0727194838867,8c293a52745057c4
217603,2020,1,Medical treatment,False,0,1056_13845,True,153.289124961072,-27.820436474368098,8c293a52745057c4
217933,2022,10,Hospitalisation,True,1,1071_13832,True,153.361749945808,-27.877649482194602,8c293a52745057c4
218103,2021,5,Hospitalisation,True,1,1061_13836,True,153.31049095345,-27.861674476860596,8c293a52745057c4
218115,2021,5,Medical treatment,False,0,1069_13814,True,153.351666936125,-27.961321481827003,8c293a52745057c4
218160,2020,1,Medical treatment,False,0,1091_13777,True,153.465330902571,-28.124141494686505,8c293a52745057c4
218255,2023,1,Medical treatment,False,0,1070_13814,True,153.360463935463,-27.958987482703204,8c293a52745057c4
218287,2020,1,Hospitalisation,True,1,1070_13787,True,153.360012919579,-28.082363483625596,8c293a52745057c4
218305,2020,1,Medical treatment,False,0,1066_13823,True,153.335985943495,-27.917430479888193,8c293a52745057c4
218327,2023,5,Medical treatment,False,0,1061_13834,True,153.313311952235,-27.8687324772025,8c293a52745057c4
218364,2021,5,Medical treatment,False,0,1067_13823,True,153.342415942596,-27.918960480553704,8c293a52745057c4
218393,2021,8,Hospitalisation,True,1,1062_13830,True,153.316647192732,-27.885374717672008,8c293a52745057c4
218551,2022,7,Hospitalisation,True,1,1055_13823,True,153.283410949283,-27.9170874745488,8c293a52745057c4
218630,2020,1,Minor injury,False,0,1070_13793,True,153.356881061757,-28.052700030074497,8c293a52745057c4
218637,2020,11,Hospitalisation,True,1,1076_13786,True,153.39143891585,-28.0844604868403,8c293a52745057c4
218640,2020,1,Hospitalisation,True,2,1065_13820,True,153.334484941682,-27.932782479856396,8c293a52745057c4
218830,2022,10,Medical treatment,False,0,1085_13787,True,153.433581911709,-28.080654491105296,8c293a52745057c4
218866,2021,11,Medical treatment,False,0,1083_13809,True,153.426586925525,-27.9799144896013,8c293a52745057c4
218927,2021,1,Medical treatment,False,0,1075_13787,True,153.382403917167,-28.0819644859008,8c293a52745057c4
219049,2022,10,Medical treatment,False,0,1083_13816,True,153.42592892954903,-27.949356489294097,8c293a52745057c4
219317,2022,9,Hospitalisation,True,1,1081_13805,True,153.414313924581,-27.997598488489096,8c293a52745057c4
219321,2021,10,Medical treatment,False,0,1062_13830,True,153.315274949658,-27.8871134775463,8c293a52745057c4
219366,2022,7,Hospitalisation,True,1,1081_13808,True,153.412334925992,-27.98836448821489,8c293a52745057c4
219635,2021,5,Hospitalisation,True,1,1075_13807,True,153.38168592909,-27.990361485108895,8c293a52745057c4
219766,2022,10,Medical treatment,False,0,1086_13790,True,153.44220391225,-28.069174491894902,8c293a52745057c4
219769,2022,10,Medical treatment,False,0,1080_13807,True,153.41126192578602,-27.990859488125103,8c293a52745057c4
219822,2022,9,Medical treatment,False,0,1058_13845,True,153.297910960009,-27.821266475265904,8c293a52745057c4
219898,2023,1,Hospitalisation,True,1,1078_13810,True,153.399064929062,-27.975851486764597,8c293a52745057c4
220058,2021,6,Minor injury,False,0,1066_13804,True,153.337847931928,-28.00559348077,8c293a52745057c4
220114,2021,11,Minor injury,False,0,1081_13797,True,153.412762919776,-28.0360384886327,8c293a52745057c4
220184,2023,12,Medical treatment,False,0,1056_13845,True,153.287367940389,-27.8194487441822,8c293a52745057c4
220190,2022,8,Hospitalisation,True,2,1070_13813,True,153.355911510576,-27.961976110263702,8c293a52745057c4
220214,2022,6,Medical treatment,False,0,1064_13806,True,153.327149934656,-27.993537479588394,8c293a52745057c4
220291,2020,3,Hospitalisation,True,1,1080_13811,True,153.410767703918,-27.9747908629485,8c293a52745057c4
220294,2020,1,Medical treatment,False,0,1081_13797,True,153.412781919769,-28.036080488634987,8c293a52745057c4
220321,2020,10,Hospitalisation,True,1,1104_13768,True,153.530203313757,-28.1676790426608,8c293a52745057c4
220762,2021,6,Hospitalisation,True,1,1073_13756,True,153.376733899762,-28.22112248641371,8c293a52745057c4
220845,2021,5,Minor injury,False,0,1077_13817,True,153.391681933604,-27.946942485785495,8c293a52745057c4
221164,2022,10,Hospitalisation,True,2,1061_13831,True,153.314699950353,-27.8821934774492,8c293a52745057c4
221766,2022,6,Hospitalisation,True,2,1076_13804,True,153.387337165581,-28.004988472799095,8c293a52745057c4
221774,2022,9,Minor injury,False,0,1048_13858,True,153.24595097329,-27.761693469530393,8c293a52745057c4
228464,2024,6,Medical treatment,False,0,1083_13786,True,153.424680912304,-28.083611490220797,8c293a52745057c4
228469,2024,6,Minor injury,False,0,1066_13803,True,153.340151931303,-28.008481481026802,8c293a52745057c4
228488,2024,6,Medical treatment,False,0,1053_13815,True,153.273663775198,-27.957160873875402,8c293a52745057c4
228540,2020,4,Hospitalisation,True,2,1062_13826,True,153.315161947621,-27.903043477660102,8c293a52745057c4
229424,2023,11,Hospitalisation,True,1,1094_13772,True,153.479818740679,-28.149499198365188,8c293a52745057c4
229443,2023,10,Medical treatment,False,0,1054_13846,True,153.27570496337404,-27.8138684729557,8c293a52745057c4
229508,2020,1,Minor injury,False,0,1067_13816,True,153.34074093855,-27.951781480641397,8c293a52745057c4
229514,2020,1,Minor injury,False,0,1067_13814,True,153.343935504312,-27.958672267020198,8c293a52745057c4
229695,2022,7,Minor injury,False,0,1068_13804,True,153.350701930536,-28.005458482075404,8c293a52745057c4
229758,2022,11,Minor injury,False,0,1068_13806,True,153.346229932426,-27.994615481535703,8c293a52745057c4
229966,2024,2,Hospitalisation,True,2,1073_13766,True,153.373420906192,-28.174356485710504,8c293a52745057c4
230111,2020,7,Medical treatment,False,0,1057_13846,True,153.289901961547,-27.816070474412605,8c293a52745057c4
230296,2022,10,Hospitalisation,True,1,1066_13839,True,153.337289883398,-27.847148084467992,8c293a52745057c4
230306,2022,10,Medical treatment,False,0,1069_13763,True,153.351721102819,-28.188026496610195,8c293a52745057c4
230506,2022,4,Hospitalisation,True,1,1081_13792,True,153.416371916267,-28.060080489189193,8c293a52745057c4
230762,2022,10,Medical treatment,False,0,1071_13809,True,153.362872932378,-27.980857483119994,8c293a52745057c4
230801,2022,7,Hospitalisation,True,1,1079_13803,True,153.404712924011,-28.010131487609105,8c293a52745057c4
230887,2021,10,Hospitalisation,True,1,1048_13809,True,153.248822944812,-27.981334471548397,8c293a52745057c4
231087,2021,4,Medical treatment,False,0,1084_13806,True,153.427378923224,-27.997022489816388,8c293a52745057c4
231179,2020,1,Minor injury,False,0,1068_13812,True,153.346969935437,-27.970645481422704,8c293a52745057c4
231209,2023,3,Hospitalisation,True,1,1076_13830,True,153.388535941502,-27.888400485004997,8c293a52745057c4
231218,2024,3,Minor injury,False,0,1075_13817,True,153.38604993433,-27.946086485205402,8c293a52745057c4
231510,2021,3,Minor injury,False,0,1057_13849,True,153.292673963332,-27.7998104745658,8c293a52745057c4
231538,2021,5,Minor injury,False,0,1085_13791,True,153.43711229285503,-28.061114788312192,8c293a52745057c4
231586,2020,1,Medical treatment,False,0,1081_13812,True,153.416187928419,-27.966329488434496,8c293a52745057c4
231847,2024,7,Fatal,True,1,1092_13775,True,153.469627900571,-28.1358924952175,8c293a52745057c4
231848,2024,4,Minor injury,False,0,1056_13827,True,153.28532095116003,-27.900858474614896,8c293a52745057c4
231855,2024,4,Hospitalisation,True,3,1055_13846,True,153.279411995774,-27.815397749343493,8c293a52745057c4
232179,2021,2,Medical treatment,False,0,1074_13814,True,153.380469933088,-27.9604374847501,8c293a52745057c4
232191,2021,8,Hospitalisation,True,1,1078_13820,True,153.39988093449,-27.933143486512108,8c293a52745057c4
235834,2020,1,Medical treatment,False,0,1084_13789,True,153.429663306378,-28.071104498630802,8c293a52745057c4
235835,2020,1,Hospitalisation,True,1,1075_13819,True,153.386057935781,-27.9348384851178,8c293a52745057c4
235960,2021,5,Hospitalisation,True,2,1091_13781,True,153.466019904439,-28.109184494639692,8c293a52745057c4
235963,2021,5,Medical treatment,False,0,1085_13796,True,153.436403916855,-28.038564491063,8c293a52745057c4
236336,2021,5,Medical treatment,False,0,1084_13803,True,153.431166921514,-28.0070234902813,8c293a52745057c4
236344,2021,5,Hospitalisation,True,1,1061_13835,True,153.311509953015,-27.86419547698379,8c293a52745057c4
236348,2022,2,Medical treatment,False,0,1075_13808,True,153.382033929566,-27.986381485113096,8c293a52745057c4
236530,2021,4,Medical treatment,False,0,1061_13828,True,153.314917948625,-27.895442477575497,8c293a52745057c4
236725,2021,9,Minor injury,False,0,1069_13814,True,153.352357936035,-27.96142848189809,8c293a52745057c4
236844,2020,5,Minor injury,False,0,1086_13792,True,153.438295913962,-28.059280491418498,8c293a52745057c4
236848,2020,11,Minor injury,False,0,1082_13790,True,153.418552915359,-28.065241489451996,8c293a52745057c4
236933,2023,4,Minor injury,False,0,1064_13840,True,153.328726047123,-27.8409870815495,8c293a52745057c4
236938,2023,4,Minor injury,False,0,1069_13801,True,153.355566231396,-28.017907022667693,8c293a52745057c4
237440,2021,5,Medical treatment,False,0,1081_13805,True,153.413952855098,-28.001634188483898,8c293a52745057c4
237446,2021,5,Medical treatment,False,0,1084_13806,True,153.427537923244,-27.996735489830403,8c293a52745057c4
239106,2024,1,Medical treatment,False,0,1086_13790,True,153.441026326536,-28.067965001765195,8c293a52745057c4
239120,2022,7,Hospitalisation,True,1,1078_13786,True,153.399582914758,-28.085979487681595,8c293a52745057c4
239121,2022,7,Hospitalisation,True,1,1080_13809,True,153.410717927072,-27.981381487995193,8c293a52745057c4
239127,2024,2,Hospitalisation,True,1,1081_13795,True,153.416634918473,-28.0428214890806,8c293a52745057c4
239130,2022,7,Hospitalisation,True,1,1084_13805,True,153.428544922472,-28.001847489973205,8c293a52745057c4
239132,2022,6,Medical treatment,False,0,1069_13798,True,153.351390927337,-28.0296524823354,8c293a52745057c4
239136,2022,7,Minor injury,False,0,1093_13776,True,153.477751627572,-28.12899859499329,8c293a52745057c4
239137,2021,3,Medical treatment,False,0,1092_13779,True,153.471190902651,-28.118566495241296,8c293a52745057c4
239138,2022,7,Minor injury,False,0,1079_13811,True,153.405400928822,-27.972346487382502,8c293a52745057c4
239196,2022,5,Minor injury,False,0,1080_13795,True,153.40700691932,-28.0444434881121,8c293a52745057c4
239203,2022,7,Hospitalisation,True,1,1078_13788,True,153.400688915891,-28.076288487718305,8c293a52745057c4
239205,2022,7,Medical treatment,False,0,1082_13812,True,153.417946927933,-27.968605488631603,8c293a52745057c4
239210,2022,7,Minor injury,False,0,1080_13813,True,153.407377929836,-27.962821487509096,8c293a52745057c4
239215,2022,7,Medical treatment,False,0,1083_13794,True,153.426996916691,-28.04779649017599,8c293a52745057c4
239236,2023,5,Minor injury,False,0,1092_13778,True,153.470203902604,-28.1197654951499,8c293a52745057c4
239238,2022,8,Medical treatment,False,0,1065_13843,True,153.330798955415,-27.829182478667196,8c293a52745057c4
239251,2022,8,Medical treatment,False,0,1062_13826,True,153.315965947142,-27.906084477765596,8c293a52745057c4
239255,2022,8,Hospitalisation,True,1,1077_13808,True,153.392865928184,-27.987895486227803,8c293a52745057c4
239256,2022,8,Hospitalisation,True,1,1081_13813,True,153.412472123317,-27.96253337102589,8c293a52745057c4
239266,2022,8,Minor injury,False,0,1071_13808,True,153.365222931568,-27.985137483392595,8c293a52745057c4
239271,2022,7,Hospitalisation,True,1,1067_13814,True,153.3447859372,-27.958820481107793,8c293a52745057c4
239272,2022,7,Medical treatment,False,0,1081_13805,True,153.414189924234,-28.00038548849831,8c293a52745057c4
239274,2022,7,Medical treatment,False,0,1076_13787,True,153.390517916435,-28.080728486717202,8c293a52745057c4
239287,2022,2,Hospitalisation,True,1,1083_13782,True,153.42545890991002,-28.101420490439804,8c293a52745057c4
239299,2022,7,Minor injury,False,0,1075_13823,True,153.385645937652,-27.9206884849646,8c293a52745057c4
239305,2022,7,Hospitalisation,True,1,1081_13797,True,153.413098919761,-28.035871488665702,8c293a52745057c4
239310,2022,7,Medical treatment,False,0,1091_13772,True,153.468107899,-28.149263495167,8c293a52745057c4
239324,2022,7,Medical treatment,False,0,1062_13821,True,153.316511944546,-27.925793477976004,8c293a52745057c4
239353,2022,7,Hospitalisation,True,1,1079_13783,True,153.402144912746,-28.099333488047286,8c293a52745057c4
239363,2022,10,Minor injury,False,0,1083_13782,True,153.426692909773,-28.101426490565704,8c293a52745057c4
239390,2022,10,Hospitalisation,True,2,1066_13829,True,153.337348186484,-27.893061557835104,8c293a52745057c4
239410,2022,9,Medical treatment,False,0,1101_13768,True,153.514878891425,-28.16784150009369,8c293a52745057c4
239413,2022,9,Hospitalisation,True,1,1076_13824,True,153.389123938305,-27.9126914852559,8c293a52745057c4
239420,2022,9,Hospitalisation,True,1,1069_13791,True,153.35344492297602,-28.061670482795403,8c293a52745057c4
239434,2022,9,Medical treatment,False,0,1083_13782,True,153.426915684425,-28.103925126607994,8c293a52745057c4
239451,2022,7,Minor injury,False,0,1062_13825,True,153.318916946067,-27.91193747811129,8c293a52745057c4
239471,2022,8,Hospitalisation,True,1,1077_13808,True,153.394643927964,-27.988095486410487,8c293a52745057c4
239485,2020,9,Hospitalisation,True,1,1098_13771,True,153.503148894732,-28.1523804987727,8c293a52745057c4
239486,2021,4,Medical treatment,False,0,1099_13771,True,153.504638894219,-28.155063498946095,8c293a52745057c4
239527,2022,8,Medical treatment,False,0,1084_13792,True,153.428746914994,-28.0594154904456,8c293a52745057c4
239535,2022,8,Medical treatment,False,0,1065_13831,True,153.33217994862304,-27.880822479213688,8c293a52745057c4
239540,2022,11,Hospitalisation,True,1,1073_13802,True,153.376084926813,-28.012734484714503,8c293a52745057c4
239548,2022,11,Hospitalisation,True,2,1060_13845,True,153.305440959178,-27.821358476030788,8c293a52745057c4
239556,2022,11,Medical treatment,False,0,1090_13782,True,153.461014905711,-28.103629494085,8c293a52745057c4
239557,2023,3,Medical treatment,False,0,1081_13812,True,153.412180928791,-27.966844488030098,8c293a52745057c4
239560,2022,11,Hospitalisation,True,2,1045_13863,True,153.228970977985,-27.739386467636002,8c293a52745057c4
239575,2022,11,Minor injury,False,0,1074_13810,True,153.379545931266,-27.975328484773,8c293a52745057c4
239596,2022,11,Hospitalisation,True,1,1065_13819,True,153.335063941267,-27.935511479936697,8c293a52745057c4
239597,2022,11,Hospitalisation,True,2,1071_13808,True,153.365283931548,-27.98524248339969,8c293a52745057c4
239604,2022,11,Hospitalisation,True,2,1051_13850,True,153.26159296700402,-27.7975144713968,8c293a52745057c4
239606,2022,11,Minor injury,False,0,1084_13804,True,153.431279921872,-28.0041634902703,8c293a52745057c4
239608,2021,7,Hospitalisation,True,1,1072_13834,True,153.366170007244,-27.870525645588195,8c293a52745057c4
239609,2022,8,Minor injury,False,0,1085_13797,True,153.435538917327,-28.035655490951893,8c293a52745057c4
239616,2021,3,Medical treatment,False,0,1080_13810,True,153.411111927672,-27.976406487996304,8c293a52745057c4
239618,2020,10,Medical treatment,False,0,1078_13822,True,153.398988935891,-27.923050486341896,8c293a52745057c4
239623,2022,6,Hospitalisation,True,1,1087_13789,True,153.44446191138104,-28.0739624921628,8c293a52745057c4
239638,2022,2,Medical treatment,False,0,1076_13803,True,153.390608925936,-28.007199486149503,8c293a52745057c4
239649,2022,7,Medical treatment,False,0,1080_13782,True,153.41036791155,-28.101583488902804,8c293a52745057c4
239667,2021,11,Hospitalisation,True,1,1059_13840,True,153.300496956971,-27.842739475697293,8c293a52745057c4
239668,2022,7,Minor injury,False,0,1092_13772,True,153.471156898988,-28.1467754954589,8c293a52745057c4
239676,2022,7,Hospitalisation,True,1,1073_13785,True,153.374300917283,-28.087954485123003,8c293a52745057c4
239682,2022,7,Hospitalisation,True,1,1064_13806,True,153.325935162782,-27.9935904794654,8c293a52745057c4
239691,2022,2,Medical treatment,False,0,1076_13831,True,153.387865942064,-27.884612484907,8c293a52745057c4
239709,2022,2,Minor injury,False,0,1074_13810,True,153.379622931254,-27.975356484781102,8c293a52745057c4
239711,2022,2,Hospitalisation,True,1,1077_13819,True,153.396305934556,-27.9356564861678,8c293a52745057c4
239722,2022,3,Hospitalisation,True,1,1060_13855,True,153.306950965191,-27.773232475805106,8c293a52745057c4
239724,2022,2,Minor injury,False,0,1075_13800,True,153.384492924904,-28.020376485630294,8c293a52745057c4
239775,2022,7,Hospitalisation,True,1,1064_13841,True,153.325561954992,-27.836906478196,8c293a52745057c4
239778,2022,7,Hospitalisation,True,1,1044_13864,True,153.227255978614,-27.735917467435094,8c293a52745057c4
239782,2022,8,Medical treatment,False,0,1073_13832,True,153.37307194453,-27.877993483349197,8c293a52745057c4
239788,2022,8,Hospitalisation,True,1,1078_13803,True,153.398628924791,-28.009258486982507,8c293a52745057c4
239791,2022,8,Hospitalisation,True,2,1073_13808,True,153.37136093094,-27.984792484014402,8c293a52745057c4
239803,2022,10,Hospitalisation,True,1,1060_13826,True,153.306201617418,-27.904453942761595,8c293a52745057c4
239814,2020,7,Hospitalisation,True,1,1081_13797,True,153.413127919709,-28.036247488671602,8c293a52745057c4
239815,2020,9,Hospitalisation,True,1,1105_13768,True,153.53557288926004,-28.166950502204905,8c293a52745057c4
239816,2020,9,Medical treatment,False,0,1062_13844,True,153.315202957799,-27.823829477041098,8c293a52745057c4
239822,2021,3,Hospitalisation,True,2,1062_13805,True,153.319004105574,-28.001096078820403,8c293a52745057c4
239827,2021,11,Minor injury,False,0,1079_13803,True,153.405259923947,-28.010164487665097,8c293a52745057c4
239830,2022,3,Hospitalisation,True,1,1061_13832,True,153.314706488035,-27.876885375408197,8c293a52745057c4
239840,2022,9,Hospitalisation,True,2,1062_13831,True,153.315329474273,-27.8822802725138,8c293a52745057c4
239884,2022,7,Medical treatment,False,0,1080_13794,True,153.407253918776,-28.048438488168703,8c293a52745057c4
239885,2022,7,Medical treatment,False,0,1069_13808,True,153.352783933025,-27.984406482121802,8c293a52745057c4
239905,2022,12,Hospitalisation,True,1,1056_13834,True,153.287433955232,-27.867360474565807,8c293a52745057c4
239936,2022,7,Medical treatment,False,0,1090_13782,True,153.459310906073,-28.102283493900504,8c293a52745057c4
239983,2022,7,Minor injury,False,0,1087_13776,True,153.443022903906,-28.132783492477106,8c293a52745057c4
240018,2021,7,Medical treatment,False,0,1079_13806,True,153.404404925688,-27.99742548747799,8c293a52745057c4
240019,2021,3,Hospitalisation,True,5,1071_13804,True,153.363556929071,-28.005889483386103,8c293a52745057c4
240028,2022,10,Hospitalisation,True,1,1081_13805,True,153.414131924597,-27.9976214884707,8c293a52745057c4
240029,2022,11,Medical treatment,False,0,1091_13782,True,153.463498905319,-28.104546494345904,8c293a52745057c4
240031,2022,11,Minor injury,False,0,1062_13831,True,153.315696949924,-27.884683477569997,8c293a52745057c4
240046,2022,11,Hospitalisation,True,1,1046_13860,True,153.23667897536902,-27.753303468525694,8c293a52745057c4
240051,2022,11,Hospitalisation,True,1,1080_13794,True,153.407105918854,-28.04795748814981,8c293a52745057c4
240053,2022,11,Medical treatment,False,0,1080_13813,True,153.408894929768,-27.962064487657702,8c293a52745057c4
240079,2020,10,Hospitalisation,True,1,1070_13840,True,153.357881950914,-27.841264481515,8c293a52745057c4
240080,2020,10,Hospitalisation,True,4,1047_13808,True,153.243073944513,-27.988568471023008,8c293a52745057c4
240093,2022,1,Medical treatment,False,0,1102_13768,True,153.520237891063,-28.166086500628293,8c293a52745057c4
240094,2022,5,Hospitalisation,True,1,1092_13775,True,153.472945787571,-28.133084159534402,8c293a52745057c4
240095,2022,8,Hospitalisation,True,1,1098_13771,True,153.50182989502304,-28.151262498628995,8c293a52745057c4
240102,2022,8,Medical treatment,False,0,1079_13806,True,153.404885925625,-27.997506487527595,8c293a52745057c4
240117,2023,4,Hospitalisation,True,1,1081_13811,True,153.41329392789,-27.972873488190892,8c293a52745057c4
240126,2023,5,Hospitalisation,True,1,1083_13787,True,153.424711912387,-28.082952490218805,8c293a52745057c4
240134,2022,12,Medical treatment,False,0,1071_13795,True,153.3629539239,-28.04643548364299,8c293a52745057c4
240172,2020,2,Hospitalisation,True,1,1060_13834,True,153.304900952963,-27.870199476360202,8c293a52745057c4
240179,2022,11,Medical treatment,False,0,1077_13782,True,153.39365991298,-28.104739487225405,8c293a52745057c4
240185,2022,11,Hospitalisation,True,1,1070_13791,True,153.361016921873,-28.06376248358179,8c293a52745057c4
240214,2022,11,Medical treatment,False,0,1066_13806,True,153.3403639328,-27.996699480955794,8c293a52745057c4
240220,2023,4,Medical treatment,False,0,1102_13768,True,153.52155989074,-28.1674485007743,8c293a52745057c4
240237,2022,11,Medical treatment,False,0,1084_13800,True,153.42848703082203,-28.0223641491284,8c293a52745057c4
240247,2022,11,Medical treatment,False,0,1079_13785,True,153.402352914069,-28.088941487987004,8c293a52745057c4
240257,2023,1,Hospitalisation,True,1,1043_13861,True,153.220261977796,-27.74825146682471,8c293a52745057c4
240260,2023,1,Medical treatment,False,0,1084_13801,True,153.429410908373,-28.0173244071831,8c293a52745057c4
240261,2022,2,Medical treatment,False,0,1075_13786,True,153.38311691673,-28.084733485995102,8c293a52745057c4
240262,2021,6,Medical treatment,False,0,1083_13792,True,153.426330915254,-28.0594524901996,8c293a52745057c4
240275,2021,8,Medical treatment,False,0,1088_13785,True,153.449297908908,-28.088932492773697,8c293a52745057c4
240277,2022,2,Medical treatment,False,0,1078_13790,True,153.397058917514,-28.066835487274396,8c293a52745057c4
240287,2020,8,Hospitalisation,True,2,1075_13816,True,153.385246933849,-27.950492485158293,8c293a52745057c4
240288,2021,9,Medical treatment,False,0,1076_13786,True,153.387247696929,-28.08741557743671,8c293a52745057c4
240291,2021,9,Medical treatment,False,0,1079_13826,True,153.401485656227,-27.9028392314374,8c293a52745057c4
240299,2022,7,Hospitalisation,True,1,1067_13810,True,153.343664934859,-27.977931481143994,8c293a52745057c4
240327,2022,7,Medical treatment,False,0,1057_13845,True,153.289434961133,-27.819691474393693,8c293a52745057c4
240328,2022,7,Medical treatment,False,0,1093_13776,True,153.477072900726,-28.128389495919198,8c293a52745057c4
240351,2022,2,Medical treatment,False,0,1074_13787,True,153.381003917202,-28.08288148576551,8c293a52745057c4
240358,2022,3,Hospitalisation,True,1,1037_13855,True,153.188753977766,-27.775266463852308,8c293a52745057c4
240363,2022,5,Hospitalisation,True,2,1067_13816,True,153.34118893888603,-27.948793480663404,8c293a52745057c4
240365,2022,5,Minor injury,False,0,1077_13822,True,153.392257936458,-27.924348485666602,8c293a52745057c4
240366,2020,8,Minor injury,False,0,1064_13820,True,153.326798942444,-27.933392479080403,8c293a52745057c4
240373,2022,3,Minor injury,False,0,1073_13811,True,153.37562172527603,-27.970836846338393,8c293a52745057c4
240383,2022,6,Medical treatment,False,0,1092_13777,True,153.468690901861,-28.126764495050196,8c293a52745057c4
240389,2023,6,Hospitalisation,True,1,1083_13777,True,153.42621190679,-28.124832490700097,8c293a52745057c4
240403,2022,8,Hospitalisation,True,1,1065_13831,True,153.332172948655,-27.880578479211103,8c293a52745057c4
240411,2022,8,Hospitalisation,True,1,1075_13787,True,153.386446916917,-28.080461486300603,8c293a52745057c4
240422,2022,10,Medical treatment,False,0,1085_13767,True,153.433976899995,-28.170586491850504,8c293a52745057c4
240435,2023,2,Hospitalisation,True,1,1050_13852,True,153.255071968967,-27.787723470659103,8c293a52745057c4
240439,2021,3,Medical treatment,False,0,1084_13804,True,153.427491922263,-28.004350489885503,8c293a52745057c4
240452,2022,10,Hospitalisation,True,1,1069_13808,True,153.352783933025,-27.984406482121802,8c293a52745057c4
240456,2021,1,Medical treatment,False,0,1050_13852,True,153.256232618956,-27.7868280187696,8c293a52745057c4
240457,2023,1,Minor injury,False,0,1082_13811,True,153.418354849457,-27.971934761699394,8c293a52745057c4
240506,2022,7,Hospitalisation,True,1,1078_13783,True,153.401810912538,-28.101225488028096,8c293a52745057c4
240507,2022,7,Medical treatment,False,0,1084_13808,True,153.429837924512,-27.9849914899727,8c293a52745057c4
240508,2022,7,Hospitalisation,True,1,1071_13779,True,153.363064475925,-28.115746649197703,8c293a52745057c4
240517,2022,7,Hospitalisation,True,1,1063_13823,True,153.322156944692,-27.9198664785026,8c293a52745057c4
240540,2022,8,Medical treatment,False,0,1080_13780,True,153.410961910257,-28.111055489037494,8c293a52745057c4
240549,2022,8,Medical treatment,False,0,1057_13845,True,153.289637961149,-27.819396474412002,8c293a52745057c4
240556,2023,2,Medical treatment,False,0,1081_13788,True,153.41239991432,-28.078475488928703,8c293a52745057c4
240563,2022,11,Hospitalisation,True,2,1049_13813,True,153.25354994636,-27.9652604719009,8c293a52745057c4
240573,2023,2,Minor injury,False,0,1061_13837,True,153.31103195397,-27.857168476879995,8c293a52745057c4
240578,2022,9,Hospitalisation,True,2,1076_13798,True,153.387408923061,-28.032150486019596,8c293a52745057c4
240588,2022,9,Medical treatment,False,0,1072_13812,True,153.370985932953,-27.969518483856294,8c293a52745057c4
240622,2022,8,Hospitalisation,True,1,1085_13797,True,153.433098917824,-28.0338854906892,8c293a52745057c4
240626,2022,8,Minor injury,False,0,1076_13824,True,153.389123938305,-27.9126914852559,8c293a52745057c4
240631,2022,8,Minor injury,False,0,1066_13804,True,153.34032593198802,-28.003025481001597,8c293a52745057c4
240633,2022,8,Hospitalisation,True,1,1060_13806,True,153.307103936452,-27.996652477577403,8c293a52745057c4
240649,2022,11,Medical treatment,False,0,1080_13813,True,153.407771929795,-27.962812487549204,8c293a52745057c4
240662,2022,11,Medical treatment,False,0,1084_13798,True,153.430106918605,-28.030386490356502,8c293a52745057c4
240667,2022,12,Hospitalisation,True,1,1074_13814,True,153.37940046444402,-27.958586575626708,8c293a52745057c4
240670,2022,12,Medical treatment,False,0,1056_13825,True,153.289457241726,-27.908505682094496,8c293a52745057c4
240675,2022,12,Medical treatment,False,0,1104_13767,True,153.53355488898,-28.1707975020284,8c293a52745057c4
240696,2022,9,Medical treatment,False,0,1081_13813,True,153.411854929172,-27.964174487975903,8c293a52745057c4
240743,2022,12,Medical treatment,False,0,1056_13862,True,153.286960766497,-27.740951232522697,8c293a52745057c4
240745,2022,12,Hospitalisation,True,1,1081_13804,True,153.412312117088,-28.003104191328305,8c293a52745057c4
240748,2022,12,Medical treatment,False,0,1075_13800,True,153.384161924427,-28.0243464856278,8c293a52745057c4
240751,2022,12,Minor injury,False,0,1104_13768,True,153.530911889609,-28.1682145017375,8c293a52745057c4
240777,2020,10,Hospitalisation,True,1,1074_13819,True,153.3787549924,-27.936226898385296,8c293a52745057c4
240796,2021,7,Medical treatment,False,0,1062_13826,True,153.316060146422,-27.903828292757396,8c293a52745057c4
240799,2021,8,Minor injury,False,0,1084_13798,True,153.431486918435,-28.030531490498397,8c293a52745057c4
240802,2021,9,Medical treatment,False,0,1075_13805,True,153.382995581621,-28.000623480322798,8c293a52745057c4
240812,2022,2,Minor injury,False,0,1074_13789,True,153.38032691894,-28.070027485595805,8c293a52745057c4
240823,2022,11,Minor injury,False,0,1078_13783,True,153.400685912831,-28.09991548790319,8c293a52745057c4
240826,2022,11,Hospitalisation,True,1,1092_13776,True,153.473252900629,-28.13237349556019,8c293a52745057c4
240829,2022,11,Medical treatment,False,0,1056_13847,True,153.289088962177,-27.811853474296896,8c293a52745057c4
240836,2022,11,Hospitalisation,True,1,1056_13845,True,153.28932796109,-27.820123474386303,8c293a52745057c4
240866,2023,1,Hospitalisation,True,1,1076_13810,True,153.390429820975,-27.976100307887094,8c293a52745057c4
240871,2023,1,Minor injury,False,0,1090_13783,True,153.460257906254,-28.100090493979994,8c293a52745057c4
240888,2023,1,Hospitalisation,True,1,1061_13836,True,153.310756334372,-27.8620569918905,8c293a52745057c4
240896,2023,1,Hospitalisation,True,2,1064_13842,True,153.329216955173,-27.8323994785318,8c293a52745057c4
240899,2023,1,Hospitalisation,True,1,1077_13803,True,153.395783925113,-28.0091794866921,8c293a52745057c4
240912,2022,2,Medical treatment,False,0,1057_13846,True,153.289996961498,-27.816375474424607,8c293a52745057c4
240921,2023,5,Hospitalisation,True,1,1085_13791,True,153.435508913779,-28.063056491163902,8c293a52745057c4
240924,2022,2,Medical treatment,False,0,1066_13822,True,153.337799942667,-27.922322480111003,8c293a52745057c4
240941,2022,8,Hospitalisation,True,1,1080_13794,True,153.40890091869,-28.047705488330706,8c293a52745057c4
240949,2022,8,Minor injury,False,0,1062_13843,True,153.316770957297,-27.826407477220595,8c293a52745057c4
240953,2022,8,Medical treatment,False,0,1077_13831,True,153.392354941789,-27.882946485351,8c293a52745057c4
240963,2022,7,Minor injury,False,0,1076_13790,True,153.387671918264,-28.069013486335503,8c293a52745057c4
240966,2022,8,Minor injury,False,0,1082_13783,True,153.419482910687,-28.100499489823292,8c293a52745057c4
240968,2022,8,Hospitalisation,True,1,1063_13821,True,153.324489943616,-27.926244478789705,8c293a52745057c4
240978,2022,5,Medical treatment,False,0,1080_13812,True,153.409775908832,-27.968560937798497,8c293a52745057c4
240985,2022,1,Hospitalisation,True,1,1084_13798,True,153.429953918723,-28.029609490334796,8c293a52745057c4
240991,2022,1,Hospitalisation,True,1,1083_13788,True,153.424123913219,-28.077024490112404,8c293a52745057c4
240998,2022,1,Minor injury,False,0,1083_13797,True,153.42481091824,-28.037694489873903,8c293a52745057c4
241015,2022,6,Medical treatment,False,0,1067_13809,True,153.344035934119,-27.983355481224304,8c293a52745057c4
241017,2022,6,Medical treatment,False,0,1100_13769,True,153.513651892056,-28.1640404999384,8c293a52745057c4
241042,2022,8,Medical treatment,False,0,1064_13806,True,153.328826934257,-27.9952044797718,8c293a52745057c4
241043,2022,8,Hospitalisation,True,1,1067_13804,True,153.341703931421,-28.006249481167,8c293a52745057c4
241048,2022,9,Medical treatment,False,0,1080_13790,True,153.410088915789,-28.0691004886196,8c293a52745057c4
241053,2022,9,Minor injury,False,0,1089_13784,True,153.453257607852,-28.093711265215294,8c293a52745057c4
241054,2023,4,Medical treatment,False,0,1077_13798,True,153.392096922608,-28.031675486493196,8c293a52745057c4
241062,2022,10,Hospitalisation,True,1,1075_13827,True,153.383945940542,-27.899727484626798,8c293a52745057c4
241068,2022,11,Minor injury,False,0,1093_13777,True,153.476696900813,-28.128039495878102,8c293a52745057c4
241084,2022,10,Minor injury,False,0,1092_13779,True,153.468832903056,-28.117445494991703,8c293a52745057c4
241087,2022,10,Minor injury,False,0,1082_13799,True,153.417577920473,-28.026577489049195,8c293a52745057c4
241096,2022,11,Hospitalisation,True,1,1069_13834,True,153.350964947903,-27.870505481041693,8c293a52745057c4
241106,2021,4,Hospitalisation,True,3,1070_13811,True,153.358791186715,-27.973959057650696,8c293a52745057c4
241111,2021,12,Medical treatment,False,0,1083_13797,True,153.424928918226,-28.037702489886,8c293a52745057c4
241147,2021,10,Hospitalisation,True,1,1080_13814,True,153.40832193007,-27.960218487584807,8c293a52745057c4
241150,2022,7,Hospitalisation,True,1,1057_13844,True,153.293623960282,-27.8227734748429,8c293a52745057c4
241151,2022,7,Minor injury,False,0,1078_13822,True,153.398988935891,-27.923050486341896,8c293a52745057c4
241167,2022,7,Hospitalisation,True,1,1077_13808,True,153.392865928184,-27.987895486227803,8c293a52745057c4
241182,2023,2,Medical treatment,False,0,1070_13822,True,153.355740940541,-27.92361748194499,8c293a52745057c4
241184,2023,2,Minor injury,False,0,1081_13783,True,153.414177938249,-28.100669141283888,8c293a52745057c4
241187,2022,8,Hospitalisation,True,1,1080_13817,True,153.410070628745,-27.945773010649503,8c293a52745057c4
241190,2022,11,Hospitalisation,True,1,1084_13772,True,153.427914903523,-28.1485654910597,8c293a52745057c4
241195,2022,11,Hospitalisation,True,1,1069_13787,True,153.353617920275,-28.082422482975694,8c293a52745057c4
241203,2022,11,Hospitalisation,True,2,1066_13822,True,153.33621794259702,-27.924212479965096,8c293a52745057c4
241205,2023,2,Minor injury,False,0,1071_13808,True,153.361016931838,-27.9866124829764,8c293a52745057c4
241207,2022,11,Hospitalisation,True,1,1044_13789,True,153.227747024179,-28.0742786491439,8c293a52745057c4
241279,2022,12,Medical treatment,False,0,1083_13801,True,153.426967920634,-28.017375489934295,8c293a52745057c4
241290,2022,12,Minor injury,False,0,1079_13811,True,153.403285928887,-27.973628487177102,8c293a52745057c4
241291,2023,1,Hospitalisation,True,1,1066_13806,True,153.339504078034,-27.995611103859897,8c293a52745057c4
241292,2023,1,Medical treatment,False,0,1083_13786,True,153.425801911902,-28.085765490352,8c293a52745057c4
241300,2023,1,Medical treatment,False,0,1071_13832,True,153.362152214709,-27.8780806642389,8c293a52745057c4
241303,2022,7,Medical treatment,False,0,1080_13803,True,153.410180923548,-28.009083488157998,8c293a52745057c4
241309,2023,1,Hospitalisation,True,1,1085_13787,True,153.43688091158,-28.07885549142769,8c293a52745057c4
241347,2023,6,Medical treatment,False,0,1085_13794,True,153.433153915847,-28.049092490814104,8c293a52745057c4
241364,2022,8,Medical treatment,False,0,1055_13802,True,153.282050362981,-28.013887862170996,8c293a52745057c4
241385,2022,8,Minor injury,False,0,1076_13786,True,153.391396915858,-28.084434486835793,8c293a52745057c4
241401,2020,2,Hospitalisation,True,1,1050_13799,True,153.25731032684,-28.028315482776705,8c293a52745057c4
241412,2020,5,Hospitalisation,True,1,1050_13799,True,153.258352937765,-28.028010472879902,8c293a52745057c4
241442,2022,9,Minor injury,False,0,1063_13842,True,153.324175955919,-27.830864478007705,8c293a52745057c4
241456,2022,10,Medical treatment,False,0,1096_13776,True,153.488801898964,-28.1320064971462,8c293a52745057c4
241463,2022,9,Medical treatment,False,0,1084_13791,True,153.431152914388,-28.062045490711704,8c293a52745057c4
241466,2022,9,Medical treatment,False,0,1064_13821,True,153.327675943302,-27.925983479111192,8c293a52745057c4
241479,2022,3,Hospitalisation,True,2,1062_13843,True,153.319836956663,-27.8287484775504,8c293a52745057c4
241484,2023,1,Medical treatment,False,0,1052_13865,True,153.267448975235,-27.728273471444705,8c293a52745057c4
241488,2023,3,Medical treatment,False,0,1063_13818,True,153.322446941977,-27.9407134786959,8c293a52745057c4
241492,2023,1,Medical treatment,False,0,1089_13783,True,153.45646832492304,-28.0981489385779,8c293a52745057c4
241494,2023,1,Hospitalisation,True,2,1086_13794,True,153.439036915189,-28.049192491415,8c293a52745057c4
241505,2023,2,Minor injury,False,0,1061_13829,True,153.313460949435,-27.8903834773878,8c293a52745057c4
241516,2023,2,Minor injury,False,0,1055_13828,True,153.283702951917,-27.896338474415295,8c293a52745057c4
241542,2022,9,Minor injury,False,0,1081_13805,True,153.413980587047,-28.002008247489705,8c293a52745057c4
241574,2021,12,Medical treatment,False,0,1070_13821,True,153.360556939623,-27.926655482458603,8c293a52745057c4
241591,2022,4,Hospitalisation,True,1,1060_13838,True,153.307551955078,-27.851492476482097,8c293a52745057c4
241625,2022,8,Minor injury,False,0,1079_13790,True,153.403518916838,-28.066577487930402,8c293a52745057c4
241644,2022,6,Medical treatment,False,0,1043_13862,True,153.222627978363,-27.741810467013302,8c293a52745057c4
241646,2022,6,Minor injury,False,0,1079_13819,True,153.404086933576,-27.9366624869682,8c293a52745057c4
241651,2023,3,Medical treatment,False,0,1081_13783,True,153.415868911069,-28.1006204894559,8c293a52745057c4
241661,2023,3,Hospitalisation,True,2,1083_13786,True,153.42541791206403,-28.084837490305592,8c293a52745057c4
241700,2022,9,Minor injury,False,0,1061_13833,True,153.314214951539,-27.873383477330698,8c293a52745057c4
241706,2022,9,Medical treatment,False,0,1092_13774,True,153.472561899603,-28.140853495556097,8c293a52745057c4
241715,2022,7,Hospitalisation,True,1,1073_13820,True,153.373140937682,-27.931048483773292,8c293a52745057c4
241717,2022,1,Hospitalisation,True,1,1074_13786,True,153.380676916996,-28.084752485746897,8c293a52745057c4
241719,2022,10,Hospitalisation,True,3,1079_13793,True,153.407006755128,-28.053652492184398,8c293a52745057c4
241745,2022,10,Medical treatment,False,0,1074_13789,True,153.377177919083,-28.071598485287595,8c293a52745057c4
241749,2023,2,Medical treatment,False,0,1069_13814,True,153.351643936147,-27.961166481823394,8c293a52745057c4
241835,2022,8,Minor injury,False,0,1083_13797,True,153.424402918599,-28.035268489813202,8c293a52745057c4
241838,2022,8,Medical treatment,False,0,1057_13845,True,153.289434961133,-27.819691474393693,8c293a52745057c4
241839,2022,8,Minor injury,False,0,1055_13823,True,153.283410949283,-27.9170874745488,8c293a52745057c4
241860,2022,11,Medical treatment,False,0,1074_13786,True,153.381611917042,-28.083601485833,8c293a52745057c4
241880,2022,11,Minor injury,False,0,1080_13818,True,153.408319111461,-27.941717313439188,8c293a52745057c4
241941,2023,2,Hospitalisation,True,1,1081_13790,True,153.414414915518,-28.0675204890481,8c293a52745057c4
241953,2023,5,Hospitalisation,True,1,1084_13799,True,153.431223919163,-28.025136490429304,8c293a52745057c4
241954,2023,3,Medical treatment,False,0,1058_13838,True,153.299602956178,-27.849667475661096,8c293a52745057c4
241964,2022,11,Hospitalisation,True,1,1059_13841,True,153.303202957202,-27.838644475939695,8c293a52745057c4
241968,2022,2,Hospitalisation,True,1,1084_13797,True,153.43226191746,-28.0374024906314,8c293a52745057c4
241994,2023,1,Minor injury,False,0,1059_13838,True,153.30022595568,-27.8530184757507,8c293a52745057c4
242004,2023,1,Hospitalisation,True,1,1064_13840,True,153.328330953864,-27.8433324785278,8c293a52745057c4
242008,2023,1,Hospitalisation,True,1,1084_13797,True,153.429356918151,-28.034528490312606,8c293a52745057c4
242014,2022,8,Minor injury,False,0,1078_13783,True,153.402022912722,-28.099625488037205,8c293a52745057c4
242020,2022,10,Hospitalisation,True,1,1056_13845,True,153.288762960966,-27.821564474340303,8c293a52745057c4
242023,2022,10,Hospitalisation,True,1,1080_13797,True,153.408452920336,-28.035365488188198,8c293a52745057c4
242027,2022,10,Hospitalisation,True,2,1067_13850,True,153.340660553297,-27.79841245542689,8c293a52745057c4
242037,2022,10,Hospitalisation,True,3,1079_13798,True,153.405039954048,-28.032755853820003,8c293a52745057c4
242048,2022,11,Hospitalisation,True,1,1068_13802,True,153.349196929387,-28.015637482002298,8c293a52745057c4
242051,2022,12,Minor injury,False,0,1081_13804,True,153.413543923931,-28.0032694884551,8c293a52745057c4
242081,2021,1,Medical treatment,False,0,1097_13772,True,153.497836896028,-28.146921498186693,8c293a52745057c4
242082,2021,2,Hospitalisation,True,1,1084_13803,True,153.427737660777,-28.007898631938392,8c293a52745057c4
242085,2021,4,Hospitalisation,True,1,1050_13798,True,153.256351937552,-28.031370472703607,8c293a52745057c4
242101,2022,10,Hospitalisation,True,1,1052_13839,True,153.268713959896,-27.8469164725071,8c293a52745057c4
242118,2022,11,Hospitalisation,True,1,1066_13806,True,153.339900933259,-27.993533480883897,8c293a52745057c4
242122,2022,11,Hospitalisation,True,1,1082_13797,True,153.417308919221,-28.0364754890995,8c293a52745057c4
242123,2022,11,Hospitalisation,True,1,1079_13811,True,153.402719928906,-27.9739634871221,8c293a52745057c4
242124,2022,11,Hospitalisation,True,1,1048_13858,True,153.244771973556,-27.760613469402497,8c293a52745057c4
242158,2023,1,Minor injury,False,0,1079_13811,True,153.402636928913,-27.973981487113704,8c293a52745057c4
242161,2023,1,Minor injury,False,0,1077_13792,True,153.393417919251,-28.0565094868226,8c293a52745057c4
242164,2023,3,Medical treatment,False,0,1083_13786,True,153.423588912108,-28.0860504901286,8c293a52745057c4
242165,2023,3,Medical treatment,False,0,1082_13779,True,153.417842908955,-28.115250489771704,8c293a52745057c4
242228,2022,4,Minor injury,False,0,1083_13805,True,153.427049168005,-27.998992146798294,8c293a52745057c4
242257,2022,4,Medical treatment,False,0,1049_13857,True,153.248764456595,-27.764738843839297,8c293a52745057c4
242280,2022,9,Medical treatment,False,0,1080_13811,True,153.411048927922,-27.974521487975096,8c293a52745057c4
242308,2021,1,Minor injury,False,0,1083_13810,True,153.422626926104,-27.978784489188705,8c293a52745057c4
242328,2022,6,Minor injury,False,0,1084_13792,True,153.428746914994,-28.0594154904456,8c293a52745057c4
242366,2022,10,Minor injury,False,0,1087_13789,True,153.444272668822,-28.070720956118098,8c293a52745057c4
242371,2022,10,Hospitalisation,True,1,1080_13809,True,153.41147092687203,-27.982291488079095,8c293a52745057c4
242386,2022,10,Hospitalisation,True,1,1060_13818,True,153.305929499721,-27.941198937022698,8c293a52745057c4
242406,2022,10,Minor injury,False,0,1082_13810,True,153.42150892637,-27.977672489066002,8c293a52745057c4
242408,2022,10,Minor injury,False,0,1067_13814,True,153.344866937382,-27.957339481104402,8c293a52745057c4
242416,2022,11,Medical treatment,False,0,1082_13790,True,153.418777915332,-28.0652584894751,8c293a52745057c4
242446,2020,7,Medical treatment,False,0,1080_13782,True,153.411141911465,-28.101580488981604,8c293a52745057c4
242451,2021,2,Medical treatment,False,0,1085_13792,True,153.433651914502,-28.059052490943,8c293a52745057c4
242452,2021,3,Minor injury,False,0,1080_13811,True,153.410910928181,-27.972642487946292,8c293a52745057c4
242454,2021,2,Medical treatment,False,0,1083_13797,True,153.42481091824,-28.037694489873903,8c293a52745057c4
242514,2023,1,Minor injury,False,0,1072_13803,True,153.369702927733,-28.011035484051707,8c293a52745057c4
242536,2023,1,Medical treatment,False,0,1049_13854,True,153.252106970532,-27.77801947028239,8c293a52745057c4
242582,2022,5,Hospitalisation,True,2,1045_13863,True,153.230866978167,-27.7363484678039,8c293a52745057c4
242597,2023,3,Medical treatment,False,0,1080_13811,True,153.410830823133,-27.973078110941504,8c293a52745057c4
242603,2023,5,Hospitalisation,True,3,1062_13826,True,153.316665159086,-27.9059279468354,8c293a52745057c4
242606,2023,3,Medical treatment,False,0,1081_13805,True,153.414119924608,-27.997552488468898,8c293a52745057c4
242613,2023,3,Medical treatment,False,0,1046_13861,True,153.234762976269,-27.747890468289093,8c293a52745057c4
242619,2023,3,Minor injury,False,0,1084_13774,True,153.428289904536,-28.1404384910343,8c293a52745057c4
242622,2023,3,Medical treatment,False,0,1076_13822,True,153.387918937253,-27.921862485205295,8c293a52745057c4
242641,2023,2,Hospitalisation,True,1,1083_13809,True,153.422942846801,-27.980862945237195,8c293a52745057c4
242645,2023,2,Minor injury,False,0,1060_13835,True,153.307226412613,-27.863175266541003,8c293a52745057c4
242651,2023,2,Hospitalisation,True,1,1092_13779,True,153.469727903137,-28.116062495072295,8c293a52745057c4
242666,2023,2,Medical treatment,False,0,1079_13811,True,153.403514929155,-27.971366487182593,8c293a52745057c4
242694,2023,3,Hospitalisation,True,3,1081_13813,True,153.414052929044,-27.963307488193106,8c293a52745057c4
242695,2024,10,Medical treatment,False,0,1083_13805,True,153.426452922744,-28.001518489757302,8c293a52745057c4
242696,2023,3,Minor injury,False,0,1077_13812,True,153.394267616315,-27.970221074231798,8c293a52745057c4
242698,2023,3,Minor injury,False,0,1064_13821,True,153.32716964137302,-27.925863718058896,8c293a52745057c4
242737,2021,9,Minor injury,False,0,1073_13796,True,153.373616923262,-28.042305484695397,8c293a52745057c4
242740,2021,10,Hospitalisation,True,2,1052_13800,True,153.267974937356,-28.0229714738154,8c293a52745057c4
242742,2021,11,Hospitalisation,True,1,1097_13773,True,153.495400838628,-28.144375823917695,8c293a52745057c4
242745,2021,6,Medical treatment,False,0,1084_13805,True,153.42736092313402,-27.9977304898202,8c293a52745057c4
242752,2021,4,Hospitalisation,True,1,1053_13801,True,153.273847937075,-28.020150474388494,8c293a52745057c4
242758,2022,3,Minor injury,False,0,1080_13814,True,153.410412162131,-27.9579742957802,8c293a52745057c4
242772,2020,3,Medical treatment,False,0,1081_13808,True,153.412167926165,-27.987162488188403,8c293a52745057c4
242792,2021,1,Hospitalisation,True,2,1080_13762,True,153.411321899431,-28.194195489725505,8c293a52745057c4
242827,2020,12,Hospitalisation,True,1,1086_13780,True,153.440487907081,-28.110474492043593,8c293a52745057c4
242831,2020,7,Hospitalisation,True,1,1071_13800,True,153.364622926876,-28.021979483620804,8c293a52745057c4
242839,2022,12,Medical treatment,False,0,1079_13819,True,153.402490757859,-27.935824208799104,8c293a52745057c4
242865,2020,6,Minor injury,False,0,1048_13857,True,153.248516483611,-27.764818480814796,8c293a52745057c4
242937,2020,12,Minor injury,False,0,1076_13806,True,153.390306982395,-27.9961690020322,8c293a52745057c4
242949,2020,11,Medical treatment,False,0,1060_13843,True,153.306696958313,-27.8270324762029,8c293a52745057c4
242962,2020,3,Medical treatment,False,0,1048_13857,True,153.24376497282,-27.767216469352594,8c293a52745057c4
243050,2020,12,Hospitalisation,True,1,1049_13855,True,153.251765809921,-27.775271427226205,8c293a52745057c4
243059,2020,12,Medical treatment,False,0,1078_13811,True,153.401006928969,-27.974926486955095,8c293a52745057c4
243072,2022,11,Hospitalisation,True,1,1054_13828,True,153.277849249458,-27.897108080827792,8c293a52745057c4
243076,2022,12,Hospitalisation,True,1,1071_13832,True,153.361179945906,-27.877370482134495,8c293a52745057c4
243083,2022,11,Hospitalisation,True,1,1067_13804,True,153.342913931336,-28.0058804812871,8c293a52745057c4
243085,2022,11,Hospitalisation,True,1,1088_13785,True,153.452825908316,-28.090497493146103,8c293a52745057c4
243093,2022,11,Hospitalisation,True,1,1077_13830,True,153.393363941204,-27.8866334854827,8c293a52745057c4
243094,2022,11,Hospitalisation,True,1,1045_13864,True,153.229030978606,-27.734475467603303,8c293a52745057c4
243114,2022,3,Hospitalisation,True,1,1060_13834,True,153.304900952963,-27.870199476360202,8c293a52745057c4
243119,2022,7,Hospitalisation,True,1,1081_13811,True,153.415155987649,-27.973163029383,8c293a52745057c4
243123,2022,9,Hospitalisation,True,1,1085_13796,True,153.433363917094,-28.039290490758603,8c293a52745057c4
243129,2022,9,Hospitalisation,True,2,1044_13776,True,153.227892927614,-28.132932470618197,8c293a52745057c4
243194,2022,6,Fatal,True,1,1064_13822,True,153.327494943495,-27.924636479082203,8c293a52745057c4
243215,2023,3,Hospitalisation,True,1,1084_13806,True,153.428076923641,-27.993211489857696,8c293a52745057c4
243220,2023,3,Medical treatment,False,0,1070_13830,True,153.358814944852,-27.887553481973992,8c293a52745057c4
243223,2023,3,Medical treatment,False,0,1080_13819,True,153.40737793303,-27.9381054873149,8c293a52745057c4
243225,2023,3,Medical treatment,False,0,1046_13860,True,153.235659975884,-27.750146468397695,8c293a52745057c4
243227,2022,3,Fatal,True,1,1099_13770,True,153.506016893954,-28.155929499093794,8c293a52745057c4
243258,2021,8,Minor injury,False,0,1057_13844,True,153.293750964225,-27.82311274885839,8c293a52745057c4
243306,2023,3,Hospitalisation,True,1,1080_13782,True,153.41192191128,-28.102341489067104,8c293a52745057c4
243321,2023,3,Minor injury,False,0,1077_13824,True,153.391251938146,-27.912117485468,8c293a52745057c4
243362,2022,11,Fatal,True,1,1065_13808,True,153.334272934869,-27.9858304802515,8c293a52745057c4
243366,2023,12,Medical treatment,False,0,1080_13811,True,153.41064192832,-27.971789487912094,8c293a52745057c4
243388,2023,3,Hospitalisation,True,1,1062_13830,True,153.316729949721,-27.885388477680497,8c293a52745057c4
243393,2023,3,Hospitalisation,True,1,1084_13799,True,153.429169919401,-28.025036490219,8c293a52745057c4
243415,2020,5,Hospitalisation,True,1,1054_13801,True,153.278007937086,-28.016518474781794,8c293a52745057c4
243424,2020,10,Medical treatment,False,0,1097_13772,True,153.497654896086,-28.1466324981658,8c293a52745057c4
243428,2020,11,Medical treatment,False,0,1085_13800,True,153.433752919309,-28.0218674906615,8c293a52745057c4
243430,2021,1,Hospitalisation,True,1,1054_13801,True,153.277601227784,-28.019208476761598,8c293a52745057c4
243438,2021,4,Fatal,True,1,1073_13796,True,153.374162923292,-28.041615484745503,8c293a52745057c4
243439,2021,3,Minor injury,False,0,1054_13801,True,153.27806093701,-28.017063474791396,8c293a52745057c4
243441,2021,5,Hospitalisation,True,1,1050_13799,True,153.259270938049,-28.0250144729494,8c293a52745057c4
243454,2021,2,Medical treatment,False,0,1085_13800,True,153.432868919314,-28.022574490576904,8c293a52745057c4
243465,2021,3,Medical treatment,False,0,1084_13798,True,153.431036918131,-28.033263490473992,8c293a52745057c4
243466,2022,11,Medical treatment,False,0,1074_13805,True,153.378492928292,-27.999243484853704,8c293a52745057c4
243470,2021,6,Medical treatment,False,0,1084_13801,True,153.430834920055,-28.018572490338098,8c293a52745057c4
243484,2021,6,Hospitalisation,True,1,1064_13821,True,153.327941943269,-27.9260094791384,8c293a52745057c4
243485,2021,6,Medical treatment,False,0,1086_13787,True,153.437933911044,-28.082098491560597,8c293a52745057c4
243493,2021,2,Medical treatment,False,0,1067_13816,True,153.344001938324,-27.950772480964893,8c293a52745057c4
243499,2020,10,Minor injury,False,0,1066_13801,True,153.338694930503,-28.015918480937096,8c293a52745057c4
243510,2020,12,Minor injury,False,0,1071_13832,True,153.361749945808,-27.877649482194602,8c293a52745057c4
243527,2021,1,Medical treatment,False,0,1069_13831,True,153.351615946476,-27.881042481190793,8c293a52745057c4
243541,2020,4,Medical treatment,False,0,1074_13832,True,153.380845943689,-27.8779394841399,8c293a52745057c4
243630,2020,2,Hospitalisation,True,1,1074_13811,True,153.376397932196,-27.970796484417097,8c293a52745057c4
243643,2020,2,Minor injury,False,0,1078_13816,True,153.396696585429,-27.9517938473344,8c293a52745057c4
243662,2020,8,Hospitalisation,True,1,1063_13839,True,153.324336501901,-27.846430345146498,8c293a52745057c4
243675,2022,6,Medical treatment,False,0,1077_13809,True,153.396248928389,-27.983443486537396,8c293a52745057c4
243693,2022,3,Medical treatment,False,0,1066_13807,True,153.339280933561,-27.991720480806695,8c293a52745057c4
243706,2020,12,Hospitalisation,True,1,1085_13791,True,153.434374913914,-28.062978491047595,8c293a52745057c4
243742,2022,11,Hospitalisation,True,1,1072_13811,True,153.368561533945,-27.97163680462629,8c293a52745057c4
243749,2022,11,Hospitalisation,True,2,1074_13813,True,153.376209933172,-27.963397484339797,8c293a52745057c4
243814,2022,10,Hospitalisation,True,1,1089_13782,True,153.454534906476,-28.1032304934203,8c293a52745057c4
243827,2022,2,Medical treatment,False,0,1086_13783,True,153.442392908415,-28.098582492144793,8c293a52745057c4
243843,2022,9,Minor injury,False,0,1084_13774,True,153.428477904518,-28.140416491053305,8c293a52745057c4
243851,2022,9,Hospitalisation,True,1,1066_13815,True,153.338579938508,-27.953939480438695,8c293a52745057c4
243858,2022,9,Hospitalisation,True,1,1081_13812,True,153.416297928424,-27.966200488444695,8c293a52745057c4
243871,2023,5,Hospitalisation,True,1,1064_13821,True,153.32909694296,-27.927429479266902,8c293a52745057c4
243894,2023,2,Hospitalisation,True,1,1079_13794,True,153.403163919023,-28.0499954877642,8c293a52745057c4
243908,2022,9,Medical treatment,False,0,1071_13832,True,153.362929945821,-27.876550482306005,8c293a52745057c4
243926,2023,3,Hospitalisation,True,1,1086_13788,True,153.440796911289,-28.077777491818797,8c293a52745057c4
243940,2022,10,Fatal,True,1,1076_13820,True,153.390731935456,-27.933403485582396,8c293a52745057c4
243951,2023,4,Hospitalisation,True,1,1078_13820,True,153.39950693465,-27.932221486466805,8c293a52745057c4
243957,2022,8,Medical treatment,False,0,1067_13809,True,153.342437934185,-27.984196481068498,8c293a52745057c4
243963,2022,11,Fatal,True,1,1080_13800,True,153.411584921853,-28.020993488394588,8c293a52745057c4
243981,2022,4,Minor injury,False,0,1080_13814,True,153.407550930532,-27.957290487483295,8c293a52745057c4
244024,2023,3,Medical treatment,False,0,1077_13806,True,153.39504492725,-27.993279486492003,8c293a52745057c4
244026,2023,3,Medical treatment,False,0,1049_13856,True,153.250460971989,-27.768033470037004,8c293a52745057c4
244029,2023,3,Medical treatment,False,0,1049_13856,True,153.251393971387,-27.7719454701623,8c293a52745057c4
244033,2023,3,Hospitalisation,True,2,1044_13863,True,153.227034490343,-27.7382233594309,8c293a52745057c4
244044,2023,3,Minor injury,False,0,1086_13791,True,153.437894913458,-28.063512491410805,8c293a52745057c4
244045,2023,3,Hospitalisation,True,1,1068_13816,True,153.347034938271,-27.948607481256197,8c293a52745057c4
244060,2023,3,Minor injury,False,0,1092_13775,True,153.47008462981,-28.1336639882467,8c293a52745057c4
244068,2021,7,Hospitalisation,True,1,1043_13787,True,153.222198934879,-28.081355469638012,8c293a52745057c4
244069,2022,7,Hospitalisation,True,1,1035_13841,True,153.179538193749,-27.838041025415396,8c293a52745057c4
244075,2021,7,Hospitalisation,True,3,1050_13798,True,153.256587717542,-28.031245487726494,8c293a52745057c4
244077,2022,7,Minor injury,False,0,1074_13789,True,153.378997918621,-28.0736264854887,8c293a52745057c4
244079,2022,12,Hospitalisation,True,1,1062_13826,True,153.315965947142,-27.906084477765596,8c293a52745057c4
244084,2022,12,Medical treatment,False,0,1075_13787,True,153.386715916897,-28.080387486327403,8c293a52745057c4
244096,2021,8,Medical treatment,False,0,1085_13800,True,153.433644857379,-28.021414052646897,8c293a52745057c4
244104,2023,3,Hospitalisation,True,1,1051_13800,True,153.262395236812,-28.024190213259494,8c293a52745057c4
244109,2021,3,Minor injury,False,0,1058_13838,True,153.299419955854,-27.852348475663607,8c293a52745057c4
244116,2021,7,Medical treatment,False,0,1059_13804,True,153.301650655966,-28.0050702860901,8c293a52745057c4
244143,2021,10,Minor injury,False,0,1080_13797,True,153.409499920203,-28.0355094882961,8c293a52745057c4
244144,2021,10,Minor injury,False,0,1106_13768,True,153.54337188832,-28.167561503008297,8c293a52745057c4
244145,2021,1,Minor injury,False,0,1070_13808,True,153.359562932256,-27.984612482812796,8c293a52745057c4
244148,2021,7,Medical treatment,False,0,1070_13811,True,153.359042933628,-27.974417482679893,8c293a52745057c4
244149,2023,7,Medical treatment,False,0,1044_13816,True,153.225309951261,-27.9511734689315,8c293a52745057c4
244153,2021,3,Hospitalisation,True,1,1047_13858,True,153.24333197388,-27.7592994692464,8c293a52745057c4
244155,2021,3,Medical treatment,False,0,1078_13817,True,153.400690932951,-27.94437648668289,8c293a52745057c4
244165,2021,3,Minor injury,False,0,1062_13841,True,153.315371956172,-27.836350477156795,8c293a52745057c4
244166,2021,3,Medical treatment,False,0,1067_13803,True,153.344423930597,-28.010320481475404,8c293a52745057c4
244168,2023,7,Hospitalisation,True,1,1067_13805,True,153.343468140744,-28.002247711314897,8c293a52745057c4
244171,2021,1,Medical treatment,False,0,1062_13831,True,153.315603950324,-27.881654477536795,8c293a52745057c4
244185,2023,7,Hospitalisation,True,2,1071_13814,True,153.361005923471,-27.958466696754193,8c293a52745057c4
244192,2020,6,Hospitalisation,True,1,1083_13797,True,153.424928918226,-28.037702489886,8c293a52745057c4
244213,2023,4,Medical treatment,False,0,1059_13836,True,153.30272495475,-27.858137476044494,8c293a52745057c4
244219,2023,4,Medical treatment,False,0,1086_13782,True,153.442287202804,-28.1033819651716,8c293a52745057c4
244225,2020,7,Hospitalisation,True,2,1080_13808,True,153.411076926671,-27.984174488053696,8c293a52745057c4
244255,2022,3,Hospitalisation,True,2,1081_13814,True,153.411967929636,-27.96049048795849,8c293a52745057c4
244280,2020,2,Hospitalisation,True,3,1071_13789,True,153.363322920462,-28.0727194838867,8c293a52745057c4
244304,2020,5,Minor injury,False,0,1051_13849,True,153.261632966613,-27.800535471424602,8c293a52745057c4
244321,2020,8,Minor injury,False,0,1086_13781,True,153.441881907368,-28.1070814921593,8c293a52745057c4
244327,2020,8,Hospitalisation,True,1,1040_13828,True,153.207313960023,-27.898185466695004,8c293a52745057c4
244342,2020,8,Medical treatment,False,0,1075_13815,True,153.383849190567,-27.953865896042494,8c293a52745057c4
244346,2020,8,Medical treatment,False,0,1054_13819,True,153.278080947588,-27.934809474147595,8c293a52745057c4
244374,2020,1,Hospitalisation,True,1,1045_13862,True,153.232176977321,-27.7418604679799,8c293a52745057c4
244383,2021,4,Medical treatment,False,0,1064_13838,True,153.326342952876,-27.8527014783996,8c293a52745057c4
251064,2021,6,Minor injury,False,0,1075_13810,True,153.384136339616,-27.9764742352493,8c293a52745057c4
251180,2022,12,Hospitalisation,True,1,1061_13835,True,153.311337953208,-27.8628394769557,8c293a52745057c4
251993,2023,12,Minor injury,False,0,1080_13814,True,153.408495930153,-27.959424487596305,8c293a52745057c4
252012,2023,12,Hospitalisation,True,1,1080_13802,True,153.411907923031,-28.0116144883539,8c293a52745057c4
252053,2022,9,Hospitalisation,True,2,1079_13782,True,153.406278911934,-28.10208648849,8c293a52745057c4
254329,2022,12,Hospitalisation,True,1,1061_13826,True,153.311850947886,-27.903790477329796,8c293a52745057c4
254331,2022,12,Medical treatment,False,0,1043_13864,True,153.222307979299,-27.734753466925294,8c293a52745057c4
254543,2023,2,Hospitalisation,True,1,1055_13846,True,153.281503320382,-27.816681039565704,8c293a52745057c4
261920,2020,8,Hospitalisation,True,1,1083_13809,True,153.42301192574004,-27.981276489247495,8c293a52745057c4
262214,2022,3,Minor injury,False,0,1068_13792,True,153.349312384582,-28.060490949366002,8c293a52745057c4
262311,2020,12,Minor injury,False,0,1067_13823,True,153.341764677678,-27.918873468486805,8c293a52745057c4
262878,2021,9,Minor injury,False,0,1071_13832,True,153.365358945342,-27.8782154825662,8c293a52745057c4
262889,2020,9,Hospitalisation,True,2,1084_13804,True,153.428138922029,-28.0056134899614,8c293a52745057c4
263047,2021,5,Minor injury,False,0,1069_13814,True,153.352470936025,-27.9614144819094,8c293a52745057c4
263052,2021,5,Hospitalisation,True,1,1084_13801,True,153.431281919883,-28.019523490391105,8c293a52745057c4
263275,2020,3,Medical treatment,False,0,1080_13812,True,153.409633928672,-27.969922487794797,8c293a52745057c4
263313,2023,11,Minor injury,False,0,1081_13805,True,153.4139659246,-27.997739488454695,8c293a52745057c4
263427,2022,2,Medical treatment,False,0,1076_13831,True,153.389915942005,-27.883334485105703,8c293a52745057c4
263558,2022,7,Hospitalisation,True,1,1057_13849,True,153.293220208157,-27.8007115966283,8c293a52745057c4
263588,2020,1,Hospitalisation,True,1,1084_13769,True,153.429627901448,-28.163091491348204,8c293a52745057c4
263743,2020,12,Medical treatment,False,0,1069_13814,True,153.353067935967,-27.9613584819697,8c293a52745057c4
264270,2022,9,Minor injury,False,0,1074_13786,True,153.380233917054,-28.084680485701192,8c293a52745057c4
264274,2022,9,Hospitalisation,True,1,1074_13810,True,153.381042930909,-27.9768244849372,8c293a52745057c4
264518,2021,7,Hospitalisation,True,1,1069_13813,True,153.353879818835,-27.961688768054803,8c293a52745057c4
264559,2024,5,Hospitalisation,True,1,1076_13787,True,153.390520916447,-28.0806334867168,8c293a52745057c4
264594,2024,9,Medical treatment,False,0,1079_13782,True,153.406554911904,-28.102084488518088,8c293a52745057c4
264703,2023,7,Medical treatment,False,0,1082_13784,True,153.420043911155,-28.0964164898485,8c293a52745057c4
264820,2022,1,Minor injury,False,0,1074_13811,True,153.376429932201,-27.970727484419797,8c293a52745057c4
264851,2024,5,Medical treatment,False,0,1077_13813,True,153.391982931653,-27.961797485932898,8c293a52745057c4
264853,2024,5,Hospitalisation,True,1,1091_13778,True,153.463366903008,-28.122447494472706,8c293a52745057c4
264897,2024,6,Hospitalisation,True,1,1060_13826,True,153.30991294792804,-27.905116477143483,8c293a52745057c4
264903,2024,6,Minor injury,False,0,1055_13845,True,153.283549961879,-27.8188684737904,8c293a52745057c4
264904,2024,7,Medical treatment,False,0,1088_13778,True,153.451533904615,-28.120107493246298,8c293a52745057c4
264912,2024,7,Hospitalisation,True,1,1064_13838,True,153.327859952679,-27.8529494785556,8c293a52745057c4
264923,2022,1,Minor injury,False,0,1088_13783,True,153.452243907544,-28.0969444931372,8c293a52745057c4
264927,2022,1,Hospitalisation,True,2,1084_13793,True,153.428771915427,-28.056047490421804,8c293a52745057c4
264933,2021,12,Medical treatment,False,0,1047_13859,True,153.239082449869,-27.7551730427837,8c293a52745057c4
264934,2021,12,Medical treatment,False,0,1079_13782,True,153.406634911887,-28.102152488526805,8c293a52745057c4
264949,2023,10,Hospitalisation,True,2,1062_13826,True,153.318319946845,-27.9063974780071,8c293a52745057c4
264952,2022,1,Hospitalisation,True,1,1076_13813,True,153.389274931807,-27.962893485665802,8c293a52745057c4
264974,2021,9,Hospitalisation,True,2,1084_13798,True,153.431194918621,-28.0293404904593,8c293a52745057c4
264982,2022,9,Minor injury,False,0,1080_13813,True,153.410844929502,-27.9624794878597,8c293a52745057c4
264988,2022,9,Medical treatment,False,0,1080_13794,True,153.40890091869,-28.047705488330706,8c293a52745057c4
265003,2021,7,Minor injury,False,0,1079_13820,True,153.405736522083,-27.931346359094494,8c293a52745057c4
265006,2021,7,Medical treatment,False,0,1078_13811,True,153.397560929518,-27.9735934865936,8c293a52745057c4
265007,2021,7,Hospitalisation,True,1,1079_13790,True,153.402856916927,-28.066451487861997,8c293a52745057c4
265009,2021,7,Medical treatment,False,0,1084_13799,True,153.431183919219,-28.024731490422,8c293a52745057c4
265010,2021,9,Hospitalisation,True,1,1061_13829,True,153.313926807068,-27.89283932145449,8c293a52745057c4
265016,2021,4,Hospitalisation,True,2,1075_13813,True,153.384803931983,-27.965319485229593,8c293a52745057c4
265021,2021,4,Medical treatment,False,0,1067_13813,True,153.345474936741,-27.9617984812012,8c293a52745057c4
265029,2021,9,Medical treatment,False,0,1067_13803,True,153.342232931222,-28.007340481229303,8c293a52745057c4
265064,2023,6,Hospitalisation,True,1,1073_13820,True,153.372765415747,-27.9308620317336,8c293a52745057c4
265094,2024,7,Hospitalisation,True,1,1072_13810,True,153.367070932096,-27.9794814835362,8c293a52745057c4
265120,2022,1,Hospitalisation,True,2,1063_13831,True,153.323967949264,-27.882798478395106,8c293a52745057c4
265122,2022,1,Minor injury,False,0,1066_13806,True,153.339993933153,-27.994275480899205,8c293a52745057c4
265123,2022,1,Medical treatment,False,0,1064_13844,True,153.32988295604,-27.82509047854189,8c293a52745057c4
265130,2023,10,Hospitalisation,True,2,1072_13806,True,153.370552125869,-27.993778007002703,8c293a52745057c4
265133,2021,1,Medical treatment,False,0,1083_13805,True,153.425037923266,-27.9986764895907,8c293a52745057c4
265170,2021,2,Fatal,True,3,1060_13821,True,153.306342945178,-27.929519476972896,8c293a52745057c4
265174,2022,3,Medical treatment,False,0,1081_13805,True,153.414287924583,-27.997602488486397,8c293a52745057c4
265176,2024,6,Medical treatment,False,0,1080_13814,True,153.408770930368,-27.95752748760939,8c293a52745057c4
265193,2022,12,Hospitalisation,True,1,1081_13811,True,153.41329392789,-27.972873488190892,8c293a52745057c4
265200,2022,12,Medical treatment,False,0,1057_13836,True,153.293918955326,-27.861124475174602,8c293a52745057c4
265205,2022,10,Hospitalisation,True,1,1080_13794,True,153.407210918797,-28.04830848816329,8c293a52745057c4
265212,2021,10,Medical treatment,False,0,1044_13864,True,153.227056430863,-27.734137749400908,8c293a52745057c4
265219,2021,11,Medical treatment,False,0,1082_13765,True,153.417704900349,-28.181695490278205,8c293a52745057c4
265242,2021,12,Hospitalisation,True,1,1062_13825,True,153.316597946846,-27.907846477843595,8c293a52745057c4
265274,2024,10,Medical treatment,False,0,1060_13836,True,153.307405953698,-27.862357476552795,8c293a52745057c4
265279,2024,10,Fatal,True,1,1069_13786,True,153.352558920164,-28.0841764828818,8c293a52745057c4
265315,2023,2,Hospitalisation,True,2,1049_13852,True,153.252803969311,-27.786964470423392,8c293a52745057c4
265323,2023,2,Hospitalisation,True,1,1048_13858,True,153.244383773703,-27.759793033356793,8c293a52745057c4
265332,2023,2,Medical treatment,False,0,1072_13802,True,153.369669927712,-28.0112254840499,8c293a52745057c4
265344,2023,4,Hospitalisation,True,1,1064_13855,True,153.32958996259,-27.774350478112588,8c293a52745057c4
265349,2023,4,Hospitalisation,True,1,1083_13799,True,153.423092919787,-28.027199489616304,8c293a52745057c4
265367,2022,5,Medical treatment,False,0,1083_13797,True,153.424910005442,-28.036049376871095,8c293a52745057c4
265398,2024,1,Hospitalisation,True,1,1076_13804,True,153.386708926779,-28.0039914857273,8c293a52745057c4
265452,2023,4,Minor injury,False,0,1066_13807,True,153.340470933503,-27.991159480923198,8c293a52745057c4
265455,2023,4,Hospitalisation,True,1,1086_13780,True,153.44138090673,-28.112424492149998,8c293a52745057c4
265459,2023,5,Minor injury,False,0,1079_13810,True,153.40404292841,-27.97668448727819,8c293a52745057c4
265461,2023,5,Medical treatment,False,0,1077_13815,True,153.395177932094,-27.955672486210194,8c293a52745057c4
265470,2023,5,Hospitalisation,True,1,1086_13788,True,153.440877911633,-28.075054491805705,8c293a52745057c4
265502,2022,8,Medical treatment,False,0,1067_13856,True,153.344756961572,-27.769469479615292,8c293a52745057c4
265513,2022,8,Medical treatment,False,0,1082_13779,True,153.418209908946,-28.1150064898073,8c293a52745057c4
265584,2020,4,Hospitalisation,True,1,1063_13805,True,153.322421934473,-27.998974479150906,8c293a52745057c4
265590,2020,7,Hospitalisation,True,2,1080_13804,True,153.41132192412402,-28.003662488231708,8c293a52745057c4
265591,2020,7,Hospitalisation,True,2,1061_13837,True,153.313433953922,-27.8555034771108,8c293a52745057c4
265601,2020,7,Hospitalisation,True,1,1077_13803,True,153.394434522216,-28.0095250095574,8c293a52745057c4
265651,2023,11,Medical treatment,False,0,1079_13822,True,153.404062935269,-27.92357148686289,8c293a52745057c4
265791,2021,2,Medical treatment,False,0,1073_13820,True,153.374677937623,-27.930201483923096,8c293a52745057c4
265793,2020,5,Hospitalisation,True,1,1084_13807,True,153.429771923927,-27.989569490001905,8c293a52745057c4
265796,2021,9,Hospitalisation,True,1,1061_13835,True,153.311857341882,-27.864929894024893,8c293a52745057c4
265814,2021,9,Hospitalisation,True,1,1053_13846,True,153.273459710745,-27.812880691720302,8c293a52745057c4
265825,2020,6,Hospitalisation,True,1,1049_13790,True,153.252440471389,-28.067063076587303,8c293a52745057c4
265849,2020,7,Minor injury,False,0,1076_13798,True,153.386938702075,-28.032444852973995,8c293a52745057c4
265854,2020,7,Hospitalisation,True,1,1103_13768,True,153.529120889858,-28.167816501551105,8c293a52745057c4
265895,2022,6,Medical treatment,False,0,1092_13779,True,153.469675903148,-28.1160234950667,8c293a52745057c4
265913,2023,11,Medical treatment,False,0,1103_13767,True,153.52866748961,-28.1701048385226,8c293a52745057c4
265917,2024,6,Hospitalisation,True,2,1085_13767,True,153.434272403987,-28.1703943698791,8c293a52745057c4
265929,2024,7,Hospitalisation,True,1,1084_13809,True,153.429145924898,-27.982592489883306,8c293a52745057c4
266002,2020,12,Medical treatment,False,0,1071_13841,True,153.363460950517,-27.8396334820696,8c293a52745057c4
266066,2020,4,Medical treatment,False,0,1074_13811,True,153.376429932201,-27.970727484419797,8c293a52745057c4
266101,2021,2,Hospitalisation,True,1,1092_13775,True,153.471121626591,-28.134474246359,8c293a52745057c4
266105,2021,1,Medical treatment,False,0,1080_13798,True,153.410259920895,-28.02951448832651,8c293a52745057c4
266113,2021,9,Hospitalisation,True,2,1062_13830,True,153.319152949444,-27.885487477927295,8c293a52745057c4
266118,2021,9,Hospitalisation,True,1,1083_13782,True,153.42545890991002,-28.101420490439804,8c293a52745057c4
266122,2021,6,Medical treatment,False,0,1078_13793,True,153.399723918901,-28.053858487443996,8c293a52745057c4
266123,2021,6,Medical treatment,False,0,1066_13806,True,153.340195799726,-27.9974143339443,8c293a52745057c4
266140,2020,11,Hospitalisation,True,1,1049_13856,True,153.250398871922,-27.768605170035297,8c293a52745057c4
266143,2020,11,Medical treatment,False,0,1064_13862,True,153.325418967196,-27.741989477434004,8c293a52745057c4
266161,2020,7,Hospitalisation,True,1,1047_13859,True,153.243002974174,-27.757279469197204,8c293a52745057c4
266165,2020,2,Hospitalisation,True,1,1078_13824,True,153.398079937365,-27.912397486165602,8c293a52745057c4
266181,2020,5,Hospitalisation,True,1,1090_13780,True,153.462237904705,-28.110340494262488,8c293a52745057c4
266188,2020,1,Hospitalisation,True,1,1079_13822,True,153.40410993528,-27.9234464868667,8c293a52745057c4
266193,2020,2,Minor injury,False,0,1073_13820,True,153.374470937485,-27.931449483911795,8c293a52745057c4
266196,2020,3,Medical treatment,False,0,1075_13820,True,153.382864936409,-27.9326754847758,8c293a52745057c4
266201,2020,3,Medical treatment,False,0,1080_13819,True,153.407360932985,-27.938469487316,8c293a52745057c4
266202,2020,3,Fatal,True,1,1073_13820,True,153.374447937447,-27.931758483911892,8c293a52745057c4
266203,2020,4,Hospitalisation,True,1,1084_13841,False,153.431128943274,-27.838719488954204,8c293a52745057c4
266222,2023,11,Hospitalisation,True,1,1083_13815,True,153.42679192882,-27.954262489420696,8c293a52745057c4
266235,2023,11,Hospitalisation,True,1,1073_13806,True,153.3733139292,-27.996613484305893,8c293a52745057c4
266290,2021,1,Hospitalisation,True,1,1061_13831,True,153.31443895014604,-27.8840244774371,8c293a52745057c4
266293,2021,1,Hospitalisation,True,1,1048_13809,True,153.248752944764,-27.981773471544685,8c293a52745057c4
266302,2021,1,Hospitalisation,True,2,1084_13792,True,153.42890691498,-28.059384490461703,8c293a52745057c4
266318,2020,12,Medical treatment,False,0,1071_13789,True,153.362238920523,-28.073165483779903,8c293a52745057c4
266369,2020,6,Medical treatment,False,0,1067_13803,True,153.342232931222,-28.007340481229303,8c293a52745057c4
266391,2020,3,Hospitalisation,True,1,1061_13822,True,153.311378945227,-27.924863477447506,8c293a52745057c4
266392,2021,9,Medical treatment,False,0,1068_13802,True,153.349054929425,-28.0154704819866,8c293a52745057c4
266396,2021,1,Minor injury,False,0,1068_13802,True,153.349196929387,-28.015637482002298,8c293a52745057c4
266404,2021,9,Hospitalisation,True,1,1047_13859,True,153.242507974335,-27.75644246914049,8c293a52745057c4
266416,2020,7,Medical treatment,False,0,1091_13778,True,153.466819902497,-28.123452494833195,8c293a52745057c4
266423,2020,10,Hospitalisation,True,1,1084_13801,True,153.429278603104,-28.019511298186703,8c293a52745057c4
266430,2020,6,Medical treatment,False,0,1071_13821,True,153.365543938842,-27.928486482980198,8c293a52745057c4
266432,2020,10,Minor injury,False,0,1074_13811,True,153.378458931549,-27.97405648465239,8c293a52745057c4
266437,2021,7,Hospitalisation,True,1,1075_13826,True,153.385375939723,-27.9048684848128,8c293a52745057c4
266443,2020,5,Hospitalisation,True,1,1076_13822,True,153.388818937149,-27.921904485297194,8c293a52745057c4
266458,2020,5,Medical treatment,False,0,1076_13830,True,153.390231941281,-27.888684485179905,8c293a52745057c4
266459,2020,4,Minor injury,False,0,1076_13825,True,153.387962938699,-27.910618485121397,8c293a52745057c4
266461,2020,5,Medical treatment,False,0,1076_13831,True,153.387644942127,-27.884307484882104,8c293a52745057c4
266497,2020,11,Hospitalisation,True,1,1089_13783,True,153.457388906729,-28.098864493677503,8c293a52745057c4
266514,2023,11,Hospitalisation,True,1,1057_13845,True,153.293961960513,-27.820688474860802,8c293a52745057c4
266518,2020,12,Hospitalisation,True,1,1060_13823,True,153.305592946697,-27.918354476809096,8c293a52745057c4
266534,2020,10,Medical treatment,False,0,1081_13795,True,153.41517791808502,-28.0470524889653,8c293a52745057c4
266572,2020,11,Hospitalisation,True,1,1079_13814,True,153.406134930713,-27.957088487337412,8c293a52745057c4
266580,2021,3,Hospitalisation,True,1,1045_13864,True,153.230994319418,-27.73428064680049,8c293a52745057c4
266582,2020,9,Hospitalisation,True,1,1063_13805,True,153.323284934028,-28.0016974792599,8c293a52745057c4
266616,2020,6,Medical treatment,False,0,1079_13811,True,153.40446655884,-27.972995720292403,8c293a52745057c4
266625,2020,6,Medical treatment,False,0,1060_13834,True,153.304900952963,-27.870199476360202,8c293a52745057c4
266631,2020,8,Medical treatment,False,0,1075_13787,True,153.386375916922,-28.0804804862935,8c293a52745057c4
266642,2020,1,Minor injury,False,0,1084_13803,True,153.431663921003,-28.0105504903596,8c293a52745057c4
266643,2020,8,Medical treatment,False,0,1082_13797,True,153.417579919215,-28.036289489125704,8c293a52745057c4
266654,2020,11,Medical treatment,False,0,1056_13825,True,153.28911706972602,-27.9087905680623,8c293a52745057c4
266662,2024,1,Medical treatment,False,0,1075_13797,True,153.382448923395,-28.033777485527395,8c293a52745057c4
266664,2024,1,Medical treatment,False,0,1076_13810,True,153.391294929905,-27.975912485973698,8c293a52745057c4
266666,2024,1,Minor injury,False,0,1078_13819,True,153.400943934061,-27.935569486639494,8c293a52745057c4
266681,2024,2,Medical treatment,False,0,1092_13773,True,153.471517740073,-28.145813835488312,8c293a52745057c4
266685,2024,2,Hospitalisation,True,1,1065_13821,True,153.332960942759,-27.925716479645995,8c293a52745057c4
266690,2024,2,Medical treatment,False,0,1080_13813,True,153.407892929797,-27.962694487560604,8c293a52745057c4
266697,2024,3,Minor injury,False,0,1052_13854,True,153.26513596873,-27.781040471626095,8c293a52745057c4
266699,2024,3,Hospitalisation,True,3,1063_13823,True,153.32166894499,-27.917968478438098,8c293a52745057c4
266706,2024,3,Minor injury,False,0,1084_13768,True,153.432535900616,-28.167029491675592,8c293a52745057c4
266711,2024,3,Minor injury,False,0,1055_13806,True,153.282266939564,-27.993636475033995,8c293a52745057c4
266721,2024,3,Hospitalisation,True,1,1057_13845,True,153.289434961133,-27.819691474393693,8c293a52745057c4
266742,2024,4,Medical treatment,False,0,1084_13803,True,153.431279921405,-28.007770490298597,8c293a52745057c4
266747,2024,4,Medical treatment,False,0,1076_13815,True,153.387486933088,-27.954493485417704,8c293a52745057c4
266749,2024,4,Hospitalisation,True,1,1081_13789,True,153.412722915412,-28.069777488893397,8c293a52745057c4
266764,2024,4,Minor injury,False,0,1084_13804,True,153.429088921897,-28.005828490060004,8c293a52745057c4
266775,2024,10,Medical treatment,False,0,1101_13768,True,153.51641989172504,-28.1642395002231,8c293a52745057c4
266798,2024,6,Medical treatment,False,0,1091_13780,True,153.46343590401904,-28.1146024944183,8c293a52745057c4
266800,2024,5,Minor injury,False,0,1090_13782,True,153.463045905527,-28.10332349428999,8c293a52745057c4
266802,2024,5,Minor injury,False,0,1057_13845,True,153.289434961133,-27.819691474393693,8c293a52745057c4
266803,2024,5,Minor injury,False,0,1081_13795,True,153.415887918181,-28.045709489027104,8c293a52745057c4
266816,2024,5,Minor injury,False,0,1077_13792,True,153.393654919201,-28.0566934868482,8c293a52745057c4
266818,2024,5,Minor injury,False,0,1057_13845,True,153.293965960529,-27.820563474860204,8c293a52745057c4
266827,2023,9,Hospitalisation,True,1,1073_13811,True,153.373217932003,-27.974987484126398,8c293a52745057c4
266829,2024,5,Hospitalisation,True,1,1089_13783,True,153.456217906976,-28.097951493550802,8c293a52745057c4
266845,2024,5,Medical treatment,False,0,1099_13771,True,153.504195894336,-28.154534498896602,8c293a52745057c4
266857,2024,5,Hospitalisation,True,1,1095_13771,True,153.486153896256,-28.155067497056198,8c293a52745057c4
266877,2024,2,Hospitalisation,True,1,1078_13806,True,153.401074926112,-27.996966487135097,8c293a52745057c4
266881,2024,3,Minor injury,False,0,1057_13845,True,153.289391961182,-27.8193454743866,8c293a52745057c4
266883,2024,2,Hospitalisation,True,1,1067_13810,True,153.342941934827,-27.978788481077196,8c293a52745057c4
266893,2024,2,Medical treatment,False,0,1074_13811,True,153.376393932216,-27.970641484415392,8c293a52745057c4
266895,2024,2,Medical treatment,False,0,1060_13836,True,153.309347954013,-27.858258476717687,8c293a52745057c4
266901,2023,1,Hospitalisation,True,1,1067_13804,True,153.342497931311,-28.006424481249006,8c293a52745057c4
266911,2024,5,Minor injury,False,0,1071_13832,True,153.361749945808,-27.877649482194602,8c293a52745057c4
266912,2024,5,Minor injury,False,0,1082_13799,True,153.420156920146,-28.0269124893148,8c293a52745057c4
266917,2024,9,Minor injury,False,0,1071_13780,True,153.363860915151,-28.113317484259603,8c293a52745057c4
266920,2024,9,Medical treatment,False,0,1078_13822,True,153.397402936261,-27.921519486168396,8c293a52745057c4
266924,2024,10,Medical treatment,False,0,1075_13815,True,153.383628933575,-27.953987485021,8c293a52745057c4
266941,2024,5,Hospitalisation,True,2,1071_13808,True,153.365225931568,-27.985137483392894,8c293a52745057c4
266958,2024,5,Medical treatment,False,0,1083_13795,True,153.42651591708503,-28.045167490106387,8c293a52745057c4
266965,2023,3,Hospitalisation,True,1,1085_13798,True,153.434049918226,-28.0299784907555,8c293a52745057c4
266981,2024,3,Medical treatment,False,0,1092_13771,True,153.469595898214,-28.154047495356497,8c293a52745057c4
266997,2024,10,Medical treatment,False,0,1060_13819,True,153.309551944036,-27.935672477346994,8c293a52745057c4
267006,2024,10,Minor injury,False,0,1078_13824,True,153.398079937365,-27.912397486165602,8c293a52745057c4
267012,2024,10,Hospitalisation,True,1,1105_13768,True,153.53557288926004,-28.166950502204905,8c293a52745057c4
267014,2024,10,Hospitalisation,True,1,1067_13808,True,153.341129933933,-27.987261480959596,8c293a52745057c4
267026,2023,7,Hospitalisation,True,1,1071_13787,True,153.36558291918,-28.080704484179197,8c293a52745057c4
267031,2023,7,Hospitalisation,True,2,1096_13773,True,153.492266897275,-28.1420604975791,8c293a52745057c4
267049,2023,7,Medical treatment,False,0,1062_13830,True,153.316695949728,-27.885362477676797,8c293a52745057c4
267051,2023,7,Minor injury,False,0,1061_13827,True,153.314643607732,-27.902624678604194,8c293a52745057c4
267052,2023,7,Minor injury,False,0,1084_13806,True,153.429213923063,-27.99671249000111,8c293a52745057c4
267053,2023,7,Hospitalisation,True,1,1069_13818,True,153.355545938016,-27.943365482080296,8c293a52745057c4
267056,2023,8,Medical treatment,False,0,1078_13772,True,153.402054906203,-28.149894488434295,8c293a52745057c4
267058,2023,8,Medical treatment,False,0,1081_13805,True,153.414287924583,-27.997602488486397,8c293a52745057c4
267061,2023,2,Medical treatment,False,0,1095_13774,True,153.488311898144,-28.138726497148703,8c293a52745057c4
267069,2023,6,Hospitalisation,True,1,1046_13859,True,153.238240859981,-27.7550108786972,8c293a52745057c4
267078,2023,2,Medical treatment,False,0,1074_13814,True,153.378481933411,-27.959617484541297,8c293a52745057c4
267085,2023,3,Hospitalisation,True,1,1076_13787,True,153.389835916587,-28.080130486643085,8c293a52745057c4
267086,2023,3,Minor injury,False,0,1043_13864,True,153.222307979299,-27.734753466925294,8c293a52745057c4
267097,2023,3,Hospitalisation,True,1,1065_13820,True,153.33408194174,-27.9326784798146,8c293a52745057c4
267128,2022,4,Medical treatment,False,0,1057_13845,True,153.289381143177,-27.819394687385895,8c293a52745057c4
267133,2022,1,Medical treatment,False,0,1050_13827,True,153.254991954318,-27.902059471550505,8c293a52745057c4
267147,2021,10,Fatal,True,1,1056_13799,True,153.286323934713,-28.027852475714,8c293a52745057c4
267161,2021,9,Hospitalisation,True,1,1060_13838,True,153.306733955437,-27.849394476382596,8c293a52745057c4
267175,2021,6,Medical treatment,False,0,1078_13824,True,153.398276937155,-27.913861486197206,8c293a52745057c4
267196,2023,8,Medical treatment,False,0,1092_13778,True,153.47116390226,-28.121597495262293,8c293a52745057c4
267200,2023,8,Medical treatment,False,0,1059_13843,True,153.300162632696,-27.829586537559898,8c293a52745057c4
267203,2023,8,Minor injury,False,0,1070_13817,True,153.35899493739603,-27.945253482445896,8c293a52745057c4
267211,2023,8,Medical treatment,False,0,1061_13832,True,153.314903950905,-27.8777294774348,8c293a52745057c4
267212,2023,8,Minor injury,False,0,1077_13790,True,153.395176917578,-28.0679424870914,8c293a52745057c4
267214,2023,8,Medical treatment,False,0,1067_13809,True,153.341733934527,-27.9821434809808,8c293a52745057c4
267220,2023,12,Hospitalisation,True,2,1076_13805,True,153.387517927115,-28.0007014857838,8c293a52745057c4
267226,2023,12,Medical treatment,False,0,1086_13779,True,153.440897338288,-28.1162380821306,8c293a52745057c4
267251,2023,12,Hospitalisation,True,1,1080_13814,True,153.40855493013,-27.959556487603397,8c293a52745057c4
267255,2023,12,Medical treatment,False,0,1057_13845,True,153.290429960809,-27.821375474507896,8c293a52745057c4
267259,2021,5,Medical treatment,False,0,1084_13804,True,153.42746792227103,-28.0043124898827,8c293a52745057c4
267267,2022,3,Medical treatment,False,0,1043_13812,True,153.222244949118,-27.970488468773002,8c293a52745057c4
267269,2022,3,Hospitalisation,True,1,1078_13793,True,153.400133918898,-28.053530487483197,8c293a52745057c4
267273,2022,5,Hospitalisation,True,1,1083_13804,True,153.425894922329,-28.005193489729304,8c293a52745057c4
267274,2022,4,Medical treatment,False,0,1044_13864,True,153.226401979095,-27.732876467324704,8c293a52745057c4
267275,2022,6,Hospitalisation,True,1,1043_13811,True,153.222015846078,-27.970998051753895,8c293a52745057c4
267292,2022,10,Medical treatment,False,0,1089_13783,True,153.457219906783,-28.09858549365799,8c293a52745057c4
267299,2022,11,Medical treatment,False,0,1067_13808,True,153.34151393418702,-27.984969480980602,8c293a52745057c4
267312,2024,2,Minor injury,False,0,1061_13834,True,153.312946952276,-27.868726477165296,8c293a52745057c4
267325,2021,11,Medical treatment,False,0,1080_13813,True,153.408028929791,-27.962623487573904,8c293a52745057c4
267331,2023,7,Hospitalisation,True,1,1091_13781,True,153.464457905005,-28.1061444944563,8c293a52745057c4
267372,2024,2,Medical treatment,False,0,1079_13819,True,153.404029933546,-27.9369454869647,8c293a52745057c4
267381,2024,4,Medical treatment,False,0,1055_13829,True,153.283232952556,-27.8917644743317,8c293a52745057c4
267382,2024,4,Medical treatment,False,0,1061_13836,True,153.312073953327,-27.8612854770182,8c293a52745057c4
267385,2024,4,Medical treatment,False,0,1061_13835,True,153.311910952861,-27.865048477031298,8c293a52745057c4
267387,2024,5,Minor injury,False,0,1085_13782,True,153.436902908654,-28.101392491606703,8c293a52745057c4
267423,2024,5,Minor injury,False,0,1070_13821,True,153.358540939513,-27.929213482273695,8c293a52745057c4
267431,2024,7,Minor injury,False,0,1058_13829,True,153.29756095094,-27.8921704757882,8c293a52745057c4
267433,2024,5,Hospitalisation,True,1,1077_13790,True,153.39516891756503,-28.0680454870914,8c293a52745057c4
267438,2024,5,Minor injury,False,0,1075_13813,True,153.381371932406,-27.9649544848774,8c293a52745057c4
267441,2024,5,Medical treatment,False,0,1069_13817,True,153.351107938069,-27.946718481655395,8c293a52745057c4
267447,2024,5,Hospitalisation,True,1,1079_13803,True,153.402356109312,-28.009801593366397,8c293a52745057c4
267450,2024,7,Hospitalisation,True,1,1069_13789,True,153.353237921884,-28.070293482842004,8c293a52745057c4
267451,2024,5,Medical treatment,False,0,1089_13775,True,153.454185902131,-28.1369844936493,8c293a52745057c4
267453,2024,5,Minor injury,False,0,1083_13805,True,153.425444505227,-27.998639392631894,8c293a52745057c4
267458,2023,7,Minor injury,False,0,1074_13813,True,153.37647493299,-27.964583484376103,8c293a52745057c4
267459,2024,6,Hospitalisation,True,1,1080_13811,True,153.406861928433,-27.9741194875453,8c293a52745057c4
267478,2023,6,Hospitalisation,True,3,1068_13813,True,153.345787714479,-27.96356097624689,8c293a52745057c4
267483,2024,4,Hospitalisation,True,1,1068_13801,True,153.348096929474,-28.015900481892594,8c293a52745057c4
267484,2024,6,Medical treatment,False,0,1067_13816,True,153.342017938594,-27.950356480760004,8c293a52745057c4
267490,2020,10,Fatal,True,1,1059_13843,True,153.30007496485,-27.8284644095422,8c293a52745057c4
267491,2021,10,Fatal,True,3,1071_13821,True,153.360842939565,-27.926862482489305,8c293a52745057c4
267510,2024,4,Hospitalisation,True,1,1080_13797,True,153.407173920601,-28.034402488050393,8c293a52745057c4
267514,2024,4,Hospitalisation,True,1,1083_13794,True,153.427049916659,-28.0480024901831,8c293a52745057c4
267522,2024,5,Hospitalisation,True,2,1070_13822,True,153.356113940476,-27.9238054819844,8c293a52745057c4
267544,2024,8,Minor injury,False,0,1072_13808,True,153.366347931501,-27.98469948350371,8c293a52745057c4
267546,2024,8,Medical treatment,False,0,1061_13832,True,153.314311951088,-27.87680947736749,8c293a52745057c4
267556,2024,8,Medical treatment,False,0,1053_13847,True,153.270522964311,-27.810951472407496,8c293a52745057c4
267569,2024,9,Hospitalisation,True,2,1057_13849,True,153.292722963315,-27.799903474571504,8c293a52745057c4
267571,2024,9,Hospitalisation,True,1,1050_13852,True,153.258051968429,-27.789397470974095,8c293a52745057c4
267574,2024,8,Minor injury,False,0,1092_13779,True,153.469578903153,-28.116066495057105,8c293a52745057c4
267576,2024,9,Minor injury,False,0,1076_13804,True,153.390771926448,-28.003100486133995,8c293a52745057c4
267579,2024,5,Medical treatment,False,0,1066_13866,True,153.334899968427,-27.724393478258406,8c293a52745057c4
267635,2024,9,Medical treatment,False,0,1066_13853,True,153.336281608764,-27.782915080859897,8c293a52745057c4
267646,2024,10,Hospitalisation,True,1,1080_13790,True,153.411768915685,-28.068478488785903,8c293a52745057c4
267652,2024,10,Hospitalisation,True,2,1078_13811,True,153.401105928956,-27.974945486965403,8c293a52745057c4
267657,2024,10,Hospitalisation,True,2,1055_13809,True,153.280212941113,-27.983346474745,8c293a52745057c4
267660,2023,9,Hospitalisation,True,1,1045_13816,True,153.230402951019,-27.948714469427507,8c293a52745057c4
267662,2023,10,Hospitalisation,True,1,1065_13821,True,153.332220942762,-27.926322479575596,8c293a52745057c4
267663,2023,9,Hospitalisation,True,1,1092_13776,True,153.473294900625,-28.13236649556439,8c293a52745057c4
267680,2023,9,Hospitalisation,True,1,1045_13867,True,153.229527980304,-27.72076646754561,8c293a52745057c4
267682,2023,9,Hospitalisation,True,1,1063_13823,True,153.323627944443,-27.920553478657393,8c293a52745057c4
267689,2023,9,Minor injury,False,0,1044_13864,True,153.22524397896,-27.734919467223705,8c293a52745057c4
267691,2023,4,Minor injury,False,0,1080_13780,True,153.410576910326,-28.11084548899669,8c293a52745057c4
267694,2023,10,Minor injury,False,0,1084_13803,True,153.427619921724,-28.0084074899304,8c293a52745057c4
267701,2023,3,Minor injury,False,0,1062_13832,True,153.315329624579,-27.879905973495198,8c293a52745057c4
267705,2023,3,Medical treatment,False,0,1064_13844,True,153.325428956492,-27.825347478091494,8c293a52745057c4
267715,2023,8,Hospitalisation,True,3,1058_13834,True,153.295566954323,-27.867536475392196,8c293a52745057c4
267765,2022,6,Minor injury,False,0,1085_13791,True,153.434374913914,-28.062978491047595,8c293a52745057c4
267766,2022,12,Hospitalisation,True,2,1049_13852,True,153.252389605383,-27.786755190379804,8c293a52745057c4
267778,2021,10,Medical treatment,False,0,1083_13786,True,153.425533911899,-28.086012490326606,8c293a52745057c4
267789,2022,3,Minor injury,False,0,1087_13788,True,153.442911276138,-28.0771512800296,8c293a52745057c4
267798,2021,6,Minor injury,False,0,1085_13796,True,153.43293991727,-28.038292490707505,8c293a52745057c4
267806,2022,4,Medical treatment,False,0,1077_13808,True,153.392865928184,-27.987895486227803,8c293a52745057c4
267807,2023,3,Medical treatment,False,0,1066_13808,True,153.337547281264,-27.987737801599206,8c293a52745057c4
267812,2022,5,Hospitalisation,True,1,1083_13797,True,153.424924918446,-28.0360084898723,8c293a52745057c4
267823,2023,8,Hospitalisation,True,1,1049_13854,True,153.253297970171,-27.7798244704172,8c293a52745057c4
267836,2023,8,Medical treatment,False,0,1071_13832,True,153.362362945774,-27.877394482254992,8c293a52745057c4
267864,2023,12,Hospitalisation,True,1,1059_13838,True,153.299674956167,-27.849698475668696,8c293a52745057c4
267885,2023,12,Minor injury,False,0,1084_13803,True,153.429368921215,-28.010858490128005,8c293a52745057c4
267891,2023,12,Minor injury,False,0,1096_13770,True,153.489702895577,-28.157276497436303,8c293a52745057c4
267895,2022,11,Minor injury,False,0,1076_13810,True,153.39124992989403,-27.9760354859701,8c293a52745057c4
267904,2023,1,Medical treatment,False,0,1064_13838,True,153.32792695271303,-27.8526284785599,8c293a52745057c4
267927,2023,6,Hospitalisation,True,1,1058_13834,True,153.2962369542,-27.867924475463198,8c293a52745057c4
267940,2024,2,Medical treatment,False,0,1092_13776,True,153.473123901176,-28.12827449551491,8c293a52745057c4
267943,2024,2,Minor injury,False,0,1085_13798,True,153.434329918061,-28.0310094907921,8c293a52745057c4
267959,2024,2,Medical treatment,False,0,1057_13845,True,153.289434961133,-27.819691474393693,8c293a52745057c4
267966,2024,2,Minor injury,False,0,1072_13817,True,153.369956936058,-27.946327483569405,8c293a52745057c4
267977,2024,2,Medical treatment,False,0,1077_13791,True,153.394487918564,-28.060902486965993,8c293a52745057c4
267996,2023,4,Hospitalisation,True,1,1077_13827,True,153.395430939026,-27.901765485812206,8c293a52745057c4
268009,2024,3,Minor injury,False,0,1079_13790,True,153.405781916378,-28.068208488173802,8c293a52745057c4
268011,2024,3,Hospitalisation,True,1,1066_13807,True,153.335928934129,-27.99016348045379,8c293a52745057c4
268016,2024,3,Hospitalisation,True,1,1079_13811,True,153.402748928904,-27.973956487125005,8c293a52745057c4
268024,2024,5,Hospitalisation,True,2,1061_13776,True,153.314050918422,-28.130484479332093,8c293a52745057c4
268029,2024,5,Hospitalisation,True,1,1049_13777,True,153.252951051949,-28.124392073088295,8c293a52745057c4
268072,2024,5,Hospitalisation,True,1,1045_13864,True,153.229263978484,-27.7352344676329,8c293a52745057c4
268073,2024,5,Medical treatment,False,0,1062_13826,True,153.318695946701,-27.907192478051503,8c293a52745057c4
268074,2024,5,Minor injury,False,0,1068_13802,True,153.34726092975,-28.014471481796395,8c293a52745057c4
268082,2024,5,Medical treatment,False,0,1069_13834,True,153.350974948254,-27.867775481021305,8c293a52745057c4
268087,2024,12,Hospitalisation,True,1,1076_13821,True,153.388304936306,-27.928872485299692,8c293a52745057c4
268114,2024,6,Minor injury,False,0,1085_13794,True,153.435920915631,-28.048420491091093,8c293a52745057c4
268123,2024,6,Medical treatment,False,0,1078_13819,True,153.401041934035,-27.935683486650404,8c293a52745057c4
268129,2021,7,Hospitalisation,True,1,1075_13813,True,153.381509932392,-27.964946484891392,8c293a52745057c4
268133,2024,7,Medical treatment,False,0,1074_13808,True,153.380380929775,-27.986162484943097,8c293a52745057c4
268135,2021,11,Medical treatment,False,0,1060_13837,True,153.309422954106,-27.857470476719094,8c293a52745057c4
268146,2024,2,Medical treatment,False,0,1068_13811,True,153.346845935352,-27.971402481416003,8c293a52745057c4
268153,2024,6,Medical treatment,False,0,1072_13807,True,153.369289930404,-27.990702483850104,8c293a52745057c4
268163,2024,6,Hospitalisation,True,1,1068_13830,True,153.345928946193,-27.888055480667802,8c293a52745057c4
268166,2024,6,Medical treatment,False,0,1067_13802,True,153.345746930315,-28.011385481618195,8c293a52745057c4
268167,2024,6,Hospitalisation,True,1,1071_13813,True,153.365601934329,-27.963425483260707,8c293a52745057c4
268187,2024,9,Hospitalisation,True,1,1080_13814,True,153.408495930153,-27.959424487596305,8c293a52745057c4
268198,2024,8,Medical treatment,False,0,1055_13866,True,153.28196848327,-27.723526938879104,8c293a52745057c4
268211,2024,9,Medical treatment,False,0,1077_13822,True,153.39429693646204,-27.922593485860503,8c293a52745057c4
268218,2024,9,Medical treatment,False,0,1084_13804,True,153.43115792209304,-28.002559490245307,8c293a52745057c4
268222,2024,8,Medical treatment,False,0,1062_13830,True,153.315503949854,-27.885395477555996,8c293a52745057c4
268223,2024,8,Hospitalisation,True,1,1080_13816,True,153.406798931653,-27.949255487343493,8c293a52745057c4
268232,2024,9,Medical treatment,False,0,1084_13801,True,153.429265920471,-28.016693490163302,8c293a52745057c4
268234,2024,9,Medical treatment,False,0,1066_13789,True,153.340081922823,-28.074221481535396,8c293a52745057c4
268241,2024,9,Medical treatment,False,0,1079_13818,True,153.403412932933,-27.942210486943207,8c293a52745057c4
268252,2024,9,Medical treatment,False,0,1078_13810,True,153.400966928926,-27.975294486953892,8c293a52745057c4
268259,2024,10,Hospitalisation,True,1,1082_13790,True,153.418860915292,-28.0654914894854,8c293a52745057c4
268262,2023,4,Fatal,True,1,1086_13767,True,153.440764898917,-28.173114492562696,8c293a52745057c4
268263,2023,8,Fatal,True,1,1073_13795,True,153.372165923239,-28.04371948455879,8c293a52745057c4
268267,2020,9,Medical treatment,False,0,1062_13780,True,153.318099920158,-28.11359447961091,8c293a52745057c4
268302,2023,10,Medical treatment,False,0,1089_13780,True,153.457252905198,-28.110768493756893,8c293a52745057c4
268307,2021,11,Hospitalisation,True,1,1082_13811,True,153.418744927341,-27.9725034887436,8c293a52745057c4
268332,2023,11,Minor injury,False,0,1079_13805,True,153.404272282611,-27.998133544470004,8c293a52745057c4
268341,2023,8,Minor injury,False,0,1083_13797,True,153.426894918386,-28.0347984900636,8c293a52745057c4
268342,2023,8,Minor injury,False,0,1087_13788,True,153.445477545911,-28.076723759288097,8c293a52745057c4
268343,2023,8,Medical treatment,False,0,1074_13811,True,153.376526932157,-27.9709844844317,8c293a52745057c4
268346,2023,8,Medical treatment,False,0,1080_13814,True,153.408810930332,-27.957777487615502,8c293a52745057c4
268357,2023,10,Medical treatment,False,0,1061_13830,True,153.314002950037,-27.885246477402497,8c293a52745057c4
268364,2023,10,Medical treatment,False,0,1074_13813,True,153.378811335737,-27.9645591746137,8c293a52745057c4
268365,2023,10,Minor injury,False,0,1085_13794,True,153.43547191563,-28.048808491048295,8c293a52745057c4
268371,2023,10,Hospitalisation,True,1,1071_13830,True,153.360835547801,-27.8862373561692,8c293a52745057c4
268394,2023,7,Minor injury,False,0,1077_13782,True,153.392592913101,-28.104713487116495,8c293a52745057c4
268420,2022,5,Medical treatment,False,0,1072_13813,True,153.37072093368403,-27.964081483786597,8c293a52745057c4
268425,2023,3,Hospitalisation,True,1,1072_13787,True,153.367582676186,-28.078958045368903,8c293a52745057c4
268427,2023,3,Medical treatment,False,0,1056_13845,True,153.288762960966,-27.821564474340303,8c293a52745057c4
268428,2022,5,Hospitalisation,True,1,1083_13783,True,153.425683909901,-28.101296490461788,8c293a52745057c4
268430,2023,5,Hospitalisation,True,1,1056_13845,True,153.285603961678,-27.818698473997404,8c293a52745057c4
268443,2023,3,Hospitalisation,True,1,1080_13813,True,153.40891792928,-27.965821487689592,8c293a52745057c4
268449,2023,3,Medical treatment,False,0,1079_13782,True,153.406451911924,-28.102023488507204,8c293a52745057c4
268470,2023,9,Hospitalisation,True,1,1070_13793,True,153.356626923879,-28.051976483042893,8c293a52745057c4
268476,2023,9,Hospitalisation,True,2,1055_13822,True,153.282789948756,-27.921716474522206,8c293a52745057c4
268478,2023,9,Medical treatment,False,0,1067_13816,True,153.342788938285,-27.952103480852003,8c293a52745057c4
268485,2023,9,Medical treatment,False,0,1090_13783,True,153.461856813948,-28.101089940151105,8c293a52745057c4
268486,2023,9,Medical treatment,False,0,1081_13813,True,153.411970929168,-27.964110487987195,8c293a52745057c4
268487,2023,9,Minor injury,False,0,1061_13834,True,153.312558952523,-27.867134477113403,8c293a52745057c4
268512,2020,5,Hospitalisation,True,1,1061_13837,True,153.313553953917,-27.8554454771225,8c293a52745057c4
268535,2020,9,Minor injury,False,0,1054_13801,True,153.278402937049,-28.0164674748214,8c293a52745057c4
268540,2020,10,Hospitalisation,True,1,1068_13855,True,153.348157269496,-27.7749701630043,8c293a52745057c4
268545,2023,7,Medical treatment,False,0,1089_13783,True,153.454403124321,-28.096830292356696,8c293a52745057c4
268554,2023,7,Minor injury,False,0,1083_13797,True,153.42489391857202,-28.035055489861595,8c293a52745057c4
268568,2023,7,Minor injury,False,0,1061_13833,True,153.313552951312,-27.875705477281798,8c293a52745057c4
268572,2023,7,Hospitalisation,True,1,1105_13767,True,153.536278888745,-28.170300502303405,8c293a52745057c4
268574,2023,7,Medical treatment,False,0,1084_13793,True,153.427917915955,-28.0526984903084,8c293a52745057c4
268587,2024,2,Hospitalisation,True,1,1062_13831,True,153.316080949988,-27.883863477602606,8c293a52745057c4
268588,2024,2,Medical treatment,False,0,1047_13865,True,153.238927978163,-27.729544468566104,8c293a52745057c4
268610,2024,2,Medical treatment,False,0,1083_13786,True,153.425801911902,-28.085765490352,8c293a52745057c4
268611,2024,2,Minor injury,False,0,1083_13783,True,153.424963909988,-28.101236490387894,8c293a52745057c4
268613,2024,2,Medical treatment,False,0,1061_13835,True,153.3113679532,-27.862871476958997,8c293a52745057c4
268633,2024,3,Minor injury,False,0,1058_13827,True,153.296243949952,-27.900975475723797,8c293a52745057c4
268640,2024,3,Medical treatment,False,0,1064_13821,True,153.327675943302,-27.925983479111192,8c293a52745057c4
268644,2024,3,Medical treatment,False,0,1068_13814,True,153.348466582538,-27.9608360814978,8c293a52745057c4
268647,2024,6,Medical treatment,False,0,1081_13813,True,153.411854929172,-27.964174487975903,8c293a52745057c4
268650,2024,6,Medical treatment,False,0,1107_13768,True,153.545369888154,-28.167146503209693,8c293a52745057c4
268652,2024,4,Hospitalisation,True,1,1080_13785,True,153.409762913134,-28.089873488749298,8c293a52745057c4
268656,2024,3,Hospitalisation,True,2,1059_13819,True,153.30070394484903,-27.93687147645839,8c293a52745057c4
268658,2024,3,Hospitalisation,True,1,1068_13814,True,153.349782945363,-27.961070589633508,8c293a52745057c4
268660,2024,6,Medical treatment,False,0,1050_13852,True,153.25719996895,-27.786054470861494,8c293a52745057c4
268678,2024,1,Hospitalisation,True,1,1061_13834,True,153.31282395213503,-27.869928477162304,8c293a52745057c4
268695,2024,1,Medical treatment,False,0,1081_13812,True,153.413890928592,-27.96693648820509,8c293a52745057c4
268700,2024,5,Hospitalisation,True,1,1045_13863,True,153.23108597774603,-27.739457467850503,8c293a52745057c4
268704,2024,5,Medical treatment,False,0,1059_13835,True,153.304495953566,-27.865850476284898,8c293a52745057c4
268718,2024,2,Medical treatment,False,0,1085_13795,True,153.434571916447,-28.04326249091301,8c293a52745057c4
268719,2024,5,Medical treatment,False,0,1077_13803,True,153.391808925636,-28.008503486282,8c293a52745057c4
268720,2022,9,Hospitalisation,True,1,1082_13812,True,153.41728892782004,-27.9700354885758,8c293a52745057c4
268721,2024,4,Hospitalisation,True,1,1061_13834,True,153.314485951779,-27.871285477341697,8c293a52745057c4
268723,2024,3,Hospitalisation,True,1,1076_13798,True,153.387704923015,-28.032260486050596,8c293a52745057c4
268737,2024,11,Hospitalisation,True,1,1080_13812,True,153.409486929025,-27.967314487759293,8c293a52745057c4
268780,2024,7,Medical treatment,False,0,1074_13813,True,153.376307932898,-27.965430484365697,8c293a52745057c4
268781,2024,7,Medical treatment,False,0,1069_13834,True,153.351707947781,-27.870828481119798,8c293a52745057c4
268785,2024,7,Medical treatment,False,0,1061_13834,True,153.312546952529,-27.867091477111906,8c293a52745057c4
268796,2024,8,Hospitalisation,True,1,1100_13770,True,153.509697893135,-28.1591024994952,8c293a52745057c4
268801,2024,8,Minor injury,False,0,1075_13815,True,153.383389933533,-27.9545124850008,8c293a52745057c4
268804,2024,8,Medical treatment,False,0,1066_13806,True,153.339572932891,-27.9966674808752,8c293a52745057c4
268812,2024,1,Hospitalisation,True,1,1083_13783,True,153.422779910259,-28.1010034901634,8c293a52745057c4
268813,2024,8,Minor injury,False,0,1081_13812,True,153.41345492835,-27.969175488178298,8c293a52745057c4
268815,2024,8,Hospitalisation,True,1,1085_13790,True,153.435622913182,-28.0675664912109,8c293a52745057c4
268828,2024,8,Minor injury,False,0,1067_13815,True,153.344705937598,-27.955805481076,8c293a52745057c4
268847,2024,9,Medical treatment,False,0,1044_13816,True,153.22603295132,-27.9500974689962,8c293a52745057c4
268848,2024,8,Minor injury,False,0,1075_13798,True,153.385983923157,-28.032622485878196,8c293a52745057c4
268855,2024,10,Hospitalisation,True,1,1067_13802,True,153.341592930293,-28.015085481225,8c293a52745057c4
268866,2024,8,Medical treatment,False,0,1065_13821,True,153.334328942202,-27.9288784798099,8c293a52745057c4
268869,2024,8,Medical treatment,False,0,1092_13771,True,153.469867397526,-28.151423577363705,8c293a52745057c4
268872,2024,9,Minor injury,False,0,1066_13805,True,153.339619566216,-28.001854271920596,8c293a52745057c4
268878,2024,9,Minor injury,False,0,1060_13836,True,153.309347954013,-27.858258476717687,8c293a52745057c4
268880,2023,9,Medical treatment,False,0,1090_13771,True,153.459096899276,-28.154785494290092,8c293a52745057c4
268888,2024,3,Hospitalisation,True,1,1050_13853,True,153.254770969422,-27.784427470602704,8c293a52745057c4
268899,2024,10,Minor injury,False,0,1083_13794,True,153.427221916636,-28.0480344902008,8c293a52745057c4
268912,2020,10,Medical treatment,False,0,1066_13822,True,153.337628942308,-27.92526048011671,8c293a52745057c4
268932,2024,10,Minor injury,False,0,1072_13795,True,153.366525923406,-28.047215484012394,8c293a52745057c4
268945,2024,10,Medical treatment,False,0,1047_13830,True,153.241556957604,-27.887876470078506,8c293a52745057c4
268948,2024,10,Hospitalisation,True,1,1060_13836,True,153.309442953862,-27.859352476735893,8c293a52745057c4
268979,2023,10,Hospitalisation,True,1,1079_13809,True,153.405339927597,-27.981868487451102,8c293a52745057c4
268981,2023,11,Hospitalisation,True,2,1051_13848,True,153.263539965969,-27.803940471644605,8c293a52745057c4
269006,2020,8,Medical treatment,False,0,1096_13775,True,153.489914898698,-28.133108497268598,8c293a52745057c4
269009,2023,10,Hospitalisation,True,1,1080_13811,True,153.406803928437,-27.9741374875395,8c293a52745057c4
269045,2020,2,Hospitalisation,True,1,1067_13810,True,153.34537893496403,-27.9756614813003,8c293a52745057c4
269068,2020,5,Minor injury,False,0,1092_13779,True,153.46951903620203,-28.115740065048406,8c293a52745057c4
269077,2020,6,Hospitalisation,True,1,1076_13780,True,153.388738912716,-28.110957486773007,8c293a52745057c4
269083,2023,5,Medical treatment,False,0,1063_13828,True,153.322383947552,-27.8974524783495,8c293a52745057c4
269106,2021,4,Hospitalisation,True,1,1082_13797,True,153.419833602028,-28.035823390351702,8c293a52745057c4
269110,2021,4,Hospitalisation,True,1,1074_13810,True,153.379701930914,-27.9779204848093,8c293a52745057c4
269114,2021,4,Medical treatment,False,0,1078_13819,True,153.397824320401,-27.93557512032179,8c293a52745057c4
269127,2023,9,Hospitalisation,True,1,1083_13814,True,153.426726928044,-27.960322489461696,8c293a52745057c4
269145,2023,9,Medical treatment,False,0,1082_13791,True,153.418739915352,-28.065135489470194,8c293a52745057c4
269177,2020,10,Medical treatment,False,0,1092_13771,True,153.469847898449,-28.1520324953664,8c293a52745057c4
269182,2020,10,Medical treatment,False,0,1066_13806,True,153.339900933259,-27.993533480883897,8c293a52745057c4
269202,2023,12,Minor injury,False,0,1066_13822,True,153.336042943016,-27.921101479922896,8c293a52745057c4
269205,2023,12,Minor injury,False,0,1073_13820,True,153.374489937496,-27.9313474839129,8c293a52745057c4
269207,2024,4,Hospitalisation,True,1,1090_13777,True,153.459128902876,-28.127055494076107,8c293a52745057c4
269210,2023,12,Medical treatment,False,0,1074_13827,True,153.37993194114503,-27.8984444842081,8c293a52745057c4
269219,2023,7,Hospitalisation,True,1,1078_13822,True,153.398687935715,-27.924663486324008,8c293a52745057c4
269223,2023,7,Hospitalisation,True,1,1065_13821,True,153.334925942063,-27.929449479875,8c293a52745057c4
269238,2023,8,Minor injury,False,0,1085_13796,True,153.436403916855,-28.038564491063,8c293a52745057c4
269247,2023,9,Hospitalisation,True,1,1079_13817,True,153.406090933212,-27.945529245242096,8c293a52745057c4
269250,2023,9,Medical treatment,False,0,1100_13769,True,153.51000889299,-28.159949499533603,8c293a52745057c4
269255,2024,2,Hospitalisation,True,1,1076_13824,True,153.389123938305,-27.9126914852559,8c293a52745057c4
269265,2024,2,Hospitalisation,True,1,1067_13803,True,153.344423930597,-28.010320481475404,8c293a52745057c4
269266,2024,2,Minor injury,False,0,1044_13865,True,153.224773979571,-27.730532467141497,8c293a52745057c4
269269,2024,2,Medical treatment,False,0,1076_13820,True,153.386450935895,-27.9336264851483,8c293a52745057c4
269272,2024,2,Medical treatment,False,0,1057_13804,True,153.290555937,-28.006489475975595,8c293a52745057c4
269274,2024,2,Medical treatment,False,0,1106_13768,True,153.541421888408,-28.1685365028163,8c293a52745057c4
269275,2024,2,Medical treatment,False,0,1081_13814,True,153.412401929519,-27.961028488006995,8c293a52745057c4
269277,2024,2,Medical treatment,False,0,1077_13790,True,153.395226917544,-28.068161487098198,8c293a52745057c4
269297,2024,3,Medical treatment,False,0,1053_13867,True,153.270084975869,-27.721092471655304,8c293a52745057c4
269318,2024,3,Minor injury,False,0,1061_13836,True,153.310692953372,-27.8621064768845,8c293a52745057c4
269321,2024,3,Medical treatment,False,0,1064_13821,True,153.330036942996,-27.926358479354,8c293a52745057c4
269322,2024,3,Hospitalisation,True,1,1056_13804,True,153.289194937116,-28.006747475839493,8c293a52745057c4
269323,2024,3,Medical treatment,False,0,1076_13821,True,153.386709936459,-27.9290354851386,8c293a52745057c4
269327,2024,3,Hospitalisation,True,2,1051_13849,True,153.261850966534,-27.800966471450096,8c293a52745057c4
269332,2024,5,Medical treatment,False,0,1078_13824,True,153.400870937069,-27.912330486449402,8c293a52745057c4
269338,2024,5,Hospitalisation,True,1,1062_13830,True,153.316706949706,-27.8855234776792,8c293a52745057c4
269342,2024,5,Minor injury,False,0,1077_13808,True,153.392865928184,-27.987895486227803,8c293a52745057c4
269345,2023,6,Hospitalisation,True,1,1056_13845,True,153.289129496071,-27.820437303368596,8c293a52745057c4
269350,2022,12,Medical treatment,False,0,1076_13813,True,153.390087931802,-27.962248485743498,8c293a52745057c4
269351,2024,6,Minor injury,False,0,1059_13833,True,153.304069952636,-27.873453476301496,8c293a52745057c4
269382,2024,5,Hospitalisation,True,1,1078_13822,True,153.398687935715,-27.924663486324008,8c293a52745057c4
269391,2024,5,Minor injury,False,0,1084_13807,True,153.428345923955,-27.9905534898642,8c293a52745057c4
269396,2024,5,Hospitalisation,True,1,1067_13806,True,153.345202932574,-27.9943404814291,8c293a52745057c4
269433,2024,7,Hospitalisation,True,1,1078_13806,True,153.399810926497,-27.995064486991403,8c293a52745057c4
269435,2024,7,Minor injury,False,0,1068_13812,True,153.346436935989,-27.966813481338395,8c293a52745057c4
269436,2024,7,Minor injury,False,0,1071_13832,True,153.361191945906,-27.8773634821356,8c293a52745057c4
269439,2024,7,Minor injury,False,0,1057_13845,True,153.289434961133,-27.819691474393693,8c293a52745057c4
269456,2023,9,Hospitalisation,True,1,1093_13774,True,153.475252899361,-28.1404334958277,8c293a52745057c4
269465,2023,10,Hospitalisation,True,2,1070_13754,True,153.358721915582,-28.230180884651997,8c293a52745057c4
269471,2023,10,Hospitalisation,True,1,1076_13778,True,153.390134911113,-28.1221464870029,8c293a52745057c4
269480,2023,10,Hospitalisation,True,1,1095_13774,True,153.488541898097,-28.138891497173503,8c293a52745057c4
269482,2024,8,Medical treatment,False,0,1062_13830,True,153.315544949627,-27.887120477573802,8c293a52745057c4
269488,2023,10,Medical treatment,False,0,1080_13802,True,153.411452922819,-28.0136384883234,8c293a52745057c4
269505,2022,4,Medical treatment,False,0,1085_13793,True,153.437058335799,-28.0538741382499,8c293a52745057c4
269509,2024,9,Hospitalisation,True,1,1073_13812,True,153.374388932445,-27.97056748421079,8c293a52745057c4
269513,2024,9,Hospitalisation,True,1,1062_13824,True,153.319438945874,-27.9129894781725,8c293a52745057c4
269514,2024,9,Medical treatment,False,0,1066_13806,True,153.340025933138,-27.994360480903097,8c293a52745057c4
269522,2024,9,Minor injury,False,0,1080_13814,True,153.411253929853,-27.9594104878772,8c293a52745057c4
269531,2024,10,Hospitalisation,True,1,1074_13808,True,153.378167282086,-27.985635212713706,8c293a52745057c4
269532,2020,8,Minor injury,False,0,1053_13853,True,153.269365426135,-27.782098429062998,8c293a52745057c4
269541,2024,7,Hospitalisation,True,1,1061_13829,True,153.314711949347,-27.890009477511903,8c293a52745057c4
269542,2024,7,Fatal,True,1,1045_13858,True,153.230579975304,-27.7589894679532,8c293a52745057c4
269543,2024,10,Hospitalisation,True,1,1068_13802,True,153.34656593007,-28.012583481710898,8c293a52745057c4
269557,2024,10,Hospitalisation,True,2,1084_13801,True,153.429186920352,-28.01768049016299,8c293a52745057c4
269565,2024,10,Minor injury,False,0,1081_13804,True,153.413260998828,-28.004309875434405,8c293a52745057c4
269570,2020,6,Medical treatment,False,0,1057_13844,True,153.291663960566,-27.8222234746397,8c293a52745057c4
269586,2020,7,Hospitalisation,True,1,1080_13813,True,153.410445929453,-27.963195487824695,8c293a52745057c4
269593,2020,5,Medical treatment,False,0,1062_13831,True,153.315651950206,-27.882532477548597,8c293a52745057c4
269604,2020,7,Medical treatment,False,0,1045_13863,True,153.230866978167,-27.7363484678039,8c293a52745057c4
269622,2023,11,Hospitalisation,True,1,1080_13810,True,153.410876927875,-27.9750344879616,8c293a52745057c4
269673,2023,10,Hospitalisation,True,1,1076_13817,True,153.38633493456803,-27.944006485218097,8c293a52745057c4
269676,2020,12,Hospitalisation,True,1,1081_13764,True,153.417157377929,-28.1853970052514,8c293a52745057c4
269685,2023,10,Hospitalisation,True,1,1084_13807,True,153.428347923955,-27.990554489864397,8c293a52745057c4
269721,2023,8,Medical treatment,False,0,1063_13838,True,153.321667840439,-27.8522822059215,8c293a52745057c4
269729,2020,4,Medical treatment,False,0,1085_13787,True,153.433414911706,-28.080823491089603,8c293a52745057c4
269730,2020,5,Hospitalisation,True,1,1067_13814,True,153.344176937334,-27.958301481041797,8c293a52745057c4
269735,2020,5,Minor injury,False,0,1057_13823,True,153.290297129312,-27.918788162260597,8c293a52745057c4
269742,2020,5,Medical treatment,False,0,1052_13757,True,153.267606912684,-28.214640475279605,8c293a52745057c4
269792,2023,10,Medical treatment,False,0,1076_13790,True,153.39069791831,-28.066086486620698,8c293a52745057c4
269803,2023,11,Hospitalisation,True,1,1069_13814,True,153.351607936151,-27.961169481819805,8c293a52745057c4
269809,2023,11,Hospitalisation,True,1,1095_13776,True,153.488307899099,-28.131389497090797,8c293a52745057c4
269817,2023,10,Minor injury,False,0,1076_13831,True,153.387865942064,-27.884612484907,8c293a52745057c4
269837,2022,9,Hospitalisation,True,1,1062_13826,True,153.316731771205,-27.9049431338344,8c293a52745057c4
269842,2023,12,Medical treatment,False,0,1079_13811,True,153.401703928987,-27.9741984870204,8c293a52745057c4
269880,2023,9,Hospitalisation,True,1,1061_13836,True,153.311796953355,-27.8613044769902,8c293a52745057c4
269895,2023,10,Hospitalisation,True,1,1073_13787,True,153.37391145911104,-28.08189065703591,8c293a52745057c4
269908,2023,10,Hospitalisation,True,1,1070_13794,True,153.359462924073,-28.0480594833006,8c293a52745057c4
269932,2024,2,Hospitalisation,True,1,1044_13833,True,153.22695996081,-27.875293468502093,8c293a52745057c4
269947,2024,2,Medical treatment,False,0,1098_13772,True,153.500705895238,-28.150560498508597,8c293a52745057c4
269949,2024,2,Medical treatment,False,0,1063_13821,True,153.324489943616,-27.926244478789705,8c293a52745057c4
269951,2024,2,Minor injury,False,0,1065_13822,True,153.334580943061,-27.9219974797814,8c293a52745057c4
269952,2020,9,Hospitalisation,True,1,1087_13776,True,153.44693399692102,-28.12934890784929,8c293a52745057c4
269954,2024,6,Fatal,True,2,1075_13831,True,153.38470494287003,-27.881032484557,8c293a52745057c4
269957,2024,3,Minor injury,False,0,1049_13855,True,153.25203097088303,-27.775340470253596,8c293a52745057c4
269966,2024,3,Hospitalisation,True,1,1076_13798,True,153.388360923319,-28.0293484860945,8c293a52745057c4
269967,2024,3,Medical treatment,False,0,1079_13782,True,153.404034474028,-28.103269211270696,8c293a52745057c4
269970,2024,11,Hospitalisation,True,1,1053_13801,True,153.273765937167,-28.019506474375202,8c293a52745057c4
269976,2024,3,Medical treatment,False,0,1075_13821,True,153.385170936695,-27.928507484977697,8c293a52745057c4
269979,2024,11,Medical treatment,False,0,1069_13813,True,153.354731935727,-27.961802482142396,8c293a52745057c4
269984,2024,3,Hospitalisation,True,1,1064_13793,True,153.327707926711,-28.054651480124605,8c293a52745057c4
269989,2024,3,Hospitalisation,True,1,1085_13767,True,153.433976899995,-28.170586491850504,8c293a52745057c4
269993,2024,3,Minor injury,False,0,1082_13792,True,153.420106915845,-28.060172489570704,8c293a52745057c4
269994,2024,11,Minor injury,False,0,1064_13821,True,153.327973943241,-27.92620047914321,8c293a52745057c4
270001,2023,7,Hospitalisation,True,1,1067_13816,True,153.341576938794,-27.949179480705904,8c293a52745057c4
270010,2023,12,Hospitalisation,True,1,1079_13811,True,153.403285928887,-27.973628487177102,8c293a52745057c4
270018,2023,12,Medical treatment,False,0,1061_13837,True,153.313553953917,-27.8554454771225,8c293a52745057c4
270035,2023,12,Minor injury,False,0,1071_13789,True,153.364654920363,-28.0723514840193,8c293a52745057c4
270043,2024,5,Medical treatment,False,0,1079_13813,True,153.40278293031102,-27.963042487042696,8c293a52745057c4
270049,2024,3,Hospitalisation,True,1,1087_13788,True,153.44548891095204,-28.076404492286805,8c293a52745057c4
270078,2024,4,Hospitalisation,True,1,1080_13814,True,153.407222930575,-27.957236487449393,8c293a52745057c4
270081,2024,4,Minor injury,False,0,1081_13807,True,153.412568925802,-27.989630488248594,8c293a52745057c4
270083,2022,2,Hospitalisation,True,1,1081_13794,True,153.41642384079,-28.048273408101895,8c293a52745057c4
270098,2024,5,Medical treatment,False,0,1044_13864,True,153.227255978614,-27.735917467435094,8c293a52745057c4
270105,2024,5,Minor injury,False,0,1061_13837,True,153.309937954063,-27.8573724767706,8c293a52745057c4
270112,2024,6,Hospitalisation,True,1,1091_13778,True,153.466585902788,-28.1214094947933,8c293a52745057c4
270117,2024,7,Minor injury,False,0,1074_13813,True,153.37704093281,-27.9654944844408,8c293a52745057c4
270119,2024,7,Hospitalisation,True,1,1079_13819,True,153.40312093377003,-27.93597748686439,8c293a52745057c4
270120,2024,7,Hospitalisation,True,1,1085_13778,True,153.43316190625302,-28.123073491395097,8c293a52745057c4
270122,2024,7,Medical treatment,False,0,1080_13810,True,153.407698928115,-27.975865487644295,8c293a52745057c4
270127,2024,7,Medical treatment,False,0,1043_13865,True,153.222330979902,-27.7300134668903,8c293a52745057c4
270143,2024,12,Hospitalisation,True,1,1065_13792,True,153.333899925407,-28.059481480791593,8c293a52745057c4
270145,2024,8,Hospitalisation,True,1,1096_13775,True,153.490228898187,-28.13677649732939,8c293a52745057c4
270173,2024,9,Minor injury,False,0,1060_13829,True,153.304935950441,-27.8897904765179,8c293a52745057c4
270178,2021,12,Hospitalisation,True,1,1084_13802,True,153.431130920687,-28.013441490327995,8c293a52745057c4
270186,2024,9,Hospitalisation,True,1,1078_13786,True,153.400765914401,-28.087729487815793,8c293a52745057c4
270202,2022,5,Hospitalisation,True,1,1066_13822,True,153.337799942667,-27.922322480111003,8c293a52745057c4
270217,2020,9,Minor injury,False,0,1045_13864,True,153.228690978609,-27.734736467570997,8c293a52745057c4
270224,2020,8,Hospitalisation,True,1,1056_13827,True,153.284674951502,-27.898746474532807,8c293a52745057c4
270228,2020,12,Medical treatment,False,0,1073_13820,True,153.374672937632,-27.930132483921998,8c293a52745057c4
270230,2024,10,Hospitalisation,True,1,1046_13861,True,153.236243975892,-27.749588468452398,8c293a52745057c4
270235,2021,7,Hospitalisation,True,4,1083_13797,True,153.426914918368,-28.0349184900666,8c293a52745057c4
270238,2021,7,Medical treatment,False,0,1065_13839,True,153.330554952969,-27.848412478793705,8c293a52745057c4
270242,2024,10,Hospitalisation,True,1,1074_13818,True,153.379443935454,-27.942975484508487,8c293a52745057c4
270243,2021,7,Medical treatment,False,0,1078_13815,True,153.398558931674,-27.956061486557598,8c293a52745057c4
270255,2020,7,Hospitalisation,True,1,1075_13806,True,153.382021928253,-27.9965574851918,8c293a52745057c4
270267,2020,9,Hospitalisation,True,1,1062_13830,True,153.315224949415,-27.889042477556394,8c293a52745057c4
270268,2024,10,Hospitalisation,True,1,1086_13788,True,153.44055591141,-28.077050491788498,8c293a52745057c4
270279,2024,10,Hospitalisation,True,1,1092_13776,True,153.471174901184,-28.1298634953282,8c293a52745057c4
270321,2020,1,Medical treatment,False,0,1074_13810,True,153.379634931283,-27.9751194847804,8c293a52745057c4
270376,2020,4,Minor injury,False,0,1092_13776,True,153.471720901046,-28.130463495388696,8c293a52745057c4
270493,2021,4,Hospitalisation,True,1,1058_13834,True,153.296257954214,-27.867796475464303,8c293a52745057c4
270534,2024,1,Minor injury,False,0,1084_13798,True,153.43050091838703,-28.031740490407405,8c293a52745057c4
270577,2021,4,Minor injury,False,0,1079_13805,True,153.405278925311,-27.9996004875841,8c293a52745057c4
270579,2022,6,Hospitalisation,True,1,1081_13812,True,153.41360400543,-27.9684344121877,8c293a52745057c4
270586,2023,11,Medical treatment,False,0,1046_13861,True,153.23523597626,-27.747558468334297,8c293a52745057c4
270588,2023,11,Hospitalisation,True,1,1066_13832,True,153.337963948296,-27.878465479782896,8c293a52745057c4
270623,2024,3,Minor injury,False,0,1060_13836,True,153.309603953718,-27.860338476759992,8c293a52745057c4
270627,2024,4,Hospitalisation,True,1,1079_13824,True,153.403021936846,-27.9122374866678,8c293a52745057c4
270628,2024,4,Hospitalisation,True,1,1094_13771,True,153.480340897428,-28.150987496430197,8c293a52745057c4
270635,2024,1,Medical treatment,False,0,1063_13838,True,153.32399295332,-27.85124047814939,8c293a52745057c4
270659,2024,3,Hospitalisation,True,1,1072_13813,True,153.367392933933,-27.964974483455,8c293a52745057c4
270672,2024,5,Medical treatment,False,0,1081_13811,True,153.415111927927,-27.971049488361903,8c293a52745057c4
270678,2024,5,Minor injury,False,0,1091_13781,True,153.466123904393,-28.109445494652295,8c293a52745057c4
270693,2021,3,Hospitalisation,True,2,1076_13808,True,153.388733928724,-27.987222485801794,8c293a52745057c4
270703,2024,4,Medical treatment,False,0,1080_13811,True,153.409755928346,-27.972343487826198,8c293a52745057c4
270704,2024,4,Medical treatment,False,0,1080_13811,True,153.40969192834703,-27.97238748782,8c293a52745057c4
270706,2024,4,Hospitalisation,True,1,1076_13805,True,153.391093926573,-28.0018644861571,8c293a52745057c4
270718,2024,6,Medical treatment,False,0,1077_13815,True,153.393497932315,-27.9553894860368,8c293a52745057c4
270722,2024,5,Medical treatment,False,0,1066_13819,True,153.336811940678,-27.93860648013859,8c293a52745057c4
270730,2024,6,Medical treatment,False,0,1091_13777,True,153.466443902121,-28.126661494819995,8c293a52745057c4
270744,2024,7,Medical treatment,False,0,1074_13786,True,153.379251917279,-28.0837764855942,8c293a52745057c4
270757,2023,9,Medical treatment,False,0,1063_13831,True,153.322948949299,-27.883394478296296,8c293a52745057c4
270769,2024,7,Medical treatment,False,0,1077_13798,True,153.395240058331,-28.031153633809193,8c293a52745057c4
270779,2024,7,Minor injury,False,0,1066_13817,True,153.338929939788,-27.94371148039389,8c293a52745057c4
270793,2024,8,Hospitalisation,True,1,1066_13807,True,153.337633933958,-27.9900424806261,8c293a52745057c4
270796,2024,8,Medical treatment,False,0,1080_13809,True,153.410717927072,-27.981381487995193,8c293a52745057c4
270797,2024,8,Hospitalisation,True,1,1103_13767,True,153.52710088957,-28.171737501374995,8c293a52745057c4
270803,2024,8,Medical treatment,False,0,1085_13795,True,153.435014916213,-28.044695490969396,8c293a52745057c4
270807,2024,4,Medical treatment,False,0,1062_13807,True,153.31671693604,-27.991668478514203,8c293a52745057c4
270816,2024,8,Hospitalisation,True,2,1045_13864,True,153.231745978376,-27.733969467874097,8c293a52745057c4
270837,2023,10,Medical treatment,False,0,1082_13788,True,153.422036442568,-28.07610756489239,8c293a52745057c4
270841,2023,12,Hospitalisation,True,1,1080_13814,True,153.410013929737,-27.961357487766197,8c293a52745057c4
270855,2024,8,Hospitalisation,True,1,1061_13833,True,153.314268951675,-27.872276477327492,8c293a52745057c4
270872,2021,7,Medical treatment,False,0,1069_13797,True,153.352805926106,-28.037979482544593,8c293a52745057c4
270904,2021,10,Medical treatment,False,0,1081_13806,True,153.415226240497,-27.997468996581006,8c293a52745057c4
270911,2024,10,Hospitalisation,True,3,1068_13803,True,153.346542930275,-28.011018481696293,8c293a52745057c4
270912,2024,10,Medical treatment,False,0,1078_13782,True,153.40087391255,-28.10192648793811,8c293a52745057c4
270922,2024,10,Medical treatment,False,0,1067_13816,True,153.341261938474,-27.9519274806955,8c293a52745057c4
270923,2020,10,Hospitalisation,True,1,1092_13775,True,153.472958900561,-28.133146495536195,8c293a52745057c4
270962,2021,6,Hospitalisation,True,2,1062_13832,True,153.315010950585,-27.8801294774646,8c293a52745057c4
270964,2020,3,Hospitalisation,True,2,1072_13803,True,153.366596928325,-28.00908548372041,8c293a52745057c4
270965,2021,6,Medical treatment,False,0,1077_13815,True,153.395693932027,-27.9557564862634,8c293a52745057c4
271055,2023,8,Medical treatment,False,0,1074_13789,True,153.378869919102,-28.070013485447397,8c293a52745057c4
271076,2023,8,Medical treatment,False,0,1077_13819,True,153.396160934529,-27.935988486155598,8c293a52745057c4
271097,2022,9,Medical treatment,False,0,1044_13865,True,153.224339979695,-27.729928467092897,8c293a52745057c4
271206,2021,4,Hospitalisation,True,1,1084_13805,True,153.431069922295,-28.0010734902246,8c293a52745057c4
271212,2021,5,Hospitalisation,True,2,1058_13828,True,153.296539950513,-27.896365475717605,8c293a52745057c4
271234,2023,10,Hospitalisation,True,1,1082_13797,True,153.419392919086,-28.035751489306296,8c293a52745057c4
271238,2020,11,Minor injury,False,0,1062_13832,True,153.315067609766,-27.878667167458804,8c293a52745057c4
271241,2023,10,Minor injury,False,0,1069_13798,True,153.351588927318,-28.029629482355297,8c293a52745057c4
271244,2023,10,Hospitalisation,True,1,1053_13800,True,153.27308093688,-28.022313474327795,8c293a52745057c4
271246,2023,10,Hospitalisation,True,1,1059_13842,True,153.301741958062,-27.833184475748496,8c293a52745057c4
271255,2023,10,Hospitalisation,True,1,1077_13790,True,153.395072917612,-28.0677614870794,8c293a52745057c4
271285,2024,2,Minor injury,False,0,1080_13803,True,153.410537923266,-28.01095848820909,8c293a52745057c4
271322,2024,3,Hospitalisation,True,1,1080_13803,True,153.40977292335,-28.010953488131094,8c293a52745057c4
271323,2024,3,Hospitalisation,True,1,1061_13832,True,153.314221951118,-27.876653477357102,8c293a52745057c4
271327,2024,3,Hospitalisation,True,1,1043_13865,True,153.222660979788,-27.730632466928597,8c293a52745057c4
271334,2024,3,Medical treatment,False,0,1075_13813,True,153.385668931926,-27.965032485315497,8c293a52745057c4
271350,2023,2,Hospitalisation,True,1,1078_13819,True,153.401041934035,-27.935683486650404,8c293a52745057c4
271370,2024,5,Minor injury,False,0,1085_13790,True,153.43729591273103,-28.069624491397704,8c293a52745057c4
271375,2024,5,Minor injury,False,0,1079_13809,True,153.405339927597,-27.981868487451102,8c293a52745057c4
271387,2024,5,Medical treatment,False,0,1075_13787,True,153.386410916923,-28.080446486296797,8c293a52745057c4
271388,2023,12,Medical treatment,False,0,1081_13805,True,153.414587924555,-27.997560488516694,8c293a52745057c4
271394,2024,6,Medical treatment,False,0,1084_13792,True,153.428746914994,-28.0594154904456,8c293a52745057c4
271398,2024,6,Hospitalisation,True,1,1076_13787,True,153.391476916143,-28.082169486826196,8c293a52745057c4
271399,2024,6,Hospitalisation,True,1,1068_13816,True,153.346106938007,-27.951442481184092,8c293a52745057c4
271405,2024,6,Medical treatment,False,0,1080_13813,True,153.409023929276,-27.965762487699905,8c293a52745057c4
271429,2024,7,Hospitalisation,True,2,1080_13813,True,153.407967929376,-27.9658834875933,8c293a52745057c4
271433,2024,7,Minor injury,False,0,1068_13833,True,153.348356948069,-27.871426480783803,8c293a52745057c4
271445,2024,8,Hospitalisation,True,2,1080_13811,True,153.410639927978,-27.974435487932702,8c293a52745057c4
271449,2024,10,Medical treatment,False,0,1081_13780,True,153.414905909541,-28.1132244894565,8c293a52745057c4
271451,2024,8,Hospitalisation,True,1,1053_13760,True,153.27175591364,-28.2036834756145,8c293a52745057c4
271452,2023,4,Hospitalisation,True,2,1092_13779,True,153.468960903013,-28.117669495006492,8c293a52745057c4
271457,2024,8,Medical treatment,False,0,1064_13839,True,153.327766953258,-27.8485284785114,8c293a52745057c4
271459,2024,8,Hospitalisation,True,1,1072_13821,True,153.368225938424,-27.929456483260697,8c293a52745057c4
271475,2024,8,Minor injury,False,0,1082_13788,True,153.421716913725,-28.075167489852397,8c293a52745057c4
271481,2024,10,Hospitalisation,True,1,1064_13821,True,153.330176942865,-27.927257479375303,8c293a52745057c4
271520,2024,9,Minor injury,False,0,1062_13831,True,153.315617950066,-27.8836474775539,8c293a52745057c4
271537,2024,1,Medical treatment,False,0,1082_13797,True,153.419383919072,-28.035869489306286,8c293a52745057c4
271546,2024,9,Hospitalisation,True,1,1049_13855,True,153.251123971004,-27.7751674701604,8c293a52745057c4
271554,2024,9,Hospitalisation,True,1,1076_13824,True,153.389123938305,-27.9126914852559,8c293a52745057c4
271555,2024,9,Minor injury,False,0,1088_13787,True,153.448423910077,-28.0806564926196,8c293a52745057c4
271559,2024,9,Minor injury,False,0,1090_13777,True,153.45882590297703,-28.126537494041095,8c293a52745057c4
271573,2021,10,Medical treatment,False,0,1081_13788,True,153.414929914071,-28.07825548918479,8c293a52745057c4
271589,2024,10,Hospitalisation,True,4,1080_13811,True,153.410379928271,-27.972392487890204,8c293a52745057c4
271613,2020,12,Medical treatment,False,0,1067_13816,True,153.342321938489,-27.9509134807952,8c293a52745057c4
271618,2020,12,Medical treatment,False,0,1070_13810,True,153.360133933288,-27.976124482804195,8c293a52745057c4
271621,2021,1,Hospitalisation,True,1,1077_13808,True,153.391902928303,-27.987795486129006,8c293a52745057c4
271623,2020,12,Minor injury,False,0,1089_13779,True,153.454021904666,-28.117603493480697,8c293a52745057c4
271626,2020,12,Minor injury,False,0,1084_13800,True,153.431087919788,-28.020424490378392,8c293a52745057c4
271639,2024,10,Medical treatment,False,0,1093_13775,True,153.475527900034,-28.135023495813396,8c293a52745057c4
271649,2022,12,Medical treatment,False,0,1091_13777,True,153.464122902676,-28.124361494564894,8c293a52745057c4
271671,2023,3,Medical treatment,False,0,1061_13828,True,153.31471794846303,-27.89687747756649,8c293a52745057c4
271704,2023,11,Hospitalisation,True,1,1081_13812,True,153.414861928039,-27.97039548833119,8c293a52745057c4
271751,2020,1,Hospitalisation,True,2,1060_13798,True,153.307633932002,-28.0307304778987,8c293a52745057c4
271827,2020,1,Hospitalisation,True,1,1066_13807,True,153.33643493418302,-27.989313480498595,8c293a52745057c4
271839,2024,8,Hospitalisation,True,2,1057_13847,True,153.292789962187,-27.808632474646995,8c293a52745057c4
271848,2020,12,Hospitalisation,True,1,1051_13850,True,153.260719967335,-27.795673471293796,8c293a52745057c4
271872,2023,12,Hospitalisation,True,1,1077_13819,True,153.39324293495,-27.935193485852192,8c293a52745057c4
271882,2023,12,Minor injury,False,0,1062_13844,True,153.316898957562,-27.824236477216495,8c293a52745057c4
271906,2023,9,Hospitalisation,True,1,1076_13818,True,153.386833735777,-27.941958904252704,8c293a52745057c4
271931,2023,12,Hospitalisation,True,1,1049_13788,True,153.250342202268,-28.077562487457104,8c293a52745057c4
271932,2023,12,Medical treatment,False,0,1080_13794,True,153.407253918776,-28.048438488168703,8c293a52745057c4
275297,2020,8,Minor injury,False,0,1092_13775,True,153.470513900505,-28.1356534953061,8c293a52745057c4
275303,2020,10,Medical treatment,False,0,1056_13845,True,153.285811961637,-27.818836474019598,8c293a52745057c4
275314,2020,8,Medical treatment,False,0,1075_13816,True,153.384737651762,-27.9516030411151,8c293a52745057c4
275317,2020,8,Medical treatment,False,0,1077_13790,True,153.395012478552,-28.06828072807729,8c293a52745057c4
275321,2020,8,Hospitalisation,True,1,1050_13851,True,153.258759968097,-27.7913864710615,8c293a52745057c4
275387,2023,12,Hospitalisation,True,2,1062_13795,True,153.315507789057,-28.0468639948246,8c293a52745057c4
275393,2023,12,Hospitalisation,True,1,1054_13825,True,153.277699494715,-27.910801541920296,8c293a52745057c4
275410,2023,11,Medical treatment,False,0,1061_13830,True,153.314945949909,-27.885438477499704,8c293a52745057c4
275413,2024,7,Hospitalisation,True,1,1078_13818,True,153.400129933547,-27.940232486593207,8c293a52745057c4
275450,2020,1,Medical treatment,False,0,1064_13821,True,153.32909694296,-27.927429479266902,8c293a52745057c4
275457,2020,11,Hospitalisation,True,1,1050_13854,True,153.257104970138,-27.776856470779496,8c293a52745057c4
275468,2020,11,Minor injury,False,0,1083_13805,True,153.42672117577,-28.00108507778131,8c293a52745057c4
275470,2020,11,Hospitalisation,True,1,1053_13774,True,153.273884514412,-28.141654714344693,8c293a52745057c4
275476,2020,10,Medical treatment,False,0,1056_13834,True,153.287474955254,-27.867160474568404,8c293a52745057c4
275477,2020,11,Medical treatment,False,0,1090_13781,True,153.461242977055,-28.108487464146396,8c293a52745057c4
275479,2020,12,Hospitalisation,True,1,1060_13817,True,153.308454942954,-27.945009477309004,8c293a52745057c4
275480,2020,12,Medical treatment,False,0,1072_13810,True,153.366621932209,-27.9789834834866,8c293a52745057c4
275486,2020,12,Hospitalisation,True,1,1091_13778,True,153.467277141795,-28.12077331285891,8c293a52745057c4
275487,2020,11,Hospitalisation,True,1,1058_13832,True,153.295981953033,-27.877226475510493,8c293a52745057c4
275490,2020,11,Hospitalisation,True,1,1083_13805,True,153.427107923037,-27.998696489801894,8c293a52745057c4
275492,2020,9,Medical treatment,False,0,1086_13790,True,153.442371912212,-28.069329491913198,8c293a52745057c4
275502,2021,5,Medical treatment,False,0,1082_13783,True,153.42170591040903,-28.100760490052004,8c293a52745057c4
275508,2021,4,Hospitalisation,True,1,1090_13770,True,153.461183898486,-28.1590904945369,8c293a52745057c4
275524,2021,7,Hospitalisation,True,1,1081_13811,True,153.4127009277,-27.974844488145994,8c293a52745057c4
275527,2020,12,Hospitalisation,True,1,1065_13822,True,153.332621942832,-27.925439479609402,8c293a52745057c4
275528,2020,5,Medical treatment,False,0,1062_13826,True,153.316336946992,-27.906934477810005,8c293a52745057c4
275529,2020,3,Medical treatment,False,0,1059_13841,True,153.302775957611,-27.8358264758742,8c293a52745057c4
275532,2020,12,Medical treatment,False,0,1077_13791,True,153.395861918315,-28.061662487111903,8c293a52745057c4
275533,2021,7,Medical treatment,False,0,1087_13788,True,153.445984910682,-28.078061492350407,8c293a52745057c4
275547,2020,10,Hospitalisation,True,1,1077_13810,True,153.39576192944904,-27.975654486426603,8c293a52745057c4
275569,2020,10,Minor injury,False,0,1085_13780,True,153.437184907068,-28.11338149172949,8c293a52745057c4
275571,2020,11,Hospitalisation,True,1,1062_13830,True,153.316706949706,-27.8855234776792,8c293a52745057c4
275579,2020,10,Medical treatment,False,0,1084_13797,True,153.431064917994,-28.0342914904849,8c293a52745057c4
275611,2023,11,Minor injury,False,0,1100_13769,True,153.510200892995,-28.159751499551703,8c293a52745057c4
275612,2023,11,Minor injury,False,0,1074_13814,True,153.379012933423,-27.9590764845911,8c293a52745057c4
275613,2023,11,Medical treatment,False,0,1073_13802,True,153.372207927358,-28.011809484312696,8c293a52745057c4
275614,2023,12,Hospitalisation,True,1,1060_13819,True,153.309827176938,-27.936195710378996,8c293a52745057c4
275619,2023,12,Minor injury,False,0,1084_13802,True,153.429855523888,-28.0129691471942,8c293a52745057c4
275625,2020,12,Medical treatment,False,0,1074_13785,True,153.376886916827,-28.089282485396595,8c293a52745057c4
275627,2024,7,Minor injury,False,0,1077_13792,True,153.393895919192,-28.056558486871594,8c293a52745057c4
275642,2020,1,Hospitalisation,True,1,1060_13835,True,153.307310427617,-27.863071652548697,8c293a52745057c4
275646,2020,1,Minor injury,False,0,1075_13817,True,153.386138934318,-27.9461054852146,8c293a52745057c4
275648,2020,1,Medical treatment,False,0,1077_13815,True,153.395177932094,-27.955672486210194,8c293a52745057c4
275665,2021,2,Hospitalisation,True,1,1084_13802,True,153.431275920639,-28.013689490344692,8c293a52745057c4
275667,2020,10,Medical treatment,False,0,1066_13822,True,153.337799942667,-27.922322480111003,8c293a52745057c4
275669,2023,5,Hospitalisation,True,1,1086_13768,True,153.441638899379,-28.168813492618195,8c293a52745057c4
275672,2023,5,Medical treatment,False,0,1062_13830,True,153.315815949867,-27.885030477584802,8c293a52745057c4
275682,2021,12,Medical treatment,False,0,1066_13807,True,153.336525934158,-27.989426480508698,8c293a52745057c4
275685,2022,2,Minor injury,False,0,1079_13813,True,153.406222929607,-27.965573487412993,8c293a52745057c4
275686,2022,2,Minor injury,False,0,1080_13811,True,153.410677682296,-27.971947060916992,8c293a52745057c4
275688,2022,2,Hospitalisation,True,1,1064_13844,True,153.329850811014,-27.8253207695404,8c293a52745057c4
275693,2022,3,Medical treatment,False,0,1063_13868,True,153.322072970726,-27.7172954768995,8c293a52745057c4
275697,2022,3,Minor injury,False,0,1086_13776,True,153.442111317049,-28.13245948338159,8c293a52745057c4
275707,2022,3,Medical treatment,False,0,1055_13845,True,153.283850961978,-27.817841473812894,8c293a52745057c4
275710,2020,12,Minor injury,False,0,1080_13797,True,153.407698832498,-28.0347532921066,8c293a52745057c4
275712,2021,5,Medical treatment,False,0,1061_13835,True,153.311256953146,-27.863391476951797,8c293a52745057c4
275717,2021,6,Hospitalisation,True,1,1050_13849,True,153.25523281936,-27.800137244773097,8c293a52745057c4
275718,2022,1,Medical treatment,False,0,1073_13804,True,153.37255692814,-28.005460484298393,8c293a52745057c4
275741,2021,5,Medical treatment,False,0,1061_13833,True,153.31350395134004,-27.8755334772754,8c293a52745057c4
275743,2021,5,Medical treatment,False,0,1076_13824,True,153.387438938256,-27.914495485098495,8c293a52745057c4
275744,2021,4,Medical treatment,False,0,1074_13813,True,153.376828932934,-27.964716484413206,8c293a52745057c4
275746,2021,5,Medical treatment,False,0,1083_13804,True,153.426206922651,-28.0024374897395,8c293a52745057c4
275768,2020,8,Medical treatment,False,0,1069_13822,True,153.353628940891,-27.922689481722898,8c293a52745057c4
275773,2021,2,Medical treatment,False,0,1062_13834,True,153.31947917974,-27.867350924817792,8c293a52745057c4
275784,2021,2,Hospitalisation,True,1,1044_13790,True,153.227238803037,-28.0680407490436,8c293a52745057c4
275793,2021,7,Medical treatment,False,0,1062_13826,True,153.317389728875,-27.906955490917003,8c293a52745057c4
275796,2021,7,Medical treatment,False,0,1084_13798,True,153.430129918722,-28.0294664903517,8c293a52745057c4
275800,2021,7,Medical treatment,False,0,1076_13798,True,153.387299923055,-28.0322894860096,8c293a52745057c4
275801,2021,1,Hospitalisation,True,1,1075_13820,True,153.385819935991,-27.933416485082404,8c293a52745057c4
275806,2020,1,Medical treatment,False,0,1065_13803,True,153.332723931772,-28.01116248029299,8c293a52745057c4
275809,2020,11,Medical treatment,False,0,1090_13778,True,153.463024902936,-28.123293494444393,8c293a52745057c4
275812,2020,3,Hospitalisation,True,1,1088_13785,True,153.449564908853,-28.089126492802492,8c293a52745057c4
275850,2020,12,Hospitalisation,True,1,1079_13815,True,153.403968931522,-27.952662487081998,8c293a52745057c4
275862,2021,1,Medical treatment,False,0,1069_13822,True,153.355648940556,-27.923573481935197,8c293a52745057c4
275874,2020,11,Hospitalisation,True,1,1091_13769,True,153.467845897643,-28.159926495223797,8c293a52745057c4
275883,2021,7,Hospitalisation,True,1,1042_13857,True,153.215160234973,-27.766847262455205,8c293a52745057c4
275897,2021,7,Medical treatment,False,0,1064_13838,True,153.328053352061,-27.849817593550604,8c293a52745057c4
275898,2021,10,Medical treatment,False,0,1069_13789,True,153.354129921794,-28.0702284829322,8c293a52745057c4
275900,2021,10,Hospitalisation,True,2,1061_13830,True,153.313575949681,-27.888374477383703,8c293a52745057c4
275901,2021,10,Hospitalisation,True,2,1079_13774,True,153.405601906987,-28.1408324887247,8c293a52745057c4
275912,2021,10,Hospitalisation,True,1,1063_13805,True,153.323148576068,-28.0015014872445,8c293a52745057c4
275913,2021,10,Medical treatment,False,0,1080_13813,True,153.409553929757,-27.961593487721206,8c293a52745057c4
275924,2022,4,Medical treatment,False,0,1059_13819,True,153.299977944984,-27.9364394763814,8c293a52745057c4
275933,2022,4,Minor injury,False,0,1062_13830,True,153.315470949872,-27.885282477551804,8c293a52745057c4
275942,2022,4,Minor injury,False,0,1085_13798,True,153.434576917841,-28.032502490829096,8c293a52745057c4
275983,2021,8,Medical treatment,False,0,1075_13797,True,153.381556923469,-28.033963485438,8c293a52745057c4
275988,2021,1,Hospitalisation,True,1,1057_13849,True,153.292673963332,-27.7998104745658,8c293a52745057c4
275992,2021,7,Hospitalisation,True,1,1076_13818,True,153.387214935092,-27.939196485269893,8c293a52745057c4
276023,2021,7,Medical treatment,False,0,1071_13787,True,153.36558291918,-28.080704484179197,8c293a52745057c4
276040,2024,10,Medical treatment,False,0,1078_13815,True,153.398503931675,-27.9561064865523,8c293a52745057c4
276043,2020,12,Hospitalisation,True,1,1081_13802,True,153.413790922708,-28.012515488552904,8c293a52745057c4
276055,2022,11,Medical treatment,False,0,1106_13768,True,153.543892888232,-28.167792503063502,8c293a52745057c4
276058,2021,2,Hospitalisation,True,1,1065_13820,True,153.333206942125,-27.930425479707996,8c293a52745057c4
276059,2023,4,Medical treatment,False,0,1076_13815,True,153.386980933157,-27.9543834853654,8c293a52745057c4
276060,2021,2,Hospitalisation,True,1,1077_13813,True,153.392372834616,-27.9617531069723,8c293a52745057c4
276065,2023,4,Medical treatment,False,0,1066_13853,True,153.336218960807,-27.782632478851298,8c293a52745057c4
276069,2021,2,Hospitalisation,True,1,1053_13760,True,153.271699913638,-28.203751475609298,8c293a52745057c4
276082,2020,1,Hospitalisation,True,1,1048_13786,True,153.249168931063,-28.0879244724195,8c293a52745057c4
276087,2020,2,Medical treatment,False,0,1076_13830,True,153.388535941502,-27.888400485004997,8c293a52745057c4
276088,2020,2,Hospitalisation,True,1,1071_13789,True,153.363868920382,-28.072866483943304,8c293a52745057c4
276099,2020,10,Hospitalisation,True,1,1066_13838,True,153.335270952142,-27.850851479292007,8c293a52745057c4
276100,2020,10,Medical treatment,False,0,1090_13781,True,153.461196951072,-28.108398585140993,8c293a52745057c4
276104,2020,10,Hospitalisation,True,1,1062_13837,True,153.315458856695,-27.8555554663168,8c293a52745057c4
276113,2020,10,Hospitalisation,True,1,1078_13760,True,153.399732899545,-28.2031894886151,8c293a52745057c4
276123,2021,11,Hospitalisation,True,1,1069_13797,True,153.352417464478,-28.035434349485097,8c293a52745057c4
276132,2021,12,Hospitalisation,True,1,1088_13786,True,153.449339330224,-28.086461801758603,8c293a52745057c4
276137,2021,12,Medical treatment,False,0,1060_13829,True,153.30915994997,-27.889874476947195,8c293a52745057c4
276154,2021,9,Minor injury,False,0,1082_13805,True,153.417294924245,-27.997667488793397,8c293a52745057c4
276157,2021,9,Hospitalisation,True,1,1088_13784,True,153.4528639078,-28.094442493180892,8c293a52745057c4
276161,2021,9,Medical treatment,False,0,1077_13790,True,153.395056917591,-28.067942487079197,8c293a52745057c4
276162,2021,9,Medical treatment,False,0,1062_13830,True,153.315650949836,-27.88540447757099,8c293a52745057c4
276183,2024,1,Hospitalisation,True,1,1067_13814,True,153.344871937383,-27.957330481104798,8c293a52745057c4
276194,2024,1,Medical treatment,False,0,1078_13813,True,153.398838930552,-27.964514486652497,8c293a52745057c4
276257,2024,4,Hospitalisation,True,2,1077_13790,True,153.395228917634,-28.067461487092896,8c293a52745057c4
276264,2024,6,Hospitalisation,True,1,1067_13850,True,153.340981958722,-27.794834479431405,8c293a52745057c4
276268,2024,6,Hospitalisation,True,3,1060_13837,True,153.308761954331,-27.856284476642696,8c293a52745057c4
276291,2021,2,Medical treatment,False,0,1072_13813,True,153.37054593369,-27.964181483769593,8c293a52745057c4
276301,2021,2,Hospitalisation,True,1,1080_13796,True,153.407849919749,-28.0404144881664,8c293a52745057c4
276307,2021,2,Minor injury,False,0,1062_13826,True,153.31801694675102,-27.9073824779841,8c293a52745057c4
276311,2021,2,Medical treatment,False,0,1089_13783,True,153.457099906805,-28.098518493645297,8c293a52745057c4
276338,2020,9,Hospitalisation,True,5,1051_13862,True,153.261078973804,-27.74485347093,8c293a52745057c4
276340,2021,6,Medical treatment,False,0,1091_13779,True,153.463406195988,-28.1148661154173,8c293a52745057c4
276351,2021,6,Medical treatment,False,0,1062_13827,True,153.315725127719,-27.901804157707506,8c293a52745057c4
276368,2022,9,Medical treatment,False,0,1066_13848,True,153.33805695779,-27.8045654792108,8c293a52745057c4
276379,2021,4,Hospitalisation,True,1,1084_13803,True,153.431623921035,-28.010342490353885,8c293a52745057c4
276391,2021,4,Minor injury,False,0,1096_13773,True,153.493555897052,-28.142680497715798,8c293a52745057c4
276401,2021,4,Minor injury,False,0,1082_13791,True,153.418739915352,-28.065135489470194,8c293a52745057c4
276408,2022,2,Medical treatment,False,0,1082_13795,True,153.419059917742,-28.046413489356002,8c293a52745057c4
276410,2022,2,Minor injury,False,0,1067_13808,True,153.341139133959,-27.987053787958892,8c293a52745057c4
276414,2022,2,Medical treatment,False,0,1097_13772,True,153.498316895908,-28.1474404982398,8c293a52745057c4
276418,2022,5,Hospitalisation,True,2,1043_13866,True,153.221100924537,-27.726091897734992,8c293a52745057c4
276421,2023,5,Medical treatment,False,0,1051_13852,True,153.259298335731,-27.785980659073502,8c293a52745057c4
276424,2022,5,Medical treatment,False,0,1078_13815,True,153.400243931474,-27.95618348673019,8c293a52745057c4
276425,2022,3,Hospitalisation,True,1,1076_13795,True,153.388957331273,-28.044664105275395,8c293a52745057c4
276434,2022,3,Medical treatment,False,0,1056_13823,True,153.288383948719,-27.9172494750544,8c293a52745057c4
276435,2023,5,Minor injury,False,0,1076_13786,True,153.391396915858,-28.084434486835793,8c293a52745057c4
276440,2022,3,Medical treatment,False,0,1043_13865,True,153.222663980154,-27.7277584669062,8c293a52745057c4
276441,2022,3,Minor injury,False,0,1084_13812,True,153.427169927206,-27.96642248955479,8c293a52745057c4
276442,2022,3,Medical treatment,False,0,1067_13816,True,153.340677938589,-27.951536480633102,8c293a52745057c4
276453,2023,4,Medical treatment,False,0,1071_13832,True,153.362916945799,-27.876734482306098,8c293a52745057c4
276454,2024,9,Medical treatment,False,0,1080_13781,True,153.408814370666,-28.109717497808198,8c293a52745057c4
276456,2024,9,Hospitalisation,True,1,1047_13858,True,153.238892974247,-27.760202468804103,8c293a52745057c4
276461,2024,9,Minor injury,False,0,1084_13806,True,153.427296923208,-27.997218489809605,8c293a52745057c4
276501,2023,1,Minor injury,False,0,1060_13844,True,153.304639959182,-27.8220104759546,8c293a52745057c4
276506,2023,1,Medical treatment,False,0,1073_13812,True,153.3759499327,-27.9672704843438,8c293a52745057c4
276518,2024,7,Medical treatment,False,0,1077_13784,True,153.393451914298,-28.094736487125797,8c293a52745057c4
276523,2024,2,Hospitalisation,True,1,1084_13800,True,153.430824919655,-28.021671490361392,8c293a52745057c4
276528,2024,2,Hospitalisation,True,1,1046_13860,True,153.23570597588,-27.750137468402205,8c293a52745057c4
276530,2024,2,Medical treatment,False,0,1060_13838,True,153.308076954781,-27.853362476550206,8c293a52745057c4
276531,2024,2,Minor injury,False,0,1075_13787,True,153.384454917039,-28.081208486103698,8c293a52745057c4
276535,2024,2,Hospitalisation,True,1,1070_13821,True,153.35956093981804,-27.925989482352097,8c293a52745057c4
276537,2024,2,Medical treatment,False,0,1062_13835,True,153.315337952285,-27.866627477391596,8c293a52745057c4
276538,2024,2,Medical treatment,False,0,1075_13809,True,153.385833929946,-27.9802194854515,8c293a52745057c4
276546,2024,7,Hospitalisation,True,1,1076_13803,True,153.388093926086,-28.008176485901096,8c293a52745057c4
276549,2023,6,Medical treatment,False,0,1065_13821,True,153.331743942357,-27.929870479555,8c293a52745057c4
276552,2022,6,Medical treatment,False,0,1075_13805,True,153.385927927441,-27.999528485612696,8c293a52745057c4
276558,2022,7,Hospitalisation,True,1,1078_13786,True,153.399992914767,-28.085558487720096,8c293a52745057c4
276567,2022,7,Hospitalisation,True,1,1080_13810,True,153.410982927684,-27.976418487983295,8c293a52745057c4
276571,2022,7,Hospitalisation,True,1,1081_13805,True,153.414287924583,-27.997602488486397,8c293a52745057c4
276576,2022,7,Minor injury,False,0,1080_13808,True,153.411221926665,-27.984098488067897,8c293a52745057c4
276607,2024,4,Hospitalisation,True,1,1069_13797,True,153.352615926242,-28.0370884825183,8c293a52745057c4
276612,2024,4,Medical treatment,False,0,1075_13820,True,153.384039936205,-27.933260484899996,8c293a52745057c4
276623,2024,4,Minor injury,False,0,1075_13815,True,153.382527933873,-27.952611484898092,8c293a52745057c4
276658,2020,12,Medical treatment,False,0,1080_13782,True,153.410549911538,-28.10151548892079,8c293a52745057c4
276663,2023,7,Hospitalisation,True,2,1067_13785,True,153.341231920563,-28.090740481781804,8c293a52745057c4
276672,2022,3,Hospitalisation,True,1,1050_13852,True,153.257477968793,-27.787043470897498,8c293a52745057c4
276675,2020,12,Medical treatment,False,0,1086_13790,True,153.44066791266,-28.067313491723503,8c293a52745057c4
276681,2021,6,Medical treatment,False,0,1079_13782,True,153.40645391192302,-28.1020294885074,8c293a52745057c4
276685,2021,7,Hospitalisation,True,2,1083_13783,True,153.422766910246,-28.101114490162892,8c293a52745057c4
276689,2021,8,Minor injury,False,0,1061_13830,True,153.314002950037,-27.885246477402497,8c293a52745057c4
276693,2021,8,Hospitalisation,True,1,1078_13811,True,153.400981928972,-27.9749214869525,8c293a52745057c4
276702,2022,3,Hospitalisation,True,1,1084_13809,True,153.429046925131,-27.98087648985969,8c293a52745057c4
276717,2021,5,Hospitalisation,True,1,1073_13832,True,153.370886944793,-27.877800483125302,8c293a52745057c4
276723,2021,5,Minor injury,False,0,1086_13780,True,153.441386906703,-28.112624492152204,8c293a52745057c4
276730,2021,5,Medical treatment,False,0,1091_13778,True,153.466819902497,-28.123452494833195,8c293a52745057c4
276754,2022,3,Medical treatment,False,0,1079_13816,True,153.405503931828,-27.948999487209598,8c293a52745057c4
276755,2022,3,Minor injury,False,0,1081_13811,True,153.413477311868,-27.972889097209702,8c293a52745057c4
276759,2022,3,Medical treatment,False,0,1080_13804,True,153.411416924209,-28.002924488235596,8c293a52745057c4
276775,2021,7,Medical treatment,False,0,1085_13797,True,153.434845917631,-28.03389749086739,8c293a52745057c4
276817,2023,5,Hospitalisation,True,1,1084_13806,True,153.430538923005,-27.996041490131,8c293a52745057c4
276821,2023,5,Hospitalisation,True,1,1062_13830,True,153.317376348647,-27.8854121197463,8c293a52745057c4
276837,2022,9,Hospitalisation,True,1,1052_13757,True,153.267606912684,-28.214640475279605,8c293a52745057c4
276859,2023,1,Hospitalisation,True,1,1079_13803,True,153.404320924047,-28.010190487569602,8c293a52745057c4
276860,2022,2,Hospitalisation,True,2,1041_13830,True,153.209361961117,-27.887898566821196,8c293a52745057c4
276882,2022,12,Hospitalisation,True,1,1080_13815,True,153.409405930413,-27.956641487667206,8c293a52745057c4
276884,2022,12,Medical treatment,False,0,1084_13806,True,153.427957923633,-27.993372489846802,8c293a52745057c4
276885,2022,12,Minor injury,False,0,1064_13821,True,153.327675943302,-27.925983479111192,8c293a52745057c4
276901,2024,7,Medical treatment,False,0,1068_13786,True,153.347345760451,-28.086399134369195,8c293a52745057c4
276918,2024,7,Medical treatment,False,0,1064_13822,True,153.329133943308,-27.924702479249294,8c293a52745057c4
276922,2024,7,Minor injury,False,0,1083_13786,True,153.424076912041,-28.086156490179203,8c293a52745057c4
276928,2023,8,Medical treatment,False,0,1074_13808,True,153.380380929775,-27.986162484943097,8c293a52745057c4
276935,2023,8,Minor injury,False,0,1083_13805,True,153.426800923077,-27.9986494897703,8c293a52745057c4
276936,2023,8,Hospitalisation,True,1,1083_13796,True,153.424830918169,-28.038220489880004,8c293a52745057c4
276945,2023,8,Minor injury,False,0,1081_13811,True,153.415737927575,-27.973238488442895,8c293a52745057c4
276948,2023,8,Medical treatment,False,0,1084_13807,True,153.428347923955,-27.990554489864397,8c293a52745057c4
276961,2024,2,Medical treatment,False,0,1078_13827,True,153.401251938599,-27.900156486392497,8c293a52745057c4
276966,2024,3,Medical treatment,False,0,1093_13776,True,153.47387990068,-28.13145349561699,8c293a52745057c4
276967,2024,3,Medical treatment,False,0,1085_13767,True,153.433976899995,-28.170586491850504,8c293a52745057c4
276968,2024,6,Medical treatment,False,0,1081_13786,True,153.416584913064,-28.084621489403393,8c293a52745057c4
276977,2024,7,Hospitalisation,True,1,1086_13775,True,153.442625372841,-28.133622981443093,8c293a52745057c4
276993,2024,6,Hospitalisation,True,1,1071_13790,True,153.363035921017,-28.0686674838257,8c293a52745057c4
277004,2024,6,Minor injury,False,0,1057_13846,True,153.289901961547,-27.816070474412605,8c293a52745057c4
277009,2021,3,Hospitalisation,True,1,1104_13768,True,153.532167399566,-28.1674812208603,8c293a52745057c4
277011,2021,3,Medical treatment,False,0,1072_13852,True,153.36896895631003,-27.789964482238794,8c293a52745057c4
277017,2021,3,Medical treatment,False,0,1085_13782,True,153.434307908844,-28.102133491347796,8c293a52745057c4
277034,2021,8,Hospitalisation,True,1,1084_13804,True,153.42999992179,-28.005880490153288,8c293a52745057c4
277035,2021,3,Medical treatment,False,0,1062_13830,True,153.316729949721,-27.885388477680497,8c293a52745057c4
277037,2021,3,Hospitalisation,True,1,1061_13837,True,153.310855954004,-27.857051476861205,8c293a52745057c4
277038,2021,3,Minor injury,False,0,1069_13834,True,153.351391947855,-27.870522481085295,8c293a52745057c4
277042,2021,7,Minor injury,False,0,1066_13806,True,153.34008614525,-27.993444903902,8c293a52745057c4
277066,2021,11,Medical treatment,False,0,1081_13813,True,153.414851928833,-27.964260488282,8c293a52745057c4
277070,2021,9,Hospitalisation,True,1,1071_13854,True,153.36187595853903,-27.778611481427895,8c293a52745057c4
277071,2021,9,Medical treatment,False,0,1061_13835,True,153.311965952966,-27.864184477030005,8c293a52745057c4
277092,2021,6,Hospitalisation,True,2,1067_13805,True,153.34439793211,-27.998618481380905,8c293a52745057c4
277105,2021,4,Hospitalisation,True,1,1082_13811,True,153.419852927257,-27.972220488854294,8c293a52745057c4
277111,2020,11,Minor injury,False,0,1084_13806,True,153.428044923661,-27.993082489853393,8c293a52745057c4
277143,2022,12,Minor injury,False,0,1080_13814,True,153.411338989849,-27.959371171885596,8c293a52745057c4
277150,2023,5,Hospitalisation,True,1,1102_13768,True,153.521617890749,-28.167332500779295,8c293a52745057c4
277163,2023,5,Minor injury,False,0,1056_13845,True,153.289365961182,-27.8193684743842,8c293a52745057c4
277172,2022,9,Hospitalisation,True,1,1081_13795,True,153.415887918181,-28.045709489027104,8c293a52745057c4
277197,2023,5,Medical treatment,False,0,1080_13809,True,153.410935926931,-27.982283488024496,8c293a52745057c4
277206,2023,1,Medical treatment,False,0,1067_13816,True,153.342026938666,-27.949790480756405,8c293a52745057c4
277214,2023,1,Hospitalisation,True,1,1080_13818,True,153.407731518727,-27.940154375367,8c293a52745057c4
277242,2022,8,Minor injury,False,0,1080_13780,True,153.410677910305,-28.110922489007596,8c293a52745057c4
277243,2022,10,Medical treatment,False,0,1059_13821,True,153.299991946237,-27.9266864763062,8c293a52745057c4
277270,2024,7,Minor injury,False,0,1076_13822,True,153.387822937272,-27.921790485194908,8c293a52745057c4
277274,2024,7,Medical treatment,False,0,1102_13768,True,153.519769891021,-28.166804500586004,8c293a52745057c4
277277,2024,7,Minor injury,False,0,1070_13808,True,153.356711932212,-27.9873684825445,8c293a52745057c4
277282,2024,7,Minor injury,False,0,1082_13792,True,153.420008915848,-28.060228489561098,8c293a52745057c4
277292,2024,5,Minor injury,False,0,1059_13838,True,153.300334956069,-27.849896475737197,8c293a52745057c4
277301,2024,4,Hospitalisation,True,1,1071_13790,True,153.36248292106,-28.068801483770503,8c293a52745057c4
277308,2024,4,Hospitalisation,True,1,1061_13837,True,153.313553953917,-27.8554454771225,8c293a52745057c4
277320,2024,4,Minor injury,False,0,1056_13845,True,153.284594961845,-27.818246473891488,8c293a52745057c4
277325,2024,5,Hospitalisation,True,1,1069_13835,True,153.350893948787,-27.863701480981,8c293a52745057c4
277330,2024,5,Minor injury,False,0,1079_13813,True,153.402829930329,-27.962862487046095,8c293a52745057c4
277332,2024,6,Medical treatment,False,0,1074_13810,True,153.380941930913,-27.976881484927283,8c293a52745057c4
277346,2024,6,Hospitalisation,True,1,1078_13824,True,153.398118937335,-27.9125964861711,8c293a52745057c4
277348,2024,6,Hospitalisation,True,2,1074_13812,True,153.376197932768,-27.966535484363202,8c293a52745057c4
277361,2024,6,Hospitalisation,True,1,1067_13839,True,153.342481951846,-27.84705147999489,8c293a52745057c4
277362,2023,12,Medical treatment,False,0,1078_13831,True,153.39650594147,-27.8819174857656,8c293a52745057c4
277370,2021,8,Hospitalisation,True,1,1085_13793,True,153.43688291496403,-28.052753491223196,8c293a52745057c4
277385,2021,12,Medical treatment,False,0,1084_13800,True,153.429176920034,-28.0201414901813,8c293a52745057c4
277390,2021,12,Medical treatment,False,0,1048_13857,True,153.245919973054,-27.763559469542002,8c293a52745057c4
277406,2022,1,Hospitalisation,True,1,1094_13773,True,153.48026389813,-28.1456554963806,8c293a52745057c4
277407,2022,3,Hospitalisation,True,1,1075_13816,True,153.38531197689602,-27.950076466161594,8c293a52745057c4
277411,2022,3,Hospitalisation,True,2,1049_13855,True,153.252090776004,-27.7743431152518,8c293a52745057c4
277415,2020,8,Medical treatment,False,0,1061_13822,True,153.310457945674,-27.92216747733279,8c293a52745057c4
277443,2022,4,Medical treatment,False,0,1073_13806,True,153.373169929206,-27.996683484291797,8c293a52745057c4
277458,2021,7,Medical treatment,False,0,1075_13813,True,153.38570893192,-27.965045485319603,8c293a52745057c4
277473,2021,9,Medical treatment,False,0,1044_13863,True,153.225696978337,-27.7394094673049,8c293a52745057c4
277474,2021,9,Hospitalisation,True,1,1082_13790,True,153.419305914989,-28.067455489546102,8c293a52745057c4
277485,2021,7,Minor injury,False,0,1066_13816,True,153.34049293858703,-27.9517054806156,8c293a52745057c4
277491,2023,4,Minor injury,False,0,1091_13782,True,153.463498905319,-28.104546494345904,8c293a52745057c4
277496,2023,6,Hospitalisation,True,1,1077_13790,True,153.396785917602,-28.0663884872431,8c293a52745057c4
277507,2023,5,Medical treatment,False,0,1062_13831,True,153.31549695042304,-27.880970477520496,8c293a52745057c4
277523,2023,6,Hospitalisation,True,1,1072_13782,True,153.367530916276,-28.101502484540394,8c293a52745057c4
277524,2023,6,Medical treatment,False,0,1061_13833,True,153.313329951449,-27.8748324772523,8c293a52745057c4
277530,2024,9,Medical treatment,False,0,1079_13811,True,153.404805928987,-27.9715694873158,8c293a52745057c4
277537,2024,9,Hospitalisation,True,1,1083_13794,True,153.426998916691,-28.047793490176197,8c293a52745057c4
277538,2024,9,Minor injury,False,0,1076_13808,True,153.388710928708,-27.9873664858006,8c293a52745057c4
277545,2024,9,Minor injury,False,0,1062_13830,True,153.315470949872,-27.885282477551804,8c293a52745057c4
277560,2023,10,Hospitalisation,True,2,1076_13798,True,153.388360923319,-28.0293484860945,8c293a52745057c4
277564,2023,10,Minor injury,False,0,1080_13797,True,153.408513920238,-28.0360754882,8c293a52745057c4
277568,2024,12,Medical treatment,False,0,1075_13753,True,153.38672789704,-28.233573487528396,8c293a52745057c4
277593,2023,12,Hospitalisation,True,1,1080_13802,True,153.411437922852,-28.013397488319995,8c293a52745057c4
277612,2024,8,Medical treatment,False,0,1083_13786,True,153.423591912093,-28.086166490129802,8c293a52745057c4
277616,2024,8,Hospitalisation,True,1,1080_13811,True,153.410888928209,-27.972439487942395,8c293a52745057c4
277617,2024,8,Hospitalisation,True,2,1084_13802,True,153.429832921085,-28.011470490180102,8c293a52745057c4
277622,2024,8,Minor injury,False,0,1084_13792,True,153.428746914994,-28.0594154904456,8c293a52745057c4
277634,2024,11,Medical treatment,False,0,1060_13855,True,153.30863511396603,-27.7735626959786,8c293a52745057c4
277718,2023,6,Medical treatment,False,0,1084_13792,True,153.429565914767,-28.0604674905374,8c293a52745057c4
277719,2023,6,Minor injury,False,0,1076_13815,True,153.391010378636,-27.9550060897805,8c293a52745057c4
277730,2024,8,Hospitalisation,True,1,1097_13772,True,153.494608896281,-28.14771449786291,8c293a52745057c4
277738,2023,9,Hospitalisation,True,1,1084_13806,True,153.428044923661,-27.993082489853393,8c293a52745057c4
277742,2023,9,Medical treatment,False,0,1091_13777,True,153.467458110277,-28.1246085099075,8c293a52745057c4
277751,2024,8,Minor injury,False,0,1053_13847,True,153.27131596418,-27.8113014724906,8c293a52745057c4
277762,2022,4,Hospitalisation,True,1,1049_13810,True,153.252145128999,-27.9770488238512,8c293a52745057c4
277772,2022,6,Hospitalisation,True,1,1069_13803,True,153.352957929741,-28.009702482338096,8c293a52745057c4
277773,2022,6,Hospitalisation,True,1,1070_13794,True,153.357168850261,-28.0485600780712,8c293a52745057c4
277774,2023,9,Hospitalisation,True,1,1078_13787,True,153.4013609154,-28.079512487811993,8c293a52745057c4
277776,2022,6,Hospitalisation,True,1,1062_13842,True,153.315236956861,-27.8311034771018,8c293a52745057c4
277778,2023,9,Medical treatment,False,0,1059_13839,True,153.30083895632,-27.847516475769595,8c293a52745057c4
277795,2023,9,Medical treatment,False,0,1063_13830,True,153.32221875112901,-27.8853351982374,8c293a52745057c4
277801,2024,4,Hospitalisation,True,1,1057_13826,True,153.292260949821,-27.905377475354292,8c293a52745057c4
277805,2023,12,Medical treatment,False,0,1082_13792,True,153.420106915845,-28.060172489570704,8c293a52745057c4
277816,2023,12,Medical treatment,False,0,1071_13804,True,153.363787929065,-28.0057424834084,8c293a52745057c4
277820,2023,12,Medical treatment,False,0,1078_13811,True,153.40109492895704,-27.97494548696419,8c293a52745057c4
277822,2024,2,Medical treatment,False,0,1068_13811,True,153.346840935148,-27.97299348142799,8c293a52745057c4
277825,2023,12,Hospitalisation,True,3,1100_13769,True,153.510200892995,-28.159751499551703,8c293a52745057c4
277833,2023,12,Hospitalisation,True,2,1073_13809,True,153.371936931376,-27.980928484042693,8c293a52745057c4
277853,2023,12,Medical treatment,False,0,1081_13807,True,153.412696925627,-27.990877488271494,8c293a52745057c4
277859,2024,3,Hospitalisation,True,2,1051_13815,True,153.261228946862,-27.954808472596703,8c293a52745057c4
277892,2024,12,Minor injury,False,0,1080_13794,True,153.407253918776,-28.048438488168703,8c293a52745057c4
277929,2023,12,Hospitalisation,True,1,1084_13804,True,153.43111192164,-28.006101490268403,8c293a52745057c4
277937,2024,5,Hospitalisation,True,1,1076_13822,True,153.388727937154,-27.921941485288297,8c293a52745057c4
277943,2024,5,Hospitalisation,True,1,1055_13832,True,153.283131954067,-27.880087474229608,8c293a52745057c4
277959,2024,6,Minor injury,False,0,1074_13813,True,153.378237932764,-27.964833484557506,8c293a52745057c4
277964,2024,6,Hospitalisation,True,1,1073_13813,True,153.374386933248,-27.9643524841618,8c293a52745057c4
277983,2023,5,Medical treatment,False,0,1084_13804,True,153.42986360716,-28.003141750117894,8c293a52745057c4
278013,2020,2,Medical treatment,False,0,1063_13821,True,153.323612943657,-27.926671478703895,8c293a52745057c4
278020,2021,8,Medical treatment,False,0,1070_13811,True,153.359068933935,-27.9720174826637,8c293a52745057c4
278054,2022,1,Medical treatment,False,0,1081_13811,True,153.4147479277,-27.973111488340997,8c293a52745057c4
278063,2020,6,Medical treatment,False,0,1082_13805,True,153.420120923879,-27.9981054890849,8c293a52745057c4
278064,2022,2,Hospitalisation,True,1,1045_13857,True,153.22935325082904,-27.7637434678665,8c293a52745057c4
278080,2022,2,Hospitalisation,True,2,1048_13809,True,153.248752944764,-27.981773471544685,8c293a52745057c4
278100,2024,11,Medical treatment,False,0,1071_13789,True,153.364654920363,-28.0723514840193,8c293a52745057c4
278115,2024,11,Medical treatment,False,0,1057_13845,True,153.293968960528,-27.820563474860503,8c293a52745057c4
278131,2024,11,Medical treatment,False,0,1074_13813,True,153.376639933006,-27.964317484390794,8c293a52745057c4
278136,2021,5,Medical treatment,False,0,1067_13816,True,153.341827938717,-27.9495644807344,8c293a52745057c4
278137,2020,12,Medical treatment,False,0,1085_13796,True,153.437135916406,-28.04140749116,8c293a52745057c4
278140,2021,4,Medical treatment,False,0,1084_13809,True,153.428987500288,-27.9797154938445,8c293a52745057c4
278145,2021,7,Hospitalisation,True,1,1061_13832,True,153.314659951056,-27.876762477402497,8c293a52745057c4
278148,2021,7,Medical treatment,False,0,1065_13820,True,153.334218941771,-27.932317479825695,8c293a52745057c4
278162,2021,12,Hospitalisation,True,1,1066_13818,True,153.337404818421,-27.940097480210504,8c293a52745057c4
278166,2022,2,Hospitalisation,True,1,1067_13813,True,153.344894203647,-27.963018806151794,8c293a52745057c4
278169,2022,2,Minor injury,False,0,1088_13785,True,153.45021890892,-28.088058492860895,8c293a52745057c4
278172,2022,3,Hospitalisation,True,1,1081_13804,True,153.413582923842,-28.003925488464205,8c293a52745057c4
278175,2022,4,Hospitalisation,True,1,1061_13832,True,153.314623951043,-27.8768904773998,8c293a52745057c4
278190,2024,5,Hospitalisation,True,1,1080_13802,True,153.41126492261,-28.015411488318204,8c293a52745057c4
278194,2024,5,Hospitalisation,True,1,1083_13810,True,153.422366926047,-27.979442489167294,8c293a52745057c4
278195,2024,5,Hospitalisation,True,1,1080_13800,True,153.41153892168703,-28.0223144884003,8c293a52745057c4
278207,2024,5,Hospitalisation,True,1,1079_13816,True,153.402202932253,-27.9484964868693,8c293a52745057c4
278213,2024,7,Hospitalisation,True,1,1062_13828,True,153.315000948614,-27.895464477584095,8c293a52745057c4
278226,2024,4,Medical treatment,False,0,1058_13834,True,153.29615895423,-27.867757475454003,8c293a52745057c4
278232,2024,4,Medical treatment,False,0,1061_13835,True,153.311683953179,-27.8627704769903,8c293a52745057c4
278235,2024,4,Minor injury,False,0,1062_13830,True,153.314983949538,-27.888293477526,8c293a52745057c4
278244,2024,4,Medical treatment,False,0,1042_13857,True,153.215238976358,-27.763769466438905,8c293a52745057c4
278252,2024,9,Hospitalisation,True,1,1092_13778,True,153.468374902687,-28.120669494970194,8c293a52745057c4
278269,2021,11,Hospitalisation,True,1,1057_13804,True,153.290555937,-28.006489475975595,8c293a52745057c4
278277,2023,2,Minor injury,False,0,1062_13830,True,153.315470949872,-27.885282477551804,8c293a52745057c4
278301,2022,5,Hospitalisation,True,3,1059_13840,True,153.30391157371,-27.841877969036997,8c293a52745057c4
278302,2022,1,Medical treatment,False,0,1075_13808,True,153.381741929464,-27.98741748509149,8c293a52745057c4
278303,2022,1,Medical treatment,False,0,1080_13813,True,153.410699929213,-27.96483048786339,8c293a52745057c4
278304,2022,5,Hospitalisation,True,1,1074_13813,True,153.37774193282604,-27.964779484506597,8c293a52745057c4
278305,2022,2,Medical treatment,False,0,1080_13814,True,153.410116930182,-27.957831487748997,8c293a52745057c4
278306,2022,1,Medical treatment,False,0,1074_13812,True,153.37634693224,-27.970498484409504,8c293a52745057c4
278322,2022,2,Medical treatment,False,0,1077_13815,True,153.395177932094,-27.955672486210194,8c293a52745057c4
278324,2022,1,Medical treatment,False,0,1075_13810,True,153.384484930556,-27.976642485286096,8c293a52745057c4
278325,2022,2,Medical treatment,False,0,1074_13810,True,153.381042930909,-27.9768244849372,8c293a52745057c4
278326,2022,2,Medical treatment,False,0,1084_13800,True,153.431087919788,-28.020424490378392,8c293a52745057c4
278328,2022,5,Minor injury,False,0,1063_13840,True,153.323222954759,-27.840694477988194,8c293a52745057c4
278360,2021,4,Hospitalisation,True,1,1065_13820,True,153.331755019265,-27.930574763561697,8c293a52745057c4
278377,2022,5,Medical treatment,False,0,1067_13816,True,153.343143893255,-27.95203289188761,8c293a52745057c4
278380,2022,6,Medical treatment,False,0,1067_13816,True,153.34083293900702,-27.948161480622307,8c293a52745057c4
278381,2022,7,Medical treatment,False,0,1063_13831,True,153.322372949163,-27.8849364782499,8c293a52745057c4
278386,2022,7,Medical treatment,False,0,1061_13833,True,153.314056469501,-27.873808658317998,8c293a52745057c4
278416,2024,8,Minor injury,False,0,1084_13805,True,153.427845922949,-27.998753489877597,8c293a52745057c4
278431,2024,8,Minor injury,False,0,1093_13777,True,153.476652900827,-28.127969495872996,8c293a52745057c4
278443,2024,8,Medical treatment,False,0,1049_13856,True,153.252319971539,-27.769971470240595,8c293a52745057c4
278447,2024,8,Minor injury,False,0,1077_13815,True,153.39575193244,-27.952510486243796,8c293a52745057c4
278448,2024,8,Medical treatment,False,0,1078_13807,True,153.399246927346,-27.988976486886198,8c293a52745057c4
278473,2024,9,Hospitalisation,True,1,1063_13804,True,153.323721933545,-28.0050714793308,8c293a52745057c4
278486,2024,9,Medical treatment,False,0,1078_13803,True,153.401521924432,-28.009582487279705,8c293a52745057c4
278487,2024,9,Medical treatment,False,0,1080_13815,True,153.409655930368,-27.956782487693797,8c293a52745057c4
278489,2024,9,Minor injury,False,0,1080_13813,True,153.411176029411,-27.962900487896697,8c293a52745057c4
278497,2020,7,Minor injury,False,0,1085_13796,True,153.436881916551,-28.040507491126995,8c293a52745057c4
278511,2020,11,Hospitalisation,True,1,1084_13791,True,153.430333914574,-28.061304490622298,8c293a52745057c4
278540,2022,5,Minor injury,False,0,1057_13844,True,153.292973960366,-27.822668474776105,8c293a52745057c4
278557,2023,6,Hospitalisation,True,1,1064_13821,True,153.327675943302,-27.925983479111192,8c293a52745057c4
278561,2022,5,Minor injury,False,0,1064_13838,True,153.327859952679,-27.8529494785556,8c293a52745057c4
278562,2024,11,Hospitalisation,True,1,1062_13831,True,153.315679950007,-27.8840544775634,8c293a52745057c4
278578,2021,5,Medical treatment,False,0,1085_13793,True,153.437124914822,-28.053637491254804,8c293a52745057c4
278595,2024,12,Minor injury,False,0,1073_13796,True,153.374955923272,-28.041097484822195,8c293a52745057c4
278600,2024,12,Medical treatment,False,0,1043_13865,True,153.222472980133,-27.7280914668895,8c293a52745057c4
278613,2024,11,Minor injury,False,0,1076_13788,True,153.388126917491,-28.074600486425695,8c293a52745057c4
278642,2024,11,Hospitalisation,True,1,1074_13810,True,153.380941930913,-27.976881484927283,8c293a52745057c4
278643,2024,11,Minor injury,False,0,1062_13830,True,153.315466949872,-27.8852804775514,8c293a52745057c4
278715,2023,2,Medical treatment,False,0,1083_13795,True,153.426778916878,-28.046539490143896,8c293a52745057c4
278717,2022,12,Hospitalisation,True,1,1076_13823,True,153.386420937973,-27.917548485018905,8c293a52745057c4
278719,2023,2,Hospitalisation,True,1,1080_13794,True,153.407079918858,-28.0479464881471,8c293a52745057c4
278742,2023,2,Medical treatment,False,0,1083_13777,True,153.426260614726,-28.125289522708595,8c293a52745057c4
278766,2023,7,Hospitalisation,True,1,1080_13811,True,153.409540928121,-27.974262487819406,8c293a52745057c4
278793,2024,12,Hospitalisation,True,1,1078_13784,True,153.400018913694,-28.093824487787504,8c293a52745057c4
278822,2024,12,Medical treatment,False,0,1061_13821,True,153.314755944744,-27.9257494777973,8c293a52745057c4
278823,2024,12,Medical treatment,False,0,1057_13846,True,153.289905961547,-27.816071474412997,8c293a52745057c4
278955,2020,12,Hospitalisation,True,1,1077_13806,True,153.394121927248,-27.994074486404205,8c293a52745057c4
278978,2023,4,Hospitalisation,True,1,1079_13823,True,153.404298935786,-27.919374486854004,8c293a52745057c4
278979,2020,7,Hospitalisation,True,1,1079_13831,True,153.40210894101,-27.880750486327095,8c293a52745057c4
278986,2023,9,Hospitalisation,True,2,1060_13836,True,153.309481953772,-27.860023476745095,8c293a52745057c4
279022,2023,8,Hospitalisation,True,1,1072_13813,True,153.367478934084,-27.963729483454006,8c293a52745057c4
279024,2023,8,Hospitalisation,True,1,1066_13801,True,153.33742793053,-28.0167884808151,8c293a52745057c4
279029,2023,8,Medical treatment,False,0,1067_13809,True,153.341677934433,-27.982918480981205,8c293a52745057c4
279044,2020,9,Hospitalisation,True,1,1076_13819,True,153.389614935131,-27.936862485495894,8c293a52745057c4
279051,2020,4,Hospitalisation,True,1,1084_13807,True,153.42970892403,-27.9888254899897,8c293a52745057c4
279064,2020,3,Medical treatment,False,0,1077_13808,True,153.396151927763,-27.9883714865662,8c293a52745057c4
279069,2020,3,Hospitalisation,True,1,1075_13815,True,153.385471933347,-27.95419048521021,8c293a52745057c4
279109,2020,11,Medical treatment,False,0,1083_13783,True,153.423409910185,-28.101041490227896,8c293a52745057c4
279111,2021,1,Hospitalisation,True,1,1057_13845,True,153.29397896053,-27.820539474861302,8c293a52745057c4
279117,2021,1,Hospitalisation,True,1,1081_13795,True,153.415887918181,-28.045709489027104,8c293a52745057c4
279120,2021,1,Hospitalisation,True,1,1083_13788,True,153.422994913592,-28.075109489982196,8c293a52745057c4
279142,2020,8,Minor injury,False,0,1061_13830,True,153.313508949682,-27.888424477377292,8c293a52745057c4
279148,2024,3,Minor injury,False,0,1077_13806,True,153.395163927249,-27.99318148650339,8c293a52745057c4
279149,2021,1,Minor injury,False,0,1062_13825,True,153.316597946846,-27.907846477843595,8c293a52745057c4
279161,2021,7,Hospitalisation,True,1,1076_13805,True,153.386503147601,-27.997803238657703,8c293a52745057c4
279192,2024,10,Hospitalisation,True,1,1080_13801,True,153.411458922341,-28.017325488353,8c293a52745057c4
279200,2024,10,Medical treatment,False,0,1075_13798,True,153.385983923157,-28.032622485878196,8c293a52745057c4
279208,2020,1,Medical treatment,False,0,1072_13787,True,153.367867552129,-28.079156073399396,8c293a52745057c4
279221,2020,1,Medical treatment,False,0,1081_13813,True,153.414734928828,-27.9643994882712,8c293a52745057c4
279261,2023,8,Minor injury,False,0,1060_13837,True,153.306747954362,-27.857746476449694,8c293a52745057c4
279278,2023,8,Minor injury,False,0,1081_13804,True,153.413500923901,-28.0035364884528,8c293a52745057c4
279287,2023,3,Minor injury,False,0,1080_13811,True,153.410815928213,-27.972474487935298,8c293a52745057c4
279314,2020,3,Hospitalisation,True,1,1085_13789,True,153.43730291272,-28.069702491399,8c293a52745057c4
279316,2024,12,Hospitalisation,True,1,1083_13797,True,153.424885918557,-28.035177489861802,8c293a52745057c4
279381,2021,1,Minor injury,False,0,1097_13772,True,153.498005895936,-28.147487498208402,8c293a52745057c4
279393,2020,5,Minor injury,False,0,1091_13769,True,153.463519897856,-28.161958494797904,8c293a52745057c4
279397,2021,1,Hospitalisation,True,1,1076_13825,True,153.387814938792,-27.910021485101595,8c293a52745057c4
279406,2021,2,Hospitalisation,True,1,1083_13809,True,153.42472492566,-27.980438489415608,8c293a52745057c4
279407,2021,2,Minor injury,False,0,1073_13820,True,153.374677937615,-27.930260483923504,8c293a52745057c4
279423,2021,3,Medical treatment,False,0,1086_13792,True,153.437806913911,-28.060092491374995,8c293a52745057c4
279424,2021,3,Hospitalisation,True,1,1077_13815,True,153.392051932497,-27.955204485888103,8c293a52745057c4
279432,2021,3,Medical treatment,False,0,1076_13787,True,153.388338916849,-28.079376486484698,8c293a52745057c4
279434,2021,4,Hospitalisation,True,1,1062_13827,True,153.315616117633,-27.90256453870241,8c293a52745057c4
279443,2023,4,Hospitalisation,True,1,1079_13811,True,153.404513928841,-27.972951487296907,8c293a52745057c4
279445,2023,4,Medical treatment,False,0,1057_13844,True,153.292641960466,-27.822171474738507,8c293a52745057c4
279477,2021,7,Medical treatment,False,0,1076_13787,True,153.390237916483,-28.080596486687703,8c293a52745057c4
279490,2021,7,Hospitalisation,True,1,1092_13773,True,153.472357899251,-28.143729495557793,8c293a52745057c4
279491,2021,7,Hospitalisation,True,1,1055_13845,True,153.284049961935,-27.8180124738344,8c293a52745057c4
279493,2021,7,Medical treatment,False,0,1088_13785,True,153.452852908448,-28.089457493140706,8c293a52745057c4
279494,2021,7,Medical treatment,False,0,1098_13772,True,153.500262895404,-28.149663498456206,8c293a52745057c4
279496,2021,3,Medical treatment,False,0,1080_13813,True,153.407986929816,-27.962466487568403,8c293a52745057c4
279505,2021,8,Hospitalisation,True,1,1073_13814,True,153.37379293425101,-27.957082484044196,8c293a52745057c4
279507,2021,8,Hospitalisation,True,1,1049_13859,True,153.248879973903,-27.754414469769692,8c293a52745057c4
279509,2020,10,Minor injury,False,0,1081_13804,True,153.412834924021,-28.0031784883821,8c293a52745057c4
279539,2020,3,Medical treatment,False,0,1080_13814,True,153.408606930389,-27.957505487592588,8c293a52745057c4
279547,2020,3,Hospitalisation,True,1,1067_13809,True,153.343476934129,-27.9837464811705,8c293a52745057c4
279552,2020,3,Hospitalisation,True,1,1080_13812,True,153.409877516714,-27.969386961815395,8c293a52745057c4
279574,2023,5,Medical treatment,False,0,1058_13798,True,153.29525126434,-28.03089865464341,8c293a52745057c4
279590,2020,1,Medical treatment,False,0,1055_13802,True,153.28231993699,-28.013585475196003,8c293a52745057c4
279643,2021,1,Hospitalisation,True,1,1063_13821,True,153.324489943616,-27.926244478789705,8c293a52745057c4
279647,2021,1,Medical treatment,False,0,1079_13810,True,153.403772928276,-27.9779434872606,8c293a52745057c4
279648,2021,1,Medical treatment,False,0,1092_13775,True,153.47302990055,-28.133174495543706,8c293a52745057c4
279742,2021,2,Medical treatment,False,0,1080_13813,True,153.41159592925,-27.9637864879465,8c293a52745057c4
279766,2023,4,Hospitalisation,True,1,1075_13823,True,153.385591266634,-27.9208788119606,8c293a52745057c4
279767,2023,4,Hospitalisation,True,1,1086_13788,True,153.442638911399,-28.075367491987798,8c293a52745057c4
279768,2023,4,Medical treatment,False,0,1083_13810,True,153.42518492592,-27.9780404894436,8c293a52745057c4
279811,2021,8,Medical treatment,False,0,1075_13815,True,153.3836869336,-27.95374348502499,8c293a52745057c4
279820,2021,10,Hospitalisation,True,2,1046_13860,True,153.236597807586,-27.751677275504598,8c293a52745057c4
279821,2021,10,Hospitalisation,True,1,1092_13777,True,153.469775080555,-28.128200480172293,8c293a52745057c4
279824,2021,10,Hospitalisation,True,1,1087_13790,True,153.443849912408,-28.066561492042293,8c293a52745057c4
279825,2021,10,Medical treatment,False,0,1084_13802,True,153.431647542462,-28.014747727390905,8c293a52745057c4
279853,2020,3,Hospitalisation,True,1,1071_13832,True,153.361791945724,-27.8782684822038,8c293a52745057c4
279860,2020,3,Medical treatment,False,0,1085_13787,True,153.43340591172,-28.080718491087897,8c293a52745057c4
279875,2020,2,Medical treatment,False,0,1076_13787,True,153.386812916655,-28.082176486351297,8c293a52745057c4
279876,2023,5,Minor injury,False,0,1076_13827,True,153.387264940122,-27.90017548496821,8c293a52745057c4
279881,2020,2,Medical treatment,False,0,1085_13793,True,153.43701391483,-28.053669491243703,8c293a52745057c4
279890,2020,2,Medical treatment,False,0,1081_13797,True,153.415447919422,-28.036500488909994,8c293a52745057c4
279894,2020,7,Medical treatment,False,0,1089_13785,True,153.45302490841704,-28.089550493158896,8c293a52745057c4
279895,2020,7,Hospitalisation,True,1,1065_13803,True,153.335267480504,-28.011072201550693,8c293a52745057c4
279899,2020,7,Hospitalisation,True,1,1081_13786,True,153.413103913517,-28.084076489044296,8c293a52745057c4
279903,2023,5,Hospitalisation,True,1,1075_13813,True,153.385668931926,-27.965032485315497,8c293a52745057c4
279905,2023,5,Minor injury,False,0,1045_13864,True,153.229078978551,-27.7348634676113,8c293a52745057c4
279908,2020,7,Minor injury,False,0,1062_13830,True,153.315628124614,-27.887150040582405,8c293a52745057c4
279919,2021,1,Hospitalisation,True,3,1072_13800,True,153.36676862146902,-28.0233103198496,8c293a52745057c4
279947,2023,9,Hospitalisation,True,1,1044_13855,True,153.225002882093,-27.7731960545008,8c293a52745057c4
279973,2020,4,Minor injury,False,0,1083_13802,True,153.425118494605,-28.011443559699188,8c293a52745057c4
279978,2020,5,Minor injury,False,0,1062_13830,True,153.315470949872,-27.885282477551804,8c293a52745057c4
279979,2020,5,Hospitalisation,True,1,1077_13803,True,153.395097925179,-28.009253486622796,8c293a52745057c4
279986,2020,5,Minor injury,False,0,1067_13816,True,153.341317938808,-27.949294480680496,8c293a52745057c4
279992,2020,11,Hospitalisation,True,1,1084_13800,True,153.428978919943,-28.021012490167898,8c293a52745057c4
280020,2020,11,Hospitalisation,True,1,1084_13804,True,153.429146922253,-28.003026490043904,8c293a52745057c4
280036,2021,4,Medical treatment,False,0,1087_13788,True,153.443244911114,-28.077051492062804,8c293a52745057c4
283676,2024,5,Hospitalisation,True,1,1080_13810,True,153.410982927684,-27.976418487983295,8c293a52745057c4
283679,2024,5,Medical treatment,False,0,1079_13811,True,153.40376392911003,-27.9715044872091,8c293a52745057c4
283744,2022,11,Minor injury,False,0,1067_13816,True,153.34244893838803,-27.9515874808135,8c293a52745057c4
283745,2022,11,Minor injury,False,0,1080_13800,True,153.410984921563,-28.023743488355002,8c293a52745057c4
283823,2021,10,Medical treatment,False,0,1093_13774,True,153.477128199207,-28.140028111016104,8c293a52745057c4
284230,2021,2,Medical treatment,False,0,1067_13817,True,153.340732465117,-27.947394081606003,8c293a52745057c4
284353,2020,12,Medical treatment,False,0,1067_13816,True,153.342894938321,-27.951733480859897,8c293a52745057c4
284560,2022,11,Minor injury,False,0,1067_13816,True,153.34433393829,-27.950749480998393,8c293a52745057c4
284561,2023,8,Minor injury,False,0,1064_13835,True,153.326313951067,-27.866792478507502,8c293a52745057c4
284789,2020,5,Medical treatment,False,0,1082_13797,True,153.417871022177,-28.036339501155705,8c293a52745057c4
284971,2021,2,Hospitalisation,True,1,1041_13859,True,153.21291197757,-27.756265466144495,8c293a52745057c4
284987,2023,10,Minor injury,False,0,1092_13777,True,153.470844901754,-28.1257594952624,8c293a52745057c4
285242,2021,8,Hospitalisation,True,1,1052_13827,True,153.265866562454,-27.89953680863239,8c293a52745057c4
285243,2020,9,Minor injury,False,0,1049_13867,True,153.251848977835,-27.721164469808297,8c293a52745057c4
285286,2022,12,Minor injury,False,0,1073_13820,True,153.371516937946,-27.930372483602696,8c293a52745057c4
285634,2022,9,Hospitalisation,True,2,1055_13830,True,153.283289952932,-27.888790474314103,8c293a52745057c4
285639,2022,9,Hospitalisation,True,1,1067_13809,True,153.344857934105,-27.9827614813031,8c293a52745057c4
285681,2020,11,Hospitalisation,True,1,1058_13833,True,153.296064953369,-27.8745384754978,8c293a52745057c4
285697,2020,11,Hospitalisation,True,1,1075_13815,True,153.385783933303,-27.95427048524259,8c293a52745057c4
285785,2021,10,Hospitalisation,True,1,1085_13791,True,153.436054913454,-28.065098491235595,8c293a52745057c4
285989,2022,7,Medical treatment,False,0,1078_13811,True,153.40109492895704,-27.97494548696419,8c293a52745057c4
286004,2022,7,Medical treatment,False,0,1068_13803,True,153.346542930275,-28.011018481696293,8c293a52745057c4
286089,2023,11,Medical treatment,False,0,1047_13858,True,153.242625074001,-27.7589528691721,8c293a52745057c4
286091,2023,12,Hospitalisation,True,1,1080_13816,True,153.40760393155,-27.949369487426395,8c293a52745057c4
286304,2022,4,Medical treatment,False,0,1058_13833,True,153.295307648406,-27.87489198642371,8c293a52745057c4
286350,2021,9,Hospitalisation,True,1,1077_13815,True,153.395177932094,-27.955672486210194,8c293a52745057c4
286468,2022,8,Hospitalisation,True,1,1067_13808,True,153.340727079831,-27.9883938799275,8c293a52745057c4
286892,2022,4,Hospitalisation,True,1,1084_13804,True,153.431297921748,-28.005106490279605,8c293a52745057c4
287262,2024,4,Hospitalisation,True,2,1078_13824,True,153.400847937055,-27.912462486448092,8c293a52745057c4
287292,2024,7,Medical treatment,False,0,1054_13824,True,153.276804950558,-27.9127864738452,8c293a52745057c4
287294,2024,7,Medical treatment,False,0,1084_13798,True,153.431614918341,-28.031149490516295,8c293a52745057c4
287297,2024,7,Hospitalisation,True,1,1066_13804,True,153.340109931908,-28.003826480985996,8c293a52745057c4
287310,2024,7,Medical treatment,False,0,1079_13782,True,153.403056912272,-28.1022154881628,8c293a52745057c4
287312,2024,7,Hospitalisation,True,3,1074_13808,True,153.380380929775,-27.986162484943097,8c293a52745057c4
287322,2024,10,Hospitalisation,True,1,1072_13801,True,153.369538926717,-28.019040484097893,8c293a52745057c4
287328,2024,7,Medical treatment,False,0,1096_13774,True,153.49185489737,-28.141678497534,8c293a52745057c4
287329,2024,7,Hospitalisation,True,2,1079_13783,True,153.402571912942,-28.097458488076104,8c293a52745057c4
287331,2024,7,Medical treatment,False,0,1082_13789,True,153.421360913965,-28.073614489803894,8c293a52745057c4
287335,2024,7,Minor injury,False,0,1067_13833,True,153.345122948273,-27.872580480464194,8c293a52745057c4
287341,2024,6,Minor injury,False,0,1071_13790,True,153.361498921521,-28.066075483648998,8c293a52745057c4
287349,2024,6,Hospitalisation,True,1,1078_13813,True,153.400696930577,-27.962747486827897,8c293a52745057c4
287355,2024,6,Minor injury,False,0,1061_13832,True,153.314145951211,-27.8759904773442,8c293a52745057c4
287357,2024,6,Minor injury,False,0,1079_13782,True,153.406554911904,-28.102084488518088,8c293a52745057c4
287371,2024,11,Medical treatment,False,0,1080_13816,True,153.408191931341,-27.950492487495197,8c293a52745057c4
287418,2024,2,Minor injury,False,0,1079_13783,True,153.402239912733,-28.0993544880571,8c293a52745057c4
287428,2024,2,Hospitalisation,True,2,1082_13806,True,153.417537924306,-27.99698848881289,8c293a52745057c4
287442,2024,2,Medical treatment,False,0,1083_13794,True,153.427000916698,-28.047739490176,8c293a52745057c4
289021,2024,2,Medical treatment,False,0,1072_13817,True,153.370687935978,-27.94633448364381,8c293a52745057c4
289024,2024,2,Minor injury,False,0,1088_13785,True,153.449010908895,-28.089274492747094,8c293a52745057c4
289031,2023,4,Medical treatment,False,0,1061_13832,True,153.314625571083,-27.876582899397597,8c293a52745057c4
289036,2024,2,Hospitalisation,True,1,1083_13804,True,153.426276922656,-28.0023424897458,8c293a52745057c4
289038,2024,2,Minor injury,False,0,1069_13798,True,153.352690926668,-28.033731482499597,8c293a52745057c4
289045,2024,2,Hospitalisation,True,1,1066_13818,True,153.337259940565,-27.939099480188,8c293a52745057c4
289054,2024,1,Hospitalisation,True,1,1075_13831,True,153.385016942822,-27.881142484589702,8c293a52745057c4
289055,2024,1,Minor injury,False,0,1104_13767,True,153.534642888769,-28.1715025021453,8c293a52745057c4
289056,2024,2,Hospitalisation,True,2,1073_13820,True,153.374470937485,-27.931449483911795,8c293a52745057c4
289057,2024,2,Hospitalisation,True,1,1076_13806,True,153.387097927587,-27.997408485715205,8c293a52745057c4
289067,2024,4,Hospitalisation,True,1,1082_13794,True,153.421718917274,-28.047768489637697,8c293a52745057c4
289074,2024,4,Medical treatment,False,0,1091_13777,True,153.464389902716,-28.123826494588,8c293a52745057c4
289079,2024,5,Hospitalisation,True,1,1051_13849,True,153.26151496666,-27.800268471410597,8c293a52745057c4
289081,2024,3,Minor injury,False,0,1081_13805,True,153.414313924581,-27.997598488489096,8c293a52745057c4
289103,2024,4,Medical treatment,False,0,1071_13800,True,153.361876927289,-28.02111748333469,8c293a52745057c4
289106,2023,8,Hospitalisation,True,1,1044_13855,True,153.228359973303,-27.7765214678666,8c293a52745057c4
289119,2024,5,Minor injury,False,0,1084_13799,True,153.431152918667,-28.02902649045261,8c293a52745057c4
289128,2024,5,Medical treatment,False,0,1057_13846,True,153.292790961258,-27.815871474704096,8c293a52745057c4
289158,2024,6,Minor injury,False,0,1087_13783,True,153.44308690848,-28.097491492206995,8c293a52745057c4
289164,2024,6,Minor injury,False,0,1066_13807,True,153.34065493376,-27.989004480925004,8c293a52745057c4
289186,2024,6,Hospitalisation,True,1,1083_13783,True,153.426503523259,-28.097843047518296,8c293a52745057c4
289188,2024,10,Hospitalisation,True,1,1070_13794,True,153.356252924276,-28.049218482983296,8c293a52745057c4
289204,2023,11,Hospitalisation,True,2,1046_13818,True,153.233842951448,-27.942436469726303,8c293a52745057c4
289222,2023,11,Hospitalisation,True,1,1084_13797,True,153.432097917513,-28.037135490612602,8c293a52745057c4
289244,2024,8,Hospitalisation,True,1,1061_13818,True,153.313284942661,-27.9431784777849,8c293a52745057c4
289249,2024,8,Hospitalisation,True,1,1081_13814,True,153.411885929668,-27.960313487948795,8c293a52745057c4
289266,2024,8,Medical treatment,False,0,1083_13786,True,153.425801911902,-28.085765490352,8c293a52745057c4
289267,2024,8,Medical treatment,False,0,1077_13790,True,153.395050917579,-28.068038487079306,8c293a52745057c4
289272,2024,9,Medical treatment,False,0,1062_13826,True,153.318774946727,-27.906924478057398,8c293a52745057c4
289278,2024,8,Hospitalisation,True,1,1086_13793,True,153.437645914495,-28.055720491324305,8c293a52745057c4
289286,2024,10,Hospitalisation,True,1,1078_13826,True,153.400327937999,-27.90558348634101,8c293a52745057c4
289292,2024,10,Hospitalisation,True,1,1044_13833,True,153.226777960803,-27.875509468485408,8c293a52745057c4
289297,2024,10,Hospitalisation,True,1,1091_13777,True,153.467308902327,-28.124344494890092,8c293a52745057c4
289300,2024,10,Hospitalisation,True,1,1075_13808,True,153.382033929566,-27.986381485113096,8c293a52745057c4
289304,2024,10,Hospitalisation,True,1,1067_13773,True,153.343989913029,-28.146649482500198,8c293a52745057c4
289308,2024,10,Hospitalisation,True,1,1066_13807,True,153.336525934158,-27.989426480508698,8c293a52745057c4
289311,2024,1,Minor injury,False,0,1083_13783,True,153.422923910304,-28.100534490174404,8c293a52745057c4
289326,2023,10,Medical treatment,False,0,1074_13785,True,153.379771916619,-28.088436485683594,8c293a52745057c4
289343,2023,12,Hospitalisation,True,1,1075_13809,True,153.382741929906,-27.98314748515979,8c293a52745057c4
289350,2024,1,Minor injury,False,0,1079_13794,True,153.402222918974,-28.0511764876776,8c293a52745057c4
289355,2020,12,Minor injury,False,0,1091_13777,True,153.464339902626,-28.124562494588595,8c293a52745057c4
289357,2024,10,Minor injury,False,0,1050_13852,True,153.255973968898,-27.787499470748692,8c293a52745057c4
289366,2020,6,Hospitalisation,True,1,1035_13841,True,153.179466465613,-27.839169915417,8c293a52745057c4
289369,2021,2,Hospitalisation,True,1,1058_13837,True,153.297894955601,-27.85561447553461,8c293a52745057c4
289375,2021,7,Hospitalisation,True,1,1069_13796,True,153.353262925466,-28.042551482626898,8c293a52745057c4
289387,2020,12,Medical treatment,False,0,1081_13812,True,153.413989928591,-27.966858488214598,8c293a52745057c4
289388,2021,7,Medical treatment,False,0,1062_13826,True,153.317174280984,-27.906289118889898,8c293a52745057c4
289423,2020,3,Hospitalisation,True,1,1081_13807,True,153.412936925469,-27.9918934883039,8c293a52745057c4
289457,2023,1,Medical treatment,False,0,1057_13849,True,153.292741963317,-27.799868474573092,8c293a52745057c4
289511,2020,5,Hospitalisation,True,1,1084_13801,True,153.431281919883,-28.019523490391105,8c293a52745057c4
289514,2023,8,Medical treatment,False,0,1061_13829,True,153.314587893321,-27.890317593501695,8c293a52745057c4
289515,2020,5,Hospitalisation,True,1,1090_13778,True,153.463273791316,-28.120157517445303,8c293a52745057c4
289554,2020,2,Medical treatment,False,0,1047_13853,True,153.242439971033,-27.7823084693373,8c293a52745057c4
289562,2022,11,Hospitalisation,True,1,1052_13848,True,153.265497965552,-27.805537471855597,8c293a52745057c4
289566,2020,11,Minor injury,False,0,1074_13785,True,153.376652916861,-28.0892204853723,8c293a52745057c4
289589,2021,1,Medical treatment,False,0,1081_13805,True,153.41421592413,-28.001165488507105,8c293a52745057c4
289591,2021,1,Medical treatment,False,0,1057_13838,True,153.293562956724,-27.8505434750552,8c293a52745057c4
289593,2021,5,Medical treatment,False,0,1084_13798,True,153.431780918228,-28.031879490538998,8c293a52745057c4
289594,2021,1,Medical treatment,False,0,1062_13827,True,153.315321947973,-27.9001684776537,8c293a52745057c4
289595,2021,1,Medical treatment,False,0,1059_13821,True,153.299894946239,-27.926753476296795,8c293a52745057c4
289601,2020,12,Minor injury,False,0,1042_13832,True,153.215101961784,-27.8777974673223,8c293a52745057c4
289606,2024,1,Hospitalisation,True,1,1083_13777,True,153.426270321745,-28.1251350517084,8c293a52745057c4
289608,2021,8,Hospitalisation,True,1,1045_13854,True,153.230425972958,-27.777463468083102,8c293a52745057c4
289610,2021,8,Hospitalisation,True,1,1043_13862,True,153.222791978338,-27.7418664670303,8c293a52745057c4
289618,2024,1,Hospitalisation,True,1,1059_13851,True,153.302056963509,-27.790485475444303,8c293a52745057c4
289637,2021,9,Medical treatment,False,0,1051_13851,True,153.260036908637,-27.793893599210595,8c293a52745057c4
289648,2021,9,Medical treatment,False,0,1087_13788,True,153.444933101217,-28.074829690217705,8c293a52745057c4
289650,2023,12,Hospitalisation,True,1,1069_13801,True,153.352996928438,-28.019763482421098,8c293a52745057c4
289651,2024,1,Hospitalisation,True,1,1075_13787,True,153.386418916931,-28.0803754862971,8c293a52745057c4
289664,2024,1,Hospitalisation,True,1,1047_13852,True,153.241845970198,-27.7893384693325,8c293a52745057c4
289674,2024,1,Minor injury,False,0,1048_13866,True,153.247291977725,-27.725884469384095,8c293a52745057c4
289691,2024,2,Hospitalisation,True,1,1067_13810,True,153.343084934797,-27.978903481092605,8c293a52745057c4
289701,2024,2,Minor injury,False,0,1056_13845,True,153.289124961072,-27.820436474368098,8c293a52745057c4
289711,2024,2,Minor injury,False,0,1073_13804,True,153.375384928181,-28.002740484564793,8c293a52745057c4
289716,2024,4,Hospitalisation,True,1,1075_13787,True,153.384129917082,-28.081155486070205,8c293a52745057c4
289734,2024,4,Hospitalisation,True,1,1038_13769,True,153.198468927068,-28.1624274678734,8c293a52745057c4
289752,2024,5,Minor injury,False,0,1084_13798,True,153.430213918673,-28.0297754903627,8c293a52745057c4
289791,2024,3,Hospitalisation,True,1,1057_13839,True,153.290712957582,-27.8462784747326,8c293a52745057c4
289797,2024,3,Minor injury,False,0,1067_13813,True,153.34532693636,-27.9648804812104,8c293a52745057c4
289809,2024,6,Medical treatment,False,0,1077_13790,True,153.395055917591,-28.0679424870791,8c293a52745057c4
289815,2024,6,Minor injury,False,0,1048_13865,True,153.246145977243,-27.730626469305395,8c293a52745057c4
289816,2024,6,Minor injury,False,0,1061_13833,True,153.313882951664,-27.8726894772915,8c293a52745057c4
289826,2023,3,Minor injury,False,0,1063_13817,True,153.320395941546,-27.9458024785276,8c293a52745057c4
289842,2024,8,Medical treatment,False,0,1082_13786,True,153.419413912663,-28.085314489697208,8c293a52745057c4
289845,2020,1,Medical treatment,False,0,1080_13814,True,153.411510929785,-27.959719487905904,8c293a52745057c4
289852,2024,5,Hospitalisation,True,1,1076_13821,True,153.387467936391,-27.928919485214795,8c293a52745057c4
289855,2024,8,Medical treatment,False,0,1035_13843,True,153.180326972101,-27.826792463406495,8c293a52745057c4
289864,2024,8,Medical treatment,False,0,1064_13804,True,153.328115933376,-28.002638479758,8c293a52745057c4
289871,2024,8,Hospitalisation,True,1,1072_13803,True,153.369702927733,-28.011035484051707,8c293a52745057c4
289876,2024,8,Hospitalisation,True,1,1061_13835,True,153.311416953093,-27.8636644769702,8c293a52745057c4
289878,2024,8,Medical treatment,False,0,1080_13796,True,153.407849919749,-28.0404144881664,8c293a52745057c4
289880,2023,8,Minor injury,False,0,1104_13767,True,153.532154889164,-28.170572501883303,8c293a52745057c4
289890,2024,8,Medical treatment,False,0,1091_13779,True,153.466679903225,-28.117968494775905,8c293a52745057c4
289899,2024,12,Hospitalisation,True,1,1066_13853,True,153.336180960779,-27.782881478849404,8c293a52745057c4
289905,2024,9,Hospitalisation,True,2,1081_13814,True,153.412236929573,-27.9607484879879,8c293a52745057c4
289910,2024,9,Minor injury,False,0,1063_13817,True,153.321786158571,-27.944428750657895,8c293a52745057c4
289917,2024,9,Minor injury,False,0,1066_13805,True,153.33720601469903,-28.000165080662093,8c293a52745057c4
289919,2024,9,Hospitalisation,True,1,1077_13790,True,153.394753917529,-28.06867748705409,8c293a52745057c4
289927,2024,8,Hospitalisation,True,1,1103_13768,True,153.525551890362,-28.166969501179096,8c293a52745057c4
289939,2024,10,Medical treatment,False,0,1052_13848,True,153.26651096526004,-27.806951471969402,8c293a52745057c4
289940,2024,10,Minor injury,False,0,1080_13811,True,153.406743928727,-27.971938487516105,8c293a52745057c4
289945,2024,10,Minor injury,False,0,1075_13808,True,153.383211929414,-27.986559485234395,8c293a52745057c4
289971,2024,10,Minor injury,False,0,1073_13813,True,153.376134933033,-27.9645314843411,8c293a52745057c4
289984,2024,1,Medical treatment,False,0,1066_13832,True,153.338598948312,-27.8778024798422,8c293a52745057c4
290025,2024,10,Hospitalisation,True,1,1075_13809,True,153.382744929948,-27.982824485157497,8c293a52745057c4
290045,2021,2,Medical treatment,False,0,1082_13790,True,153.418347915366,-28.065359489432,8c293a52745057c4
290052,2021,6,Hospitalisation,True,1,1045_13858,True,153.230091254315,-27.759316949906292,8c293a52745057c4
290058,2020,2,Minor injury,False,0,1078_13819,True,153.400883934068,-27.935561486633304,8c293a52745057c4
290064,2020,3,Hospitalisation,True,1,1083_13802,True,153.424056921647,-28.012018489595498,8c293a52745057c4
290065,2020,5,Minor injury,False,0,1070_13810,True,153.360483510196,-27.976540964843096,8c293a52745057c4
290070,2020,3,Hospitalisation,True,1,1081_13803,True,153.414584923113,-28.0087114886039,8c293a52745057c4
290076,2020,3,Medical treatment,False,0,1095_13770,True,153.487373732014,-28.15589423318739,8c293a52745057c4
290080,2020,4,Minor injury,False,0,1051_13819,True,153.260891949336,-27.935833472413503,8c293a52745057c4
290084,2023,4,Medical treatment,False,0,1067_13804,True,153.343274931188,-28.0067194813303,8c293a52745057c4
290086,2020,3,Medical treatment,False,0,1082_13806,True,153.419273924158,-27.996667488987292,8c293a52745057c4
290095,2020,4,Hospitalisation,True,1,1078_13824,True,153.400870937069,-27.912330486449402,8c293a52745057c4
290097,2020,4,Hospitalisation,True,1,1080_13787,True,153.407249914316,-28.082883488438405,8c293a52745057c4
290142,2020,5,Medical treatment,False,0,1069_13801,True,153.353923928704,-28.016916482492995,8c293a52745057c4
290156,2020,6,Medical treatment,False,0,1080_13797,True,153.408585920343,-28.035203488200494,8c293a52745057c4
290164,2020,6,Hospitalisation,True,2,1073_13812,True,153.373763932536,-27.97039748414589,8c293a52745057c4
290178,2020,6,Fatal,True,1,1075_13820,True,153.382383936472,-27.9326004847262,8c293a52745057c4
290179,2020,6,Medical treatment,False,0,1078_13819,True,153.401041934035,-27.935683486650404,8c293a52745057c4
290190,2020,2,Medical treatment,False,0,1044_13864,True,153.225409978923,-27.7350684672416,8c293a52745057c4
290201,2022,12,Hospitalisation,True,2,1052_13848,True,153.267151965522,-27.804368472013998,8c293a52745057c4
290216,2021,3,Hospitalisation,True,1,1063_13831,True,153.323854949287,-27.882722478382988,8c293a52745057c4
290222,2021,9,Medical treatment,False,0,1083_13797,True,153.42489091855703,-28.035178489862297,8c293a52745057c4
290223,2021,2,Medical treatment,False,0,1077_13830,True,153.391740941415,-27.886365485315302,8c293a52745057c4
290224,2021,2,Hospitalisation,True,1,1062_13843,True,153.316818957292,-27.8264114772255,8c293a52745057c4
290233,2023,11,Hospitalisation,True,1,1066_13818,True,153.337469940287,-27.941079480224893,8c293a52745057c4
290244,2023,11,Medical treatment,False,0,1061_13835,True,153.312642952641,-27.866145477114202,8c293a52745057c4
290248,2023,11,Hospitalisation,True,1,1103_13767,True,153.526225890012,-28.1690825012646,8c293a52745057c4
290293,2024,1,Hospitalisation,True,1,1085_13783,True,153.436956908673,-28.1012054916108,8c293a52745057c4
290319,2024,1,Hospitalisation,True,1,1082_13772,True,153.422050903899,-28.1506524904781,8c293a52745057c4
290325,2024,3,Medical treatment,False,0,1090_13783,True,153.461838905962,-28.100999494148496,8c293a52745057c4
290335,2024,1,Minor injury,False,0,1094_13773,True,153.47971589831,-28.144732496317296,8c293a52745057c4
290336,2024,1,Minor injury,False,0,1062_13779,True,153.317790919864,-28.116132479599404,8c293a52745057c4
290337,2024,1,Minor injury,False,0,1076_13822,True,153.387580937132,-27.923087485180496,8c293a52745057c4
290346,2024,1,Minor injury,False,0,1093_13773,True,153.474546898811,-28.145264495793395,8c293a52745057c4
290353,2024,3,Hospitalisation,True,1,1063_13843,True,153.321981956229,-27.830308477780495,8c293a52745057c4
290358,2024,3,Hospitalisation,True,1,1057_13826,True,153.29291094983,-27.9047604754154,8c293a52745057c4
290359,2024,3,Medical treatment,False,0,1055_13846,True,153.282685962172,-27.817317473690604,8c293a52745057c4
290368,2020,10,Medical treatment,False,0,1075_13798,True,153.385983923157,-28.032622485878196,8c293a52745057c4
290371,2020,10,Minor injury,False,0,1063_13827,True,153.32034794723,-27.9016794781759,8c293a52745057c4
290372,2024,2,Hospitalisation,True,1,1071_13788,True,153.365071919939,-28.0752704840846,8c293a52745057c4
290379,2024,2,Medical treatment,False,0,1072_13803,True,153.369641784725,-28.011149827046392,8c293a52745057c4
290388,2024,3,Hospitalisation,True,1,1054_13801,True,153.27630293691004,-28.019338474631,8c293a52745057c4
290415,2024,4,Hospitalisation,True,1,1062_13826,True,153.318263946845,-27.9064454780018,8c293a52745057c4
290425,2024,4,Hospitalisation,True,1,1054_13854,True,153.278031967345,-27.780917472932202,8c293a52745057c4
290481,2023,7,Hospitalisation,True,1,1079_13815,True,153.402188931217,-27.956527486931,8c293a52745057c4
290487,2023,11,Minor injury,False,0,1083_13794,True,153.423995438004,-28.047922651870998,8c293a52745057c4
290488,2023,11,Hospitalisation,True,1,1079_13796,True,153.4058788251,-28.03937394395739,8c293a52745057c4
290489,2023,11,Hospitalisation,True,1,1071_13789,True,153.363641719572,-28.0715958539103,8c293a52745057c4
290493,2023,11,Medical treatment,False,0,1076_13788,True,153.387552917442,-28.075463486373998,8c293a52745057c4
290514,2023,10,Minor injury,False,0,1049_13857,True,153.25091997236802,-27.76468147005709,8c293a52745057c4
290533,2024,8,Hospitalisation,True,1,1052_13848,True,153.267229965041,-27.808051472050902,8c293a52745057c4
290549,2024,8,Medical treatment,False,0,1061_13833,True,153.313776951814,-27.8716114772723,8c293a52745057c4
290556,2024,8,Hospitalisation,True,1,1080_13816,True,153.40669193155,-27.9501414873396,8c293a52745057c4
290574,2024,8,Minor injury,False,0,1077_13813,True,153.39463893110602,-27.96377748621889,8c293a52745057c4
290575,2024,8,Hospitalisation,True,1,1050_13855,True,153.256650970206,-27.776711470732305,8c293a52745057c4
290593,2024,8,Medical treatment,False,0,1066_13805,True,153.339947932329,-28.0006994809449,8c293a52745057c4
290595,2024,9,Medical treatment,False,0,1095_13774,True,153.487244898227,-28.138992497041798,8c293a52745057c4
290636,2024,9,Hospitalisation,True,1,1081_13812,True,153.412398928727,-27.9671554880548,8c293a52745057c4
290644,2023,9,Hospitalisation,True,1,1080_13786,True,153.41099924767,-28.0846858098346,8c293a52745057c4
290649,2024,10,Medical treatment,False,0,1051_13853,True,153.262444968625,-27.784139471377795,8c293a52745057c4
290669,2024,11,Hospitalisation,True,1,1077_13813,True,153.395706931209,-27.962079486314405,8c293a52745057c4
290688,2021,3,Hospitalisation,True,5,1062_13830,True,153.316706949706,-27.8855234776792,8c293a52745057c4
290716,2020,6,Hospitalisation,True,1,1081_13810,True,153.411855927249,-27.979045488092897,8c293a52745057c4
290724,2020,5,Medical treatment,False,0,1079_13824,True,153.403756936292,-27.9159114867715,8c293a52745057c4
290742,2020,11,Medical treatment,False,0,1074_13812,True,153.376501932289,-27.969983484421203,8c293a52745057c4
290749,2020,12,Hospitalisation,True,1,1071_13814,True,153.364826934686,-27.9613124831652,8c293a52745057c4
290767,2020,10,Hospitalisation,True,1,1074_13807,True,153.37866092923903,-27.991772484812103,8c293a52745057c4
290768,2020,10,Hospitalisation,True,1,1077_13815,True,153.393265435344,-27.955358286012892,8c293a52745057c4
290773,2023,8,Hospitalisation,True,1,1090_13774,True,153.459341227945,-28.1417359222128,8c293a52745057c4
290783,2023,8,Hospitalisation,True,1,1061_13827,True,153.310553948478,-27.900290477170593,8c293a52745057c4
290812,2020,6,Hospitalisation,True,1,1062_13831,True,153.315651950206,-27.882532477548597,8c293a52745057c4
290817,2020,6,Medical treatment,False,0,1057_13846,True,153.289901961547,-27.816070474412605,8c293a52745057c4
290819,2020,7,Medical treatment,False,0,1074_13820,True,153.377057937154,-27.931820484177997,8c293a52745057c4
290841,2020,6,Medical treatment,False,0,1088_13785,True,153.452958908378,-28.0899134931551,8c293a52745057c4
290845,2021,2,Medical treatment,False,0,1076_13829,True,153.38845694137,-27.889496485005598,8c293a52745057c4
290849,2021,9,Hospitalisation,True,2,1081_13811,True,153.41274592821,-27.970860488119296,8c293a52745057c4
290851,2023,1,Minor injury,False,0,1060_13836,True,153.307412953697,-27.8623574765535,8c293a52745057c4
290876,2023,3,Minor injury,False,0,1076_13810,True,153.39124992989403,-27.9760354859701,8c293a52745057c4
290886,2023,10,Minor injury,False,0,1080_13797,True,153.408593920303,-28.035501488203696,8c293a52745057c4
290899,2023,10,Hospitalisation,True,1,1048_13853,True,153.245402298381,-27.7848859756575,8c293a52745057c4
290905,2023,1,Medical treatment,False,0,1086_13783,True,153.441452059415,-28.099377720055,8c293a52745057c4
290908,2023,10,Minor injury,False,0,1057_13844,True,153.293312460307,-27.8228427618118,8c293a52745057c4
290917,2023,11,Minor injury,False,0,1067_13809,True,153.344876934139,-27.982483481302907,8c293a52745057c4
290919,2023,11,Minor injury,False,0,1074_13810,True,153.380983930931,-27.9767074849302,8c293a52745057c4
290921,2024,3,Medical treatment,False,0,1082_13797,True,153.421259918915,-28.035486489494506,8c293a52745057c4
290932,2023,11,Hospitalisation,True,2,1090_13778,True,153.462376903062,-28.122871494374902,8c293a52745057c4
290942,2024,1,Hospitalisation,True,1,1069_13808,True,153.3535629328,-27.98548448220949,8c293a52745057c4
290963,2024,1,Medical treatment,False,0,1047_13808,True,153.243089798513,-27.988557272024497,8c293a52745057c4
290965,2024,1,Hospitalisation,True,1,1084_13804,True,153.428600922424,-28.002168489981493,8c293a52745057c4
290973,2023,12,Hospitalisation,True,1,1083_13802,True,153.42284592172,-28.0124774894756,8c293a52745057c4
290994,2023,12,Medical treatment,False,0,1057_13844,True,153.290766960707,-27.821886474546105,8c293a52745057c4
290995,2023,12,Minor injury,False,0,1067_13809,True,153.344857934105,-27.9827614813031,8c293a52745057c4
290998,2023,11,Hospitalisation,True,1,1073_13800,True,153.375407285853,-28.0207428887084,8c293a52745057c4
291001,2023,9,Hospitalisation,True,1,1062_13824,True,153.318765945994,-27.912629478101387,8c293a52745057c4
291027,2023,10,Hospitalisation,True,1,1092_13773,True,153.472603074364,-28.1426555685744,8c293a52745057c4
291035,2023,10,Hospitalisation,True,1,1061_13817,True,153.314147942495,-27.9437354778769,8c293a52745057c4
291037,2023,10,Medical treatment,False,0,1060_13834,True,153.304900952963,-27.870199476360202,8c293a52745057c4
291045,2023,10,Medical treatment,False,0,1082_13799,True,153.42086792007,-28.026899489387105,8c293a52745057c4
291065,2024,4,Medical treatment,False,0,1076_13787,True,153.390349916477,-28.080541486698593,8c293a52745057c4
291079,2024,4,Medical treatment,False,0,1078_13817,True,153.398215932765,-27.947909486458588,8c293a52745057c4
291082,2024,4,Hospitalisation,True,1,1089_13784,True,153.45318890782,-28.094016493210702,8c293a52745057c4
291083,2024,4,Hospitalisation,True,2,1076_13817,True,153.388975933948,-27.946567485507103,8c293a52745057c4
291084,2024,4,Hospitalisation,True,1,1083_13781,True,153.426361039132,-28.10665505157279,8c293a52745057c4
291088,2024,4,Medical treatment,False,0,1078_13771,True,153.401456906105,-28.151156488383297,8c293a52745057c4
291094,2022,11,Hospitalisation,True,1,1078_13771,True,153.401007990711,-28.154574637364398,8c293a52745057c4
291100,2024,4,Hospitalisation,True,1,1077_13790,True,153.39513091763104,-28.067568487083804,8c293a52745057c4
291106,2024,4,Minor injury,False,0,1051_13774,True,153.263688922826,-28.139422474293898,8c293a52745057c4
291111,2024,4,Minor injury,False,0,1075_13787,True,153.382705917275,-28.080878485922995,8c293a52745057c4
291138,2023,5,Fatal,True,1,1067_13814,True,153.345393936832,-27.961163481188002,8c293a52745057c4
291152,2023,10,Medical treatment,False,0,1066_13822,True,153.338281942587,-27.9225384801617,8c293a52745057c4
291174,2024,1,Medical treatment,False,0,1081_13813,True,153.415021928753,-27.9647374883031,8c293a52745057c4
291175,2024,1,Hospitalisation,True,1,1065_13852,True,153.33073296053104,-27.78942147834741,8c293a52745057c4
291180,2024,1,Hospitalisation,True,1,1061_13829,True,153.313797949248,-27.891548477431204,8c293a52745057c4
291186,2021,4,Medical treatment,False,0,1080_13811,True,153.410791928221,-27.972433487932502,8c293a52745057c4
291188,2022,11,Hospitalisation,True,1,1050_13852,True,153.257863968433,-27.7895244709561,8c293a52745057c4
291190,2024,8,Medical treatment,False,0,1081_13805,True,153.414287924583,-27.997602488486397,8c293a52745057c4
291192,2023,10,Medical treatment,False,0,1078_13796,True,153.401791920573,-28.03918248753959,8c293a52745057c4
291206,2022,12,Medical treatment,False,0,1068_13801,True,153.349742928804,-28.01969248208961,8c293a52745057c4
291210,2023,8,Hospitalisation,True,1,1075_13801,True,153.383981925177,-28.01869748556509,8c293a52745057c4
291221,2023,8,Medical treatment,False,0,1058_13838,True,153.29679912729904,-27.851110477388,8c293a52745057c4
291248,2024,6,Medical treatment,False,0,1036_13845,True,153.18370297276604,-27.818709463683902,8c293a52745057c4
291257,2024,9,Hospitalisation,True,1,1055_13824,True,153.283912949847,-27.912272474561895,8c293a52745057c4
291261,2024,9,Medical treatment,False,0,1077_13808,True,153.396032927785,-27.988301486553492,8c293a52745057c4
291262,2024,8,Hospitalisation,True,1,1062_13826,True,153.316584947448,-27.90318347780569,8c293a52745057c4
291263,2024,9,Minor injury,False,0,1069_13804,True,153.351305471477,-28.0054056821364,8c293a52745057c4
291266,2024,10,Medical treatment,False,0,1079_13825,True,153.402798936981,-27.911385486638295,8c293a52745057c4
291269,2024,10,Hospitalisation,True,1,1045_13864,True,153.228362978643,-27.734751467537905,8c293a52745057c4
291282,2024,10,Medical treatment,False,0,1060_13821,True,153.305093945764,-27.926026476818702,8c293a52745057c4
291295,2023,9,Medical treatment,False,0,1075_13800,True,153.38485392482,-28.0207174856697,8c293a52745057c4
291302,2023,12,Minor injury,False,0,1044_13864,True,153.227396978768,-27.734595467438904,8c293a52745057c4
291306,2024,2,Medical treatment,False,0,1081_13812,True,153.41285692853,-27.968295488110407,8c293a52745057c4
291315,2024,2,Minor injury,False,0,1085_13782,True,153.434307908844,-28.102133491347796,8c293a52745057c4
291319,2024,10,Minor injury,False,0,1083_13809,True,153.422112926058,-27.979576489142495,8c293a52745057c4
291330,2024,10,Medical treatment,False,0,1079_13818,True,153.404570932941,-27.941169487052996,8c293a52745057c4
291337,2024,3,Hospitalisation,True,1,1061_13821,True,153.313903944815,-27.925916477712097,8c293a52745057c4
291342,2024,3,Medical treatment,False,0,1077_13790,True,153.394896917616,-28.067885487062398,8c293a52745057c4
291359,2023,4,Hospitalisation,True,1,1067_13815,True,153.34377093798503,-27.953595480963596,8c293a52745057c4
291366,2021,3,Hospitalisation,True,1,1079_13783,True,153.40405191268,-28.0982274882329,8c293a52745057c4
291368,2021,3,Hospitalisation,True,1,1077_13832,True,153.391917942367,-27.87883948527419,8c293a52745057c4
291401,2021,1,Medical treatment,False,0,1071_13832,True,153.361749945808,-27.877649482194602,8c293a52745057c4
291423,2023,5,Medical treatment,False,0,1081_13795,True,153.415709918211,-28.045629489008405,8c293a52745057c4
291424,2020,11,Minor injury,False,0,1071_13813,True,153.365303934364,-27.963406483230198,8c293a52745057c4
291427,2020,12,Hospitalisation,True,1,1062_13824,True,153.319066945902,-27.9130884781355,8c293a52745057c4
291430,2023,10,Hospitalisation,True,1,1091_13778,True,153.466819902497,-28.123452494833195,8c293a52745057c4
291470,2020,4,Hospitalisation,True,1,1061_13806,True,153.312295719283,-27.993548048080104,8c293a52745057c4
291488,2020,12,Medical treatment,False,0,1083_13783,True,153.424069043103,-28.101111766295695,8c293a52745057c4
291491,2021,4,Hospitalisation,True,1,1067_13813,True,153.345582936712,-27.961932481213303,8c293a52745057c4
291493,2021,1,Medical treatment,False,0,1067_13816,True,153.341456521789,-27.9493173906947,8c293a52745057c4
291504,2021,5,Hospitalisation,True,1,1083_13801,True,153.424434683909,-28.017400562676205,8c293a52745057c4
291524,2023,5,Medical treatment,False,0,1082_13805,True,153.419630923958,-27.997908489033403,8c293a52745057c4
291530,2023,8,Medical treatment,False,0,1089_13785,True,153.455526907878,-28.0915834934303,8c293a52745057c4
291537,2023,6,Minor injury,False,0,1057_13845,True,153.289707961136,-27.819436474419398,8c293a52745057c4
291539,2023,6,Medical treatment,False,0,1102_13768,True,153.521617890749,-28.167332500779295,8c293a52745057c4
291546,2023,6,Hospitalisation,True,2,1083_13794,True,153.42724791661303,-28.048184490204694,8c293a52745057c4
291554,2023,6,Medical treatment,False,0,1068_13802,True,153.347999929515,-28.015669481880902,8c293a52745057c4
291566,2023,12,Medical treatment,False,0,1067_13803,True,153.34343593089,-28.008893481363803,8c293a52745057c4
291568,2023,6,Hospitalisation,True,1,1069_13789,True,153.352855921712,-28.071951482816097,8c293a52745057c4
291570,2023,10,Hospitalisation,True,3,1061_13796,True,153.310636930213,-28.042047478292293,8c293a52745057c4
291589,2023,12,Hospitalisation,True,1,1061_13832,True,153.314518951108,-27.876476477385904,8c293a52745057c4
291598,2023,12,Hospitalisation,True,1,1068_13812,True,153.347188935543,-27.969631481437,8c293a52745057c4
291624,2023,2,Minor injury,False,0,1074_13810,True,153.380610930961,-27.9767874848929,8c293a52745057c4
291650,2024,1,Hospitalisation,True,1,1082_13799,True,153.421889919917,-28.027215489493802,8c293a52745057c4
291657,2024,1,Hospitalisation,True,1,1084_13806,True,153.428051639666,-27.9930385748537,8c293a52745057c4
291658,2024,1,Hospitalisation,True,1,1101_13768,True,153.517924891429,-28.165239500385002,8c293a52745057c4
291664,2023,10,Hospitalisation,True,1,1067_13806,True,153.345431932544,-27.994373481452698,8c293a52745057c4
291674,2024,1,Minor injury,False,0,1080_13814,True,153.409608930337,-27.9570624876912,8c293a52745057c4
291675,2024,1,Medical treatment,False,0,1082_13783,True,153.419209910696,-28.100662489796697,8c293a52745057c4
291679,2023,10,Medical treatment,False,0,1085_13780,True,153.43634571218,-28.113229533642702,8c293a52745057c4
291692,2024,3,Minor injury,False,0,1050_13853,True,153.254148969727,-27.782570470524995,8c293a52745057c4
291693,2024,7,Hospitalisation,True,1,1078_13811,True,153.398120929829,-27.9707154866281,8c293a52745057c4
291700,2024,3,Hospitalisation,True,1,1069_13800,True,153.354378927979,-28.022143482580294,8c293a52745057c4
291725,2023,11,Medical treatment,False,0,1067_13814,True,153.344866937382,-27.957339481104402,8c293a52745057c4
291733,2023,10,Hospitalisation,True,1,1084_13801,True,153.431998920257,-28.0160314904368,8c293a52745057c4
291736,2023,10,Minor injury,False,0,1060_13837,True,153.307163954305,-27.857836476492697,8c293a52745057c4
291740,2023,10,Medical treatment,False,0,1067_13815,True,153.344508749623,-27.955777147055695,8c293a52745057c4
291749,2023,10,Minor injury,False,0,1071_13832,True,153.361135945888,-27.8775454821314,8c293a52745057c4
291759,2023,10,Medical treatment,False,0,1074_13789,True,153.376908918974,-28.072673485268595,8c293a52745057c4
291781,2023,11,Hospitalisation,True,1,1074_13809,True,153.378482930771,-27.980064484702005,8c293a52745057c4
291784,2023,11,Medical treatment,False,0,1090_13783,True,153.461480906038,-28.100712494109704,8c293a52745057c4
291813,2023,11,Hospitalisation,True,1,1070_13795,True,153.361148924166,-28.0459114834552,8c293a52745057c4
291817,2023,11,Hospitalisation,True,3,1079_13819,True,153.404086933576,-27.9366624869682,8c293a52745057c4
291824,2023,11,Medical treatment,False,0,1083_13797,True,153.424753918489,-28.035820489853393,8c293a52745057c4
291859,2023,9,Hospitalisation,True,1,1080_13803,True,153.409885073405,-28.010432539138506,8c293a52745057c4
291866,2023,9,Minor injury,False,0,1067_13815,True,153.343907937978,-27.95353548097701,8c293a52745057c4
291870,2023,9,Medical treatment,False,0,1076_13788,True,153.387591917445,-28.075411486377593,8c293a52745057c4
291872,2023,11,Hospitalisation,True,1,1079_13785,True,153.405816913816,-28.087958488332198,8c293a52745057c4
291888,2022,10,Minor injury,False,0,1081_13811,True,153.41329392789,-27.972873488190892,8c293a52745057c4
291893,2023,5,Hospitalisation,True,3,1055_13846,True,153.280022962589,-27.816324473412802,8c293a52745057c4
291896,2023,11,Medical treatment,False,0,1069_13787,True,153.355307920119,-28.082184483145696,8c293a52745057c4
291902,2023,11,Hospitalisation,True,1,1092_13772,True,153.470628898707,-28.149381495425402,8c293a52745057c4
291911,2023,11,Minor injury,False,0,1081_13802,True,153.414722138586,-28.012664766648992,8c293a52745057c4
291921,2024,3,Medical treatment,False,0,1079_13818,True,153.40355393310102,-27.940788486946385,8c293a52745057c4
291937,2023,5,Hospitalisation,True,2,1075_13814,True,153.385294932459,-27.961221485247396,8c293a52745057c4
291950,2023,6,Medical treatment,False,0,1072_13808,True,153.37113593054,-27.9880814840173,8c293a52745057c4
291957,2023,5,Hospitalisation,True,1,1080_13817,True,153.409110932034,-27.944350487540603,8c293a52745057c4
291959,2023,5,Medical treatment,False,0,1077_13811,True,153.393362930226,-27.971671486151003,8c293a52745057c4
291972,2024,8,Hospitalisation,True,1,1092_13778,True,153.470434902324,-28.121722495188898,8c293a52745057c4
291976,2024,8,Hospitalisation,True,1,1104_13767,True,153.532154889164,-28.170572501883303,8c293a52745057c4
292002,2020,11,Medical treatment,False,0,1082_13783,True,153.42170591040903,-28.100760490052004,8c293a52745057c4
292003,2021,7,Hospitalisation,True,1,1045_13863,True,153.230665543796,-27.739427999807802,8c293a52745057c4
292004,2020,10,Hospitalisation,True,1,1069_13801,True,153.35376592873,-28.016850482476407,8c293a52745057c4
292024,2021,3,Minor injury,False,0,1095_13770,True,153.487680895947,-28.1561514972208,8c293a52745057c4
292028,2021,6,Hospitalisation,True,1,1067_13798,True,153.343963927768,-28.0326334816037,8c293a52745057c4
292047,2022,7,Minor injury,False,0,1075_13822,True,153.382078937806,-27.922519484615904,8c293a52745057c4
292050,2021,1,Hospitalisation,True,2,1099_13771,True,153.504638894219,-28.155063498946095,8c293a52745057c4
292054,2021,1,Medical treatment,False,0,1065_13824,True,153.333425100443,-27.912246965587297,8c293a52745057c4
292055,2021,1,Hospitalisation,True,1,1090_13783,True,153.461338906038,-28.100839494096196,8c293a52745057c4
292071,2021,11,Medical treatment,False,0,1089_13784,True,153.454527907347,-28.09652749336709,8c293a52745057c4
292076,2023,10,Hospitalisation,True,1,1062_13826,True,153.316387947352,-27.90409447779279,8c293a52745057c4
292077,2021,8,Hospitalisation,True,1,1068_13817,True,153.350583938103,-27.94689648160349,8c293a52745057c4
292093,2020,12,Hospitalisation,True,1,1073_13796,True,153.37496592327,-28.041097484823204,8c293a52745057c4
292095,2020,12,Hospitalisation,True,1,1047_13780,True,153.239946928605,-28.1149044716971,8c293a52745057c4
292111,2021,5,Hospitalisation,True,1,1097_13772,True,153.497863896045,-28.146769498188302,8c293a52745057c4
292124,2021,5,Minor injury,False,0,1087_13788,True,153.44597247074,-28.077622492345697,8c293a52745057c4
292126,2021,5,Minor injury,False,0,1062_13830,True,153.31546594985,-27.885458477552696,8c293a52745057c4
292127,2020,12,Minor injury,False,0,1080_13803,True,153.410032923474,-28.0097804881484,8c293a52745057c4
292129,2021,2,Medical treatment,False,0,1093_13775,True,153.47666789976,-28.136168495938797,8c293a52745057c4
292135,2021,5,Hospitalisation,True,1,1080_13817,True,153.407168932117,-27.9453534873506,8c293a52745057c4
292162,2023,6,Minor injury,False,0,1051_13851,True,153.259597968085,-27.790774471141596,8c293a52745057c4
292163,2023,6,Medical treatment,False,0,1056_13843,True,153.287061960424,-27.827231474212397,8c293a52745057c4
292164,2023,6,Minor injury,False,0,1076_13813,True,153.389536931801,-27.962719485691096,8c293a52745057c4
292173,2023,6,Medical treatment,False,0,1077_13790,True,153.395176917578,-28.0679424870914,8c293a52745057c4
292177,2023,7,Minor injury,False,0,1062_13835,True,153.315274952259,-27.866885477387196,8c293a52745057c4
292180,2023,7,Hospitalisation,True,1,1074_13813,True,153.376240932857,-27.9658074843619,8c293a52745057c4
292181,2023,7,Medical treatment,False,0,1094_13773,True,153.479502898447,-28.143860496288703,8c293a52745057c4
292196,2023,7,Hospitalisation,True,1,1079_13824,True,153.40200693692,-27.912528486566597,8c293a52745057c4
292198,2023,7,Hospitalisation,True,1,1068_13776,True,153.349002914632,-28.1299884828793,8c293a52745057c4
292212,2023,1,Medical treatment,False,0,1084_13803,True,153.429336921631,-28.0076734900997,8c293a52745057c4
292215,2023,1,Medical treatment,False,0,1085_13800,True,153.434193918961,-28.024182490724694,8c293a52745057c4
292221,2023,1,Hospitalisation,True,1,1079_13813,True,153.40480093005,-27.963347487250704,8c293a52745057c4
292223,2024,7,Hospitalisation,True,1,1091_13779,True,153.466519903291,-28.1175984947567,8c293a52745057c4
292225,2023,1,Medical treatment,False,0,1067_13803,True,153.342232931222,-28.007340481229303,8c293a52745057c4
292229,2023,1,Medical treatment,False,0,1077_13792,True,153.393417919251,-28.0565094868226,8c293a52745057c4
292240,2023,5,Medical treatment,False,0,1070_13822,True,153.357353940268,-27.924363482114792,8c293a52745057c4
292273,2022,12,Hospitalisation,True,1,1080_13762,True,153.410861521413,-28.1947271576828,8c293a52745057c4
292286,2023,7,Hospitalisation,True,1,1043_13865,True,153.223179979608,-27.731599466988698,8c293a52745057c4
292289,2023,7,Medical treatment,False,0,1073_13821,True,153.375768460907,-27.9270790750095,8c293a52745057c4
292290,2023,7,Minor injury,False,0,1076_13787,True,153.388834916805,-28.0792944865346,8c293a52745057c4
292296,2023,7,Medical treatment,False,0,1079_13822,True,153.4060017762,-27.92246694005169,8c293a52745057c4
292314,2023,8,Hospitalisation,True,2,1080_13813,True,153.407829929819,-27.9625764875532,8c293a52745057c4
292341,2023,7,Minor injury,False,0,1063_13805,True,153.323459934025,-28.001569479276696,8c293a52745057c4
292356,2023,5,Medical treatment,False,0,1092_13772,True,153.47109289876,-28.148582495466595,8c293a52745057c4
292360,2023,5,Hospitalisation,True,1,1084_13804,True,153.428163922017,-28.005679489964503,8c293a52745057c4
292367,2022,8,Hospitalisation,True,1,1076_13820,True,153.387967935685,-27.9339664853054,8c293a52745057c4
292388,2024,2,Hospitalisation,True,1,1080_13816,True,153.407752931247,-27.9515904874591,8c293a52745057c4
292398,2024,2,Hospitalisation,True,1,1077_13813,True,153.394493931393,-27.961681486187704,8c293a52745057c4
292406,2023,12,Hospitalisation,True,1,1078_13792,True,153.396870918882,-28.056426487173606,8c293a52745057c4
292409,2022,12,Medical treatment,False,0,1080_13810,True,153.411243291477,-27.977798502020597,8c293a52745057c4
292442,2024,4,Minor injury,False,0,1078_13814,True,153.400142931253,-27.957984486734,8c293a52745057c4
292448,2023,8,Hospitalisation,True,1,1072_13809,True,153.370187931276,-27.983187483882503,8c293a52745057c4
292453,2023,8,Minor injury,False,0,1074_13814,True,153.377805167366,-27.960539325479697,8c293a52745057c4
292454,2023,8,Medical treatment,False,0,1068_13802,True,153.347973929617,-28.014900481872196,8c293a52745057c4
292461,2023,12,Minor injury,False,0,1102_13768,True,153.521638890738,-28.167397500781902,8c293a52745057c4
292463,2023,11,Hospitalisation,True,1,1056_13845,True,153.289356961185,-27.819352474383102,8c293a52745057c4
292470,2023,11,Hospitalisation,True,1,1065_13842,True,153.33163095487,-27.832713478779503,8c293a52745057c4
292479,2023,11,Hospitalisation,True,1,1063_13831,True,153.323854949287,-27.882722478382988,8c293a52745057c4
292481,2023,11,Hospitalisation,True,1,1073_13812,True,153.375939932693,-27.967333484343197,8c293a52745057c4
292491,2023,11,Medical treatment,False,0,1058_13834,True,153.29615895423,-27.867757475454003,8c293a52745057c4
292494,2023,4,Hospitalisation,True,2,1072_13802,True,153.369669927712,-28.0112254840499,8c293a52745057c4
292504,2024,1,Medical treatment,False,0,1089_13779,True,153.453762904945,-28.115674493439098,8c293a52745057c4
292524,2024,1,Minor injury,False,0,1055_13831,True,153.284173953346,-27.884819474372495,8c293a52745057c4
292540,2023,5,Minor injury,False,0,1078_13811,True,153.40109492895704,-27.97494548696419,8c293a52745057c4
292541,2023,5,Medical treatment,False,0,1078_13820,True,153.40011693439,-27.9337154865407,8c293a52745057c4
292554,2024,8,Hospitalisation,True,2,1074_13814,True,153.378481933411,-27.959617484541297,8c293a52745057c4
292556,2023,9,Hospitalisation,True,1,1062_13835,True,153.315337952285,-27.866627477391596,8c293a52745057c4
292567,2023,9,Medical treatment,False,0,1080_13788,True,153.412076914769,-28.0752894888708,8c293a52745057c4
292580,2023,9,Medical treatment,False,0,1047_13858,True,153.238892974247,-27.760202468804103,8c293a52745057c4
292591,2023,9,Hospitalisation,True,1,1084_13804,False,153.43173792153502,-28.00638049033441,8c293a52745057c4
292594,2023,8,Medical treatment,False,0,1065_13807,True,153.335535933985,-27.9916154804253,8c293a52745057c4
292622,2023,1,Hospitalisation,True,2,1047_13859,True,153.242553974083,-27.7583714691603,8c293a52745057c4
292629,2023,1,Medical treatment,False,0,1072_13782,True,153.369834915512,-28.105443484805697,8c293a52745057c4
292631,2023,1,Minor injury,False,0,1082_13782,True,153.422054624855,-28.104732333118704,8c293a52745057c4
292640,2023,2,Hospitalisation,True,1,1062_13829,True,153.315005949122,-27.891507477553503,8c293a52745057c4
292647,2023,11,Medical treatment,False,0,1075_13808,True,153.382033929566,-27.986381485113096,8c293a52745057c4
292659,2021,12,Hospitalisation,True,2,1049_13796,True,153.252610505865,-28.039904827391585,8c293a52745057c4
292660,2021,12,Medical treatment,False,0,1053_13847,True,153.272727706913,-27.812184367640697,8c293a52745057c4
292665,2021,12,Minor injury,False,0,1072_13807,True,153.368494930652,-27.989459483759497,8c293a52745057c4
292672,2022,1,Minor injury,False,0,1062_13826,True,153.319228946704,-27.906723478102002,8c293a52745057c4
292674,2022,1,Medical treatment,False,0,1052_13770,True,153.265987919915,-28.1600204746881,8c293a52745057c4
292676,2022,1,Hospitalisation,True,1,1076_13830,True,153.390231941281,-27.888684485179905,8c293a52745057c4
292678,2022,1,Hospitalisation,True,1,1055_13830,True,153.283371952834,-27.889480474327804,8c293a52745057c4
292692,2021,12,Medical treatment,False,0,1081_13797,True,153.41315691975,-28.035903488671806,8c293a52745057c4
292710,2021,12,Hospitalisation,True,2,1061_13837,True,153.310855954004,-27.857051476861205,8c293a52745057c4
292718,2021,11,Medical treatment,False,0,1076_13810,True,153.39124992989403,-27.9760354859701,8c293a52745057c4
292723,2022,8,Medical treatment,False,0,1067_13807,True,153.345210932977,-27.991204481405294,8c293a52745057c4
292732,2022,8,Hospitalisation,True,1,1074_13810,True,153.379808931246,-27.975259484799288,8c293a52745057c4
292736,2022,8,Hospitalisation,True,1,1094_13772,True,153.480449897485,-28.1504554964372,8c293a52745057c4
292739,2021,12,Hospitalisation,True,1,1080_13802,True,153.411831923036,-28.011638488346303,8c293a52745057c4
292750,2021,12,Minor injury,False,0,1087_13787,True,153.447363989073,-28.081586442518695,8c293a52745057c4
292758,2021,6,Medical treatment,False,0,1093_13775,True,153.474188900382,-28.1334844956645,8c293a52745057c4
292762,2021,6,Hospitalisation,True,1,1080_13813,True,153.410994929419,-27.96299148787899,8c293a52745057c4
292769,2021,6,Medical treatment,False,0,1044_13773,True,153.226156926238,-28.145104470537902,8c293a52745057c4
292772,2021,6,Hospitalisation,True,1,1061_13830,True,153.31463994993,-27.885532477469404,8c293a52745057c4
292790,2021,6,Minor injury,False,0,1069_13789,True,153.354129921794,-28.0702284829322,8c293a52745057c4
292797,2021,8,Medical treatment,False,0,1074_13820,True,153.379212949898,-27.931981758398592,8c293a52745057c4
292801,2021,8,Hospitalisation,True,1,1066_13853,True,153.336180960779,-27.782881478849404,8c293a52745057c4
292806,2021,8,Medical treatment,False,0,1077_13803,True,153.395151925159,-28.0093644866292,8c293a52745057c4
292832,2020,6,Medical treatment,False,0,1076_13786,True,153.391645915831,-28.084432486861104,8c293a52745057c4
292836,2020,7,Hospitalisation,True,1,1092_13779,True,153.470982902685,-28.1184794952194,8c293a52745057c4
292839,2020,7,Hospitalisation,True,1,1062_13837,True,153.318367953547,-27.8542404776018,8c293a52745057c4
292842,2020,2,Medical treatment,False,0,1078_13783,True,153.400502912918,-28.09940048788051,8c293a52745057c4
292849,2020,9,Hospitalisation,True,1,1078_13817,True,153.399407933115,-27.944192486550804,8c293a52745057c4
292851,2020,8,Minor injury,False,0,1074_13813,True,153.376240932857,-27.9658074843619,8c293a52745057c4
292857,2020,9,Minor injury,False,0,1076_13787,True,153.388670916846,-28.0791174865165,8c293a52745057c4
292862,2020,10,Medical treatment,False,0,1081_13813,True,153.413712929163,-27.962672488153498,8c293a52745057c4
292866,2023,5,Minor injury,False,0,1067_13839,True,153.34400995176,-27.846421480145203,8c293a52745057c4
292886,2023,7,Hospitalisation,True,1,1079_13783,True,153.404101912693,-28.098081488236904,8c293a52745057c4
292890,2023,9,Hospitalisation,True,1,1066_13804,True,153.338611931903,-28.005139480843997,8c293a52745057c4
292898,2023,9,Minor injury,False,0,1089_13776,True,153.456724902683,-28.130576493858296,8c293a52745057c4
292899,2023,9,Hospitalisation,True,1,1080_13802,True,153.411531922734,-28.014225488336095,8c293a52745057c4
292901,2022,12,Hospitalisation,True,1,1069_13834,True,153.351391947855,-27.870522481085295,8c293a52745057c4
292904,2022,12,Medical treatment,False,0,1084_13801,True,153.431255514272,-28.016543866365,8c293a52745057c4
292908,2022,12,Medical treatment,False,0,1080_13797,True,153.408765920312,-28.035287488219492,8c293a52745057c4
292955,2022,10,Hospitalisation,True,1,1076_13818,True,153.386770934735,-27.94234248524939,8c293a52745057c4
292963,2022,10,Hospitalisation,True,1,1063_13843,True,153.320164956605,-27.828922477584992,8c293a52745057c4
292973,2023,8,Medical treatment,False,0,1062_13838,True,153.315051954328,-27.850973477239396,8c293a52745057c4
292979,2023,11,Hospitalisation,True,1,1061_13832,True,153.314192951132,-27.876563097353497,8c293a52745057c4
292981,2023,11,Hospitalisation,True,2,1080_13769,True,153.4116399037,-28.1610314894982,8c293a52745057c4
292982,2023,11,Medical treatment,False,0,1062_13830,True,153.315010551556,-27.888126781527397,8c293a52745057c4
292995,2023,8,Minor injury,False,0,1083_13805,True,153.425039492266,-27.99867714159089,8c293a52745057c4
293012,2023,8,Medical treatment,False,0,1084_13787,True,153.432247911729,-28.081630490976902,8c293a52745057c4
293013,2023,9,Minor injury,False,0,1060_13806,True,153.309194936408,-27.995215477778398,8c293a52745057c4
293028,2021,5,Hospitalisation,True,1,1062_13830,True,153.315034949576,-27.887950477528495,8c293a52745057c4
293043,2023,11,Hospitalisation,True,1,1081_13794,True,153.416243917918,-28.047442489077,8c293a52745057c4
293050,2023,11,Hospitalisation,True,1,1076_13787,True,153.386799916697,-28.081859486347504,8c293a52745057c4
293051,2023,11,Hospitalisation,True,1,1093_13778,True,153.473746901735,-28.123449495540697,8c293a52745057c4
293053,2023,11,Hospitalisation,True,1,1083_13777,True,153.425839906671,-28.126067490671804,8c293a52745057c4
293055,2024,1,Medical treatment,False,0,1067_13810,True,153.345141934951,-27.97596048127861,8c293a52745057c4
293065,2023,11,Medical treatment,False,0,1066_13807,True,153.339963933336,-27.992883480885194,8c293a52745057c4
293066,2022,3,Hospitalisation,True,1,1066_13822,True,153.337628942308,-27.92526048011671,8c293a52745057c4
293073,2023,3,Medical treatment,False,0,1080_13815,True,153.40793439801104,-27.953259353490694,8c293a52745057c4
293077,2024,1,Medical treatment,False,0,1043_13866,True,153.221788980364,-27.726861466810604,8c293a52745057c4
293104,2024,2,Hospitalisation,True,1,1066_13818,True,153.337698940172,-27.9417774802536,8c293a52745057c4
293106,2024,2,Minor injury,False,0,1088_13778,True,153.45116690460503,-28.120496493211903,8c293a52745057c4
293109,2024,2,Medical treatment,False,0,1073_13820,True,153.37396593757,-27.9312174838586,8c293a52745057c4
293151,2023,9,Hospitalisation,True,1,1072_13821,True,153.370086107164,-27.929899483453493,8c293a52745057c4
293178,2024,3,Hospitalisation,True,2,1057_13805,True,153.293202937644,-27.999231476187095,8c293a52745057c4
293190,2024,3,Medical treatment,False,0,1045_13864,True,153.229078978551,-27.7348634676113,8c293a52745057c4
293196,2023,9,Hospitalisation,True,1,1084_13807,True,153.427385923797,-27.992585489782293,8c293a52745057c4
293224,2023,11,Hospitalisation,True,1,1057_13845,True,153.293968960528,-27.820563474860503,8c293a52745057c4
293233,2023,11,Minor injury,False,0,1061_13836,True,153.311407953645,-27.859376476935605,8c293a52745057c4
293268,2024,2,Hospitalisation,True,1,1073_13811,True,153.37424093245002,-27.970659484196496,8c293a52745057c4
293283,2024,1,Minor injury,False,0,1083_13786,True,153.423588912108,-28.0860504901286,8c293a52745057c4
293287,2024,1,Hospitalisation,True,1,1069_13791,True,153.354316922691,-28.0631284828955,8c293a52745057c4
293305,2024,1,Hospitalisation,True,1,1063_13806,True,153.323523935062,-27.99346647921959,8c293a52745057c4
293307,2024,3,Medical treatment,False,0,1077_13815,True,153.395177932094,-27.955672486210194,8c293a52745057c4
293314,2024,6,Minor injury,False,0,1064_13841,True,153.32814595485,-27.835821478449898,8c293a52745057c4
293317,2022,6,Hospitalisation,True,1,1084_13801,True,153.429126133445,-28.017010622151503,8c293a52745057c4
293332,2022,1,Hospitalisation,True,2,1080_13813,True,153.407892929797,-27.962694487560604,8c293a52745057c4
293338,2022,1,Minor injury,False,0,1084_13778,True,153.430265906547,-28.123266491101198,8c293a52745057c4
293342,2022,1,Hospitalisation,True,1,1084_13787,True,153.430948911677,-28.083132490856205,8c293a52745057c4
293345,2022,12,Hospitalisation,True,1,1062_13835,True,153.315337952285,-27.866627477391596,8c293a52745057c4
293347,2022,1,Hospitalisation,True,1,1082_13790,True,153.418285915368,-28.065397489426005,8c293a52745057c4
293348,2022,12,Medical treatment,False,0,1091_13780,True,153.46445292596,-28.114195715518896,8c293a52745057c4
293349,2022,1,Hospitalisation,True,1,1044_13776,True,153.227957322637,-28.132694197622907,8c293a52745057c4
293379,2022,8,Hospitalisation,True,1,1072_13800,True,153.3710979263,-28.0209404842714,8c293a52745057c4
293420,2022,1,Medical treatment,False,0,1080_13786,True,153.408143913867,-28.085590488550697,8c293a52745057c4
293423,2022,1,Medical treatment,False,0,1084_13806,True,153.430586134863,-27.997100805144097,8c293a52745057c4
293429,2021,12,Minor injury,False,0,1066_13822,True,153.33734694277,-27.921912480061803,8c293a52745057c4
293445,2021,4,Hospitalisation,True,3,1085_13792,True,153.437538913954,-28.059984491346803,8c293a52745057c4
293468,2021,8,Minor injury,False,0,1081_13797,True,153.415318919441,-28.036460488896495,8c293a52745057c4
293469,2021,10,Medical treatment,False,0,1080_13794,True,153.407253918776,-28.048438488168703,8c293a52745057c4
293471,2021,10,Medical treatment,False,0,1061_13837,True,153.310214135046,-27.8572728797978,8c293a52745057c4
293488,2020,10,Hospitalisation,True,1,1080_13793,True,153.410521917755,-28.0535524885418,8c293a52745057c4
293495,2023,7,Hospitalisation,True,1,1079_13813,True,153.405726929676,-27.965457487361597,8c293a52745057c4
293515,2023,7,Minor injury,False,0,1065_13820,True,153.332070942278,-27.9302034795909,8c293a52745057c4
293538,2023,10,Hospitalisation,True,1,1072_13795,True,153.370223923257,-28.045229484373095,8c293a52745057c4
293568,2022,11,Minor injury,False,0,1073_13756,True,153.376038721766,-28.221689086347297,8c293a52745057c4
293608,2023,11,Medical treatment,False,0,1096_13773,True,153.491408897166,-28.143619497503597,8c293a52745057c4
293612,2023,11,Hospitalisation,True,1,1073_13820,True,153.374404937507,-27.931330483904194,8c293a52745057c4
293614,2021,7,Hospitalisation,True,1,1082_13811,True,153.420553926898,-27.974402488942896,8c293a52745057c4
293626,2023,11,Minor injury,False,0,1075_13798,True,153.382409923417,-28.033644485522395,8c293a52745057c4
293627,2023,11,Hospitalisation,True,1,1062_13831,True,153.315808950336,-27.881386477555495,8c293a52745057c4
293629,2023,2,Medical treatment,False,0,1043_13770,True,153.220369482937,-28.1601702670703,8c293a52745057c4
293637,2023,11,Medical treatment,False,0,1069_13836,True,153.351921949134,-27.8601354810574,8c293a52745057c4
293654,2023,9,Medical treatment,False,0,1052_13848,True,153.265121965622,-27.8053114718157,8c293a52745057c4
293655,2023,9,Hospitalisation,True,1,1073_13820,True,153.373672937615,-27.93111548382799,8c293a52745057c4
293679,2024,2,Medical treatment,False,0,1048_13858,True,153.245659058338,-27.7615623004998,8c293a52745057c4
293683,2024,3,Hospitalisation,True,2,1068_13802,True,153.346203930179,-28.012051481669896,8c293a52745057c4
293694,2024,1,Medical treatment,False,0,1076_13804,True,153.390771926448,-28.003100486133995,8c293a52745057c4
293697,2024,1,Medical treatment,False,0,1082_13790,True,153.418552915359,-28.065241489451996,8c293a52745057c4
293698,2023,12,Medical treatment,False,0,1056_13845,True,153.286175961572,-27.819037474058103,8c293a52745057c4
293704,2023,11,Medical treatment,False,0,1093_13777,True,153.476824900809,-28.127961495890503,8c293a52745057c4
293726,2024,2,Hospitalisation,True,1,1049_13867,True,153.253307977775,-27.720397469950093,8c293a52745057c4
293738,2024,4,Hospitalisation,True,1,1080_13794,True,153.408867918682,-28.047796488328096,8c293a52745057c4
293761,2024,3,Medical treatment,False,0,1085_13791,True,153.434172913856,-28.063591491031797,8c293a52745057c4
293767,2024,5,Minor injury,False,0,1083_13805,True,153.423617923429,-27.9986214894455,8c293a52745057c4
293784,2023,6,Hospitalisation,True,1,1046_13862,True,153.23345397679,-27.7449314681333,8c293a52745057c4
293803,2024,1,Medical treatment,False,0,1076_13785,True,153.389242915405,-28.0897654866582,8c293a52745057c4
293806,2024,5,Medical treatment,False,0,1069_13834,True,153.351391947855,-27.870522481085295,8c293a52745057c4
293811,2024,2,Minor injury,False,0,1073_13832,True,153.370900944799,-27.87773848312621,8c293a52745057c4
293825,2023,7,Fatal,True,1,1063_13821,True,153.324802943142,-27.9296614788483,8c293a52745057c4
293837,2023,8,Fatal,True,1,1047_13830,True,153.24014295801,-27.885913469919895,8c293a52745057c4
293843,2022,9,Minor injury,False,0,1066_13822,True,153.337628942308,-27.92526048011671,8c293a52745057c4
293845,2024,3,Minor injury,False,0,1084_13803,True,153.428089921912,-28.0065574899638,8c293a52745057c4
293851,2024,3,Hospitalisation,True,2,1061_13830,True,153.31405303002,-27.8853354774083,8c293a52745057c4
293860,2023,10,Fatal,True,1,1061_13795,True,153.313258929444,-28.045776478587694,8c293a52745057c4
293870,2023,11,Hospitalisation,True,1,1066_13817,True,153.338700939783,-27.943949480372495,8c293a52745057c4
293884,2024,5,Medical treatment,False,0,1082_13792,True,153.420106915845,-28.060172489570704,8c293a52745057c4
293900,2024,1,Minor injury,False,0,1075_13800,True,153.384015924524,-28.023720485608,8c293a52745057c4
293905,2024,1,Minor injury,False,0,1084_13792,True,153.428746904994,-28.0594154904456,8c293a52745057c4
293908,2024,2,Minor injury,False,0,1090_13780,True,153.458589904783,-28.112826493909502,8c293a52745057c4
293910,2024,2,Hospitalisation,True,1,1043_13865,True,153.221638980135,-27.72878046681061,8c293a52745057c4
293913,2024,2,Hospitalisation,True,1,1084_13806,True,153.430491922995,-27.9961594901271,8c293a52745057c4
293935,2024,3,Medical treatment,False,0,1061_13837,True,153.31348395388,-27.8557904771181,8c293a52745057c4
293938,2023,10,Medical treatment,False,0,1081_13812,True,153.413322409427,-27.968697338160997,8c293a52745057c4
293944,2024,5,Hospitalisation,True,1,1069_13789,True,153.353334921867,-28.0703454828522,8c293a52745057c4
293947,2024,3,Hospitalisation,True,1,1096_13775,True,153.489184898521,-28.1350934972095,8c293a52745057c4
293958,2024,3,Medical treatment,False,0,1071_13789,True,153.364615920112,-28.07432648403079,8c293a52745057c4
293975,2024,3,Medical treatment,False,0,1062_13830,True,153.314993949543,-27.888244477526705,8c293a52745057c4
293994,2022,6,Hospitalisation,True,1,1065_13841,True,153.330530954638,-27.83545247868931,8c293a52745057c4
293998,2022,12,Medical treatment,False,0,1073_13817,True,153.373752935488,-27.9475304839651,8c293a52745057c4
293999,2022,12,Medical treatment,False,0,1075_13813,True,153.385668931926,-27.965032485315497,8c293a52745057c4
294020,2023,4,Hospitalisation,True,1,1078_13813,True,153.397912930932,-27.9623514865412,8c293a52745057c4
294023,2023,4,Minor injury,False,0,1050_13852,True,153.25719996895,-27.786054470861494,8c293a52745057c4
294037,2023,2,Minor injury,False,0,1066_13818,True,153.337126174531,-27.939477544177404,8c293a52745057c4
294047,2023,5,Minor injury,False,0,1047_13858,True,153.241233974136,-27.759077469032192,8c293a52745057c4
294048,2023,2,Hospitalisation,True,1,1073_13804,True,153.372805928147,-28.005194484321592,8c293a52745057c4
294069,2021,6,Hospitalisation,True,1,1082_13810,True,153.421272926482,-27.977008489036702,8c293a52745057c4
294096,2022,1,Medical treatment,False,0,1060_13836,True,153.307452953724,-27.8621164765557,8c293a52745057c4
294112,2021,8,Minor injury,False,0,1074_13810,True,153.380941930913,-27.976881484927283,8c293a52745057c4
294114,2021,3,Medical treatment,False,0,1078_13783,True,153.398175913455,-28.0972324876265,8c293a52745057c4
294117,2020,1,Minor injury,False,0,1092_13772,True,153.470447898621,-28.150196495413304,8c293a52745057c4
294126,2021,9,Hospitalisation,True,1,1081_13798,True,153.41675792013,-28.0299174889919,8c293a52745057c4
294129,2021,9,Hospitalisation,True,1,1062_13862,True,153.317380967686,-27.7449594766411,8c293a52745057c4
294138,2021,9,Medical treatment,False,0,1073_13820,True,153.373900937583,-27.9311704838516,8c293a52745057c4
294144,2021,8,Fatal,True,1,1076_13820,True,153.390595935625,-27.93221048555919,8c293a52745057c4
294146,2023,7,Medical treatment,False,0,1082_13803,True,153.417767193732,-28.008958348930193,8c293a52745057c4
294150,2023,7,Minor injury,False,0,1064_13843,True,153.329547955904,-27.826432478518395,8c293a52745057c4
294153,2023,8,Hospitalisation,True,1,1075_13787,True,153.386418916931,-28.0803754862971,8c293a52745057c4
294175,2023,7,Medical treatment,False,0,1104_13768,True,153.529923889761,-28.167884501633804,8c293a52745057c4
294188,2023,10,Hospitalisation,True,2,1060_13834,True,153.304900952963,-27.870199476360202,8c293a52745057c4
294195,2023,10,Medical treatment,False,0,1084_13797,True,153.431226917993,-28.034161490500395,8c293a52745057c4
294198,2023,10,Minor injury,False,0,1090_13781,True,153.46285590509103,-28.106842494298196,8c293a52745057c4
294199,2023,10,Medical treatment,False,0,1074_13814,True,153.379908933434,-27.9582294846757,8c293a52745057c4
294252,2020,10,Hospitalisation,True,1,1084_13798,True,153.430790241291,-28.032234511440695,8c293a52745057c4
294258,2020,10,Minor injury,False,0,1091_13778,True,153.467663777448,-28.1231178859168,8c293a52745057c4
294271,2023,12,Hospitalisation,True,1,1064_13840,True,153.32989195402004,-27.8408034786665,8c293a52745057c4
294277,2023,12,Medical treatment,False,0,1081_13797,True,153.415447919422,-28.036500488909994,8c293a52745057c4
294283,2024,10,Medical treatment,False,0,1091_13777,True,153.467173902374,-28.1240994948744,8c293a52745057c4
294296,2024,1,Minor injury,False,0,1081_13811,True,153.41329392789,-27.972873488190892,8c293a52745057c4
294297,2024,1,Hospitalisation,True,1,1059_13825,True,153.302997947924,-27.911012476487997,8c293a52745057c4
294306,2024,1,Hospitalisation,True,1,1083_13797,True,153.425896918465,-28.035037489963702,8c293a52745057c4
294382,2023,4,Hospitalisation,True,1,1079_13820,True,153.405800934037,-27.93164348710341,8c293a52745057c4
294417,2022,5,Fatal,True,1,1073_13820,True,153.374381937496,-27.931434483902592,8c293a52745057c4
294885,2021,2,Medical treatment,False,0,1060_13844,True,153.305306959092,-27.8221474760234,8c293a52745057c4
294904,2020,11,Medical treatment,False,0,1097_13772,True,153.498432895904,-28.147370498251096,8c293a52745057c4
294944,2023,4,Hospitalisation,True,1,1066_13807,True,153.34030593336,-27.992403480916195,8c293a52745057c4
295032,2022,4,Medical treatment,False,0,1075_13819,True,153.383307195771,-27.937243328856702,8c293a52745057c4
295156,2023,2,Hospitalisation,True,1,1060_13833,True,153.307598952139,-27.874325476666503,8c293a52745057c4
295253,2021,5,Hospitalisation,True,1,1080_13814,True,153.410116930182,-27.957831487748997,8c293a52745057c4
295260,2021,5,Medical treatment,False,0,1063_13822,True,153.321222944182,-27.9246244784451,8c293a52745057c4
295262,2021,5,Hospitalisation,True,1,1082_13799,True,153.417577920473,-28.026577489049195,8c293a52745057c4
295363,2021,5,Medical treatment,False,0,1057_13845,True,153.289632961153,-27.8193694744113,8c293a52745057c4
295374,2020,4,Medical treatment,False,0,1058_13836,True,153.298456955186,-27.8583634756132,8c293a52745057c4
295727,2021,6,Medical treatment,False,0,1060_13844,True,153.305306959092,-27.8221474760234,8c293a52745057c4
295895,2023,4,Hospitalisation,True,1,1080_13803,True,153.409604923364,-28.010992488114297,8c293a52745057c4
295923,2022,4,Hospitalisation,True,1,1081_13804,True,153.413543923931,-28.0032694884551,8c293a52745057c4
296056,2024,3,Medical treatment,False,0,1080_13805,True,153.406838925371,-27.997817487728994,8c293a52745057c4
296072,2024,3,Medical treatment,False,0,1089_13782,True,153.457230918256,-28.102641563690998,8c293a52745057c4
296455,2023,1,Hospitalisation,True,1,1051_13774,True,153.263305922617,-28.141368474270298,8c293a52745057c4
296461,2021,11,Medical treatment,False,0,1099_13770,True,153.508336893431,-28.157985499347202,8c293a52745057c4
296654,2023,1,Medical treatment,False,0,1085_13796,True,153.433934916789,-28.041160490831505,8c293a52745057c4
297238,2021,5,Hospitalisation,True,1,1079_13817,True,153.405653932483,-27.943801487184,8c293a52745057c4
297254,2023,4,Hospitalisation,True,1,1075_13798,True,153.385428819171,-28.032984096824496,8c293a52745057c4
297388,2022,10,Medical treatment,False,0,1080_13804,True,153.41105192396202,-28.005139488215796,8c293a52745057c4
297431,2021,9,Minor injury,False,0,1080_13808,True,153.411563926416,-27.9857334881156,8c293a52745057c4
297447,2023,1,Hospitalisation,True,5,1075_13817,True,153.38604993433,-27.946086485205402,8c293a52745057c4
297454,2021,9,Medical treatment,False,0,1062_13827,True,153.315594947796,-27.9013164776905,8c293a52745057c4
297462,2021,9,Medical treatment,False,0,1076_13787,True,153.390226916488,-28.080562486686304,8c293a52745057c4
297787,2023,4,Medical treatment,False,0,1075_13787,True,153.386375916922,-28.0804804862935,8c293a52745057c4
297895,2023,1,Medical treatment,False,0,1067_13814,True,153.342195114567,-27.9581756358394,8c293a52745057c4
298026,2024,9,Hospitalisation,True,1,1083_13816,True,153.426248929442,-27.949911489331097,8c293a52745057c4
298029,2024,9,Medical treatment,False,0,1060_13836,True,153.309131953865,-27.859598476706303,8c293a52745057c4
298056,2021,12,Medical treatment,False,0,1086_13780,True,153.441730616434,-28.114409083201288,8c293a52745057c4
298075,2022,1,Hospitalisation,True,1,1057_13844,True,153.293531276267,-27.822973905835102,8c293a52745057c4
298081,2022,1,Minor injury,False,0,1088_13785,True,153.450679918709,-28.089291368917593,8c293a52745057c4
298113,2022,1,Medical treatment,False,0,1059_13821,True,153.303519945878,-27.926481476662598,8c293a52745057c4
298133,2021,10,Hospitalisation,True,2,1080_13794,True,153.407310918838,-28.047908488170307,8c293a52745057c4
298175,2023,7,Medical treatment,False,0,1104_13767,True,153.531254889284,-28.170418501789893,8c293a52745057c4
298189,2020,2,Minor injury,False,0,1081_13813,True,153.4152259287,-27.9649694883257,8c293a52745057c4
298203,2020,2,Hospitalisation,True,1,1067_13810,True,153.345520935006,-27.975216481311303,8c293a52745057c4
298304,2020,11,Medical treatment,False,0,1078_13824,True,153.39820693735103,-27.91239648617851,8c293a52745057c4
298370,2023,5,Minor injury,False,0,1080_13813,True,153.407214929618,-27.96465048750689,8c293a52745057c4
298375,2023,5,Hospitalisation,True,2,1064_13837,True,153.327177952173,-27.857464478521905,8c293a52745057c4
298505,2022,2,Medical treatment,False,0,1075_13798,True,153.385447851166,-28.0330094728267,8c293a52745057c4
298735,2020,3,Minor injury,False,0,1061_13837,True,153.310855954004,-27.857051476861205,8c293a52745057c4
301274,2021,2,Medical treatment,False,0,1069_13817,True,153.353901937914,-27.945552481930296,8c293a52745057c4
301282,2021,10,Medical treatment,False,0,1077_13784,True,153.395929913837,-28.096193487389595,8c293a52745057c4
301298,2020,4,Minor injury,False,0,1069_13834,True,153.351033947917,-27.8703424810475,8c293a52745057c4
301306,2020,4,Medical treatment,False,0,1075_13813,True,153.38570893192,-27.965045485319603,8c293a52745057c4
301309,2020,4,Medical treatment,False,0,1069_13787,True,153.352821920766,-28.0793004828703,8c293a52745057c4
301335,2020,2,Medical treatment,False,0,1082_13799,True,153.417433920413,-28.027163489039193,8c293a52745057c4
301338,2020,3,Medical treatment,False,0,1080_13798,True,153.41033192093,-28.02918648833119,8c293a52745057c4
301339,2020,3,Medical treatment,False,0,1082_13799,True,153.417577920473,-28.026577489049195,8c293a52745057c4
301341,2020,4,Medical treatment,False,0,1077_13790,True,153.395027917611,-28.0678124870752,8c293a52745057c4
301344,2024,12,Medical treatment,False,0,1074_13810,True,153.377859931278,-27.976662484611893,8c293a52745057c4
301355,2020,6,Hospitalisation,True,1,1080_13790,True,153.407216046057,-28.069468869329803,8c293a52745057c4
301358,2020,6,Minor injury,False,0,1071_13817,True,153.36386393690202,-27.9449544829388,8c293a52745057c4
301378,2020,3,Medical treatment,False,0,1075_13813,True,153.385378931955,-27.965051485286093,8c293a52745057c4
301379,2020,2,Medical treatment,False,0,1082_13811,True,153.419256544307,-27.9723369547944,8c293a52745057c4
301387,2020,11,Hospitalisation,True,1,1106_13768,True,153.54139488850703,-28.16780050280769,8c293a52745057c4
301389,2020,12,Hospitalisation,True,1,1077_13809,True,153.396248928389,-27.983443486537396,8c293a52745057c4
301447,2020,12,Minor injury,False,0,1071_13812,True,153.362090933906,-27.969678482952606,8c293a52745057c4
301494,2021,10,Hospitalisation,True,1,1091_13780,True,153.46445790396,-28.1141954945194,8c293a52745057c4
301508,2021,2,Minor injury,False,0,1068_13816,True,153.346471937927,-27.9517494812236,8c293a52745057c4
301526,2021,3,Medical treatment,False,0,1092_13776,True,153.470582901366,-28.128969495260797,8c293a52745057c4
301541,2020,6,Medical treatment,False,0,1076_13787,True,153.388665916843,-28.0791464865162,8c293a52745057c4
301547,2020,7,Hospitalisation,True,1,1068_13802,True,153.349045929432,-28.015418481985304,8c293a52745057c4
301561,2020,12,Hospitalisation,True,1,1059_13838,True,153.300334956069,-27.849896475737197,8c293a52745057c4
301575,2020,9,Medical treatment,False,0,1104_13767,True,153.530093889176,-28.172227501685196,8c293a52745057c4
301580,2020,8,Medical treatment,False,0,1096_13773,True,153.490169896979,-28.146112497396494,8c293a52745057c4
301581,2020,9,Medical treatment,False,0,1085_13793,True,153.437124914822,-28.053637491254804,8c293a52745057c4
301582,2020,9,Hospitalisation,True,1,1074_13814,True,153.377996235514,-27.95923190148889,8c293a52745057c4
301584,2024,9,Medical treatment,False,0,1075_13798,True,153.385983923157,-28.032622485878196,8c293a52745057c4
301594,2021,2,Medical treatment,False,0,1068_13812,True,153.346899829501,-27.970204137412093,8c293a52745057c4
301611,2024,12,Minor injury,False,0,1044_13865,True,153.224409979676,-27.730023467100697,8c293a52745057c4
301617,2020,7,Medical treatment,False,0,1074_13786,True,153.380666917131,-28.083724485737797,8c293a52745057c4
301636,2021,6,Medical treatment,False,0,1079_13783,True,153.404101912693,-28.098081488236904,8c293a52745057c4
301640,2021,6,Hospitalisation,True,1,1084_13769,True,153.43045390123902,-28.164001491439492,8c293a52745057c4
301697,2020,9,Minor injury,False,0,1061_13832,True,153.31422748194,-27.878030928368492,8c293a52745057c4
301699,2021,5,Hospitalisation,True,1,1042_13832,True,153.217954961392,-27.87842846761579,8c293a52745057c4
301719,2021,5,Medical treatment,False,0,1061_13829,True,153.314586875316,-27.890351534501903,8c293a52745057c4
301723,2020,11,Medical treatment,False,0,1055_13846,True,153.283768962151,-27.8165664737945,8c293a52745057c4
301725,2023,10,Hospitalisation,True,1,1079_13815,True,153.402761668677,-27.9524811549575,8c293a52745057c4
301749,2024,2,Medical treatment,False,0,1082_13811,True,153.420292927011,-27.9737454889112,8c293a52745057c4
301750,2024,2,Hospitalisation,True,1,1088_13786,True,153.450252909305,-28.085057492840793,8c293a52745057c4
301754,2024,2,Medical treatment,False,0,1061_13837,True,153.31103195397,-27.857168476879995,8c293a52745057c4
301783,2024,8,Medical treatment,False,0,1076_13805,True,153.391335926651,-28.001051486175296,8c293a52745057c4
301790,2024,8,Minor injury,False,0,1076_13790,True,153.387671918264,-28.069013486335503,8c293a52745057c4
301795,2024,8,Hospitalisation,True,1,1080_13818,True,153.40800293256,-27.941217487403,8c293a52745057c4
301803,2021,2,Hospitalisation,True,1,1070_13813,True,153.357632935345,-27.9623094824414,8c293a52745057c4
301852,2020,9,Hospitalisation,True,1,1079_13782,True,153.40613191195,-28.102088488475104,8c293a52745057c4
301862,2021,1,Hospitalisation,True,1,1070_13801,True,153.358181927937,-28.019238482944196,8c293a52745057c4
301887,2021,5,Minor injury,False,0,1086_13780,True,153.442346150363,-28.114432440264302,8c293a52745057c4
301891,2024,12,Minor injury,False,0,1062_13830,True,153.319152949444,-27.885487477927295,8c293a52745057c4
301896,2021,2,Hospitalisation,True,1,1063_13817,True,153.32232895925,-27.946460927729003,8c293a52745057c4
301897,2021,2,Medical treatment,False,0,1075_13807,True,153.382073928909,-27.991432485156796,8c293a52745057c4
301912,2021,2,Medical treatment,False,0,1053_13760,True,153.271705823649,-28.2036579286092,8c293a52745057c4
301919,2024,12,Hospitalisation,True,1,1067_13815,True,153.343993937891,-27.954138480990498,8c293a52745057c4
301926,2021,6,Medical treatment,False,0,1070_13853,True,153.357781958459,-27.782692481043696,8c293a52745057c4
301930,2021,6,Hospitalisation,True,1,1067_13855,True,153.341029961629,-27.772170479257802,8c293a52745057c4
301957,2020,2,Minor injury,False,0,1080_13813,True,153.411294929363,-27.963173487910996,8c293a52745057c4
301964,2020,4,Hospitalisation,True,1,1069_13840,True,153.353231837476,-27.840833267038697,8c293a52745057c4
301965,2020,4,Hospitalisation,True,1,1090_13779,True,153.462527903623,-28.118421494355495,8c293a52745057c4
301969,2020,4,Medical treatment,False,0,1075_13820,True,153.385819935991,-27.933416485082404,8c293a52745057c4
301991,2022,4,Minor injury,False,0,1073_13812,True,153.375955932709,-27.967197484343792,8c293a52745057c4
301994,2022,4,Hospitalisation,True,1,1077_13784,True,153.39338797838,-28.0941562811148,8c293a52745057c4
301995,2020,11,Medical treatment,False,0,1066_13822,True,153.337799942667,-27.922322480111003,8c293a52745057c4
301998,2021,3,Hospitalisation,True,1,1066_13806,True,153.339900933259,-27.993533480883897,8c293a52745057c4
302008,2021,5,Hospitalisation,True,1,1084_13812,True,153.427130671188,-27.966594719552102,8c293a52745057c4
302009,2021,5,Hospitalisation,True,1,1086_13788,True,153.440939911619,-28.075111491812493,8c293a52745057c4
302011,2021,5,Minor injury,False,0,1075_13813,True,153.385667931922,-27.965059485315592,8c293a52745057c4
302016,2021,5,Hospitalisation,True,3,1067_13810,True,153.34408593493,-27.9770244811796,8c293a52745057c4
302024,2021,5,Medical treatment,False,0,1059_13845,True,153.303467959337,-27.821795475833998,8c293a52745057c4
302035,2022,12,Hospitalisation,True,1,1064_13842,True,153.329691955114,-27.8324594785805,8c293a52745057c4
302048,2022,10,Minor injury,False,0,1076_13821,True,153.386709936459,-27.9290354851386,8c293a52745057c4
302078,2024,8,Medical treatment,False,0,1062_13827,True,153.315743947726,-27.901731477708903,8c293a52745057c4
302087,2022,12,Hospitalisation,True,1,1062_13830,True,153.31546594985,-27.885458477552696,8c293a52745057c4
302105,2024,8,Minor injury,False,0,1070_13821,True,153.358900939924,-27.925720482282795,8c293a52745057c4
302114,2021,2,Medical treatment,False,0,1067_13809,True,153.342326934672,-27.980518481028305,8c293a52745057c4
302118,2021,10,Medical treatment,False,0,1076_13813,True,153.389692931795,-27.962637485706303,8c293a52745057c4
302124,2021,10,Hospitalisation,True,1,1068_13791,True,153.347346923715,-28.061138482171195,8c293a52745057c4
302130,2022,1,Medical treatment,False,0,1067_13814,True,153.342087937593,-27.9580664808276,8c293a52745057c4
302159,2021,4,Hospitalisation,True,1,1057_13826,True,153.291488950175,-27.903278475259505,8c293a52745057c4
302170,2021,1,Hospitalisation,True,1,1084_13808,True,153.429900924238,-27.987055489995296,8c293a52745057c4
302174,2021,1,Hospitalisation,True,1,1045_13832,True,153.232483659994,-27.876964469074203,8c293a52745057c4
302177,2024,10,Hospitalisation,True,1,1084_13806,True,153.427528923236,-27.99680448983001,8c293a52745057c4
302180,2021,1,Hospitalisation,True,1,1064_13822,True,153.326797759743,-27.923303016001004,8c293a52745057c4
302201,2024,12,Hospitalisation,True,2,1069_13843,True,153.351060953396,-27.827741480714998,8c293a52745057c4
302218,2020,7,Medical treatment,False,0,1083_13797,True,153.42489391857202,-28.035055489861595,8c293a52745057c4
302238,2021,8,Medical treatment,False,0,1067_13805,True,153.34300028128,-27.998484558237795,8c293a52745057c4
302241,2021,8,Hospitalisation,True,1,1080_13808,True,153.410045926742,-27.98450148795129,8c293a52745057c4
302249,2021,6,Medical treatment,False,0,1084_13805,True,153.430777922567,-27.9992184901803,8c293a52745057c4
302252,2021,8,Hospitalisation,True,1,1079_13790,True,153.403518916838,-28.066577487930402,8c293a52745057c4
302259,2021,4,Minor injury,False,0,1067_13809,True,153.341782934525,-27.982116480985496,8c293a52745057c4
302274,2021,3,Minor injury,False,0,1106_13768,True,153.541413888502,-28.167822502809795,8c293a52745057c4
302277,2021,3,Minor injury,False,0,1081_13806,True,153.414203924631,-27.997304488475486,8c293a52745057c4
302297,2023,1,Fatal,True,1,1041_13831,True,153.213338961393,-27.882349467179797,8c293a52745057c4
302299,2022,5,Hospitalisation,True,1,1058_13827,True,153.296100949936,-27.901222475711197,8c293a52745057c4
302321,2023,8,Medical treatment,False,0,1065_13808,True,153.334236934569,-27.988186480266407,8c293a52745057c4
302329,2023,8,Hospitalisation,True,1,1079_13794,True,153.40232991895002,-28.051268487689192,8c293a52745057c4
302338,2023,1,Hospitalisation,True,1,1074_13814,True,153.37817693340202,-27.959949484512904,8c293a52745057c4
302374,2024,1,Hospitalisation,True,1,1061_13829,True,153.314337949141,-27.891922477488993,8c293a52745057c4
302377,2023,11,Fatal,True,2,1079_13793,True,153.405061918439,-28.052899487980298,8c293a52745057c4
302381,2023,8,Hospitalisation,True,3,1066_13809,True,153.338908934937,-27.981366480687594,8c293a52745057c4
302394,2024,7,Hospitalisation,True,1,1084_13802,True,153.429854920867,-28.0131304901954,8c293a52745057c4
302411,2024,8,Medical treatment,False,0,1084_13805,True,153.427161923039,-27.998637489807,8c293a52745057c4
302414,2024,8,Minor injury,False,0,1085_13793,True,153.437427914599,-28.055102491297202,8c293a52745057c4
302415,2024,2,Medical treatment,False,0,1056_13845,True,153.285603961678,-27.818698473997404,8c293a52745057c4
302417,2024,2,Hospitalisation,True,1,1075_13787,True,153.38524491672,-28.0830064861982,8c293a52745057c4
302421,2024,9,Hospitalisation,True,2,1072_13803,True,153.366693928333,-28.008943483729198,8c293a52745057c4
302428,2024,9,Hospitalisation,True,1,1084_13811,True,153.427501926229,-27.973693489645697,8c293a52745057c4
302439,2022,6,Hospitalisation,True,1,1078_13816,True,153.400006932533,-27.948190486643195,8c293a52745057c4
302441,2022,1,Minor injury,False,0,1074_13813,True,153.376570933106,-27.9636024843781,8c293a52745057c4
302452,2022,3,Hospitalisation,True,1,1081_13790,True,153.414414915518,-28.0675204890481,8c293a52745057c4
302459,2023,2,Hospitalisation,True,1,1052_13762,True,153.268911555012,-28.1954983392621,8c293a52745057c4
302463,2022,3,Hospitalisation,True,3,1076_13831,True,153.387865942064,-27.884612484907,8c293a52745057c4
302465,2022,3,Medical treatment,False,0,1078_13824,True,153.400847937055,-27.912462486448092,8c293a52745057c4
302467,2022,3,Medical treatment,False,0,1083_13783,True,153.426340910191,-28.098502490506892,8c293a52745057c4
302476,2021,4,Medical treatment,False,0,1066_13807,True,153.336428934176,-27.989369480498393,8c293a52745057c4
302487,2021,2,Medical treatment,False,0,1090_13778,True,153.459770431761,-28.119695267083895,8c293a52745057c4
302489,2021,2,Medical treatment,False,0,1085_13768,True,153.433673842235,-28.168990578806994,8c293a52745057c4
302496,2021,4,Hospitalisation,True,1,1072_13803,True,153.366730928324,-28.008980483733296,8c293a52745057c4
302497,2021,1,Hospitalisation,True,1,1086_13795,True,153.438277915663,-28.046178491313896,8c293a52745057c4
302500,2021,4,Medical treatment,False,0,1080_13782,True,153.407544911801,-28.1020414886187,8c293a52745057c4
302501,2021,4,Medical treatment,False,0,1102_13768,True,153.520237891063,-28.166086500628293,8c293a52745057c4
302519,2020,8,Medical treatment,False,0,1062_13807,True,153.316293936099,-27.9915744784705,8c293a52745057c4
302521,2021,10,Medical treatment,False,0,1075_13798,True,153.385983923157,-28.032622485878196,8c293a52745057c4
302539,2024,12,Hospitalisation,True,1,1079_13790,True,153.404142916852,-28.065938487988994,8c293a52745057c4
302548,2024,12,Hospitalisation,True,1,1070_13787,True,153.356638919969,-28.0822124832813,8c293a52745057c4
302557,2021,8,Hospitalisation,True,1,1057_13845,True,153.290875970766,-27.821330399552807,8c293a52745057c4
302559,2021,8,Medical treatment,False,0,1071_13832,True,153.361749945808,-27.877649482194602,8c293a52745057c4
302563,2021,8,Hospitalisation,True,1,1085_13796,True,153.433401917092,-28.039274490762295,8c293a52745057c4
302573,2021,8,Hospitalisation,True,1,1061_13821,True,153.312915944933,-27.9258394776112,8c293a52745057c4
302576,2020,5,Hospitalisation,True,1,1062_13830,True,153.316032949806,-27.885319477609098,8c293a52745057c4
302586,2021,8,Hospitalisation,True,1,1080_13798,True,153.40998592096,-28.029246488296398,8c293a52745057c4
302588,2021,8,Hospitalisation,True,1,1048_13862,True,153.245071272535,-27.74489291030899,8c293a52745057c4
302595,2021,5,Hospitalisation,True,3,1069_13789,True,153.354120921794,-28.070238482931295,8c293a52745057c4
302604,2021,8,Minor injury,False,0,1062_13830,True,153.315480949483,-27.888295477576502,8c293a52745057c4
302613,2021,8,Medical treatment,False,0,1080_13794,True,153.40706391878902,-28.0484944881497,8c293a52745057c4
302615,2022,4,Hospitalisation,True,1,1068_13802,True,153.348447929608,-28.0145644819178,8c293a52745057c4
302616,2021,4,Minor injury,False,0,1074_13805,True,153.37852192831,-27.99908448485539,8c293a52745057c4
302617,2021,4,Medical treatment,False,0,1061_13832,True,153.31473195081,-27.878610477424303,8c293a52745057c4
302618,2021,5,Minor injury,False,0,1060_13837,True,153.309076954132,-27.857564476684704,8c293a52745057c4
302621,2021,5,Hospitalisation,True,1,1084_13805,True,153.431086922205,-28.001760490231803,8c293a52745057c4
302641,2022,6,Medical treatment,False,0,1092_13778,True,153.472105901949,-28.123187495371,8c293a52745057c4
302642,2023,8,Medical treatment,False,0,1066_13804,True,153.34032593198802,-28.003025481001597,8c293a52745057c4
302645,2022,1,Minor injury,False,0,1080_13802,True,153.41135892275,-28.014248488318604,8c293a52745057c4
302664,2023,8,Hospitalisation,True,1,1083_13805,True,153.426991923039,-27.99877848979079,8c293a52745057c4
302667,2023,8,Hospitalisation,True,1,1067_13850,True,153.341239958666,-27.795052479459308,8c293a52745057c4
302670,2023,8,Hospitalisation,True,1,1065_13831,True,153.334095948001,-27.884032479433596,8c293a52745057c4
302678,2023,8,Hospitalisation,True,1,1055_13824,True,153.283300949925,-27.912182474499105,8c293a52745057c4
302691,2024,2,Hospitalisation,True,1,1082_13812,True,153.41700592821,-27.9672574885251,8c293a52745057c4
302716,2024,7,Medical treatment,False,0,1083_13794,True,153.427221916636,-28.0480344902008,8c293a52745057c4
302718,2024,7,Medical treatment,False,0,1074_13810,True,153.380983930931,-27.9767074849302,8c293a52745057c4
302719,2024,7,Minor injury,False,0,1062_13826,True,153.316961946985,-27.906457477869704,8c293a52745057c4
302720,2024,7,Minor injury,False,0,1070_13808,True,153.360268931888,-27.986863482902304,8c293a52745057c4
302723,2023,9,Hospitalisation,True,1,1071_13808,True,153.365283931548,-27.98524248339969,8c293a52745057c4
302726,2024,3,Hospitalisation,True,4,1080_13815,True,153.408746930696,-27.955015487587303,8c293a52745057c4
302732,2023,9,Hospitalisation,True,1,1084_13804,True,153.428212115995,-28.005808964970406,8c293a52745057c4
302738,2023,9,Hospitalisation,True,1,1074_13811,True,153.3766119322,-27.970585484437198,8c293a52745057c4
302745,2023,9,Hospitalisation,True,1,1063_13824,True,153.320560975421,-27.915563608306705,8c293a52745057c4
302751,2023,9,Medical treatment,False,0,1064_13805,True,153.327758637731,-28.0001946827025,8c293a52745057c4
302752,2023,9,Medical treatment,False,0,1057_13845,True,153.289756961112,-27.8195824744255,8c293a52745057c4
302763,2023,9,Medical treatment,False,0,1067_13804,True,153.343274931188,-28.0067194813303,8c293a52745057c4
302769,2022,3,Hospitalisation,True,2,1045_13864,True,153.228643006481,-27.735778044574293,8c293a52745057c4
302776,2022,2,Hospitalisation,True,1,1062_13826,True,153.319515946906,-27.90490447811681,8c293a52745057c4
302779,2022,1,Minor injury,False,0,1061_13830,True,153.313541949706,-27.888207477378998,8c293a52745057c4
302795,2022,3,Hospitalisation,True,1,1061_13818,True,153.313284942661,-27.9431784777849,8c293a52745057c4
302801,2022,12,Hospitalisation,True,1,1052_13848,True,153.266339965546,-27.8048714719357,8c293a52745057c4
302806,2021,6,Hospitalisation,True,1,1063_13832,True,153.320729950296,-27.8775274780248,8c293a52745057c4
302817,2021,5,Medical treatment,False,0,1062_13795,True,153.31610192895,-28.047184478887388,8c293a52745057c4
302819,2021,6,Medical treatment,False,0,1073_13796,True,153.374826923288,-28.041077484808902,8c293a52745057c4
302822,2021,5,Medical treatment,False,0,1067_13807,True,153.340762933718,-27.9892424809378,8c293a52745057c4
302827,2021,2,Hospitalisation,True,1,1067_13815,True,153.34329593807004,-27.95333748091329,8c293a52745057c4
302836,2021,10,Hospitalisation,True,1,1072_13800,True,153.3710979263,-28.0209404842714,8c293a52745057c4
302859,2021,9,Medical treatment,False,0,1087_13789,True,153.444461911391,-28.073886492162202,8c293a52745057c4
302867,2021,11,Hospitalisation,True,1,1081_13811,True,153.412782928181,-27.971052488124496,8c293a52745057c4
302874,2023,3,Hospitalisation,True,1,1052_13847,True,153.268104964841,-27.808873472146097,8c293a52745057c4
302875,2022,1,Medical treatment,False,0,1077_13808,True,153.392900928162,-27.988038486232504,8c293a52745057c4
302892,2021,8,Minor injury,False,0,1081_13811,True,153.415031927888,-27.971419488356595,8c293a52745057c4
302894,2021,8,Medical treatment,False,0,1087_13789,True,153.444113911609,-28.0724994921158,8c293a52745057c4
302895,2021,8,Hospitalisation,True,1,1097_13773,True,153.495318896666,-28.144154497907596,8c293a52745057c4
302903,2021,10,Hospitalisation,True,3,1062_13826,True,153.317209671963,-27.906418345894497,8c293a52745057c4
302904,2021,10,Hospitalisation,True,2,1064_13819,True,153.330060840859,-27.935160452425603,8c293a52745057c4
302923,2021,11,Minor injury,False,0,1084_13812,True,153.42713602794,-27.96850971356769,8c293a52745057c4
302925,2021,10,Hospitalisation,True,1,1047_13853,True,153.242310971062,-27.782189469323303,8c293a52745057c4
302935,2021,7,Medical treatment,False,0,1087_13788,True,153.443244911114,-28.077051492062804,8c293a52745057c4
302953,2022,5,Medical treatment,False,0,1107_13768,True,153.549600887922,-28.1653455036291,8c293a52745057c4
302961,2022,10,Hospitalisation,True,1,1074_13787,True,153.379352417769,-28.07990809857411,8c293a52745057c4
302968,2022,10,Hospitalisation,True,1,1082_13806,True,153.420109924101,-27.9963984890704,8c293a52745057c4
302972,2022,10,Medical treatment,False,0,1081_13788,True,153.41221291475802,-28.075256488884396,8c293a52745057c4
302981,2023,8,Medical treatment,False,0,1086_13790,True,153.440475912714,-28.067063491702,8c293a52745057c4
302988,2022,7,Minor injury,False,0,1088_13787,True,153.449248909693,-28.0829194927216,8c293a52745057c4
303001,2022,11,Medical treatment,False,0,1092_13779,True,153.469732903137,-28.11606149507279,8c293a52745057c4
303005,2020,10,Medical treatment,False,0,1071_13790,True,153.362039921185,-28.068217483720797,8c293a52745057c4
303006,2021,8,Medical treatment,False,0,1080_13794,True,153.407253918816,-28.048130488166198,8c293a52745057c4
303010,2021,8,Hospitalisation,True,2,1046_13865,True,153.236745978236,-27.730822468355296,8c293a52745057c4
303012,2021,12,Medical treatment,False,0,1096_13774,True,153.488855897729,-28.1414544972257,8c293a52745057c4
303014,2022,10,Hospitalisation,True,2,1060_13837,True,153.307163954305,-27.857836476492697,8c293a52745057c4
303023,2022,10,Hospitalisation,True,1,1063_13821,True,153.32066094401,-27.9264404784023,8c293a52745057c4
303024,2022,10,Medical treatment,False,0,1069_13801,True,153.351517929094,-28.0159404822407,8c293a52745057c4
303030,2022,10,Hospitalisation,True,1,1077_13817,True,153.39428293377,-27.94345548602299,8c293a52745057c4
303035,2022,10,Hospitalisation,True,1,1044_13833,True,153.226777960803,-27.875509468485408,8c293a52745057c4
303036,2022,10,Medical treatment,False,0,1078_13811,True,153.400981928972,-27.9749214869525,8c293a52745057c4
303049,2024,5,Hospitalisation,True,1,1065_13803,True,153.332723931772,-28.01116248029299,8c293a52745057c4
303067,2024,11,Medical treatment,False,0,1078_13817,True,153.399555933179,-27.943571486561,8c293a52745057c4
303073,2024,11,Minor injury,False,0,1067_13814,True,153.343162937571,-27.957325480931097,8c293a52745057c4
303074,2024,11,Hospitalisation,True,1,1067_13816,True,153.340677938589,-27.951536480633102,8c293a52745057c4
303082,2023,9,Hospitalisation,True,1,1080_13808,True,153.41004692673,-27.984588487951996,8c293a52745057c4
303084,2023,9,Medical treatment,False,0,1091_13779,True,153.465897903464,-28.116788494686798,8c293a52745057c4
303093,2024,3,Medical treatment,False,0,1074_13805,True,153.378587928295,-27.99914148486249,8c293a52745057c4
303109,2024,9,Hospitalisation,True,1,1047_13780,True,153.24034192874,-28.113523471726293,8c293a52745057c4
303110,2024,8,Hospitalisation,True,1,1071_13832,True,153.362395945762,-27.877458482258803,8c293a52745057c4
303112,2024,9,Minor injury,False,0,1069_13794,True,153.355222924316,-28.049785482883,8c293a52745057c4
303117,2024,9,Medical treatment,False,0,1081_13811,True,153.412677928223,-27.970821488112005,8c293a52745057c4
303120,2022,12,Minor injury,False,0,1076_13810,True,153.388698930113,-27.976501485714,8c293a52745057c4
303124,2023,4,Medical treatment,False,0,1057_13827,True,153.289600950586,-27.9016884750555,8c293a52745057c4
303130,2023,2,Medical treatment,False,0,1074_13816,True,153.378894934651,-27.94966148450509,8c293a52745057c4
303134,2023,2,Minor injury,False,0,1066_13817,True,153.340468226224,-27.94678292257441,8c293a52745057c4
303138,2023,2,Medical treatment,False,0,1062_13831,True,153.315590950179,-27.8827884775444,8c293a52745057c4
303142,2023,4,Hospitalisation,True,2,1067_13810,True,153.343956934929,-27.9771384811674,8c293a52745057c4
303146,2023,4,Hospitalisation,True,1,1082_13793,True,153.419781916897,-28.052323489475896,8c293a52745057c4
303174,2021,10,Minor injury,False,0,1084_13800,True,153.431087919788,-28.020424490378392,8c293a52745057c4
303186,2021,10,Medical treatment,False,0,1073_13789,True,153.376522919023,-28.072618485228904,8c293a52745057c4
303188,2022,1,Hospitalisation,True,1,1084_13782,True,153.430032909323,-28.1020624909113,8c293a52745057c4
303218,2020,12,Medical treatment,False,0,1066_13807,True,153.34051493352,-27.990987480926293,8c293a52745057c4
303224,2023,4,Medical treatment,False,0,1043_13832,True,153.222626960677,-27.880029468100997,8c293a52745057c4
303235,2022,5,Medical treatment,False,0,1078_13806,True,153.399679926508,-27.9950914869783,8c293a52745057c4
303258,2022,3,Medical treatment,False,0,1080_13815,True,153.408066931034,-27.9529744875019,8c293a52745057c4
303296,2023,10,Medical treatment,False,0,1104_13767,True,153.530475889385,-28.170298501709198,8c293a52745057c4
303297,2023,10,Minor injury,False,0,1085_13793,True,153.437124914822,-28.053637491254804,8c293a52745057c4
303300,2023,10,Medical treatment,False,0,1061_13835,True,153.311738953133,-27.8630824769983,8c293a52745057c4
303305,2023,10,Minor injury,False,0,1076_13818,True,153.386905934946,-27.940593485249405,8c293a52745057c4
303310,2023,10,Hospitalisation,True,1,1070_13805,True,153.35898057933002,-28.000028110874595,8c293a52745057c4
303313,2023,10,Medical treatment,False,0,1083_13777,True,153.426145906814,-28.124709490692403,8c293a52745057c4
303317,2021,9,Hospitalisation,True,3,1080_13815,True,153.408746930696,-27.955015487587303,8c293a52745057c4
303318,2021,12,Hospitalisation,True,1,1089_13782,True,153.454116906501,-28.1033864933789,8c293a52745057c4
303320,2022,6,Hospitalisation,True,1,1037_13855,True,153.19074177651,-27.7755849160556,8c293a52745057c4
303321,2022,6,Medical treatment,False,0,1062_13830,True,153.315470949872,-27.885282477551804,8c293a52745057c4
303322,2022,6,Hospitalisation,True,1,1086_13792,True,153.439560913813,-28.05935949154821,8c293a52745057c4
303342,2021,4,Medical treatment,False,0,1084_13782,True,153.4295409094,-28.1018884908597,8c293a52745057c4
303343,2022,1,Hospitalisation,True,1,1083_13808,True,153.426044924978,-27.98459648958279,8c293a52745057c4
303344,2022,10,Hospitalisation,True,1,1075_13798,True,153.385983923157,-28.032622485878196,8c293a52745057c4
303363,2022,10,Medical treatment,False,0,1080_13799,True,153.410822921343,-28.025576488352893,8c293a52745057c4
303367,2024,11,Hospitalisation,True,2,1077_13811,True,153.393365930261,-27.971396486149203,8c293a52745057c4
303382,2024,11,Minor injury,False,0,1058_13838,True,153.299419955854,-27.852348475663607,8c293a52745057c4
303416,2024,6,Medical treatment,False,0,1080_13812,True,153.410172928545,-27.970448487853794,8c293a52745057c4
303419,2024,6,Minor injury,False,0,1092_13777,True,153.468690901861,-28.126764495050196,8c293a52745057c4
303423,2024,12,Medical treatment,False,0,1075_13787,True,153.384573917137,-28.080352486109096,8c293a52745057c4
303457,2023,12,Minor injury,False,0,1047_13857,True,153.243337973091,-27.765463469295494,8c293a52745057c4
303458,2023,10,Minor injury,False,0,1083_13818,True,153.426143930852,-27.939094489235398,8c293a52745057c4
303464,2023,10,Medical treatment,False,0,1106_13767,True,153.53991088849,-28.169180502666595,8c293a52745057c4
303467,2023,9,Medical treatment,False,0,1084_13808,True,153.429846924095,-27.988205489998897,8c293a52745057c4
303477,2023,12,Hospitalisation,True,2,1083_13814,True,153.426818928418,-27.9573514894477,8c293a52745057c4
303485,2021,11,Hospitalisation,True,1,1083_13805,True,153.426748922823,-28.0006534897807,8c293a52745057c4
303491,2021,11,Medical treatment,False,0,1069_13789,True,153.354129921794,-28.0702284829322,8c293a52745057c4
303492,2021,12,Fatal,True,1,1064_13863,True,153.326047967587,-27.738410477469596,8c293a52745057c4
303495,2022,1,Hospitalisation,True,1,1084_13805,True,153.431149922176,-28.001924490239496,8c293a52745057c4
303500,2022,10,Minor injury,False,0,1081_13805,True,153.414300924265,-28.000047488506997,8c293a52745057c4
303504,2021,6,Hospitalisation,True,1,1057_13846,True,153.290690961468,-27.816015474492193,8c293a52745057c4
303520,2022,4,Minor injury,False,0,1048_13809,True,153.248752944764,-27.981773471544685,8c293a52745057c4
303536,2022,6,Hospitalisation,True,1,1071_13814,True,153.36178522213103,-27.960442653849007,8c293a52745057c4
303547,2023,4,Hospitalisation,True,1,1080_13814,True,153.407375930562,-27.957212487464805,8c293a52745057c4
303554,2023,4,Hospitalisation,True,1,1081_13810,True,153.414205756398,-27.97590530430771,8c293a52745057c4
303579,2020,12,Medical treatment,False,0,1081_13797,True,153.41315691975,-28.035903488671806,8c293a52745057c4
303581,2021,2,Medical treatment,False,0,1075_13814,True,153.381428933219,-27.958609484833396,8c293a52745057c4
303584,2021,3,Hospitalisation,True,2,1076_13820,True,153.390527935649,-27.932077485551197,8c293a52745057c4
303587,2021,6,Minor injury,False,0,1071_13832,True,153.361749945808,-27.877649482194602,8c293a52745057c4
305193,2023,12,Minor injury,False,0,1062_13824,True,153.318537945996,-27.912806478079606,8c293a52745057c4
305210,2023,10,Hospitalisation,True,1,1072_13780,True,153.367224238041,-28.111308431586092,8c293a52745057c4
305212,2024,3,Medical treatment,False,0,1076_13786,True,153.391454113851,-28.0844450168417,8c293a52745057c4
305221,2021,8,Medical treatment,False,0,1067_13809,True,153.341639793284,-27.984107939986608,8c293a52745057c4
305237,2021,11,Hospitalisation,True,1,1084_13793,True,153.428605915441,-28.056078490405092,8c293a52745057c4
305256,2022,1,Medical treatment,False,0,1061_13834,True,153.312501952553,-27.86694947710621,8c293a52745057c4
305258,2021,12,Medical treatment,False,0,1093_13777,True,153.476624900868,-28.12768149586791,8c293a52745057c4
305266,2020,4,Hospitalisation,True,1,1068_13801,True,153.346838929611,-28.015911481764796,8c293a52745057c4
305317,2022,4,Minor injury,False,0,1087_13788,True,153.444745911263,-28.074634492197095,8c293a52745057c4
305337,2022,2,Minor injury,False,0,1077_13813,True,153.39511993129,-27.9619514862536,8c293a52745057c4
305340,2024,4,Medical treatment,False,0,1061_13835,True,153.313044952573,-27.8663264771564,8c293a52745057c4
305341,2024,4,Hospitalisation,True,1,1062_13832,True,153.315168950682,-27.879234477473602,8c293a52745057c4
305343,2024,4,Hospitalisation,True,1,1084_13799,True,153.429169919401,-28.025036490219,8c293a52745057c4
305355,2024,4,Hospitalisation,True,1,1083_13804,True,153.425174922661,-28.003237489640497,8c293a52745057c4
305363,2024,3,Hospitalisation,True,1,1083_13796,True,153.425298917913,-28.039802489940197,8c293a52745057c4
305364,2024,3,Medical treatment,False,0,1077_13817,True,153.391681933604,-27.946942485785495,8c293a52745057c4
305370,2024,3,Minor injury,False,0,1067_13786,True,153.342566920818,-28.087623481892997,8c293a52745057c4
305374,2024,3,Medical treatment,False,0,1078_13819,True,153.400883934068,-27.935561486633304,8c293a52745057c4
305382,2024,3,Hospitalisation,True,1,1084_13779,True,153.430567817452,-28.11603163407529,8c293a52745057c4
305391,2022,4,Hospitalisation,True,1,1078_13819,True,153.397830534395,-27.93561108632269,8c293a52745057c4
305403,2022,9,Minor injury,False,0,1080_13803,True,153.408873720467,-28.010813202038403,8c293a52745057c4
305408,2022,9,Medical treatment,False,0,1084_13788,True,153.430715912758,-28.074997490768695,8c293a52745057c4
305422,2022,9,Medical treatment,False,0,1077_13815,True,153.395177932094,-27.955672486210194,8c293a52745057c4
305423,2022,9,Medical treatment,False,0,1055_13823,True,153.283410949283,-27.9170874745488,8c293a52745057c4
305450,2024,10,Hospitalisation,True,1,1077_13814,True,153.395376931455,-27.960451486267996,8c293a52745057c4
305451,2024,12,Medical treatment,False,0,1051_13851,True,153.262759779301,-27.794208025488995,8c293a52745057c4
305461,2024,12,Hospitalisation,True,1,1085_13796,True,153.436881916555,-28.0404754911267,8c293a52745057c4
305480,2022,4,Hospitalisation,True,1,1067_13804,True,153.342190931519,-28.005073481207205,8c293a52745057c4
305487,2022,1,Minor injury,False,0,1080_13814,True,153.411608929749,-27.9599184879174,8c293a52745057c4
305511,2024,5,Hospitalisation,True,1,1051_13819,True,153.263341948851,-27.937529472675095,8c293a52745057c4
305523,2024,5,Medical treatment,False,0,1082_13810,True,153.421405926388,-27.97762348905509,8c293a52745057c4
305524,2024,6,Hospitalisation,True,1,1074_13789,True,153.379509918672,-28.0727924855343,8c293a52745057c4
305536,2024,6,Hospitalisation,True,1,1085_13767,True,153.433976899995,-28.170586491850504,8c293a52745057c4
305540,2022,9,Minor injury,False,0,1072_13820,True,153.370626938084,-27.9300584835097,8c293a52745057c4
305549,2023,1,Hospitalisation,True,1,1073_13814,True,153.374077933898,-27.9595734840928,8c293a52745057c4
305561,2023,1,Hospitalisation,True,1,1071_13818,True,153.363047937245,-27.942988482840295,8c293a52745057c4
305566,2023,1,Medical treatment,False,0,1050_13855,True,153.25695197018,-27.7766604707624,8c293a52745057c4
305570,2022,12,Hospitalisation,True,2,1081_13814,True,153.41193492965402,-27.96037948795429,8c293a52745057c4
305574,2023,1,Medical treatment,False,0,1075_13787,True,153.386410916923,-28.080446486296797,8c293a52745057c4
305580,2024,12,Hospitalisation,True,1,1083_13792,True,153.425555915355,-28.0593274901196,8c293a52745057c4
305589,2024,12,Medical treatment,False,0,1072_13803,True,153.369702927733,-28.011035484051707,8c293a52745057c4
305593,2024,12,Hospitalisation,True,1,1077_13830,True,153.395188940939,-27.887142485672605,8c293a52745057c4
305614,2024,11,Hospitalisation,True,1,1062_13830,True,153.318197949568,-27.885332477829103,8c293a52745057c4
305621,2020,1,Minor injury,False,0,1071_13808,True,153.365107931575,-27.9851774833813,8c293a52745057c4
305644,2022,10,Hospitalisation,True,1,1084_13802,True,153.431750920904,-28.011243490373893,8c293a52745057c4
305647,2022,11,Hospitalisation,True,1,1084_13774,True,153.428477904518,-28.140416491053305,8c293a52745057c4
305659,2024,8,Minor injury,False,0,1093_13774,True,153.474144899638,-28.1392454957052,8c293a52745057c4
305670,2024,8,Hospitalisation,True,1,1077_13815,True,153.395177932094,-27.955672486210194,8c293a52745057c4
305681,2024,6,Hospitalisation,True,1,1078_13813,True,153.397526930981,-27.9622994865015,8c293a52745057c4
305693,2023,2,Hospitalisation,True,1,1066_13819,True,153.33656994075,-27.938249480111203,8c293a52745057c4
305695,2023,2,Hospitalisation,True,1,1070_13811,True,153.358914933639,-27.9744444826671,8c293a52745057c4
305719,2023,2,Minor injury,False,0,1083_13797,True,153.423949918646,-28.035283489767203,8c293a52745057c4
305722,2022,11,Hospitalisation,True,1,1077_13830,True,153.394759941028,-27.8868154856263,8c293a52745057c4
305723,2023,3,Hospitalisation,True,1,1076_13813,True,153.389274931807,-27.962893485665802,8c293a52745057c4
305778,2024,1,Minor injury,False,0,1080_13786,True,153.411856913607,-28.08444448892009,8c293a52745057c4
305838,2024,2,Hospitalisation,True,2,1058_13800,True,153.298318933796,-28.024749476906397,8c293a52745057c4
305849,2020,9,Hospitalisation,True,1,1060_13834,True,153.30641357982,-27.8700334555125,8c293a52745057c4
305856,2020,9,Medical treatment,False,0,1080_13790,True,153.411955915652,-28.068571488805695,8c293a52745057c4
305887,2024,9,Medical treatment,False,0,1080_13812,True,153.409821928813,-27.9686694878041,8c293a52745057c4
305892,2024,9,Medical treatment,False,0,1079_13824,True,153.40377393626,-27.9161474867751,8c293a52745057c4
305893,2024,9,Medical treatment,False,0,1076_13787,True,153.39010391658,-28.079960486668995,8c293a52745057c4
305894,2024,9,Minor injury,False,0,1057_13844,True,153.294035960171,-27.8232874748887,8c293a52745057c4
305896,2024,9,Medical treatment,False,0,1054_13824,True,153.275747950485,-27.91425247374959,8c293a52745057c4
305915,2024,6,Minor injury,False,0,1063_13852,True,153.322502961588,-27.7881504775015,8c293a52745057c4
305926,2024,6,Hospitalisation,True,2,1066_13818,True,153.335723940624,-27.9399424800385,8c293a52745057c4
305931,2020,5,Minor injury,False,0,1068_13802,True,153.34726092975,-28.014471481796395,8c293a52745057c4
305939,2024,9,Minor injury,False,0,1066_13807,True,153.336950045885,-27.991186858565605,8c293a52745057c4
305940,2023,4,Medical treatment,False,0,1080_13802,True,153.411912922988,-28.011944488357,8c293a52745057c4
305943,2023,4,Medical treatment,False,0,1068_13802,True,153.34726092975,-28.014471481796395,8c293a52745057c4
305947,2023,4,Medical treatment,False,0,1074_13807,True,153.379329929399,-27.989970484866,8c293a52745057c4
305948,2023,4,Medical treatment,False,0,1083_13815,True,153.426825928991,-27.952911489413495,8c293a52745057c4
305950,2023,4,Medical treatment,False,0,1094_13772,True,153.479776897821,-28.148445496352696,8c293a52745057c4
305965,2024,12,Hospitalisation,True,1,1081_13811,True,153.414645927643,-27.973641488334696,8c293a52745057c4
305970,2023,4,Medical treatment,False,0,1092_13778,True,153.468374902687,-28.120669494970194,8c293a52745057c4
305971,2023,4,Hospitalisation,True,1,1057_13844,True,153.292974710366,-27.8226689017762,8c293a52745057c4
306036,2021,2,Hospitalisation,True,1,1083_13779,True,153.427300907796,-28.116159490743193,8c293a52745057c4
306040,2021,4,Minor injury,False,0,1077_13792,True,153.394764919095,-28.056566486960204,8c293a52745057c4
306114,2020,11,Minor injury,False,0,1088_13785,True,153.451360908774,-28.0882114929786,8c293a52745057c4
306133,2020,8,Minor injury,False,0,1078_13811,True,153.40109492895704,-27.97494548696419,8c293a52745057c4
306141,2020,9,Hospitalisation,True,1,1079_13802,True,153.404018923885,-28.0116944875507,8c293a52745057c4
306143,2020,8,Minor injury,False,0,1078_13783,True,153.401794913041,-28.097356487996098,8c293a52745057c4
306145,2020,12,Hospitalisation,True,2,1080_13803,True,153.409941923436,-28.010151488142096,8c293a52745057c4
306147,2020,9,Hospitalisation,True,2,1082_13791,True,153.418655951396,-28.064865205459594,8c293a52745057c4
306153,2020,9,Medical treatment,False,0,1087_13789,True,153.443510911832,-28.0712914920448,8c293a52745057c4
306172,2020,11,Minor injury,False,0,1084_13792,True,153.428746914994,-28.0594154904456,8c293a52745057c4
306239,2020,1,Medical treatment,False,0,1086_13780,True,153.441395906724,-28.112460492151804,8c293a52745057c4
306280,2020,4,Medical treatment,False,0,1066_13838,True,153.335511453981,-27.851895099324693,8c293a52745057c4
306337,2020,11,Medical treatment,False,0,1059_13821,True,153.299910946258,-27.926593476297203,8c293a52745057c4
306374,2021,8,Hospitalisation,True,1,1079_13781,True,153.404744006348,-28.107915878379394,8c293a52745057c4
306378,2021,8,Hospitalisation,True,1,1076_13813,True,153.388357903825,-27.963531708577392,8c293a52745057c4
306386,2020,9,Hospitalisation,True,1,1083_13805,True,153.426573922728,-28.0015324897698,8c293a52745057c4
306405,2020,11,Minor injury,False,0,1044_13864,True,153.22543226032403,-27.731909466218998,8c293a52745057c4
306465,2020,1,Hospitalisation,True,3,1069_13794,True,153.355209924542,-28.048048482867994,8c293a52745057c4
306471,2020,1,Hospitalisation,True,1,1084_13793,True,153.428009397998,-28.052291890314493,8c293a52745057c4
306484,2021,6,Hospitalisation,True,1,1058_13834,True,153.296257954214,-27.867796475464303,8c293a52745057c4
306491,2021,6,Medical treatment,False,0,1062_13825,True,153.317896946609,-27.908589477981394,8c293a52745057c4
306492,2021,1,Minor injury,False,0,1054_13821,True,153.276999948377,-27.929587473996996,8c293a52745057c4
306501,2020,9,Hospitalisation,True,1,1085_13795,True,153.435155638069,-28.045689665991585,8c293a52745057c4
306502,2020,11,Medical treatment,False,0,1080_13794,True,153.407210918797,-28.04830848816329,8c293a52745057c4
306506,2020,11,Hospitalisation,True,1,1084_13798,True,153.431950918118,-28.032589490561904,8c293a52745057c4
306513,2020,8,Hospitalisation,True,1,1056_13862,True,153.287717971332,-27.741602473604605,8c293a52745057c4
306515,2021,1,Hospitalisation,True,1,1067_13850,True,153.34131995865602,-27.795061479467606,8c293a52745057c4
306519,2021,1,Medical treatment,False,0,1084_13799,True,153.429123808426,-28.024877892213095,8c293a52745057c4
306524,2020,9,Medical treatment,False,0,1072_13813,True,153.367141934127,-27.963685483419404,8c293a52745057c4
306533,2021,1,Hospitalisation,True,1,1097_13772,True,153.49862089585503,-28.147592498272104,8c293a52745057c4
306559,2020,5,Minor injury,False,0,1073_13805,True,153.373945783985,-27.9977432493791,8c293a52745057c4
306560,2020,11,Minor injury,False,0,1056_13845,True,153.289124961072,-27.820436474368098,8c293a52745057c4
306567,2020,6,Medical treatment,False,0,1097_13773,True,153.4963048965,-28.144594498011795,8c293a52745057c4
306596,2023,4,Medical treatment,False,0,1080_13803,True,153.410120124542,-28.009180177152594,8c293a52745057c4
306600,2023,5,Hospitalisation,True,1,1075_13820,True,153.385819935991,-27.933416485082404,8c293a52745057c4
306602,2020,3,Hospitalisation,True,1,1040_13846,True,153.207412719668,-27.814928849050307,8c293a52745057c4
306622,2023,5,Medical treatment,False,0,1045_13862,True,153.231414977528,-27.740888467895097,8c293a52745057c4
306646,2021,8,Minor injury,False,0,1047_13859,True,153.24205197427,-27.7573354691013,8c293a52745057c4
306653,2020,1,Medical treatment,False,0,1075_13798,True,153.385809462251,-28.032045177855895,8c293a52745057c4
306663,2020,2,Medical treatment,False,0,1084_13806,True,153.430432923113,-27.9952954901143,8c293a52745057c4
306742,2021,8,Medical treatment,False,0,1066_13815,True,153.33810293867,-27.953093480383608,8c293a52745057c4
306751,2021,5,Medical treatment,False,0,1079_13813,True,153.405752929662,-27.965550487365,8c293a52745057c4
306757,2021,8,Medical treatment,False,0,1076_13786,True,153.391409915865,-28.084371486836602,8c293a52745057c4
306761,2021,8,Medical treatment,False,0,1077_13817,True,153.392939933439,-27.9471524859153,8c293a52745057c4
306764,2021,8,Medical treatment,False,0,1074_13814,True,153.38025093347,-27.957664484706,8c293a52745057c4
306768,2021,9,Medical treatment,False,0,1058_13834,True,153.296372954213,-27.867710475475285,8c293a52745057c4
306782,2020,11,Minor injury,False,0,1083_13797,True,153.42497291822,-28.037706489890503,8c293a52745057c4
306793,2020,11,Medical treatment,False,0,1079_13811,True,153.403285928887,-27.973628487177102,8c293a52745057c4
306798,2021,4,Minor injury,False,0,1084_13806,True,153.428044923661,-27.993082489853393,8c293a52745057c4
306799,2021,4,Medical treatment,False,0,1084_13772,True,153.427914903523,-28.1485654910597,8c293a52745057c4
306800,2021,4,Medical treatment,False,0,1064_13822,True,153.327724713532,-27.924152943101802,8c293a52745057c4
306801,2021,4,Hospitalisation,True,1,1065_13804,True,153.333416317515,-28.0048086363135,8c293a52745057c4
306846,2020,1,Hospitalisation,True,1,1085_13794,True,153.435758915621,-28.04863349107619,8c293a52745057c4
306859,2020,1,Minor injury,False,0,1064_13821,True,153.327836943283,-27.925995479127696,8c293a52745057c4
306874,2020,1,Hospitalisation,True,1,1082_13805,True,153.417668924198,-27.997717488832,8c293a52745057c4
306881,2020,6,Hospitalisation,True,1,1082_13801,True,153.419053921198,-28.019722489145895,8c293a52745057c4
306884,2021,1,Hospitalisation,True,1,1081_13813,True,153.411854929172,-27.964174487975903,8c293a52745057c4
306887,2020,12,Medical treatment,False,0,1080_13797,True,153.408585920343,-28.035203488200494,8c293a52745057c4
306889,2021,1,Medical treatment,False,0,1067_13816,True,153.345347938131,-27.951120481104404,8c293a52745057c4
306899,2021,1,Hospitalisation,True,1,1071_13821,True,153.362405939326,-27.927394482652492,8c293a52745057c4
306906,2021,2,Hospitalisation,True,1,1082_13790,True,153.417871400389,-28.065583484385193,8c293a52745057c4
306907,2021,2,Hospitalisation,True,1,1081_13795,True,153.415709918211,-28.045629489008405,8c293a52745057c4
306923,2021,3,Medical treatment,False,0,1082_13812,True,153.41784292792602,-27.9687424886221,8c293a52745057c4
306924,2021,4,Hospitalisation,True,1,1106_13768,True,153.54337188832,-28.167561503008297,8c293a52745057c4
306932,2020,6,Minor injury,False,0,1067_13803,True,153.342232931222,-28.007340481229303,8c293a52745057c4
306938,2020,5,Minor injury,False,0,1074_13832,True,153.376094170247,-27.8776296836538,8c293a52745057c4
306948,2021,5,Fatal,True,3,1076_13827,True,153.388468939959,-27.900420485092695,8c293a52745057c4
306952,2024,9,Medical treatment,False,0,1074_13811,True,153.378540931553,-27.973958484660002,8c293a52745057c4
306973,2020,3,Hospitalisation,True,1,1072_13803,True,153.369625927727,-28.011143484044805,8c293a52745057c4
306978,2020,8,Minor injury,False,0,1083_13783,True,153.42255091027602,-28.101062490140492,8c293a52745057c4
306980,2020,5,Minor injury,False,0,1080_13815,True,153.40805793091,-27.953938487508598,8c293a52745057c4
306994,2023,5,Hospitalisation,True,1,1092_13778,True,153.469925902196,-28.123136495147993,8c293a52745057c4
306995,2020,5,Medical treatment,False,0,1083_13782,True,153.42545890991002,-28.101420490439804,8c293a52745057c4
306998,2020,1,Medical treatment,False,0,1056_13845,True,153.288605961019,-27.8212824743222,8c293a52745057c4
307000,2020,1,Minor injury,False,0,1079_13790,True,153.403522089836,-28.066588687930786,8c293a52745057c4
307011,2020,3,Hospitalisation,True,1,1083_13805,True,153.426427922695,-28.001911489757806,8c293a52745057c4
307013,2020,3,Medical treatment,False,0,1047_13858,True,153.241725540065,-27.759218663083104,8c293a52745057c4
307035,2020,9,Hospitalisation,True,1,1079_13813,True,153.406134929881,-27.963530487388002,8c293a52745057c4
307130,2021,9,Minor injury,False,0,1079_13803,True,153.406616522761,-28.0104520548056,8c293a52745057c4
307136,2021,9,Medical treatment,False,0,1064_13839,True,153.327502825488,-27.846964691472298,8c293a52745057c4
307139,2021,6,Minor injury,False,0,1062_13825,True,153.31874294619703,-27.911073478086795,8c293a52745057c4
307146,2021,6,Hospitalisation,True,1,1076_13810,True,153.390837929924,-27.976149485929096,8c293a52745057c4
307148,2021,6,Hospitalisation,True,1,1075_13788,True,153.383735918,-28.0743974859771,8c293a52745057c4
307149,2021,6,Hospitalisation,True,1,1069_13834,True,153.351391947855,-27.870522481085295,8c293a52745057c4
307150,2021,6,Hospitalisation,True,1,1076_13808,True,153.388710928708,-27.9873664858006,8c293a52745057c4
307174,2021,4,Minor injury,False,0,1088_13785,True,153.45193298867,-28.088532453039498,8c293a52745057c4
307189,2020,10,Hospitalisation,True,1,1084_13807,True,153.428189923942,-27.99079148985019,8c293a52745057c4
307195,2020,10,Medical treatment,False,0,1078_13783,True,153.401810912538,-28.101225488028096,8c293a52745057c4
307200,2020,10,Medical treatment,False,0,1084_13797,True,153.431226917993,-28.034161490500395,8c293a52745057c4
307309,2020,8,Hospitalisation,True,1,1083_13783,True,153.422766910246,-28.101114490162892,8c293a52745057c4
307332,2023,7,Hospitalisation,True,1,1067_13806,True,153.341614933056,-27.993653481058995,8c293a52745057c4
307421,2020,3,Medical treatment,False,0,1045_13832,True,153.231189960156,-27.876801468942,8c293a52745057c4
307921,2021,10,Hospitalisation,True,1,1072_13788,True,153.367414919249,-28.078615484349204,8c293a52745057c4
307946,2022,11,Medical treatment,False,0,1082_13799,True,153.417513920507,-28.026368489041104,8c293a52745057c4
307948,2022,11,Minor injury,False,0,1078_13783,True,153.402022912722,-28.099625488037205,8c293a52745057c4
308316,2022,4,Medical treatment,False,0,1081_13797,True,153.412561480799,-28.0360352206122,8c293a52745057c4
308318,2022,5,Minor injury,False,0,1093_13774,True,153.475697852262,-28.1408153348761,8c293a52745057c4
308322,2022,8,Medical treatment,False,0,1081_13797,True,153.412653202788,-28.0360428646216,8c293a52745057c4
308543,2021,1,Minor injury,False,0,1059_13837,True,153.303668954879,-27.856337476126193,8c293a52745057c4
312394,2021,7,Medical treatment,False,0,1044_13816,True,153.22535195124,-27.951306468936796,8c293a52745057c4
312538,2022,11,Hospitalisation,True,1,1072_13801,True,153.369769926675,-28.019162484122397,8c293a52745057c4
312759,2023,8,Minor injury,False,0,1075_13808,True,153.385938929087,-27.986776485513698,8c293a52745057c4
312762,2020,6,Hospitalisation,True,5,1065_13852,True,153.331416960466,-27.789349478416298,8c293a52745057c4
312775,2022,9,Medical treatment,False,0,1101_13768,True,153.516302891732,-28.164280500211497,8c293a52745057c4
313024,2020,1,Medical treatment,False,0,1057_13775,True,153.290534765495,-28.134524319977302,8c293a52745057c4
313028,2020,3,Hospitalisation,True,2,1053_13772,True,153.270479920797,-28.149334475059707,8c293a52745057c4
313029,2020,3,Hospitalisation,True,1,1041_13859,True,153.213029977622,-27.7557564661524,8c293a52745057c4
313068,2022,8,Medical treatment,False,0,1057_13846,True,153.289901961547,-27.816070474412605,8c293a52745057c4
313137,2024,6,Medical treatment,False,0,1066_13808,True,153.339614934365,-27.9852024807894,8c293a52745057c4
313175,2020,7,Medical treatment,False,0,1064_13824,True,153.326956945127,-27.912418478931592,8c293a52745057c4
313177,2020,6,Medical treatment,False,0,1080_13782,True,153.411102911469,-28.101582488977698,8c293a52745057c4
313183,2020,9,Hospitalisation,True,1,1080_13810,True,153.410893970319,-27.97932313199699,8c293a52745057c4
313188,2022,8,Medical treatment,False,0,1050_13853,True,153.254060969748,-27.7824804705154,8c293a52745057c4
313189,2020,9,Hospitalisation,True,1,1080_13803,True,153.409642923369,-28.010922488117593,8c293a52745057c4
313200,2020,9,Hospitalisation,True,1,1077_13784,True,153.393435914309,-28.094666487123597,8c293a52745057c4
313218,2021,1,Medical treatment,False,0,1059_13838,True,153.300498956087,-27.8496174757516,8c293a52745057c4
313224,2023,9,Medical treatment,False,0,1076_13810,True,153.391029590878,-27.976341951950104,8c293a52745057c4
313248,2023,9,Minor injury,False,0,1068_13806,True,153.347517932218,-27.995130481670703,8c293a52745057c4
313259,2024,10,Hospitalisation,True,2,1066_13819,True,153.3358979411,-27.936100480025996,8c293a52745057c4
313260,2021,4,Minor injury,False,0,1082_13811,True,153.419852927257,-27.972220488854294,8c293a52745057c4
313264,2020,11,Medical treatment,False,0,1081_13778,True,153.414596908764,-28.119477489473994,8c293a52745057c4
313265,2020,11,Hospitalisation,True,1,1085_13796,True,153.433624968042,-28.0394761157867,8c293a52745057c4
313266,2020,11,Hospitalisation,True,1,1087_13787,True,153.446682910408,-28.07958349243349,8c293a52745057c4
313268,2020,11,Medical treatment,False,0,1084_13787,True,153.432079911726,-28.08179849096109,8c293a52745057c4
313269,2020,11,Medical treatment,False,0,1072_13794,True,153.368337922898,-28.0496134842156,8c293a52745057c4
313270,2020,11,Medical treatment,False,0,1077_13798,True,153.394253922431,-28.031219486709297,8c293a52745057c4
313276,2020,12,Medical treatment,False,0,1083_13805,True,153.423042923502,-27.998541489386295,8c293a52745057c4
313281,2021,6,Hospitalisation,True,1,1064_13805,True,153.327794933681,-28.000549479709008,8c293a52745057c4
313286,2021,3,Medical treatment,False,0,1045_13862,True,153.232131977325,-27.741866467975395,8c293a52745057c4
313293,2021,3,Medical treatment,False,0,1070_13792,True,153.360679922415,-28.059852483516902,8c293a52745057c4
313306,2020,11,Minor injury,False,0,1077_13784,True,153.392362914594,-28.093382487004295,8c293a52745057c4
313314,2021,6,Medical treatment,False,0,1076_13821,True,153.388368936277,-27.929045485307597,8c293a52745057c4
313325,2021,6,Minor injury,False,0,1078_13783,True,153.40088891287,-28.099447487920198,8c293a52745057c4
313334,2021,6,Minor injury,False,0,1064_13862,True,153.325418967196,-27.741989477434004,8c293a52745057c4
313336,2021,6,Minor injury,False,0,1082_13794,True,153.419005917193,-28.05069348938409,8c293a52745057c4
313340,2021,6,Hospitalisation,True,1,1065_13831,True,153.332163948653,-27.880606479210396,8c293a52745057c4
313344,2021,6,Hospitalisation,True,1,1069_13791,True,153.352036923218,-28.060992482646903,8c293a52745057c4
313435,2020,6,Hospitalisation,True,1,1083_13809,True,153.423932925536,-27.982071489347597,8c293a52745057c4
313441,2023,7,Medical treatment,False,0,1062_13837,True,153.316477167596,-27.8554641494194,8c293a52745057c4
313444,2023,8,Hospitalisation,True,1,1045_13762,True,153.229620919337,-28.1956824712843,8c293a52745057c4
313457,2020,10,Hospitalisation,True,1,1049_13854,True,153.253333970005,-27.78109147043079,8c293a52745057c4
313482,2021,6,Hospitalisation,True,1,1063_13821,True,153.324489943616,-27.926244478789705,8c293a52745057c4
313507,2023,8,Minor injury,False,0,1060_13836,True,153.309347954013,-27.858258476717687,8c293a52745057c4
313522,2021,6,Minor injury,False,0,1071_13790,True,153.363092920963,-28.0690404838344,8c293a52745057c4
313523,2021,3,Medical treatment,False,0,1079_13790,True,153.403821916785,-28.066726487962505,8c293a52745057c4
313529,2021,3,Hospitalisation,True,1,1073_13804,True,153.372805928147,-28.005194484321592,8c293a52745057c4
313541,2024,12,Minor injury,False,0,1076_13787,True,153.388670916846,-28.0791174865165,8c293a52745057c4
313542,2024,12,Hospitalisation,True,1,1084_13806,True,153.428178923639,-27.9931394898675,8c293a52745057c4
313544,2021,3,Minor injury,False,0,1070_13794,True,153.356252924276,-28.049218482983296,8c293a52745057c4
313545,2021,3,Medical treatment,False,0,1071_13821,True,153.36188393942,-27.927102482597107,8c293a52745057c4
313547,2021,3,Medical treatment,False,0,1080_13787,True,153.411561914309,-28.079270488849502,8c293a52745057c4
313552,2021,6,Medical treatment,False,0,1076_13786,True,153.391396915858,-28.084434486835793,8c293a52745057c4
313557,2021,6,Hospitalisation,True,1,1064_13822,True,153.328451943379,-27.924727479180202,8c293a52745057c4
313563,2021,6,Medical treatment,False,0,1067_13816,True,153.342415629429,-27.951302919807798,8c293a52745057c4
313609,2021,8,Minor injury,False,0,1077_13819,True,153.39631393457,-27.935542486167694,8c293a52745057c4
313628,2021,9,Hospitalisation,True,1,1080_13810,True,153.409082927519,-27.9793034878123,8c293a52745057c4
313636,2023,9,Hospitalisation,True,1,1067_13810,True,153.343040935094,-27.9766404810704,8c293a52745057c4
313677,2020,3,Hospitalisation,True,1,1083_13804,True,153.426694922584,-28.00254248979,8c293a52745057c4
313695,2020,3,Minor injury,False,0,1072_13803,True,153.369521927731,-28.011199484034595,8c293a52745057c4
313705,2023,7,Medical treatment,False,0,1063_13805,True,153.323512934017,-28.001588479282198,8c293a52745057c4
313731,2023,7,Hospitalisation,True,1,1073_13820,True,153.373730712602,-27.931165321834197,8c293a52745057c4
313732,2020,10,Hospitalisation,True,1,1065_13823,True,153.335185943695,-27.916561479800095,8c293a52745057c4
313735,2023,7,Hospitalisation,True,1,1077_13815,True,153.395177932094,-27.955672486210194,8c293a52745057c4
313740,2020,11,Medical treatment,False,0,1085_13767,True,153.433976899995,-28.170586491850504,8c293a52745057c4
313744,2020,10,Medical treatment,False,0,1078_13811,True,153.401448928959,-27.974632486997802,8c293a52745057c4
313746,2020,11,Medical treatment,False,0,1091_13777,True,153.465332059581,-28.1240662716861,8c293a52745057c4
313750,2021,7,Medical treatment,False,0,1064_13838,True,153.327859952679,-27.8529494785556,8c293a52745057c4
313780,2021,8,Hospitalisation,True,1,1066_13804,True,153.340117925981,-28.003251641982192,8c293a52745057c4
313784,2023,11,Hospitalisation,True,1,1068_13811,True,153.346845935352,-27.971402481416003,8c293a52745057c4
313797,2021,8,Hospitalisation,True,1,1077_13808,True,153.395035927894,-27.988300486452005,8c293a52745057c4
313824,2021,8,Medical treatment,False,0,1083_13786,True,153.425801911902,-28.085765490352,8c293a52745057c4
313831,2020,9,Medical treatment,False,0,1092_13780,True,153.468643475499,-28.114199222946908,8c293a52745057c4
313851,2022,4,Medical treatment,False,0,1043_13865,True,153.22277726874302,-27.7308803429423,8c293a52745057c4
313861,2022,9,Hospitalisation,True,1,1061_13832,True,153.314406951002,-27.877392477381697,8c293a52745057c4
313863,2023,5,Medical treatment,False,0,1083_13783,True,153.423219910197,-28.101107490209003,8c293a52745057c4
313877,2022,11,Hospitalisation,True,1,1087_13776,True,153.446015903944,-28.129953492760396,8c293a52745057c4
313880,2022,11,Minor injury,False,0,1061_13830,True,153.313575949681,-27.888374477383703,8c293a52745057c4
313883,2022,11,Minor injury,False,0,1079_13782,True,153.406655638876,-28.10221474952939,8c293a52745057c4
313884,2022,11,Hospitalisation,True,1,1080_13804,True,153.410853917918,-28.005650494199703,8c293a52745057c4
313893,2022,11,Medical treatment,False,0,1086_13791,True,153.437896913422,-28.0637864914132,8c293a52745057c4
313904,2020,10,Hospitalisation,True,1,1084_13806,True,153.428044923661,-27.993082489853393,8c293a52745057c4
313909,2020,6,Minor injury,False,0,1065_13821,True,153.33461994217,-27.92887747983939,8c293a52745057c4
313916,2021,3,Minor injury,False,0,1048_13857,True,153.248007312825,-27.7635806447535,8c293a52745057c4
313928,2020,7,Hospitalisation,True,1,1073_13820,True,153.374381937496,-27.931434483902592,8c293a52745057c4
313937,2021,9,Minor injury,False,0,1057_13845,True,153.291248040709,-27.821463942591595,8c293a52745057c4
313950,2021,7,Minor injury,False,0,1076_13798,True,153.388565926035,-28.031375603131295,8c293a52745057c4
313963,2021,7,Minor injury,False,0,1085_13801,True,153.432536919837,-28.018814490513495,8c293a52745057c4
313976,2021,7,Hospitalisation,True,1,1073_13808,True,153.374482139551,-27.985160682334897,8c293a52745057c4
313979,2021,7,Minor injury,False,0,1084_13799,True,153.429667919039,-28.027410490288403,8c293a52745057c4
313987,2021,7,Hospitalisation,True,1,1078_13813,True,153.400712930589,-27.9626404868287,8c293a52745057c4
313994,2023,11,Medical treatment,False,0,1062_13837,True,153.316227953774,-27.8542894773849,8c293a52745057c4
313995,2021,6,Hospitalisation,True,2,1080_13797,True,153.408765920312,-28.035287488219492,8c293a52745057c4
314001,2021,6,Medical treatment,False,0,1088_13783,True,153.45263290734,-28.0981854931867,8c293a52745057c4
314015,2023,11,Medical treatment,False,0,1080_13797,True,153.409499920203,-28.0355094882961,8c293a52745057c4
314034,2021,8,Hospitalisation,True,2,1079_13801,True,153.404074078924,-28.01908126061431,8c293a52745057c4
314047,2021,8,Medical treatment,False,0,1081_13806,True,153.414085924642,-27.9973194884636,8c293a52745057c4
314048,2021,8,Hospitalisation,True,1,1084_13810,True,153.427744925486,-27.979232489713997,8c293a52745057c4
314084,2022,3,Hospitalisation,True,1,1066_13807,True,153.33643493418302,-27.989313480498595,8c293a52745057c4
314092,2022,4,Hospitalisation,True,1,1061_13837,True,153.310855954004,-27.857051476861205,8c293a52745057c4
314094,2022,4,Medical treatment,False,0,1074_13808,True,153.380380919775,-27.986162484943105,8c293a52745057c4
314095,2022,3,Medical treatment,False,0,1084_13802,True,153.429407921169,-28.0111814901345,8c293a52745057c4
314097,2022,3,Minor injury,False,0,1084_13803,True,153.427814921732,-28.008183489948493,8c293a52745057c4
314120,2023,7,Hospitalisation,True,1,1067_13841,True,153.34254795313103,-27.837001479922495,8c293a52745057c4
314129,2023,7,Hospitalisation,True,1,1077_13814,True,153.395558931644,-27.958839486273792,8c293a52745057c4
314132,2024,10,Hospitalisation,True,1,1098_13771,True,153.502167894906,-28.151875498668407,8c293a52745057c4
314133,2023,7,Medical treatment,False,0,1080_13813,True,153.408241929611,-27.963835487605092,8c293a52745057c4
314157,2023,5,Hospitalisation,True,1,1080_13798,True,153.410103920943,-28.0292804883087,8c293a52745057c4
314162,2023,5,Minor injury,False,0,1084_13792,True,153.429565914767,-28.0604674905374,8c293a52745057c4
314163,2022,6,Medical treatment,False,0,1064_13838,True,153.327878953171,-27.8491084785273,8c293a52745057c4
314175,2022,6,Hospitalisation,True,1,1078_13813,True,153.397247931023,-27.9622104864723,8c293a52745057c4
314178,2022,6,Hospitalisation,True,1,1059_13804,True,153.301557936009,-28.0048144770786,8c293a52745057c4
314197,2020,1,Medical treatment,False,0,1059_13821,True,153.303789945865,-27.926354476688996,8c293a52745057c4
314199,2021,6,Medical treatment,False,0,1060_13838,True,153.306258955554,-27.848886476330396,8c293a52745057c4
314202,2020,10,Hospitalisation,True,1,1071_13789,True,153.363322920462,-28.0727194838867,8c293a52745057c4
314219,2020,10,Hospitalisation,True,1,1078_13782,True,153.39893405463803,-28.102895092748092,8c293a52745057c4
314231,2021,7,Medical treatment,False,0,1059_13841,True,153.302775957611,-27.8358264758742,8c293a52745057c4
314233,2021,7,Medical treatment,False,0,1075_13787,True,153.386236916936,-28.080495486279496,8c293a52745057c4
314238,2021,9,Minor injury,False,0,1097_13772,True,153.498870895818,-28.147662498298203,8c293a52745057c4
314298,2021,12,Minor injury,False,0,1074_13805,True,153.378587928295,-27.99914148486249,8c293a52745057c4
314312,2023,8,Medical treatment,False,0,1082_13811,True,153.418447927224,-27.9736584887224,8c293a52745057c4
314364,2022,6,Hospitalisation,True,1,1055_13823,True,153.283410949283,-27.9170874745488,8c293a52745057c4
314372,2023,11,Medical treatment,False,0,1082_13799,True,153.41740487339803,-28.027300989037297,8c293a52745057c4
314394,2023,11,Medical treatment,False,0,1083_13805,True,153.426486923229,-27.9977354897311,8c293a52745057c4
314403,2024,1,Minor injury,False,0,1080_13811,True,153.406803928437,-27.9741374875395,8c293a52745057c4
314408,2024,1,Minor injury,False,0,1061_13779,True,153.314075920027,-28.1180434792372,8c293a52745057c4
314411,2024,1,Medical treatment,False,0,1084_13811,True,153.427861926269,-27.973084489677696,8c293a52745057c4
314416,2024,1,Minor injury,False,0,1067_13809,True,153.343183934518,-27.980984481119002,8c293a52745057c4
314433,2024,1,Medical treatment,False,0,1043_13865,True,153.222472980133,-27.7280914668895,8c293a52745057c4
314434,2024,1,Medical treatment,False,0,1076_13787,True,153.38988191658,-28.0801434866479,8c293a52745057c4
314438,2021,12,Medical treatment,False,0,1075_13817,True,153.386109934305,-27.946234485212695,8c293a52745057c4
314448,2023,8,Hospitalisation,True,2,1071_13813,True,153.365320982351,-27.963494088232597,8c293a52745057c4
314449,2023,8,Minor injury,False,0,1067_13841,True,153.341544953432,-27.835508479808794,8c293a52745057c4
314461,2023,8,Medical treatment,False,0,1075_13821,True,153.385170936695,-27.928507484977697,8c293a52745057c4
314476,2023,9,Medical treatment,False,0,1093_13778,True,153.473629901871,-28.122500495521297,8c293a52745057c4
314507,2022,4,Minor injury,False,0,1080_13813,True,153.407819929857,-27.962286487549907,8c293a52745057c4
314510,2022,5,Medical treatment,False,0,1075_13813,True,153.38198793233101,-27.965015484940594,8c293a52745057c4
314513,2022,12,Medical treatment,False,0,1078_13783,True,153.40097991269303,-28.100737487939597,8c293a52745057c4
314515,2022,12,Hospitalisation,True,1,1065_13852,True,153.330507960559,-27.789389478324296,8c293a52745057c4
314516,2022,12,Hospitalisation,True,1,1069_13798,True,153.351656926807,-28.033530482392802,8c293a52745057c4
314517,2022,12,Hospitalisation,True,1,1072_13809,True,153.37014893128,-27.9831904838785,8c293a52745057c4
314527,2021,4,Hospitalisation,True,1,1059_13821,True,153.299991946237,-27.9266864763062,8c293a52745057c4
314548,2021,4,Minor injury,False,0,1072_13803,True,153.366534928336,-28.00905648371389,8c293a52745057c4
314552,2023,5,Minor injury,False,0,1076_13785,True,153.390619278927,-28.0922888578182,8c293a52745057c4
314590,2021,10,Minor injury,False,0,1084_13807,True,153.429738923824,-27.990386490004997,8c293a52745057c4
314601,2021,11,Medical treatment,False,0,1084_13769,True,153.430253901291,-28.163772491417397,8c293a52745057c4
314604,2021,11,Minor injury,False,0,1069_13801,True,153.351565929105,-28.015809482244496,8c293a52745057c4
314652,2022,11,Minor injury,False,0,1071_13813,True,153.365127208385,-27.963389785212104,8c293a52745057c4
314663,2022,11,Minor injury,False,0,1081_13797,True,153.413598919647,-28.0363234887202,8c293a52745057c4
314697,2022,9,Hospitalisation,True,2,1061_13832,True,153.314832950746,-27.8790224774378,8c293a52745057c4
314700,2022,9,Hospitalisation,True,1,1074_13785,True,153.379771916619,-28.088436485683594,8c293a52745057c4
314725,2023,11,Medical treatment,False,0,1063_13833,True,153.320336951038,-27.8720894779421,8c293a52745057c4
314797,2023,11,Minor injury,False,0,1091_13777,True,153.466060902305,-28.125576494772293,8c293a52745057c4
314800,2023,11,Minor injury,False,0,1066_13823,True,153.335723943553,-27.9172024798598,8c293a52745057c4
314808,2023,11,Medical treatment,False,0,1082_13791,True,153.420297915584,-28.062019489604594,8c293a52745057c4
314809,2023,11,Minor injury,False,0,1081_13810,True,153.414368927489,-27.975066488317704,8c293a52745057c4
314816,2024,5,Hospitalisation,True,1,1086_13790,True,153.438986913104,-28.0653154915364,8c293a52745057c4
314822,2024,4,Medical treatment,False,0,1085_13800,True,153.43316291904,-28.024441490621594,8c293a52745057c4
314831,2024,5,Medical treatment,False,0,1079_13820,True,153.402350934173,-27.933512486766602,8c293a52745057c4
314836,2024,5,Medical treatment,False,0,1083_13797,True,153.42489391857202,-28.035055489861595,8c293a52745057c4
314839,2024,5,Hospitalisation,True,1,1070_13800,True,153.35955792715,-28.024164483122796,8c293a52745057c4
314862,2023,9,Medical treatment,False,0,1087_13788,True,153.443811911339,-28.074840492103398,8c293a52745057c4
314865,2023,9,Medical treatment,False,0,1079_13782,True,153.404846911732,-28.104865488365906,8c293a52745057c4
314868,2023,9,Medical treatment,False,0,1067_13814,True,153.34402793748,-27.9572974810188,8c293a52745057c4
314870,2023,9,Hospitalisation,True,1,1083_13786,True,153.425801911902,-28.085765490352,8c293a52745057c4
314876,2023,12,Minor injury,False,0,1075_13820,True,153.385872935976,-27.9334834850883,8c293a52745057c4
314883,2023,12,Hospitalisation,True,1,1075_13820,True,153.384940936076,-27.9335024849936,8c293a52745057c4
314884,2023,12,Hospitalisation,True,2,1083_13805,True,153.426455922743,-28.001519489757605,8c293a52745057c4
314885,2023,12,Minor injury,False,0,1060_13820,True,153.308050944562,-27.932857477172494,8c293a52745057c4
314889,2023,12,Medical treatment,False,0,1076_13819,True,153.390787935309,-27.934492485596692,8c293a52745057c4
314916,2022,11,Medical treatment,False,0,1068_13814,True,153.349163574492,-27.960597057566794,8c293a52745057c4
314917,2022,9,Medical treatment,False,0,1069_13817,True,153.350943860075,-27.946814582639494,8c293a52745057c4
314931,2022,6,Minor injury,False,0,1074_13813,True,153.376492182048,-27.964112873374106,8c293a52745057c4
314940,2020,12,Medical treatment,False,0,1063_13782,True,153.323601095046,-28.102025828078897,8c293a52745057c4
314941,2023,1,Medical treatment,False,0,1077_13807,True,153.394339927474,-27.9921414864113,8c293a52745057c4
314943,2023,4,Hospitalisation,True,1,1086_13790,True,153.439250913002,-28.06588149156769,8c293a52745057c4
314950,2020,12,Hospitalisation,True,1,1065_13839,True,153.330561119974,-27.848366490794,8c293a52745057c4
314951,2021,7,Hospitalisation,True,1,1045_13863,True,153.230487977854,-27.7391204677874,8c293a52745057c4
314952,2020,12,Minor injury,False,0,1092_13772,True,153.471179898954,-28.147012495463198,8c293a52745057c4
314967,2023,4,Hospitalisation,True,1,1085_13798,True,153.434482917959,-28.031670490812896,8c293a52745057c4
314975,2021,11,Medical treatment,False,0,1073_13814,True,153.375336934058,-27.957273484202805,8c293a52745057c4
314976,2021,12,Medical treatment,False,0,1085_13793,True,153.43710291486704,-28.05330949125,8c293a52745057c4
314991,2021,12,Hospitalisation,True,1,1092_13774,True,153.472561899603,-28.140853495556097,8c293a52745057c4
315023,2023,12,Minor injury,False,0,1084_13797,True,153.431919917626,-28.036407490588697,8c293a52745057c4
315024,2023,12,Medical treatment,False,0,1085_13795,True,153.43510991610103,-28.0454804909853,8c293a52745057c4
315056,2023,5,Hospitalisation,True,1,1067_13815,True,153.344440937702,-27.9552184810444,8c293a52745057c4
315057,2023,5,Minor injury,False,0,1071_13832,True,153.362448945717,-27.8777604822666,8c293a52745057c4
315114,2020,1,Medical treatment,False,0,1071_13813,True,153.361576850861,-27.962712911845703,8c293a52745057c4
315135,2021,8,Medical treatment,False,0,1074_13832,True,153.376601944188,-27.8776594837057,8c293a52745057c4
315156,2023,12,Hospitalisation,True,1,1061_13830,True,153.31405303002,-27.8853354774083,8c293a52745057c4
315157,2023,12,Hospitalisation,True,1,1084_13801,True,153.431281919883,-28.019523490391105,8c293a52745057c4
315158,2021,5,Minor injury,False,0,1097_13773,True,153.494485896801,-28.143823497819792,8c293a52745057c4
315163,2023,12,Medical treatment,False,0,1068_13813,True,153.346101936162,-27.965754481295996,8c293a52745057c4
315168,2024,5,Hospitalisation,True,1,1050_13764,True,153.258924917547,-28.184423474163488,8c293a52745057c4
315177,2023,12,Hospitalisation,True,2,1062_13830,True,153.31520194963701,-27.887337477540598,8c293a52745057c4
315180,2023,12,Hospitalisation,True,1,1081_13811,True,153.41329392789,-27.972873488190892,8c293a52745057c4
315188,2023,12,Hospitalisation,True,1,1063_13824,True,153.320337945438,-27.915618478284504,8c293a52745057c4
315205,2022,5,Hospitalisation,True,1,1084_13803,True,153.431509125193,-28.009216895333395,8c293a52745057c4
315207,2023,2,Hospitalisation,True,1,1082_13792,True,153.41845391623,-28.058600489389804,8c293a52745057c4
315210,2023,2,Medical treatment,False,0,1065_13852,True,153.331416960466,-27.789349478416298,8c293a52745057c4
315225,2023,2,Medical treatment,False,0,1062_13817,True,153.317049941927,-27.945683478186897,8c293a52745057c4
315233,2023,2,Hospitalisation,True,1,1044_13856,True,153.227007974315,-27.769752467676497,8c293a52745057c4
315238,2023,2,Medical treatment,False,0,1074_13818,True,153.380250935603,-27.941138484576197,8c293a52745057c4
315261,2021,9,Medical treatment,False,0,1084_13808,True,153.42994375342602,-27.985565089987997,8c293a52745057c4
315298,2021,12,Hospitalisation,True,1,1074_13802,True,153.380236986207,-28.013901600146305,8c293a52745057c4
315305,2022,5,Hospitalisation,True,1,1064_13819,True,153.328224941865,-27.936678479250997,8c293a52745057c4
315325,2024,10,Minor injury,False,0,1083_13805,True,153.42698192267602,-28.0015914898118,8c293a52745057c4
315340,2024,11,Medical treatment,False,0,1072_13813,True,153.369910933787,-27.9639654837033,8c293a52745057c4
315346,2024,3,Minor injury,False,0,1100_13769,True,153.510200892995,-28.159751499551703,8c293a52745057c4
315352,2024,11,Hospitalisation,True,1,1092_13775,True,153.47016590078,-28.1338274952563,8c293a52745057c4
315355,2024,11,Hospitalisation,True,1,1084_13806,True,153.430432923113,-27.9952954901143,8c293a52745057c4
315356,2024,11,Hospitalisation,True,1,1065_13836,True,153.333942950982,-27.8609914792369,8c293a52745057c4
315359,2024,11,Hospitalisation,True,1,1075_13806,True,153.383005928383,-27.9947154852775,8c293a52745057c4
315376,2020,8,Medical treatment,False,0,1067_13816,True,153.34302593829,-27.951860480874206,8c293a52745057c4
315378,2020,9,Medical treatment,False,0,1061_13834,True,153.313700804846,-27.87142616526309,8c293a52745057c4
315380,2020,9,Hospitalisation,True,2,1091_13775,True,153.46721490067,-28.1371754949811,8c293a52745057c4
315382,2020,9,Hospitalisation,True,1,1061_13835,True,153.312519952724,-27.865601477097396,8c293a52745057c4
315390,2020,12,Medical treatment,False,0,1066_13818,True,153.338173940104,-27.941901480302903,8c293a52745057c4
315393,2020,12,Hospitalisation,True,1,1084_13810,True,153.428998925459,-27.9783804898352,8c293a52745057c4
315400,2020,12,Medical treatment,False,0,1081_13813,True,153.413724929161,-27.962674488154697,8c293a52745057c4
315403,2021,3,Hospitalisation,True,4,1067_13816,True,153.342809096381,-27.951342570848105,8c293a52745057c4
315407,2021,4,Hospitalisation,True,2,1061_13834,True,153.313257952279,-27.8684374771947,8c293a52745057c4
315410,2021,5,Hospitalisation,True,3,1067_13816,True,153.343305938178,-27.952491480907593,8c293a52745057c4
315416,2022,7,Hospitalisation,True,1,1071_13804,True,153.362999929237,-28.005081483323096,8c293a52745057c4
315424,2022,8,Minor injury,False,0,1064_13840,True,153.328719954123,-27.840987478548904,8c293a52745057c4
315426,2022,8,Medical treatment,False,0,1060_13837,True,153.307163954305,-27.857836476492697,8c293a52745057c4
315820,2020,2,Medical treatment,False,0,1075_13815,True,153.383051933499,-27.955067484970797,8c293a52745057c4
316111,2022,4,Minor injury,False,0,1048_13858,True,153.244578973651,-27.7600364693784,8c293a52745057c4
316395,2020,12,Hospitalisation,True,1,1045_13863,True,153.231274977606,-27.74039446787699,8c293a52745057c4
316770,2023,3,Minor injury,False,0,1079_13833,True,153.406139941632,-27.872519486672992,8c293a52745057c4
316793,2023,3,Minor injury,False,0,1067_13786,True,153.342100212827,-28.087956846848208,8c293a52745057c4
317420,2024,6,Medical treatment,False,0,1079_13821,True,153.403751935046,-27.92556448684689,8c293a52745057c4
317425,2024,2,Minor injury,False,0,1076_13821,True,153.388560936464,-27.927433485314396,8c293a52745057c4
317581,2021,3,Medical treatment,False,0,1062_13831,True,153.315189950473,-27.880848477488392,8c293a52745057c4
317714,2022,3,Hospitalisation,True,2,1081_13801,True,153.414263922101,-28.016805488634798,8c293a52745057c4
318024,2020,11,Hospitalisation,True,1,1055_13854,True,153.28324355822,-27.777479318433503,8c293a52745057c4
318371,2021,9,Hospitalisation,True,1,1088_13786,True,153.448232909706,-28.0836794926238,8c293a52745057c4
318646,2021,5,Minor injury,False,0,1080_13817,True,153.408492931851,-27.946288487492804,8c293a52745057c4
318647,2022,2,Fatal,True,1,1062_13831,True,153.315338950477,-27.88068647750229,8c293a52745057c4
318688,2023,3,Hospitalisation,True,1,1053_13847,True,153.271626964077,-27.8118434725264,8c293a52745057c4
318704,2023,4,Medical treatment,False,0,1062_13825,True,153.31891994611402,-27.911570478108693,8c293a52745057c4
318709,2023,4,Medical treatment,False,0,1060_13834,True,153.304900952963,-27.870199476360202,8c293a52745057c4
322098,2024,12,Hospitalisation,True,2,1057_13846,True,153.289901961547,-27.816070474412605,8c293a52745057c4
322130,2023,6,Hospitalisation,True,1,1058_13851,True,153.295277105737,-27.794446996787595,8c293a52745057c4
322139,2023,6,Medical treatment,False,0,1082_13801,True,153.421573921184,-28.017694489386905,8c293a52745057c4
322151,2021,10,Hospitalisation,True,1,1044_13816,True,153.22465478633202,-27.951183173865203,8c293a52745057c4
322154,2021,2,Minor injury,False,0,1078_13783,True,153.400899912718,-28.1006074879305,8c293a52745057c4
322155,2021,10,Hospitalisation,True,1,1080_13814,True,153.41114886688302,-27.9592724398655,8c293a52745057c4
322163,2021,3,Medical treatment,False,0,1092_13780,True,153.468393903551,-28.114005494919905,8c293a52745057c4
322170,2021,3,Medical treatment,False,0,1078_13813,True,153.400696930577,-27.962747486827897,8c293a52745057c4
322178,2021,3,Medical treatment,False,0,1081_13804,True,153.413431923904,-28.003574488446095,8c293a52745057c4
322182,2020,9,Medical treatment,False,0,1071_13832,True,153.361749945808,-27.877649482194602,8c293a52745057c4
322191,2020,12,Hospitalisation,True,1,1067_13785,True,153.345364920441,-28.088164482181696,8c293a52745057c4
322210,2020,12,Hospitalisation,True,1,1076_13830,True,153.390391941275,-27.888594485195497,8c293a52745057c4
322211,2021,4,Minor injury,False,0,1079_13782,True,153.40613191195,-28.102088488475104,8c293a52745057c4
322213,2020,11,Medical treatment,False,0,1044_13865,True,153.223296748976,-27.728615775976994,8c293a52745057c4
322217,2021,3,Hospitalisation,True,1,1080_13814,True,153.409400930298,-27.957536487673703,8c293a52745057c4
322277,2020,6,Hospitalisation,True,1,1062_13831,True,153.315651950206,-27.882532477548597,8c293a52745057c4
322299,2020,9,Medical treatment,False,0,1070_13810,True,153.36004193329,-27.976192482795398,8c293a52745057c4
322346,2023,2,Medical treatment,False,0,1089_13778,True,153.45669790379202,-28.122064493788788,8c293a52745057c4
322351,2023,2,Medical treatment,False,0,1104_13767,True,153.530475889385,-28.170298501709198,8c293a52745057c4
322352,2023,2,Medical treatment,False,0,1059_13838,True,153.300334956069,-27.849896475737197,8c293a52745057c4
322353,2023,2,Medical treatment,False,0,1073_13813,True,153.373270826372,-27.964334433048098,8c293a52745057c4
322364,2024,12,Minor injury,False,0,1086_13783,True,153.437797908605,-28.101015491695104,8c293a52745057c4
322367,2023,2,Hospitalisation,True,2,1077_13813,True,153.395138931305,-27.9618194862545,8c293a52745057c4
322379,2021,3,Hospitalisation,True,1,1062_13834,True,153.319899951706,-27.867262477859803,8c293a52745057c4
322389,2021,3,Minor injury,False,0,1048_13857,True,153.248516483611,-27.764818480814796,8c293a52745057c4
322412,2020,3,Minor injury,False,0,1074_13810,True,153.380941930913,-27.976881484927283,8c293a52745057c4
322435,2021,7,Hospitalisation,True,4,1085_13796,True,153.43438391657,-28.042472490887594,8c293a52745057c4
322448,2021,1,Hospitalisation,True,3,1074_13810,True,153.377467793219,-27.977452580578195,8c293a52745057c4
322449,2021,1,Medical treatment,False,0,1076_13813,True,153.389274931807,-27.962893485665802,8c293a52745057c4
322452,2021,4,Medical treatment,False,0,1088_13786,True,153.450693909123,-28.086086492893898,8c293a52745057c4
322470,2021,4,Hospitalisation,True,1,1106_13768,True,153.544364888437,-28.165821503096392,8c293a52745057c4
322578,2024,7,Minor injury,False,0,1080_13810,True,153.41076292731,-27.979499487984995,8c293a52745057c4
322627,2021,12,Minor injury,False,0,1088_13785,True,153.450112908953,-28.087891492848698,8c293a52745057c4
322639,2022,2,Hospitalisation,True,1,1083_13804,True,153.426842922428,-28.0036224898136,8c293a52745057c4
322675,2021,2,Medical treatment,False,0,1077_13812,True,153.392573930985,-27.9664694860298,8c293a52745057c4
322689,2021,1,Hospitalisation,True,3,1070_13821,True,153.358899939949,-27.925527482281204,8c293a52745057c4
322690,2021,1,Hospitalisation,True,2,1083_13786,True,153.423591912093,-28.086166490129802,8c293a52745057c4
322695,2021,1,Hospitalisation,True,1,1079_13782,True,153.402371912403,-28.1017914880897,8c293a52745057c4
322698,2021,1,Hospitalisation,True,1,1080_13817,True,153.410093931824,-27.945146487646998,8c293a52745057c4
322703,2021,1,Medical treatment,False,0,1082_13812,True,153.41782892793,-27.968727488620594,8c293a52745057c4
322706,2021,1,Minor injury,False,0,1060_13823,True,153.308155946421,-27.918317477068896,8c293a52745057c4
322709,2020,12,Medical treatment,False,0,1073_13796,True,153.374899923255,-28.0412744848179,8c293a52745057c4
322716,2021,1,Medical treatment,False,0,1075_13798,True,153.385983923157,-28.032622485878196,8c293a52745057c4
322720,2020,8,Medical treatment,False,0,1073_13801,True,153.373737926553,-28.0167444845071,8c293a52745057c4
322723,2021,2,Hospitalisation,True,1,1081_13813,True,153.411970929168,-27.964110487987195,8c293a52745057c4
322724,2021,7,Medical treatment,False,0,1062_13826,True,153.31709017487302,-27.90721875488869,8c293a52745057c4
322734,2020,12,Medical treatment,False,0,1089_13784,True,153.454284907367,-28.096578493342694,8c293a52745057c4
322735,2021,4,Hospitalisation,True,1,1059_13806,True,153.303673094764,-27.9971470142331,8c293a52745057c4
322741,2022,12,Hospitalisation,True,1,1095_13775,True,153.48415689928802,-28.133448496682693,8c293a52745057c4
322743,2023,3,Hospitalisation,True,1,1081_13805,True,153.414119924608,-27.997552488468898,8c293a52745057c4
322758,2021,5,Medical treatment,False,0,1061_13835,True,153.31170946114,-27.8630545169951,8c293a52745057c4
322768,2021,5,Medical treatment,False,0,1066_13822,True,153.337975942635,-27.9224224801297,8c293a52745057c4
322793,2020,1,Hospitalisation,True,1,1097_13773,True,153.494468262846,-28.143492624815405,8c293a52745057c4
322795,2020,5,Medical treatment,False,0,1095_13775,True,153.486578898715,-28.135802496948706,8c293a52745057c4
322800,2020,1,Minor injury,False,0,1094_13773,True,153.480295898107,-28.145802496385,8c293a52745057c4
322808,2020,7,Medical treatment,False,0,1080_13816,True,153.408031931129,-27.952266487492807,8c293a52745057c4
322809,2021,4,Minor injury,False,0,1085_13793,True,153.437124914822,-28.053637491254804,8c293a52745057c4
322830,2020,9,Hospitalisation,True,1,1064_13841,True,153.329256954455,-27.83795247857949,8c293a52745057c4
322870,2024,2,Minor injury,False,0,1060_13834,True,153.305214952947,-27.870058476391005,8c293a52745057c4
322873,2024,1,Minor injury,False,0,1075_13798,True,153.385983923157,-28.032622485878196,8c293a52745057c4
322897,2023,12,Medical treatment,False,0,1062_13837,True,153.315503953715,-27.8553614773198,8c293a52745057c4
322899,2023,12,Medical treatment,False,0,1081_13778,True,153.414596908764,-28.119477489473994,8c293a52745057c4
322913,2023,12,Medical treatment,False,0,1083_13817,True,153.425085276217,-27.944905168173104,8c293a52745057c4
322914,2023,12,Hospitalisation,True,1,1083_13786,True,153.423588912108,-28.0860504901286,8c293a52745057c4
322923,2023,12,Hospitalisation,True,1,1092_13778,True,153.469620902623,-28.1201124950931,8c293a52745057c4
322926,2023,11,Hospitalisation,True,1,1085_13798,True,153.43430191810802,-28.030674490786694,8c293a52745057c4
322935,2024,3,Minor injury,False,0,1080_13775,True,153.409711907487,-28.133480489085898,8c293a52745057c4
322939,2024,3,Hospitalisation,True,1,1066_13808,True,153.337404934564,-27.985533480567508,8c293a52745057c4
322941,2024,3,Hospitalisation,True,2,1082_13780,True,153.417716909103,-28.114219489750795,8c293a52745057c4
322942,2024,3,Hospitalisation,True,1,1083_13786,True,153.425670911896,-28.085921490339903,8c293a52745057c4
322949,2022,3,Hospitalisation,True,2,1060_13806,True,153.307459244501,-27.995965350608092,8c293a52745057c4
322956,2023,2,Hospitalisation,True,1,1054_13869,True,153.275736976361,-27.712462472160098,8c293a52745057c4
322958,2024,3,Medical treatment,False,0,1052_13849,True,153.267661965733,-27.8022894720493,8c293a52745057c4
322976,2022,5,Medical treatment,False,0,1087_13788,True,153.443577911442,-28.074244492074794,8c293a52745057c4
322977,2023,2,Minor injury,False,0,1057_13844,True,153.291491960605,-27.822068474621098,8c293a52745057c4
322999,2022,1,Hospitalisation,True,1,1058_13862,True,153.297074970198,-27.742535474561098,8c293a52745057c4
323014,2022,1,Minor injury,False,0,1074_13811,True,153.378634931517,-27.974157484671096,8c293a52745057c4
323017,2021,11,Minor injury,False,0,1076_13810,True,153.391125929906,-27.97604548595759,8c293a52745057c4
323022,2023,4,Hospitalisation,True,2,1043_13865,True,153.221811980308,-27.7272784668162,8c293a52745057c4
323051,2021,2,Hospitalisation,True,1,1060_13837,True,153.305209954591,-27.857270476289898,8c293a52745057c4
323054,2021,2,Medical treatment,False,0,1087_13787,True,153.447816909895,-28.082574492572693,8c293a52745057c4
323057,2021,2,Hospitalisation,True,1,1075_13789,True,153.383104918652,-28.0698954858775,8c293a52745057c4
323059,2021,2,Medical treatment,False,0,1071_13832,True,153.362447945721,-27.877732482266303,8c293a52745057c4
323060,2021,2,Medical treatment,False,0,1045_13864,True,153.229510978504,-27.734864467654997,8c293a52745057c4
323061,2020,12,Medical treatment,False,0,1089_13783,True,153.456359906966,-28.097903493564893,8c293a52745057c4
323073,2023,4,Hospitalisation,True,1,1084_13806,True,153.427472542195,-27.997167320827096,8c293a52745057c4
323093,2021,2,Medical treatment,False,0,1065_13807,True,153.335152934052,-27.991415480384795,8c293a52745057c4
323096,2021,4,Minor injury,False,0,1092_13778,True,153.472193902304,-28.1203864953581,8c293a52745057c4
323100,2023,4,Medical treatment,False,0,1064_13839,True,153.327555953425,-27.847405478481097,8c293a52745057c4
323103,2021,5,Medical treatment,False,0,1080_13780,True,153.410371910367,-28.11070248897469,8c293a52745057c4
323114,2021,5,Hospitalisation,True,1,1084_13798,True,153.43037691845,-28.031359490391694,8c293a52745057c4
323135,2020,7,Medical treatment,False,0,1081_13797,True,153.413077919731,-28.0361214886655,8c293a52745057c4
323138,2020,7,Medical treatment,False,0,1061_13829,True,153.314606949316,-27.890335477503804,8c293a52745057c4
323144,2020,6,Medical treatment,False,0,1064_13828,True,153.328550947154,-27.8953184789591,8c293a52745057c4
323153,2020,9,Hospitalisation,True,1,1076_13823,True,153.386241937967,-27.9177494850022,8c293a52745057c4
323161,2020,9,Hospitalisation,True,1,1068_13814,True,153.348512936523,-27.960908481503093,8c293a52745057c4
323164,2021,4,Hospitalisation,True,1,1077_13809,True,153.3930329288,-27.982990486206297,8c293a52745057c4
323176,2021,4,Hospitalisation,True,1,1074_13816,True,153.378124934786,-27.9492694844237,8c293a52745057c4
323180,2020,9,Medical treatment,False,0,1088_13785,True,153.451959908652,-28.088642493043107,8c293a52745057c4
323181,2021,4,Medical treatment,False,0,1091_13781,True,153.4660039044,-28.109496494640492,8c293a52745057c4
323182,2021,5,Hospitalisation,True,1,1087_13791,True,153.442766336992,-28.062980884903702,8c293a52745057c4
323220,2024,2,Medical treatment,False,0,1068_13801,True,153.348435929354,-28.0165464819321,8c293a52745057c4
323221,2024,2,Minor injury,False,0,1069_13833,True,153.355234947147,-27.87276348149359,8c293a52745057c4
323223,2024,2,Hospitalisation,True,1,1077_13830,True,153.394641941289,-27.884893485599196,8c293a52745057c4
323230,2024,2,Minor injury,False,0,1071_13789,True,153.364861920312,-28.072569484042,8c293a52745057c4
323243,2023,3,Medical treatment,False,0,1080_13802,True,153.407894294383,-28.012295230950198,8c293a52745057c4
323257,2024,3,Medical treatment,False,0,1060_13817,True,153.30856794285,-27.9457224773261,8c293a52745057c4
323271,2021,12,Minor injury,False,0,1064_13841,True,153.328102954813,-27.8361434784481,8c293a52745057c4
323296,2024,12,Medical treatment,False,0,1081_13813,True,153.413931929098,-27.962986488178295,8c293a52745057c4
323299,2024,12,Hospitalisation,True,2,1053_13772,True,153.271154920605,-28.150249475135297,8c293a52745057c4
323308,2024,12,Hospitalisation,True,1,1076_13813,True,153.389274931807,-27.962893485665802,8c293a52745057c4
323314,2021,11,Hospitalisation,True,1,1066_13822,True,153.335724943037,-27.921211479891397,8c293a52745057c4
323320,2023,3,Medical treatment,False,0,1062_13827,True,153.315262947681,-27.902491477665993,8c293a52745057c4
323323,2022,1,Hospitalisation,True,1,1057_13844,True,153.29359796026,-27.822965474841805,8c293a52745057c4
323338,2022,1,Medical treatment,False,0,1082_13799,True,153.418068920444,-28.0263854890978,8c293a52745057c4
323353,2022,1,Hospitalisation,True,1,1049_13812,True,153.253001946277,-27.966370471854102,8c293a52745057c4
323359,2021,2,Hospitalisation,True,1,1086_13793,True,153.439816721616,-28.052947276524005,8c293a52745057c4
323380,2021,8,Hospitalisation,True,1,1064_13839,True,153.327556953395,-27.847639478483096,8c293a52745057c4
323386,2021,8,Medical treatment,False,0,1071_13833,True,153.36443294593,-27.8744334824422,8c293a52745057c4
323389,2021,8,Medical treatment,False,0,1057_13845,True,153.289434961133,-27.819691474393693,8c293a52745057c4
323391,2021,8,Medical treatment,False,0,1049_13818,True,153.251356215887,-27.9396674644777,8c293a52745057c4
323421,2022,7,Hospitalisation,True,1,1075_13798,True,153.385862923424,-28.030661485850498,8c293a52745057c4
323428,2022,7,Hospitalisation,True,1,1069_13799,True,153.351425927497,-28.028387482328995,8c293a52745057c4
323434,2022,7,Hospitalisation,True,1,1042_13858,True,153.214642113751,-27.7612037383583,8c293a52745057c4
323445,2020,7,Minor injury,False,0,1080_13817,True,153.408188932021,-27.94523248745349,8c293a52745057c4
323446,2020,7,Hospitalisation,True,1,1083_13815,True,153.426837928846,-27.954023489423495,8c293a52745057c4
323456,2022,4,Medical treatment,False,0,1066_13822,True,153.33787694267,-27.922234480118103,8c293a52745057c4
323458,2020,7,Minor injury,False,0,1081_13813,True,153.413845300982,-27.963959455177097,8c293a52745057c4
323463,2020,7,Minor injury,False,0,1082_13810,True,153.421042926577,-27.97646548900899,8c293a52745057c4
323468,2020,9,Medical treatment,False,0,1080_13805,True,153.407171925331,-27.9978444877632,8c293a52745057c4
323483,2020,2,Hospitalisation,True,1,1066_13830,True,153.335486947267,-27.888560479610597,8c293a52745057c4
323494,2022,5,Hospitalisation,True,1,1083_13804,True,153.426017232663,-28.002507107720696,8c293a52745057c4
323498,2021,7,Hospitalisation,True,1,1060_13836,True,153.307363953735,-27.862109476546603,8c293a52745057c4
323501,2022,5,Medical treatment,False,0,1088_13785,True,153.451710908755,-28.0880634930132,8c293a52745057c4
323505,2022,5,Medical treatment,False,0,1071_13788,True,153.365718919651,-28.076951484163608,8c293a52745057c4
323506,2022,5,Hospitalisation,True,1,1073_13802,True,153.371448927506,-28.01131148423161,8c293a52745057c4
323513,2024,2,Hospitalisation,True,1,1034_13848,True,153.177100975354,-27.804073462902004,8c293a52745057c4
323519,2024,2,Medical treatment,False,0,1068_13776,True,153.346894914666,-28.131521482677,8c293a52745057c4
323520,2024,2,Hospitalisation,True,2,1063_13840,True,153.323193954731,-27.84093747798719,8c293a52745057c4
323526,2024,2,Minor injury,False,0,1084_13804,True,153.431198921962,-28.003541490257202,8c293a52745057c4
323532,2024,2,Medical treatment,False,0,1081_13797,True,153.415447919422,-28.036500488909994,8c293a52745057c4
323535,2024,2,Medical treatment,False,0,1084_13806,True,153.430591922953,-27.996400490139195,8c293a52745057c4
323544,2024,2,Minor injury,False,0,1076_13821,True,153.387175936428,-27.928883485184798,8c293a52745057c4
323561,2023,9,Hospitalisation,True,1,1060_13837,True,153.308230954679,-27.854020476571005,8c293a52745057c4
323569,2024,4,Medical treatment,False,0,1047_13859,True,153.239994964743,-27.755387458877692,8c293a52745057c4
323571,2024,1,Hospitalisation,True,1,1062_13833,True,153.314955951442,-27.873507477406896,8c293a52745057c4
323577,2024,1,Minor injury,False,0,1048_13858,True,153.246367973193,-27.762093469575795,8c293a52745057c4
323578,2024,1,Medical treatment,False,0,1084_13802,True,153.42960892085904,-28.0134004901724,8c293a52745057c4
323595,2023,7,Medical treatment,False,0,1079_13824,True,153.402753936889,-27.912130486639604,8c293a52745057c4
323596,2023,12,Minor injury,False,0,1085_13794,True,153.433153915847,-28.049092490814104,8c293a52745057c4
323597,2023,7,Medical treatment,False,0,1084_13797,True,153.430981918047,-28.033953490473802,8c293a52745057c4
323614,2023,8,Minor injury,False,0,1065_13808,True,153.331537935147,-27.985997479974998,8c293a52745057c4
323642,2022,6,Medical treatment,False,0,1063_13822,True,153.32487094416803,-27.9216344787921,8c293a52745057c4
323651,2022,6,Minor injury,False,0,1065_13843,True,153.330119955748,-27.82716247858229,8c293a52745057c4
323652,2022,6,Medical treatment,False,0,1088_13785,True,153.45193290867,-28.0885324930395,8c293a52745057c4
323662,2022,1,Hospitalisation,True,1,1044_13810,True,153.22808294782,-27.975618469404004,8c293a52745057c4
323665,2022,1,Medical treatment,False,0,1084_13807,True,153.428189923942,-27.99079148985019,8c293a52745057c4
323666,2022,1,Medical treatment,False,0,1095_13776,True,153.487723899287,-28.130439497023698,8c293a52745057c4
323682,2022,5,Hospitalisation,True,1,1060_13779,True,153.307288920615,-28.119281478557905,8c293a52745057c4
323694,2022,5,Medical treatment,False,0,1083_13810,True,153.422753926204,-27.977906489194705,8c293a52745057c4
323725,2021,9,Medical treatment,False,0,1074_13811,True,153.378540931553,-27.973958484660002,8c293a52745057c4
323726,2021,2,Hospitalisation,True,1,1070_13813,True,153.357182935436,-27.961980482393002,8c293a52745057c4
323728,2021,4,Hospitalisation,True,1,1069_13787,True,153.354631920195,-28.082174483076894,8c293a52745057c4
323731,2021,9,Medical treatment,False,0,1044_13865,True,153.224139916795,-27.7293205130678,8c293a52745057c4
323747,2022,11,Medical treatment,False,0,1082_13811,True,153.419041927324,-27.9723824887729,8c293a52745057c4
323757,2021,5,Hospitalisation,True,1,1066_13806,True,153.3403639328,-27.996699480955794,8c293a52745057c4
323762,2021,5,Medical treatment,False,0,1069_13834,True,153.351209947923,-27.870143481063796,8c293a52745057c4
323764,2021,5,Medical treatment,False,0,1057_13845,True,153.289701961142,-27.8193994744185,8c293a52745057c4
323785,2020,11,Hospitalisation,True,1,1093_13772,True,153.474564898659,-28.14641749580429,8c293a52745057c4
323797,2022,5,Minor injury,False,0,1074_13810,True,153.380983930931,-27.9767074849302,8c293a52745057c4
323804,2024,4,Hospitalisation,True,1,1082_13792,True,153.418899916414,-28.056799489421095,8c293a52745057c4
323816,2024,4,Hospitalisation,True,1,1066_13807,True,153.339200933647,-27.991116480793803,8c293a52745057c4
323826,2024,4,Hospitalisation,True,1,1079_13826,True,153.40162793803103,-27.904235486462802,8c293a52745057c4
323831,2024,1,Hospitalisation,True,1,1082_13791,True,153.41994191534,-28.064206489585498,8c293a52745057c4
323850,2024,1,Medical treatment,False,0,1081_13807,True,153.412528925809,-27.989611488244396,8c293a52745057c4
323854,2024,4,Medical treatment,False,0,1064_13804,True,153.330133932984,-28.003966479973396,8c293a52745057c4
323884,2023,8,Medical treatment,False,0,1075_13798,True,153.385983923157,-28.032622485878196,8c293a52745057c4
323928,2022,7,Minor injury,False,0,1062_13837,True,153.317682953543,-27.854855477537104,8c293a52745057c4
323938,2022,7,Medical treatment,False,0,1081_13803,True,153.41207492315,-28.01055348836259,8c293a52745057c4
323948,2023,3,Hospitalisation,True,1,1074_13808,True,153.380380929775,-27.986162484943097,8c293a52745057c4
323953,2023,3,Medical treatment,False,0,1084_13805,True,153.42861192285,-27.9988714899567,8c293a52745057c4
323960,2022,5,Medical treatment,False,0,1080_13813,True,153.410948929434,-27.9629104878737,8c293a52745057c4
323965,2023,4,Hospitalisation,True,1,1072_13803,True,153.369549927753,-28.011008484035997,8c293a52745057c4
323977,2022,1,Minor injury,False,0,1081_13810,True,153.41431638415,-27.977729115333304,8c293a52745057c4
323985,2024,6,Hospitalisation,True,1,1105_13766,True,153.53776788815,-28.173601502481702,8c293a52745057c4
323995,2023,11,Hospitalisation,True,1,1081_13798,True,153.416871920137,-28.0297694890023,8c293a52745057c4
323999,2023,4,Minor injury,False,0,1090_13783,True,153.46136190606,-28.1006454940971,8c293a52745057c4
324010,2023,4,Medical treatment,False,0,1049_13856,True,153.251399971445,-27.771483470159303,8c293a52745057c4
324020,2021,11,Medical treatment,False,0,1083_13813,True,153.426965927449,-27.9647144895206,8c293a52745057c4
324029,2023,4,Minor injury,False,0,1079_13803,True,153.404338924058,-28.010090487570704,8c293a52745057c4
324030,2022,6,Hospitalisation,True,2,1068_13802,True,153.34726092975,-28.014471481796395,8c293a52745057c4
324033,2022,6,Hospitalisation,True,1,1072_13842,True,153.369677950712,-27.832866482648804,8c293a52745057c4
324038,2020,11,Hospitalisation,True,1,1076_13830,True,153.388535941502,-27.888400485004997,8c293a52745057c4
324044,2021,9,Minor injury,False,0,1075_13815,True,153.383628933575,-27.953987485021,8c293a52745057c4
324048,2021,9,Hospitalisation,True,1,1075_13830,True,153.385076942275,-27.885330484628696,8c293a52745057c4
324055,2021,9,Hospitalisation,True,1,1079_13825,True,153.402590937099,-27.910644486611297,8c293a52745057c4
324056,2022,4,Medical treatment,False,0,1081_13790,True,153.41718791541,-28.066005489318897,8c293a52745057c4
324076,2021,9,Hospitalisation,True,1,1083_13783,True,153.422779910259,-28.1010034901634,8c293a52745057c4
324090,2024,5,Minor injury,False,0,1079_13782,True,153.40516313079,-28.104149289392495,8c293a52745057c4
324104,2022,7,Hospitalisation,True,1,1078_13814,True,153.400779931285,-27.957192486792692,8c293a52745057c4
324107,2024,3,Fatal,True,1,1096_13774,True,153.492423897388,-28.141055497587296,8c293a52745057c4
324111,2024,6,Hospitalisation,True,1,1061_13795,True,153.313256016437,-28.045831647587796,8c293a52745057c4
324142,2024,6,Medical treatment,False,0,1045_13863,True,153.228860978302,-27.736994467606,8c293a52745057c4
324169,2023,11,Hospitalisation,True,1,1074_13800,True,153.380791925113,-28.021894485265495,8c293a52745057c4
324180,2023,12,Minor injury,False,0,1084_13806,True,153.428044923661,-27.993082489853393,8c293a52745057c4
324189,2023,12,Minor injury,False,0,1069_13817,True,153.35371293794,-27.945510481910794,8c293a52745057c4
324206,2024,6,Minor injury,False,0,1046_13848,True,153.237215968344,-27.8077504690087,8c293a52745057c4
324208,2024,6,Medical treatment,False,0,1067_13809,True,153.342044934699,-27.980546480999795,8c293a52745057c4
324209,2024,6,Minor injury,False,0,1076_13813,True,153.389274931807,-27.962893485665802,8c293a52745057c4
324228,2022,12,Hospitalisation,True,3,1066_13822,True,153.337799942667,-27.922322480111003,8c293a52745057c4
324237,2024,3,Hospitalisation,True,1,1078_13783,True,153.401849912655,-28.100287488024698,8c293a52745057c4
324245,2024,3,Medical treatment,False,0,1064_13840,True,153.328964954196,-27.840218478567703,8c293a52745057c4
324252,2023,11,Minor injury,False,0,1067_13816,True,153.344001938324,-27.950772480964893,8c293a52745057c4
324262,2021,9,Minor injury,False,0,1064_13821,True,153.327675943302,-27.925983479111192,8c293a52745057c4
324276,2022,4,Medical treatment,False,0,1073_13820,True,153.374343897462,-27.931729246901103,8c293a52745057c4
324278,2022,4,Medical treatment,False,0,1058_13844,True,153.296861839588,-27.825434475192296,8c293a52745057c4
324284,2022,5,Hospitalisation,True,1,1083_13772,True,153.423628117234,-28.1467248966082,8c293a52745057c4
324295,2022,6,Hospitalisation,True,1,1076_13786,True,153.391396915858,-28.084434486835793,8c293a52745057c4
324340,2024,10,Hospitalisation,True,2,1063_13781,True,153.323144920283,-28.108322480081895,8c293a52745057c4
324346,2024,10,Medical treatment,False,0,1084_13782,True,153.429476909424,-28.1017574908522,8c293a52745057c4
324364,2024,10,Minor injury,False,0,1044_13833,True,153.226595960806,-27.875636468468,8c293a52745057c4
324371,2024,9,Medical treatment,False,0,1074_13786,True,153.380233917054,-28.084680485701192,8c293a52745057c4
324372,2023,4,Minor injury,False,0,1060_13836,True,153.309450953833,-27.859573476738504,8c293a52745057c4
324398,2022,6,Minor injury,False,0,1065_13820,True,153.334470941698,-27.932671479854104,8c293a52745057c4
324401,2022,6,Medical treatment,False,0,1064_13839,True,153.327717953566,-27.846170478487895,8c293a52745057c4
324410,2021,10,Hospitalisation,True,1,1062_13830,True,153.315470949872,-27.885282477551804,8c293a52745057c4
324432,2020,7,Hospitalisation,True,1,1053_13816,True,153.27173519115303,-27.951378888634505,8c293a52745057c4
324439,2024,12,Medical treatment,False,0,1090_13778,True,153.460974248523,-28.120510915213195,8c293a52745057c4
324466,2020,7,Hospitalisation,True,1,1069_13782,True,153.353324917438,-28.104613483119888,8c293a52745057c4
324471,2020,7,Hospitalisation,True,1,1076_13819,True,153.390348606195,-27.935748483561802,8c293a52745057c4
324512,2023,5,Minor injury,False,0,1056_13845,True,153.288870961204,-27.8196194743359,8c293a52745057c4
324532,2024,12,Medical treatment,False,0,1058_13819,True,153.299158945139,-27.935930476294295,8c293a52745057c4
324550,2023,5,Hospitalisation,True,1,1070_13787,True,153.36090891952904,-28.081988483713797,8c293a52745057c4
324589,2024,5,Medical treatment,False,0,1046_13861,True,153.233556976641,-27.74600746815219,8c293a52745057c4
324604,2024,12,Medical treatment,False,0,1091_13779,True,153.467344903033,-28.118885494851003,8c293a52745057c4
324674,2024,5,Hospitalisation,True,2,1075_13813,True,153.384400932049,-27.96515248518729,8c293a52745057c4
324677,2024,5,Hospitalisation,True,1,1086_13787,True,153.439288911078,-28.080686491687697,8c293a52745057c4
324681,2024,5,Medical treatment,False,0,1045_13864,True,153.229078978551,-27.7348634676113,8c293a52745057c4
324688,2023,5,Hospitalisation,True,1,1072_13809,True,153.368986931386,-27.983355483761596,8c293a52745057c4
324733,2020,7,Medical treatment,False,0,1079_13806,True,153.404404925688,-27.99742548747799,8c293a52745057c4
324736,2020,8,Minor injury,False,0,1082_13811,True,153.419713927259,-27.972316488840896,8c293a52745057c4
324739,2021,5,Minor injury,False,0,1059_13838,True,153.299625044171,-27.849705588663706,8c293a52745057c4
324748,2020,7,Medical treatment,False,0,1078_13807,True,153.399911927193,-27.989593486958796,8c293a52745057c4
324814,2020,9,Minor injury,False,0,1086_13787,True,153.441215911024,-28.079465491874796,8c293a52745057c4
324877,2024,4,Medical treatment,False,0,1075_13788,True,153.383241917564,-28.078182485956493,8c293a52745057c4
324907,2024,1,Medical treatment,False,0,1082_13791,True,153.41986191534804,-28.064213489577405,8c293a52745057c4
324908,2022,3,Medical treatment,False,0,1084_13806,True,153.428092923412,-27.994964489873098,8c293a52745057c4
324911,2023,8,Medical treatment,False,0,1051_13850,True,153.261615966853,-27.798677471408304,8c293a52745057c4
324922,2024,10,Medical treatment,False,0,1090_13780,True,153.459774904425,-28.1145784940443,8c293a52745057c4
324927,2024,10,Minor injury,False,0,1077_13829,True,153.395866940416,-27.890621485768992,8c293a52745057c4
324928,2024,11,Hospitalisation,True,1,1075_13816,True,153.38525893396,-27.9496244851527,8c293a52745057c4
324929,2024,11,Medical treatment,False,0,1085_13787,True,153.432885911737,-28.0810284910373,8c293a52745057c4
324934,2024,11,Hospitalisation,True,1,1085_13800,True,153.433697919354,-28.021562490653494,8c293a52745057c4
324940,2020,7,Fatal,True,4,1054_13801,True,153.278817936621,-28.0194334748868,8c293a52745057c4
324948,2020,12,Minor injury,False,0,1084_13804,True,153.4295279222,-28.0031124900834,8c293a52745057c4
324956,2020,12,Medical treatment,False,0,1071_13800,True,153.361666927339,-28.020904483311696,8c293a52745057c4
324985,2020,8,Hospitalisation,True,3,1086_13780,True,153.441309906556,-28.113826492153798,8c293a52745057c4
324988,2024,9,Hospitalisation,True,2,1081_13805,True,153.414287924583,-27.997602488486397,8c293a52745057c4
324996,2020,6,Minor injury,False,0,1058_13838,True,153.299419955854,-27.852348475663607,8c293a52745057c4
325002,2021,6,Medical treatment,False,0,1080_13794,True,153.408528918434,-28.0499934883108,8c293a52745057c4
325136,2020,6,Minor injury,False,0,1077_13808,True,153.392414928484,-27.9859574861667,8c293a52745057c4
325150,2020,6,Hospitalisation,True,1,1083_13798,True,153.424340919042,-28.0318954897804,8c293a52745057c4
325170,2024,11,Minor injury,False,0,1065_13821,True,153.333359942716,-27.925712479686496,8c293a52745057c4
325191,2021,7,Hospitalisation,True,1,1071_13789,True,153.362238920523,-28.073165483779903,8c293a52745057c4
325203,2021,7,Hospitalisation,True,1,1090_13782,True,153.463110905506,-28.103430494297495,8c293a52745057c4
325208,2021,6,Hospitalisation,True,1,1060_13820,True,153.307579263748,-27.931814978116495,8c293a52745057c4
325215,2021,6,Minor injury,False,0,1085_13801,True,153.432454335694,-28.0199921015144,8c293a52745057c4
325226,2021,7,Medical treatment,False,0,1080_13818,True,153.408139932481,-27.94171548742089,8c293a52745057c4
325227,2021,7,Minor injury,False,0,1076_13810,True,153.391125929906,-27.97604548595759,8c293a52745057c4
325240,2021,7,Hospitalisation,True,1,1084_13806,True,153.427553923331,-27.9960484898266,8c293a52745057c4
325265,2020,11,Hospitalisation,True,1,1042_13857,True,153.215238976358,-27.763769466438905,8c293a52745057c4
325360,2020,6,Hospitalisation,True,1,1080_13833,True,153.408770857018,-27.875055885961,8c293a52745057c4
325372,2020,9,Hospitalisation,True,1,1081_13813,True,153.412114929095,-27.964547488005397,8c293a52745057c4
325415,2021,10,Hospitalisation,True,2,1063_13822,True,153.320775944496,-27.922565478383603,8c293a52745057c4
325416,2021,10,Hospitalisation,True,1,1061_13835,True,153.311470016022,-27.8641689259796,8c293a52745057c4
325424,2021,7,Minor injury,False,0,1062_13830,True,153.316729949721,-27.885388477680497,8c293a52745057c4
325430,2021,2,Minor injury,False,0,1060_13820,True,153.308053944574,-27.932759477172095,8c293a52745057c4
325432,2021,2,Hospitalisation,True,1,1083_13792,True,153.425626915343,-28.059364490127095,8c293a52745057c4
325436,2021,8,Hospitalisation,True,1,1060_13820,True,153.309428944354,-27.933304477315897,8c293a52745057c4
325440,2021,2,Medical treatment,False,0,1085_13795,True,153.435244916089,-28.045455490998805,8c293a52745057c4
325444,2021,2,Hospitalisation,True,1,1069_13801,True,153.35367392872104,-28.0169974824682,8c293a52745057c4
325445,2021,2,Minor injury,False,0,1081_13813,True,153.413829929102,-27.963047488168392,8c293a52745057c4
325447,2021,2,Medical treatment,False,0,1077_13803,True,153.396275925067,-28.00912148674179,8c293a52745057c4
325463,2020,10,Medical treatment,False,0,1070_13793,True,153.356524923811,-28.052590483037395,8c293a52745057c4
325483,2020,10,Medical treatment,False,0,1057_13826,True,153.292403949719,-27.9060514753741,8c293a52745057c4
325485,2020,10,Minor injury,False,0,1090_13782,True,153.462091604864,-28.101541678178602,8c293a52745057c4
325486,2021,3,Hospitalisation,True,1,1086_13790,True,153.441753532372,-28.068618381844505,8c293a52745057c4
325516,2020,12,Hospitalisation,True,1,1077_13809,True,153.391584929284,-27.980470486039096,8c293a52745057c4
325540,2020,6,Minor injury,False,0,1066_13804,True,153.340331931861,-28.0040064810099,8c293a52745057c4
325560,2020,8,Hospitalisation,True,1,1079_13803,True,153.404827924,-28.0101194876207,8c293a52745057c4
325565,2020,8,Minor injury,False,0,1078_13811,True,153.400981928972,-27.9749214869525,8c293a52745057c4
325568,2020,11,Hospitalisation,True,1,1071_13787,True,153.365594919185,-28.08065948418,8c293a52745057c4
325570,2020,8,Medical treatment,False,0,1080_13786,True,153.409370913657,-28.086166488680295,8c293a52745057c4
325574,2020,11,Minor injury,False,0,1092_13771,True,153.470202898059,-28.154726495423805,8c293a52745057c4
325576,2020,8,Minor injury,False,0,1071_13789,True,153.363426920429,-28.072880483898494,8c293a52745057c4
325577,2020,11,Hospitalisation,True,2,1059_13844,True,153.300341133539,-27.822868045525098,8c293a52745057c4
325586,2020,9,Hospitalisation,True,1,1080_13814,True,153.408079930006,-27.9609124875656,8c293a52745057c4
325588,2020,9,Medical treatment,False,0,1061_13835,True,153.313044952573,-27.8663264771564,8c293a52745057c4
325606,2022,11,Hospitalisation,True,1,1067_13809,True,153.344360893215,-27.982328333249196,8c293a52745057c4
325624,2022,10,Minor injury,False,0,1060_13838,True,153.308044954819,-27.853088476544688,8c293a52745057c4
325628,2023,1,Minor injury,False,0,1035_13841,True,153.179357142584,-27.839483777408393,8c293a52745057c4
325632,2022,11,Hospitalisation,True,1,1075_13810,True,153.384269930405,-27.977995485274796,8c293a52745057c4
325634,2023,1,Medical treatment,False,0,1079_13811,True,153.403285928887,-27.973628487177102,8c293a52745057c4
325636,2023,1,Medical treatment,False,0,1064_13838,True,153.32793195315,-27.849227478533688,8c293a52745057c4
325638,2023,1,Medical treatment,False,0,1058_13838,True,153.298914128968,-27.851891265608707,8c293a52745057c4
325646,2023,5,Medical treatment,False,0,1062_13830,True,153.315682428828,-27.885444737574495,8c293a52745057c4
325664,2023,5,Minor injury,False,0,1067_13814,True,153.344892937345,-27.957606481109103,8c293a52745057c4
325669,2022,11,Hospitalisation,True,1,1089_13784,True,153.45447090734103,-28.096619493362002,8c293a52745057c4
325693,2022,6,Minor injury,False,0,1078_13817,True,153.399407933115,-27.944192486550804,8c293a52745057c4
325699,2022,6,Medical treatment,False,0,1075_13801,True,153.383934925372,-28.017223485548698,8c293a52745057c4
325702,2022,9,Medical treatment,False,0,1071_13808,True,153.364747931603,-27.985270483345396,8c293a52745057c4
325711,2022,10,Hospitalisation,True,1,1064_13803,True,153.328896630503,-28.0087519948853,8c293a52745057c4
325727,2022,2,Hospitalisation,True,1,1092_13777,True,153.468690901861,-28.126764495050196,8c293a52745057c4
325732,2022,2,Minor injury,False,0,1075_13805,True,153.382739024712,-28.000135988292897,8c293a52745057c4
325763,2023,3,Hospitalisation,True,1,1083_13782,True,153.42545890991002,-28.101420490439804,8c293a52745057c4
325764,2023,3,Medical treatment,False,0,1061_13832,True,153.314270951088,-27.87683847736359,8c293a52745057c4
325767,2023,2,Hospitalisation,True,1,1072_13803,True,153.369549927753,-28.011008484035997,8c293a52745057c4
325773,2023,2,Hospitalisation,True,2,1084_13804,True,153.429124921887,-28.005872490064004,8c293a52745057c4
325781,2023,3,Hospitalisation,True,1,1081_13813,True,153.414293928965,-27.963709488220807,8c293a52745057c4
325783,2023,3,Hospitalisation,True,1,1092_13777,True,153.472493292448,-28.126713792438196,8c293a52745057c4
325786,2023,3,Minor injury,False,0,1071_13789,True,153.363322920462,-28.0727194838867,8c293a52745057c4
325793,2023,3,Hospitalisation,True,1,1062_13795,True,153.31556892905,-28.04686447883079,8c293a52745057c4
325796,2023,3,Medical treatment,False,0,1067_13791,True,153.345182476738,-28.062800105964303,8c293a52745057c4
325809,2020,4,Hospitalisation,True,2,1061_13833,True,153.313283951492,-27.8745364772453,8c293a52745057c4
325839,2022,9,Medical treatment,False,0,1075_13808,True,153.382033929566,-27.986381485113096,8c293a52745057c4
325842,2022,8,Medical treatment,False,0,1085_13791,True,153.436054913454,-28.065098491235595,8c293a52745057c4
325895,2021,8,Hospitalisation,True,1,1105_13768,True,153.536666888972,-28.168233502326895,8c293a52745057c4
325896,2021,8,Minor injury,False,0,1071_13808,True,153.365081931615,-27.9848904833764,8c293a52745057c4
325931,2023,1,Hospitalisation,True,1,1081_13805,True,153.414548924304,-27.99953448852821,8c293a52745057c4
325933,2023,1,Hospitalisation,True,1,1050_13852,True,153.256251969019,-27.7863194707676,8c293a52745057c4
325934,2023,1,Minor injury,False,0,1050_13852,True,153.256588968957,-27.786515470803195,8c293a52745057c4
325938,2021,11,Hospitalisation,True,2,1050_13799,True,153.25910693796,-28.0258464729394,8c293a52745057c4
325943,2021,11,Hospitalisation,True,3,1051_13800,True,153.261479989989,-28.023597109162097,8c293a52745057c4
325962,2022,9,Hospitalisation,True,1,1097_13773,True,153.494711896749,-28.14402849784449,8c293a52745057c4
325978,2022,2,Medical treatment,False,0,1080_13794,True,153.407253918776,-28.048438488168703,8c293a52745057c4
325982,2020,8,Minor injury,False,0,1066_13822,True,153.338031942632,-27.9224014801352,8c293a52745057c4
325983,2022,2,Medical treatment,False,0,1053_13867,True,153.273637621419,-27.721599877019393,8c293a52745057c4
325984,2022,2,Medical treatment,False,0,1083_13806,True,153.422599923824,-27.9964294893245,8c293a52745057c4
326001,2022,2,Hospitalisation,True,1,1069_13801,True,153.351558929087,-28.015954482245004,8c293a52745057c4
326003,2022,2,Minor injury,False,0,1062_13830,True,153.319044949457,-27.885473477916197,8c293a52745057c4
326008,2022,11,Hospitalisation,True,1,1055_13846,True,153.281885962273,-27.8172074736086,8c293a52745057c4
326019,2021,6,Minor injury,False,0,1058_13838,True,153.299419955854,-27.852348475663607,8c293a52745057c4
326038,2021,3,Hospitalisation,True,1,1066_13837,True,153.339675951206,-27.854397479767496,8c293a52745057c4
326040,2021,3,Medical treatment,False,0,1071_13821,True,153.361755939421,-27.927203482584797,8c293a52745057c4
326051,2020,7,Medical treatment,False,0,1053_13760,True,153.271144360929,-28.201974090539093,8c293a52745057c4
326064,2020,7,Medical treatment,False,0,1073_13820,True,153.373963937573,-27.931191483858196,8c293a52745057c4
326072,2020,7,Medical treatment,False,0,1075_13798,True,153.385114923253,-28.0326174857897,8c293a52745057c4
326079,2020,6,Minor injury,False,0,1080_13809,True,153.410975926705,-27.983997488042103,8c293a52745057c4
326121,2020,12,Minor injury,False,0,1080_13811,True,153.407005928553,-27.9730624875517,8c293a52745057c4
326130,2020,12,Hospitalisation,True,1,1075_13810,True,153.381575930608,-27.978701485006198,8c293a52745057c4
326131,2020,12,Minor injury,False,0,1074_13788,True,153.381597918236,-28.074388485759293,8c293a52745057c4
326141,2020,12,Medical treatment,False,0,1076_13790,True,153.387671918264,-28.069013486335503,8c293a52745057c4
326153,2021,5,Hospitalisation,True,1,1059_13804,True,153.30169693595,-28.0051514770954,8c293a52745057c4
326159,2021,4,Fatal,True,1,1067_13809,True,153.342784934675,-27.9801044810716,8c293a52745057c4
326165,2021,6,Medical treatment,False,0,1076_13789,True,153.391314917346,-28.0730104867378,8c293a52745057c4
326176,2021,2,Medical treatment,False,0,1055_13846,True,153.281479962381,-27.816708473563505,8c293a52745057c4
326177,2020,7,Hospitalisation,True,2,1067_13803,True,153.344423930597,-28.010320481475404,8c293a52745057c4
326178,2020,6,Minor injury,False,0,1050_13853,True,153.254167969704,-27.782737470528293,8c293a52745057c4
326182,2021,5,Medical treatment,False,0,1082_13783,True,153.422455910299,-28.1009694901301,8c293a52745057c4
326200,2020,9,Medical treatment,False,0,1075_13798,True,153.386399425186,-28.032044534915993,8c293a52745057c4
326201,2021,5,Minor injury,False,0,1075_13798,True,153.385983923157,-28.032622485878196,8c293a52745057c4
326204,2020,9,Hospitalisation,True,1,1084_13794,True,153.42804491653,-28.048152490285695,8c293a52745057c4
326206,2020,8,Medical treatment,False,0,1084_13802,True,153.429854920867,-28.0131304901954,8c293a52745057c4
326209,2020,9,Medical treatment,False,0,1075_13808,True,153.382151741619,-27.9858696531211,8c293a52745057c4
326211,2020,9,Medical treatment,False,0,1087_13785,True,153.445977909343,-28.088390492430605,8c293a52745057c4
326222,2021,5,Medical treatment,False,0,1101_13769,True,153.516257891802,-28.163783500202996,8c293a52745057c4
326246,2021,5,Minor injury,False,0,1078_13816,True,153.400006932533,-27.948190486643195,8c293a52745057c4
326248,2021,5,Hospitalisation,True,1,1093_13772,True,153.474573898538,-28.147337495812398,8c293a52745057c4
326251,2021,5,Minor injury,False,0,1080_13809,True,153.411054926707,-27.983918488049497,8c293a52745057c4
326268,2022,4,Medical treatment,False,0,1074_13810,True,153.380983930931,-27.9767074849302,8c293a52745057c4
326272,2022,2,Hospitalisation,True,1,1084_13798,True,153.428836918856,-28.0295244902203,8c293a52745057c4
326278,2022,2,Minor injury,False,0,1045_13863,True,153.230439406872,-27.7390214557817,8c293a52745057c4
326302,2022,3,Medical treatment,False,0,1077_13800,True,153.3928779238,-28.0217994864952,8c293a52745057c4
326316,2022,11,Medical treatment,False,0,1073_13804,True,153.375758928213,-28.0021784845985,8c293a52745057c4
326326,2022,11,Medical treatment,False,0,1105_13767,True,153.536696888573,-28.171263502353696,8c293a52745057c4
326329,2022,11,Hospitalisation,True,1,1066_13807,True,153.33627893416,-27.989621480485088,8c293a52745057c4
326331,2022,9,Minor injury,False,0,1080_13802,True,153.411907923031,-28.0116144883539,8c293a52745057c4
326353,2020,9,Hospitalisation,True,1,1052_13771,True,153.267555426703,-28.152566392788597,8c293a52745057c4
326363,2023,5,Hospitalisation,True,1,1044_13864,True,153.22683197865,-27.735998467392786,8c293a52745057c4
326369,2021,11,Hospitalisation,True,1,1043_13865,True,153.222343980153,-27.7280414668761,8c293a52745057c4
326373,2022,4,Medical treatment,False,0,1069_13786,True,153.351365919163,-28.085201783768508,8c293a52745057c4
326374,2022,4,Hospitalisation,True,1,1084_13798,True,153.430129918722,-28.0294664903517,8c293a52745057c4
326408,2023,5,Hospitalisation,True,1,1060_13820,True,153.308788944299,-27.934277926258602,8c293a52745057c4
326412,2023,3,Hospitalisation,True,2,1062_13834,True,153.319915951705,-27.86725947786139,8c293a52745057c4
326445,2023,3,Medical treatment,False,0,1077_13790,True,153.395084917646,-28.067492487078496,8c293a52745057c4
326448,2023,3,Hospitalisation,True,1,1080_13815,True,153.408970501618,-27.9554269326133,8c293a52745057c4
326464,2020,1,Hospitalisation,True,1,1079_13790,True,153.403968916753,-28.066846487978403,8c293a52745057c4
326483,2021,12,Medical treatment,False,0,1079_13811,True,153.406362928787,-27.9717974874762,8c293a52745057c4
326484,2021,12,Medical treatment,False,0,1074_13788,True,153.379060918327,-28.0758404855125,8c293a52745057c4
326494,2021,9,Medical treatment,False,0,1081_13813,True,153.413829929102,-27.963047488168392,8c293a52745057c4
326567,2022,9,Hospitalisation,True,2,1048_13858,True,153.244249973724,-27.759739469342797,8c293a52745057c4
326568,2022,2,Minor injury,False,0,1076_13786,True,153.391396915858,-28.084434486835793,8c293a52745057c4
326577,2022,9,Minor injury,False,0,1073_13832,True,153.375119944357,-27.877600483554495,8c293a52745057c4
326590,2022,2,Medical treatment,False,0,1083_13786,True,153.425801911902,-28.085765490352,8c293a52745057c4
326592,2023,12,Medical treatment,False,0,1062_13852,True,153.315022962597,-27.7866154767299,8c293a52745057c4
326612,2023,3,Minor injury,False,0,1080_13793,True,153.407844917885,-28.0548164882789,8c293a52745057c4
326613,2023,3,Hospitalisation,True,1,1080_13796,True,153.407919919783,-28.040093488170996,8c293a52745057c4
326614,2023,3,Medical treatment,False,0,1083_13786,True,153.425801911902,-28.085765490352,8c293a52745057c4
326627,2021,9,Hospitalisation,True,1,1077_13803,True,153.395151925159,-28.0093644866292,8c293a52745057c4
326628,2023,3,Minor injury,False,0,1079_13807,True,153.403075926953,-27.9887694872746,8c293a52745057c4
326642,2022,2,Hospitalisation,True,1,1071_13789,True,153.364172029379,-28.0726364019724,8c293a52745057c4
326644,2022,2,Medical treatment,False,0,1083_13805,True,153.427098678966,-27.9992526348054,8c293a52745057c4
326648,2022,2,Medical treatment,False,0,1076_13789,True,153.388130917619,-28.073606486418303,8c293a52745057c4
326649,2022,2,Medical treatment,False,0,1084_13801,True,153.429186920352,-28.01768049016299,8c293a52745057c4
326652,2022,11,Minor injury,False,0,1076_13786,True,153.391396915858,-28.084434486835793,8c293a52745057c4
326663,2020,10,Minor injury,False,0,1068_13816,True,153.346574937929,-27.951647481233294,8c293a52745057c4
326681,2021,9,Fatal,True,1,1077_13829,True,153.395891940008,-27.8937704857963,8c293a52745057c4
326684,2021,12,Medical treatment,False,0,1046_13832,True,153.237627959001,-27.8803244696213,8c293a52745057c4
326691,2022,11,Hospitalisation,True,1,1083_13797,True,153.425011918467,-28.0357664898792,8c293a52745057c4
326693,2021,8,Hospitalisation,True,1,1076_13788,True,153.387642917435,-28.075439486382997,8c293a52745057c4
326699,2022,12,Hospitalisation,True,1,1078_13822,True,153.401213935604,-27.92339248657129,8c293a52745057c4
326701,2023,7,Medical treatment,False,0,1082_13790,True,153.41858491534,-28.0653574894562,8c293a52745057c4
326702,2022,2,Minor injury,False,0,1079_13818,True,153.40355393310102,-27.940788486946385,8c293a52745057c4
326705,2023,7,Minor injury,False,0,1088_13786,True,153.448647909508,-28.084858492675394,8c293a52745057c4
326724,2021,7,Hospitalisation,True,1,1074_13816,True,153.378128934788,-27.9492504844239,8c293a52745057c4
326764,2022,4,Hospitalisation,True,1,1055_13836,True,153.282040956804,-27.859696473958696,8c293a52745057c4
326770,2022,4,Medical treatment,False,0,1073_13820,True,153.374218937513,-27.9314384838861,8c293a52745057c4
326790,2021,7,Hospitalisation,True,1,1079_13815,True,153.404690931428,-27.952777487156393,8c293a52745057c4
326796,2021,7,Hospitalisation,True,2,1055_13824,True,153.282644949681,-27.9146444744519,8c293a52745057c4
326800,2021,7,Minor injury,False,0,1067_13806,True,153.341614933056,-27.993653481058995,8c293a52745057c4
326810,2021,7,Hospitalisation,True,1,1062_13830,True,153.314983949538,-27.888293477526,8c293a52745057c4
326814,2021,7,Minor injury,False,0,1075_13813,True,153.38570893192,-27.965045485319603,8c293a52745057c4
326826,2021,4,Hospitalisation,True,1,1044_13865,True,153.223415816938,-27.72881711999061,8c293a52745057c4
326841,2020,11,Medical treatment,False,0,1099_13771,True,153.504638894219,-28.155063498946095,8c293a52745057c4
326876,2021,11,Hospitalisation,True,1,1068_13801,True,153.349365928852,-28.01964248205089,8c293a52745057c4
326878,2021,5,Hospitalisation,True,1,1062_13827,True,153.31668394758,-27.902069477806997,8c293a52745057c4
326883,2021,5,Hospitalisation,True,1,1079_13790,True,153.403856681847,-28.066216996961998,8c293a52745057c4
326887,2020,10,Minor injury,False,0,1061_13835,True,153.312771952584,-27.866475477129903,8c293a52745057c4
326893,2021,5,Medical treatment,False,0,1062_13825,True,153.318349946386,-27.909938478037997,8c293a52745057c4
326906,2021,2,Minor injury,False,0,1064_13840,True,153.328183121842,-27.8436295975151,8c293a52745057c4
326920,2023,5,Hospitalisation,True,1,1074_13814,True,153.378715933354,-27.959862484567108,8c293a52745057c4
326926,2022,4,Medical treatment,False,0,1078_13820,True,153.40081808053904,-27.931969116598292,8c293a52745057c4
326928,2021,8,Hospitalisation,True,1,1067_13786,True,153.342566920818,-28.087623481892997,8c293a52745057c4
326934,2022,1,Medical treatment,False,0,1080_13794,True,153.407284695665,-28.0492638741783,8c293a52745057c4
326939,2021,12,Hospitalisation,True,1,1072_13813,True,153.370197933731,-27.964163483734097,8c293a52745057c4
326943,2023,5,Medical treatment,False,0,1078_13817,True,153.399407933115,-27.944192486550804,8c293a52745057c4
326961,2023,7,Fatal,True,1,1044_13776,True,153.227581927597,-28.133332470589902,8c293a52745057c4
327018,2021,12,Medical treatment,False,0,1044_13864,True,153.228281978554,-27.7355194675358,8c293a52745057c4
327028,2022,1,Medical treatment,False,0,1061_13833,True,153.314214951539,-27.873383477330698,8c293a52745057c4
327066,2023,3,Minor injury,False,0,1070_13790,True,153.361273921546,-28.066076483626095,8c293a52745057c4
327075,2022,1,Hospitalisation,True,1,1099_13770,True,153.508941893298,-28.158489499412998,8c293a52745057c4
327088,2021,11,Medical treatment,False,0,1061_13831,True,153.314347931164,-27.8839635924274,8c293a52745057c4
327104,2021,5,Minor injury,False,0,1094_13771,True,153.48126489721,-28.151876496531603,8c293a52745057c4
327134,2022,4,Hospitalisation,True,1,1045_13863,True,153.228946978339,-27.736633467611803,8c293a52745057c4
327137,2022,4,Medical treatment,False,0,1071_13808,True,153.365283931548,-27.98524248339969,8c293a52745057c4
327154,2022,4,Medical treatment,False,0,1081_13811,True,153.41329392789,-27.972873488190892,8c293a52745057c4
327156,2022,4,Medical treatment,False,0,1092_13772,True,153.471171898954,-28.1470204954624,8c293a52745057c4
327157,2022,4,Minor injury,False,0,1075_13815,True,153.383439360543,-27.9543939070049,8c293a52745057c4
327178,2022,1,Hospitalisation,True,1,1074_13805,True,153.378523928322,-27.998988484854795,8c293a52745057c4
327186,2022,2,Minor injury,False,0,1086_13791,True,153.437894913458,-28.063512491410805,8c293a52745057c4
327192,2022,1,Minor injury,False,0,1050_13853,True,153.255252969358,-27.7845144706522,8c293a52745057c4
327196,2022,2,Minor injury,False,0,1067_13841,True,153.341763953232,-27.8368794798419,8c293a52745057c4
327198,2022,2,Hospitalisation,True,2,1057_13845,True,153.29397896053,-27.820539474861302,8c293a52745057c4
327201,2022,2,Medical treatment,False,0,1067_13816,True,153.343284685513,-27.949912174885192,8c293a52745057c4
327205,2022,9,Hospitalisation,True,1,1047_13858,True,153.243162973968,-27.758753469225002,8c293a52745057c4
327233,2022,5,Medical treatment,False,0,1077_13815,True,153.395177932094,-27.955672486210194,8c293a52745057c4
327235,2022,5,Minor injury,False,0,1068_13811,True,153.34667157325,-27.972348841405694,8c293a52745057c4
327236,2022,5,Minor injury,False,0,1074_13813,True,153.376570933106,-27.9636024843781,8c293a52745057c4
327242,2022,9,Hospitalisation,True,1,1088_13785,True,153.451440908333,-28.09154349301289,8c293a52745057c4
327251,2023,6,Hospitalisation,True,1,1062_13830,True,153.316729949721,-27.885388477680497,8c293a52745057c4
327265,2023,3,Medical treatment,False,0,1045_13862,True,153.233231976816,-27.744909468110702,8c293a52745057c4
327266,2023,3,Minor injury,False,0,1085_13791,True,153.436407913684,-28.063026491255293,8c293a52745057c4
327269,2023,5,Minor injury,False,0,1082_13810,True,153.42093192666,-27.975924488993396,8c293a52745057c4
327283,2023,5,Hospitalisation,True,1,1066_13787,True,153.340884921619,-28.0828634816848,8c293a52745057c4
327289,2022,11,Hospitalisation,True,1,1070_13793,True,153.357223133488,-28.054491990123296,8c293a52745057c4
327291,2022,11,Hospitalisation,True,1,1076_13787,True,153.388414916847,-28.079331486492105,8c293a52745057c4
327319,2022,12,Hospitalisation,True,1,1067_13815,True,153.342280848779,-27.956460363834594,8c293a52745057c4
327341,2021,2,Medical treatment,False,0,1074_13814,True,153.380469933088,-27.9604374847501,8c293a52745057c4
327356,2022,3,Minor injury,False,0,1086_13795,True,153.437587916101,-28.043378491221496,8c293a52745057c4
327358,2022,12,Medical treatment,False,0,1068_13835,True,153.347263949032,-27.864868480621105,8c293a52745057c4
327367,2020,7,Minor injury,False,0,1074_13814,True,153.378840107397,-27.959421093576196,8c293a52745057c4
327371,2020,7,Medical treatment,False,0,1059_13838,True,153.300334956069,-27.849896475737197,8c293a52745057c4
327388,2020,5,Hospitalisation,True,1,1080_13811,True,153.410666828914,-27.974911679939193,8c293a52745057c4
327402,2020,6,Minor injury,False,0,1060_13834,True,153.304900952963,-27.870199476360202,8c293a52745057c4
327414,2021,6,Medical treatment,False,0,1081_13806,True,153.414277924592,-27.997537488484905,8c293a52745057c4
327423,2021,11,Minor injury,False,0,1080_13802,True,153.411819922946,-28.0123414883506,8c293a52745057c4
327425,2021,10,Hospitalisation,True,1,1076_13795,True,153.388974921202,-28.0452004862814,8c293a52745057c4
327444,2021,6,Medical treatment,False,0,1076_13824,True,153.389123938305,-27.9126914852559,8c293a52745057c4
327447,2023,5,Minor injury,False,0,1078_13819,True,153.400721933885,-27.937113486629006,8c293a52745057c4
327468,2021,4,Medical treatment,False,0,1087_13784,True,153.443441908958,-28.093503492212008,8c293a52745057c4
327490,2021,4,Hospitalisation,True,2,1072_13783,True,153.367118916741,-28.098254484473,8c293a52745057c4
327500,2020,12,Medical treatment,False,0,1080_13794,True,153.408867918682,-28.047796488328096,8c293a52745057c4
327512,2021,4,Hospitalisation,True,2,1080_13811,True,153.410655928227,-27.9724984879191,8c293a52745057c4
327513,2020,4,Medical treatment,False,0,1061_13821,True,153.312691944976,-27.925695477587297,8c293a52745057c4
327515,2020,12,Minor injury,False,0,1050_13821,True,153.255548951066,-27.9269144718022,8c293a52745057c4
327521,2021,5,Hospitalisation,True,1,1059_13817,True,153.29994594382,-27.945512476449405,8c293a52745057c4
327528,2021,1,Medical treatment,False,0,1092_13776,True,153.47327790062,-28.132426495563205,8c293a52745057c4
327539,2022,1,Medical treatment,False,0,1084_13801,True,153.429061387515,-28.016521408141095,8c293a52745057c4
327545,2022,1,Hospitalisation,True,1,1084_13805,True,153.430856987454,-28.000031320194697,8c293a52745057c4
327575,2022,4,Medical treatment,False,0,1083_13797,True,153.426914918368,-28.0349184900666,8c293a52745057c4
327581,2023,10,Minor injury,False,0,1084_13810,True,153.428798925704,-27.9766534898013,8c293a52745057c4
327585,2022,2,Hospitalisation,True,1,1084_13772,True,153.427871833232,-28.150845669073192,8c293a52745057c4
327588,2022,2,Medical treatment,False,0,1063_13831,True,153.323965949282,-27.882667478393902,8c293a52745057c4
327589,2022,2,Minor injury,False,0,1093_13776,True,153.476065480845,-28.1283276918158,8c293a52745057c4
327594,2023,10,Medical treatment,False,0,1084_13787,True,153.430285912053,-28.080796490770293,8c293a52745057c4
327613,2022,3,Medical treatment,False,0,1085_13800,True,153.43316291904,-28.024441490621594,8c293a52745057c4
327616,2022,3,Medical treatment,False,0,1069_13822,True,153.354079940796,-27.92304548177159,8c293a52745057c4
327622,2021,1,Medical treatment,False,0,1081_13806,True,153.41494492453,-27.997457488552303,8c293a52745057c4
327649,2022,11,Medical treatment,False,0,1082_13785,True,153.421036911755,-28.0909384899068,8c293a52745057c4
327669,2022,1,Medical treatment,False,0,1079_13795,True,153.406927225313,-28.044562944104996,8c293a52745057c4
327691,2022,2,Hospitalisation,True,1,1055_13802,True,153.281172936982,-28.014625475087797,8c293a52745057c4
327693,2021,4,Hospitalisation,True,1,1066_13807,True,153.336988934194,-27.988758480550512,8c293a52745057c4
327697,2022,2,Hospitalisation,True,1,1078_13813,True,153.400788930644,-27.9621514868326,8c293a52745057c4
327699,2022,2,Medical treatment,False,0,1068_13816,True,153.346353937951,-27.951664481211,8c293a52745057c4
327708,2022,1,Minor injury,False,0,1080_13815,True,153.409590193392,-27.956651014686,8c293a52745057c4
327716,2023,3,Hospitalisation,True,1,1061_13806,True,153.314137936112,-27.993309478265193,8c293a52745057c4
327720,2022,1,Medical treatment,False,0,1094_13772,True,153.479592898096,-28.1464824963185,8c293a52745057c4
327722,2022,1,Medical treatment,False,0,1090_13783,True,153.461671865995,-28.1008862051306,8c293a52745057c4
327727,2022,2,Hospitalisation,True,3,1054_13867,True,153.276625975045,-27.7219954723254,8c293a52745057c4
327729,2023,3,Hospitalisation,True,2,1061_13836,True,153.312099953314,-27.861368477021497,8c293a52745057c4
327737,2022,3,Medical treatment,False,0,1060_13843,True,153.309154958128,-27.826393476447404,8c293a52745057c4
327752,2020,3,Minor injury,False,0,1054_13813,True,153.275265944011,-27.965029474099598,8c293a52745057c4
327758,2020,11,Hospitalisation,True,1,1060_13844,True,153.30766095878,-27.822576476265688,8c293a52745057c4
327766,2022,1,Hospitalisation,True,1,1078_13783,True,153.400964912726,-28.10048948793609,8c293a52745057c4
327768,2022,1,Minor injury,False,0,1065_13853,True,153.334268960813,-27.7842334786658,8c293a52745057c4
327789,2023,5,Hospitalisation,True,1,1084_13804,True,153.431079922141,-28.002256490234902,8c293a52745057c4
327794,2021,12,Medical treatment,False,0,1071_13790,True,153.363224920859,-28.0697274838532,8c293a52745057c4
327804,2022,3,Hospitalisation,True,1,1083_13797,True,153.426894918386,-28.0347984900636,8c293a52745057c4
327805,2022,3,Hospitalisation,True,1,1078_13811,True,153.400981928972,-27.9749214869525,8c293a52745057c4
327806,2022,3,Medical treatment,False,0,1092_13777,True,153.470844901754,-28.1257594952624,8c293a52745057c4
327823,2022,3,Hospitalisation,True,1,1084_13812,True,153.427110927016,-27.9679384895607,8c293a52745057c4
327855,2021,12,Minor injury,False,0,1059_13841,True,153.302686957654,-27.835564475863105,8c293a52745057c4
327863,2021,12,Medical treatment,False,0,1079_13805,True,153.40427937761203,-27.998118963470592,8c293a52745057c4
327864,2021,12,Minor injury,False,0,1071_13808,True,153.365798901514,-27.9850694124507,8c293a52745057c4
327875,2021,12,Hospitalisation,True,1,1064_13840,True,153.328719954123,-27.840987478548904,8c293a52745057c4
327877,2021,12,Hospitalisation,True,1,1051_13849,True,153.263291966206,-27.8023074716067,8c293a52745057c4
327934,2022,12,Minor injury,False,0,1073_13811,True,153.373796932219,-27.972818484168197,8c293a52745057c4
327968,2023,5,Hospitalisation,True,1,1062_13835,True,153.315337952285,-27.866627477391596,8c293a52745057c4
327970,2021,5,Medical treatment,False,0,1071_13808,True,153.365222931568,-27.985137483392595,8c293a52745057c4
327971,2021,3,Medical treatment,False,0,1080_13812,True,153.409150929138,-27.966723487720405,8c293a52745057c4
327978,2022,4,Medical treatment,False,0,1058_13845,True,153.296035960655,-27.81782747504869,8c293a52745057c4
327994,2022,12,Hospitalisation,True,1,1084_13774,True,153.432180904417,-28.138052491412406,8c293a52745057c4
327999,2022,4,Medical treatment,False,0,1084_13768,True,153.432322900961,-28.1645544916345,8c293a52745057c4
328000,2022,4,Medical treatment,False,0,1089_13783,True,153.456277528964,-28.097991368557196,8c293a52745057c4
328017,2022,12,Medical treatment,False,0,1097_13773,True,153.494854676733,-28.144035587859207,8c293a52745057c4
328019,2022,3,Medical treatment,False,0,1066_13806,True,153.339490487765,-27.997713774874992,8c293a52745057c4
328021,2024,9,Medical treatment,False,0,1066_13821,True,153.33805594187,-27.928297480183996,8c293a52745057c4
328050,2024,9,Minor injury,False,0,1080_13802,True,153.41193992302,-28.011674488357595,8c293a52745057c4
328069,2023,5,Minor injury,False,0,1062_13826,True,153.31582194715,-27.906145477751505,8c293a52745057c4
328072,2023,5,Hospitalisation,True,1,1055_13845,True,153.283793350982,-27.817858007807196,8c293a52745057c4
328104,2021,10,Hospitalisation,True,1,1053_13828,True,153.271343953005,-27.89837547317841,8c293a52745057c4
328108,2021,10,Minor injury,False,0,1080_13812,True,153.40967292888902,-27.968207487785293,8c293a52745057c4
328128,2022,2,Hospitalisation,True,1,1081_13805,True,153.413922044086,-28.001753255481695,8c293a52745057c4
328154,2021,7,Medical treatment,False,0,1082_13811,True,153.420532926907,-27.974351488940393,8c293a52745057c4
328160,2021,9,Medical treatment,False,0,1072_13807,True,153.369288930417,-27.9906054838492,8c293a52745057c4
328163,2021,9,Hospitalisation,True,1,1053_13756,True,153.270124911827,-28.219121475569892,8c293a52745057c4
328172,2021,9,Medical treatment,False,0,1060_13844,True,153.305295959083,-27.822227476022892,8c293a52745057c4
328173,2021,9,Hospitalisation,True,1,1082_13772,True,153.421973903904,-28.1506754904705,8c293a52745057c4
328175,2021,9,Minor injury,False,0,1084_13805,True,153.430777922567,-27.9992184901803,8c293a52745057c4
328177,2021,9,Minor injury,False,0,1084_13807,True,153.428117923875,-27.9913654898474,8c293a52745057c4
328179,2020,10,Hospitalisation,True,1,1071_13788,True,153.36544491967302,-28.077011484136204,8c293a52745057c4
328184,2020,10,Medical treatment,False,0,1078_13819,True,153.398110934423,-27.935161486347702,8c293a52745057c4
328196,2021,1,Medical treatment,False,0,1059_13838,True,153.303266955349,-27.853017476059296,8c293a52745057c4
328198,2021,6,Hospitalisation,True,1,1070_13805,True,153.35672293073,-27.9988464826357,8c293a52745057c4
328204,2020,11,Hospitalisation,True,1,1068_13840,True,153.345444952148,-27.8421924802578,8c293a52745057c4
328206,2021,6,Medical treatment,False,0,1071_13812,True,153.36180493404,-27.968885482917297,8c293a52745057c4
328209,2021,6,Medical treatment,False,0,1063_13838,True,153.322184953407,-27.852094477972496,8c293a52745057c4
328212,2021,12,Hospitalisation,True,1,1065_13821,True,153.331855942561,-27.9281884795532,8c293a52745057c4
328222,2021,12,Hospitalisation,True,1,1076_13824,True,153.390771938165,-27.9123804854212,8c293a52745057c4
328236,2022,3,Hospitalisation,True,1,1067_13850,True,153.341218202676,-27.7949963734567,8c293a52745057c4
328252,2021,10,Minor injury,False,0,1073_13820,True,153.37583593705,-27.933658484068104,8c293a52745057c4
328259,2022,4,Hospitalisation,True,1,1094_13776,True,153.483232899737,-28.130781496567394,8c293a52745057c4
328263,2022,4,Medical treatment,False,0,1095_13771,True,153.485543896373,-28.154686496990895,8c293a52745057c4
328265,2022,4,Hospitalisation,True,1,1080_13797,True,153.408615920147,-28.036692488215305,8c293a52745057c4
328281,2022,4,Medical treatment,False,0,1056_13845,True,153.289244961058,-27.820438474380303,8c293a52745057c4
328299,2022,4,Minor injury,False,0,1086_13790,True,153.442371912212,-28.069329491913198,8c293a52745057c4
328302,2022,4,Minor injury,False,0,1081_13802,True,153.411974923015,-28.011680488361197,8c293a52745057c4
328303,2022,4,Medical treatment,False,0,1087_13784,True,153.44355383453802,-28.0966492892481,8c293a52745057c4
328305,2022,2,Medical treatment,False,0,1068_13815,True,153.350736551871,-27.956328507693097,8c293a52745057c4
328307,2021,11,Hospitalisation,True,1,1082_13795,True,153.418470917872,-28.045905489291894,8c293a52745057c4
328312,2022,4,Minor injury,False,0,1076_13830,True,153.388609941452,-27.888730485015103,8c293a52745057c4
328313,2022,4,Hospitalisation,True,1,1086_13790,True,153.442371912212,-28.069329491913198,8c293a52745057c4
328317,2022,10,Hospitalisation,True,3,1055_13829,True,153.283275524628,-27.891171364331296,8c293a52745057c4
328323,2022,4,Hospitalisation,True,1,1080_13811,True,153.410643928239,-27.972413487917198,8c293a52745057c4
328330,2022,10,Hospitalisation,True,1,1051_13856,True,153.263172970337,-27.7701534713414,8c293a52745057c4
328337,2022,11,Hospitalisation,True,1,1086_13776,True,153.44282390392,-28.132846492457304,8c293a52745057c4
328345,2022,11,Minor injury,False,0,1080_13813,True,153.409023929276,-27.965762487699905,8c293a52745057c4
328348,2022,2,Hospitalisation,True,2,1067_13814,True,153.344401218271,-27.958598455066998,8c293a52745057c4
328349,2022,2,Hospitalisation,True,2,1094_13771,True,153.482846896864,-28.153200496703594,8c293a52745057c4
328351,2022,2,Hospitalisation,True,2,1074_13809,True,153.378338930801,-27.979951484686495,8c293a52745057c4
328353,2020,1,Minor injury,False,0,1066_13806,True,153.340193933114,-27.994405480920495,8c293a52745057c4
328354,2022,3,Hospitalisation,True,1,1079_13798,True,153.403291921306,-28.0322454876379,8c293a52745057c4
328355,2022,3,Hospitalisation,True,1,1058_13845,True,153.296035960655,-27.81782747504869,8c293a52745057c4
328357,2020,9,Hospitalisation,True,1,1085_13767,True,153.43364675297602,-28.1710103338201,8c293a52745057c4
328361,2022,3,Medical treatment,False,0,1078_13817,True,153.399515758158,-27.943764478558396,8c293a52745057c4
328372,2023,5,Medical treatment,False,0,1052_13847,True,153.267600895923,-27.8086559510933,8c293a52745057c4
328377,2022,10,Hospitalisation,True,1,1084_13791,True,153.431152914388,-28.062045490711704,8c293a52745057c4
328379,2022,10,Medical treatment,False,0,1085_13795,True,153.434874916191,-28.044980490957407,8c293a52745057c4
328381,2022,3,Hospitalisation,True,1,1082_13790,True,153.4190279151,-28.066834489512893,8c293a52745057c4
328382,2023,5,Hospitalisation,True,1,1055_13845,True,153.28253997715,-27.8176125896781,8c293a52745057c4
328390,2022,3,Medical treatment,False,0,1074_13789,True,153.38031870643104,-28.0739701586259,8c293a52745057c4
328400,2022,6,Minor injury,False,0,1043_13865,True,153.222326806152,-27.728060480874493,8c293a52745057c4
328406,2022,6,Hospitalisation,True,1,1074_13786,True,153.380348917037,-28.084713485713202,8c293a52745057c4
328407,2022,6,Medical treatment,False,0,1095_13777,True,153.485785248825,-28.127942127806,8c293a52745057c4
328413,2022,6,Minor injury,False,0,1083_13812,True,153.426987927026,-27.9679724895484,8c293a52745057c4
328417,2022,6,Minor injury,False,0,1077_13790,True,153.395176917578,-28.0679424870914,8c293a52745057c4
328428,2022,6,Medical treatment,False,0,1079_13810,True,153.402871928568,-27.976451487157096,8c293a52745057c4
328434,2021,7,Medical treatment,False,0,1046_13865,True,153.237083978225,-27.730624468388,8c293a52745057c4
328435,2022,8,Hospitalisation,True,1,1074_13808,True,153.37750538516204,-27.9856110876461,8c293a52745057c4
328441,2022,6,Medical treatment,False,0,1077_13790,True,153.395009917593,-28.067961487074495,8c293a52745057c4
328448,2021,12,Medical treatment,False,0,1085_13783,True,153.437623908613,-28.10110149167799,8c293a52745057c4
328466,2022,2,Hospitalisation,True,1,1071_13821,True,153.361864939408,-27.927211482596,8c293a52745057c4
328480,2022,6,Minor injury,False,0,1078_13819,True,153.400843041008,-27.936060738633095,8c293a52745057c4
328488,2022,6,Medical treatment,False,0,1084_13806,True,153.42936592349002,-27.993282489989703,8c293a52745057c4
328498,2022,7,Hospitalisation,True,1,1079_13815,True,153.402188931217,-27.956527486931,8c293a52745057c4
328505,2022,7,Hospitalisation,True,1,1059_13841,True,153.302635596674,-27.83545231985701,8c293a52745057c4
328537,2022,2,Medical treatment,False,0,1081_13804,True,153.41367692397,-28.002860488465398,8c293a52745057c4
328538,2022,2,Medical treatment,False,0,1075_13805,True,153.382705927712,-28.000161485289695,8c293a52745057c4
328541,2022,2,Medical treatment,False,0,1105_13768,True,153.5360938892,-28.16696350225831,8c293a52745057c4
328562,2022,4,Hospitalisation,True,1,1066_13807,True,153.340534642527,-27.9909182069278,8c293a52745057c4
328564,2022,4,Medical treatment,False,0,1074_13786,True,153.380348917037,-28.084713485713202,8c293a52745057c4
328586,2022,6,Hospitalisation,True,1,1072_13806,True,153.370513253878,-27.9937404369984,8c293a52745057c4
328607,2022,4,Minor injury,False,0,1088_13782,True,153.452926906551,-28.1040164932624,8c293a52745057c4
328609,2022,3,Hospitalisation,True,1,1064_13805,True,153.32778400903,-27.997848968686696,8c293a52745057c4
328623,2023,3,Medical treatment,False,0,1074_13786,True,153.380233917054,-28.084680485701192,8c293a52745057c4
328624,2022,4,Hospitalisation,True,1,1082_13779,True,153.418316908431,-28.118886489848606,8c293a52745057c4
328630,2022,4,Hospitalisation,True,3,1067_13810,True,153.344373934942,-27.976684481206195,8c293a52745057c4
328639,2022,4,Hospitalisation,True,1,1082_13789,True,153.42134872902,-28.0732023747995,8c293a52745057c4
328651,2022,4,Minor injury,False,0,1104_13767,True,153.530475889385,-28.170298501709198,8c293a52745057c4
328659,2022,6,Hospitalisation,True,1,1069_13764,True,153.352521906969,-28.186182483677204,8c293a52745057c4
328664,2022,6,Hospitalisation,True,1,1062_13831,True,153.315156675249,-27.882615779498902,8c293a52745057c4
328669,2022,3,Medical treatment,False,0,1081_13780,True,153.417298909166,-28.11408848970719,8c293a52745057c4
328674,2022,6,Medical treatment,False,0,1105_13767,True,153.53896588861,-28.169059502568807,8c293a52745057c4
328681,2022,4,Minor injury,False,0,1086_13792,True,153.438375824976,-28.0591055114253,8c293a52745057c4
328686,2022,8,Hospitalisation,True,1,1072_13816,True,153.36888851161,-27.950705133495102,8c293a52745057c4
328691,2022,5,Hospitalisation,True,1,1078_13815,True,153.398616931685,-27.955931486562505,8c293a52745057c4
328697,2022,5,Hospitalisation,True,1,1050_13852,True,153.25719896895,-27.786050470861408,8c293a52745057c4
328716,2021,1,Medical treatment,False,0,1084_13810,True,153.428753925728,-27.97650748979551,8c293a52745057c4
328717,2020,8,Hospitalisation,True,1,1071_13779,True,153.363034914911,-28.115874484195707,8c293a52745057c4
328729,2020,7,Hospitalisation,True,1,1097_13772,True,153.498374895906,-28.14740549824549,8c293a52745057c4
328733,2020,8,Medical treatment,False,0,1074_13789,True,153.378644918692,-28.073374485450785,8c293a52745057c4
328739,2020,7,Medical treatment,False,0,1083_13809,True,153.422112926058,-27.979576489142495,8c293a52745057c4
328741,2021,3,Hospitalisation,True,1,1105_13768,True,153.538939098824,-28.167446835553505,8c293a52745057c4
328742,2020,7,Medical treatment,False,0,1067_13803,True,153.342232931222,-28.007340481229303,8c293a52745057c4
328745,2020,7,Medical treatment,False,0,1071_13803,True,153.365789928559,-28.007963483629496,8c293a52745057c4
328773,2022,2,Hospitalisation,True,2,1067_13791,True,153.342992923926,-28.06320848174491,8c293a52745057c4
328792,2022,2,Hospitalisation,True,1,1060_13836,True,153.309598631786,-27.859814281755405,8c293a52745057c4
328793,2022,2,Hospitalisation,True,2,1104_13767,True,153.530475889385,-28.170298501709198,8c293a52745057c4
328802,2021,8,Fatal,True,1,1077_13789,True,153.393605917188,-28.0722874869655,8c293a52745057c4
328814,2021,10,Hospitalisation,True,1,1061_13836,True,153.311796953355,-27.8613044769902,8c293a52745057c4
328830,2021,10,Hospitalisation,True,3,1084_13805,True,153.427180923028,-27.998706489809493,8c293a52745057c4
328863,2021,12,Medical treatment,False,0,1079_13819,True,153.403757933405,-27.938265486947305,8c293a52745057c4
328868,2022,2,Hospitalisation,True,2,1081_13797,True,153.412514525789,-28.036151461608302,8c293a52745057c4
328907,2022,10,Hospitalisation,True,1,1074_13805,True,153.379998066326,-27.9977067339948,8c293a52745057c4
328909,2022,4,Medical treatment,False,0,1062_13807,True,153.315570862188,-27.991498369396496,8c293a52745057c4
328919,2022,4,Minor injury,False,0,1063_13823,True,153.321256945105,-27.917427478392007,8c293a52745057c4
328921,2022,4,Medical treatment,False,0,1071_13789,True,153.363176920476,-28.072729483871896,8c293a52745057c4
328930,2022,1,Minor injury,False,0,1065_13821,True,153.333359942716,-27.925712479686496,8c293a52745057c4
328950,2022,5,Medical treatment,False,0,1075_13800,True,153.382253643801,-28.023073873423503,8c293a52745057c4
328954,2022,6,Hospitalisation,True,1,1084_13806,True,153.428044923661,-27.993082489853393,8c293a52745057c4
328969,2023,4,Medical treatment,False,0,1062_13842,True,153.314988956581,-27.8334924770955,8c293a52745057c4
328985,2022,5,Minor injury,False,0,1066_13808,True,153.338443934386,-27.986034480677,8c293a52745057c4
328986,2023,6,Medical treatment,False,0,1105_13768,True,153.537672888837,-28.168411502431287,8c293a52745057c4
329004,2022,11,Hospitalisation,True,3,1079_13814,True,153.40570793076702,-27.9570364872935,8c293a52745057c4
329010,2022,3,Medical treatment,False,0,1084_13802,True,153.42966592089,-28.013118490175998,8c293a52745057c4
329011,2022,3,Medical treatment,False,0,1085_13793,True,153.437122914778,-28.053978491257308,8c293a52745057c4
329015,2023,3,Medical treatment,False,0,1074_13810,True,153.380983930931,-27.9767074849302,8c293a52745057c4
329025,2022,4,Medical treatment,False,0,1074_13821,True,153.37615493791802,-27.926666484045608,8c293a52745057c4
329032,2022,7,Medical treatment,False,0,1049_13857,True,153.249443972324,-27.766278469920188,8c293a52745057c4
329034,2023,3,Medical treatment,False,0,1071_13832,True,153.361749945808,-27.877649482194602,8c293a52745057c4
329040,2022,4,Minor injury,False,0,1079_13823,True,153.40551171861503,-27.9196725369799,8c293a52745057c4
329051,2022,4,Medical treatment,False,0,1065_13820,True,153.332070942278,-27.9302034795909,8c293a52745057c4
329056,2022,10,Medical treatment,False,0,1081_13799,True,153.416993920255,-28.028756489006796,8c293a52745057c4
329101,2022,1,Minor injury,False,0,1084_13805,True,153.429087930403,-28.001920225029195,8c293a52745057c4
329107,2022,2,Hospitalisation,True,1,1076_13824,True,153.387943938402,-27.9129314851376,8c293a52745057c4
329109,2022,2,Medical treatment,False,0,1088_13778,True,153.45116690460503,-28.120496493211903,8c293a52745057c4
329111,2022,2,Hospitalisation,True,2,1066_13851,True,153.33504495954,-27.7934854788175,8c293a52745057c4
329115,2022,2,Minor injury,False,0,1083_13783,True,153.422496319293,-28.100979486134296,8c293a52745057c4
329118,2022,3,Medical treatment,False,0,1084_13804,True,153.428016922036,-28.005659489949295,8c293a52745057c4
329130,2022,2,Hospitalisation,True,1,1061_13829,True,153.314275948896,-27.893881477498095,8c293a52745057c4
329137,2022,5,Medical treatment,False,0,1071_13790,True,153.363092920963,-28.0690404838344,8c293a52745057c4
329149,2022,8,Hospitalisation,True,1,1053_13818,True,153.27102194731003,-27.9429844734963,8c293a52745057c4
329151,2021,10,Medical treatment,False,0,1080_13794,True,153.407139918841,-28.048028488153793,8c293a52745057c4
329154,2022,6,Medical treatment,False,0,1071_13808,True,153.365283931548,-27.98524248339969,8c293a52745057c4
329158,2022,6,Minor injury,False,0,1075_13787,True,153.386418916931,-28.0803754862971,8c293a52745057c4
329160,2022,6,Hospitalisation,True,1,1075_13815,True,153.385523990337,-27.954221303215792,8c293a52745057c4
329168,2022,7,Minor injury,False,0,1076_13805,True,153.391192443604,-28.0015439011646,8c293a52745057c4
329200,2022,10,Hospitalisation,True,1,1071_13821,True,153.361302939515,-27.926863482536103,8c293a52745057c4
329206,2022,11,Minor injury,False,0,1056_13845,True,153.289180960924,-27.82154247438249,8c293a52745057c4
329212,2021,11,Minor injury,False,0,1062_13825,True,153.317725572699,-27.908036552959604,8c293a52745057c4
329234,2022,7,Medical treatment,False,0,1061_13830,True,153.313508949682,-27.888424477377292,8c293a52745057c4
329239,2022,6,Hospitalisation,True,1,1067_13816,True,153.342054938507,-27.9510004807688,8c293a52745057c4
329262,2022,4,Medical treatment,False,0,1080_13797,True,153.408773920273,-28.035581488222693,8c293a52745057c4
329269,2022,6,Minor injury,False,0,1086_13783,True,153.437843908594,-28.101060491700093,8c293a52745057c4
329272,2022,6,Minor injury,False,0,1081_13805,True,153.414131924597,-27.9976214884707,8c293a52745057c4
329280,2022,7,Hospitalisation,True,1,1079_13817,True,153.402998932721,-27.944203486916695,8c293a52745057c4
329295,2022,7,Minor injury,False,0,1061_13835,True,153.312360949651,-27.866304311086804,8c293a52745057c4
329306,2022,5,Medical treatment,False,0,1104_13768,True,153.531126889701,-28.1673215017525,8c293a52745057c4
329308,2022,6,Medical treatment,False,0,1064_13826,True,153.326406946321,-27.9036094788065,8c293a52745057c4
329326,2022,6,Minor injury,False,0,1079_13816,True,153.401578931829,-27.952309486835684,8c293a52745057c4
329327,2022,6,Minor injury,False,0,1083_13786,True,153.423588912108,-28.0860504901286,8c293a52745057c4
329348,2020,10,Hospitalisation,True,1,1075_13807,True,153.381779904109,-27.990133795116712,8c293a52745057c4
329374,2022,7,Minor injury,False,0,1066_13807,True,153.340443933574,-27.9906254809163,8c293a52745057c4
329375,2022,7,Medical treatment,False,0,1084_13802,True,153.429446920622,-28.0153744901714,8c293a52745057c4
329390,2020,10,Hospitalisation,True,1,1062_13844,True,153.317241957535,-27.824156477250693,8c293a52745057c4
329395,2020,10,Hospitalisation,True,1,1076_13787,True,153.391476916143,-28.082169486826196,8c293a52745057c4
329399,2020,10,Hospitalisation,True,1,1076_13829,True,153.388668940989,-27.892266485048907,8c293a52745057c4
329424,2020,12,Minor injury,False,0,1076_13820,True,153.390382935366,-27.934398485554695,8c293a52745057c4
329425,2022,1,Hospitalisation,True,1,1064_13822,True,153.328032943431,-27.924674479137195,8c293a52745057c4
329432,2022,5,Medical treatment,False,0,1061_13834,True,153.314494951778,-27.87128447734259,8c293a52745057c4
329453,2022,5,Hospitalisation,True,1,1050_13853,True,153.255451969248,-27.785204470677794,8c293a52745057c4
329460,2021,10,Medical treatment,False,0,1058_13838,True,153.29954095581,-27.852591475677805,8c293a52745057c4
329463,2021,10,Medical treatment,False,0,1077_13784,True,153.393142985402,-28.094196346090094,8c293a52745057c4
329467,2021,10,Hospitalisation,True,2,1081_13813,True,153.411854929172,-27.964174487975903,8c293a52745057c4
329471,2021,10,Medical treatment,False,0,1076_13808,True,153.388710928708,-27.9873664858006,8c293a52745057c4
329489,2023,2,Medical treatment,False,0,1073_13813,True,153.371436933593,-27.964175483860195,8c293a52745057c4
329505,2023,9,Hospitalisation,True,1,1067_13808,True,153.341213934073,-27.986104480959,8c293a52745057c4
329516,2022,3,Hospitalisation,True,1,1096_13773,True,153.492266897275,-28.1420604975791,8c293a52745057c4
329538,2022,3,Hospitalisation,True,1,1075_13824,True,153.384438938392,-27.915980484804805,8c293a52745057c4
329563,2022,4,Medical treatment,False,0,1079_13782,True,153.402371912403,-28.1017914880897,8c293a52745057c4
329574,2022,4,Minor injury,False,0,1080_13795,True,153.40701817236,-28.044121525110793,8c293a52745057c4
329577,2022,4,Medical treatment,False,0,1083_13797,True,153.42489391857202,-28.035055489861595,8c293a52745057c4
329587,2022,8,Hospitalisation,True,1,1083_13783,True,153.42325891021,-28.100975490211997,8c293a52745057c4
329608,2022,8,Hospitalisation,True,3,1083_13782,True,153.425650909886,-28.101441490459504,8c293a52745057c4
329626,2022,5,Medical treatment,False,0,1078_13825,True,153.39778293774,-27.909742486114496,8c293a52745057c4
329634,2022,4,Hospitalisation,True,2,1064_13823,True,153.328032944434,-27.916888479075993,8c293a52745057c4
329642,2023,10,Medical treatment,False,0,1062_13828,True,153.314996948615,-27.8954584775837,8c293a52745057c4
329654,2023,10,Medical treatment,False,0,1092_13775,True,153.472432037519,-28.13391733548839,8c293a52745057c4
329656,2022,6,Medical treatment,False,0,1078_13811,True,153.397916929723,-27.97171148661509,8c293a52745057c4
329658,2022,6,Medical treatment,False,0,1071_13789,True,153.364654920363,-28.0723514840193,8c293a52745057c4
329682,2023,2,Medical treatment,False,0,1085_13768,True,153.437474900132,-28.166558492175696,8c293a52745057c4
329685,2022,4,Hospitalisation,True,1,1069_13821,True,153.355413765039,-27.9277837529444,8c293a52745057c4
329688,2023,5,Medical treatment,False,0,1093_13773,True,153.47748489885,-28.1424714960717,8c293a52745057c4
329690,2023,5,Hospitalisation,True,2,1071_13821,True,153.364752784965,-27.928205320897604,8c293a52745057c4
329697,2022,4,Medical treatment,False,0,1076_13823,True,153.386206392914,-27.918187098002004,8c293a52745057c4
329699,2022,4,Medical treatment,False,0,1057_13845,True,153.289387961183,-27.8193414743862,8c293a52745057c4
329701,2022,4,Medical treatment,False,0,1059_13838,True,153.300334956069,-27.849896475737197,8c293a52745057c4
329703,2022,4,Minor injury,False,0,1065_13820,True,153.33337594207,-27.930716479727508,8c293a52745057c4
329720,2022,6,Minor injury,False,0,1068_13817,True,153.350583938103,-27.94689648160349,8c293a52745057c4
329739,2024,10,Medical treatment,False,0,1067_13807,True,153.343182932982,-27.9928874812124,8c293a52745057c4
329745,2022,3,Medical treatment,False,0,1082_13810,True,153.418284852833,-27.976824793730703,8c293a52745057c4
329746,2022,2,Minor injury,False,0,1094_13773,True,153.479462898195,-28.145835496300105,8c293a52745057c4
329750,2022,5,Medical treatment,False,0,1096_13773,True,153.493181505135,-28.142358641675,8c293a52745057c4
329756,2022,3,Medical treatment,False,0,1096_13773,True,153.493555897052,-28.142680497715798,8c293a52745057c4
329763,2022,3,Minor injury,False,0,1085_13787,True,153.433371911711,-28.0808224910852,8c293a52745057c4
329766,2022,3,Minor injury,False,0,1091_13777,True,153.464852788646,-28.1239760406364,8c293a52745057c4
329776,2022,5,Hospitalisation,True,1,1063_13838,True,153.32111295351504,-27.8521654778642,8c293a52745057c4
329789,2022,7,Hospitalisation,True,1,1066_13792,True,153.338506643863,-28.059769844262,8c293a52745057c4
329806,2022,7,Hospitalisation,True,1,1079_13811,True,153.404805928987,-27.9715694873158,8c293a52745057c4
329810,2022,7,Minor injury,False,0,1062_13831,True,153.315749135035,-27.883778077568195,8c293a52745057c4
329818,2022,7,Hospitalisation,True,1,1064_13822,True,153.329975279575,-27.92191210131279,8c293a52745057c4
329819,2022,7,Medical treatment,False,0,1060_13836,True,153.309171953892,-27.8593544767084,8c293a52745057c4
329820,2022,7,Medical treatment,False,0,1086_13783,True,153.44232790841,-28.0986724921388,8c293a52745057c4
329826,2022,4,Hospitalisation,True,1,1080_13812,True,153.411099928609,-27.9691644879382,8c293a52745057c4
329833,2022,4,Medical treatment,False,0,1061_13832,True,153.314834950562,-27.880456477449304,8c293a52745057c4
329839,2022,4,Medical treatment,False,0,1069_13787,True,153.353251321379,-28.0819265879346,8c293a52745057c4
329881,2022,7,Medical treatment,False,0,1082_13812,True,153.417598961993,-27.96843363259479,8c293a52745057c4
329890,2022,7,Minor injury,False,0,1075_13798,True,153.385308282251,-28.032470228808197,8c293a52745057c4
329894,2022,8,Hospitalisation,True,1,1089_13775,True,153.45417890213102,-28.136985493648588,8c293a52745057c4
329903,2022,7,Hospitalisation,True,1,1084_13807,True,153.42976892374,-27.991013490013003,8c293a52745057c4
329909,2022,7,Medical treatment,False,0,1062_13830,True,153.316729949721,-27.885388477680497,8c293a52745057c4
329917,2021,6,Minor injury,False,0,1072_13821,True,153.366980831642,-27.928823945129103,8c293a52745057c4
329927,2021,3,Medical treatment,False,0,1083_13783,True,153.42313791047,-28.0990724901847,8c293a52745057c4
329967,2023,1,Minor injury,False,0,1067_13816,True,153.341907215609,-27.950332158748495,8c293a52745057c4
329972,2022,12,Medical treatment,False,0,1085_13794,True,153.433590915794,-28.049136490859006,8c293a52745057c4
329973,2022,11,Medical treatment,False,0,1080_13800,True,153.411154921515,-28.0239684883741,8c293a52745057c4
329975,2022,7,Medical treatment,False,0,1068_13804,True,153.35049193064,-28.004835482049195,8c293a52745057c4
329977,2022,7,Medical treatment,False,0,1081_13812,True,153.413400928393,-27.968891488170502,8c293a52745057c4
329978,2022,6,Minor injury,False,0,1079_13808,True,153.405709926883,-27.987083487529695,8c293a52745057c4
329979,2022,7,Minor injury,False,0,1077_13806,True,153.395147927233,-27.993318486502798,8c293a52745057c4
329980,2022,9,Minor injury,False,0,1064_13854,True,153.325483962264,-27.780365477742905,8c293a52745057c4
329981,2022,7,Hospitalisation,True,2,1068_13801,True,153.349970928836,-28.019248482109404,8c293a52745057c4
329986,2022,7,Hospitalisation,True,2,1061_13831,True,153.31437795015603,-27.88399947743069,8c293a52745057c4
329999,2022,8,Hospitalisation,True,1,1083_13786,True,153.42352791198,-28.087089490130502,8c293a52745057c4
330000,2022,8,Hospitalisation,True,1,1081_13811,True,153.414038897789,-27.973024486267995,8c293a52745057c4
330001,2022,8,Hospitalisation,True,1,1062_13826,True,153.316187947456,-27.903459477767495,8c293a52745057c4
330003,2022,8,Hospitalisation,True,2,1080_13803,True,153.40852892349804,-28.010865488003695,8c293a52745057c4
330023,2022,9,Hospitalisation,True,1,1049_13854,True,153.253366886025,-27.7809052564327,8c293a52745057c4
330035,2020,6,Minor injury,False,0,1056_13845,True,153.288762960966,-27.821564474340303,8c293a52745057c4
330037,2021,4,Medical treatment,False,0,1087_13788,True,153.445526910905,-28.0767314922932,8c293a52745057c4
330057,2020,11,Medical treatment,False,0,1089_13780,True,153.456433904867,-28.114008493698698,8c293a52745057c4
330062,2020,10,Minor injury,False,0,1056_13843,True,153.286316960558,-27.8268164741336,8c293a52745057c4
330064,2021,6,Hospitalisation,True,1,1083_13786,True,153.42578091192,-28.085641490348888,8c293a52745057c4
330088,2022,5,Hospitalisation,True,2,1043_13866,True,153.221230980503,-27.726243466749303,8c293a52745057c4
330093,2020,12,Fatal,True,1,1086_13790,True,153.44066791266,-28.067313491723503,8c293a52745057c4
330094,2022,5,Hospitalisation,True,1,1066_13806,True,153.339795932802,-27.997166480901797,8c293a52745057c4
330098,2022,5,Medical treatment,False,0,1057_13845,True,153.289424836896,-27.8215464914073,8c293a52745057c4
330099,2022,5,Medical treatment,False,0,1062_13830,True,153.314983949538,-27.888293477526,8c293a52745057c4
330107,2022,5,Hospitalisation,True,1,1083_13797,True,153.425317918177,-28.037750489926,8c293a52745057c4
330112,2022,5,Medical treatment,False,0,1056_13845,True,153.288678583148,-27.820214868321102,8c293a52745057c4
330123,2021,11,Hospitalisation,True,2,1060_13836,True,153.307363953735,-27.862109476546603,8c293a52745057c4
330126,2021,11,Hospitalisation,True,1,1072_13813,True,153.367850934034,-27.963799483492405,8c293a52745057c4
330127,2021,11,Hospitalisation,True,1,1082_13797,True,153.420590507957,-28.035729305428195,8c293a52745057c4
330130,2021,11,Hospitalisation,True,1,1092_13777,True,153.469693901585,-28.128036495162693,8c293a52745057c4
330136,2021,11,Medical treatment,False,0,1071_13779,True,153.36275591481,-28.1168984841753,8c293a52745057c4
330144,2021,11,Medical treatment,False,0,1075_13798,True,153.385983923157,-28.032622485878196,8c293a52745057c4
330150,2022,6,Hospitalisation,True,2,1071_13807,True,153.366026930702,-27.991165483521804,8c293a52745057c4
330152,2022,6,Hospitalisation,True,1,1069_13787,True,153.354623920193,-28.082195483076198,8c293a52745057c4
330153,2022,6,Hospitalisation,True,4,1065_13821,True,153.331552942867,-27.926069479505692,8c293a52745057c4
330167,2021,9,Minor injury,False,0,1084_13788,True,153.429304912581,-28.077559490644905,8c293a52745057c4
330179,2022,6,Medical treatment,False,0,1053_13813,True,153.2744635844,-27.9626848489999,8c293a52745057c4
330212,2022,3,Medical treatment,False,0,1080_13811,True,153.41176992782104,-27.974693488049894,8c293a52745057c4
330219,2021,12,Medical treatment,False,0,1084_13808,True,153.427792924377,-27.987761489785896,8c293a52745057c4
330251,2022,9,Hospitalisation,True,1,1060_13836,True,153.30744195373003,-27.862082476554303,8c293a52745057c4
330253,2022,9,Medical treatment,False,0,1090_13778,True,153.459856903747,-28.119734494093002,8c293a52745057c4
330269,2022,9,Minor injury,False,0,1083_13797,True,153.42489391857202,-28.035055489861595,8c293a52745057c4
330289,2022,6,Medical treatment,False,0,1094_13776,True,153.479698362157,-28.130543424204298,8c293a52745057c4
330299,2022,6,Medical treatment,False,0,1057_13845,True,153.289722961133,-27.8194514744211,8c293a52745057c4
330302,2022,6,Medical treatment,False,0,1054_13826,True,153.274676951725,-27.905506473572302,8c293a52745057c4
330309,2022,6,Minor injury,False,0,1067_13816,True,153.340677938589,-27.951536480633102,8c293a52745057c4
330323,2022,5,Hospitalisation,True,1,1044_13816,True,153.225213472245,-27.951382541923294,8c293a52745057c4
330327,2022,5,Medical treatment,False,0,1078_13813,True,153.400696930577,-27.962747486827897,8c293a52745057c4
330334,2021,12,Hospitalisation,True,2,1084_13799,True,153.429085424456,-28.024683092207592,8c293a52745057c4
330346,2022,5,Hospitalisation,True,1,1074_13813,True,153.376231932879,-27.9656444843597,8c293a52745057c4
330388,2022,7,Hospitalisation,True,1,1080_13798,True,153.409980920946,-28.029357488296803,8c293a52745057c4
330394,2022,5,Medical treatment,False,0,1052_13848,True,153.267517965463,-27.80451447205229,8c293a52745057c4
330409,2022,6,Hospitalisation,True,1,1065_13822,True,153.334580943061,-27.9219974797814,8c293a52745057c4
330415,2022,6,Hospitalisation,True,1,1083_13805,True,153.427117923043,-27.998638489802495,8c293a52745057c4
330424,2022,6,Medical treatment,False,0,1059_13841,True,153.30345395744104,-27.836570475948797,8c293a52745057c4
330429,2022,7,Minor injury,False,0,1083_13794,True,153.427221916636,-28.0480344902008,8c293a52745057c4
330454,2022,10,Medical treatment,False,0,1077_13813,True,153.394397931401,-27.961698486178094,8c293a52745057c4
330459,2023,4,Hospitalisation,True,2,1080_13815,True,153.408056930996,-27.953274487503293,8c293a52745057c4
330465,2022,10,Hospitalisation,True,1,1045_13864,True,153.229078978551,-27.7348634676113,8c293a52745057c4
330483,2020,2,Medical treatment,False,0,1060_13837,True,153.307780954777,-27.853642476522296,8c293a52745057c4
330494,2022,8,Hospitalisation,True,1,1078_13819,True,153.400945934052,-27.9356364866402,8c293a52745057c4
330506,2022,8,Medical treatment,False,0,1079_13834,True,153.401276533661,-27.8686512731471,8c293a52745057c4
330514,2022,8,Hospitalisation,True,1,1066_13808,True,153.338408934382,-27.9860924806739,8c293a52745057c4
330553,2022,8,Medical treatment,False,0,1083_13777,True,153.426277906765,-28.1249744907079,8c293a52745057c4
330557,2022,8,Minor injury,False,0,1088_13779,True,153.452454904894,-28.117172493317298,8c293a52745057c4
330582,2020,3,Hospitalisation,True,1,1079_13816,True,153.401578931829,-27.952309486835684,8c293a52745057c4
330587,2020,7,Medical treatment,False,0,1083_13797,True,153.426914918368,-28.0349184900666,8c293a52745057c4
330589,2020,10,Hospitalisation,True,3,1067_13816,True,153.344001938324,-27.950772480964893,8c293a52745057c4
330596,2022,7,Hospitalisation,True,1,1045_13811,True,153.230297443069,-27.971790590598008,8c293a52745057c4
330613,2022,7,Minor injury,False,0,1092_13778,True,153.472254299306,-28.120314522363696,8c293a52745057c4
330614,2022,7,Medical treatment,False,0,1083_13805,True,153.427128923086,-27.998301489801005,8c293a52745057c4
330628,2022,8,Hospitalisation,True,1,1095_13775,True,153.488401898572,-28.1353574971315,8c293a52745057c4
330631,2022,8,Medical treatment,False,0,1095_13771,True,153.48638789621702,-28.155172497081008,8c293a52745057c4
330633,2022,7,Medical treatment,False,0,1067_13803,True,153.342232931222,-28.007340481229303,8c293a52745057c4
330660,2022,9,Hospitalisation,True,1,1066_13806,True,153.339900933259,-27.993533480883897,8c293a52745057c4
330675,2020,12,Minor injury,False,0,1062_13844,True,153.317241957535,-27.824156477250693,8c293a52745057c4
330677,2020,12,Hospitalisation,True,1,1083_13797,True,153.424928918226,-28.037702489886,8c293a52745057c4
330680,2021,7,Medical treatment,False,0,1084_13799,True,153.42928891916503,-28.0267594902447,8c293a52745057c4
330682,2020,7,Medical treatment,False,0,1088_13786,True,153.448423909632,-28.084086492646506,8c293a52745057c4
330695,2021,6,Medical treatment,False,0,1054_13846,True,153.275701963371,-27.813894472955596,8c293a52745057c4
330722,2022,6,Minor injury,False,0,1080_13809,True,153.41057592708904,-27.98137148798071,8c293a52745057c4
330741,2022,6,Medical treatment,False,0,1085_13796,True,153.432749066193,-28.039053701694,8c293a52745057c4
330752,2022,7,Medical treatment,False,0,1080_13811,True,153.410721928267,-27.972131487923,8c293a52745057c4
330763,2021,12,Hospitalisation,True,1,1060_13844,True,153.306752958655,-27.8243224761872,8c293a52745057c4
330774,2021,7,Minor injury,False,0,1084_13803,True,153.427848876779,-28.007791670948897,8c293a52745057c4
330778,2020,2,Medical treatment,False,0,1082_13779,True,153.418663908822,-28.115580489858004,8c293a52745057c4
330800,2022,9,Medical treatment,False,0,1066_13808,True,153.338408934382,-27.9860924806739,8c293a52745057c4
330812,2023,5,Minor injury,False,0,1078_13815,True,153.401357518328,-27.95637577084509,8c293a52745057c4
330829,2022,6,Medical treatment,False,0,1083_13797,True,153.42513791853403,-28.0351474898872,8c293a52745057c4
330833,2022,7,Hospitalisation,True,1,1068_13791,True,153.346635910743,-28.061523082102,8c293a52745057c4
330838,2022,7,Hospitalisation,True,1,1102_13768,True,153.521617890749,-28.167332500779295,8c293a52745057c4
330842,2022,5,Minor injury,False,0,1071_13788,True,153.36500191974804,-28.076808484089497,8c293a52745057c4
330845,2022,5,Medical treatment,False,0,1069_13802,True,153.352674929507,-28.011755482325494,8c293a52745057c4
330847,2023,5,Medical treatment,False,0,1081_13813,True,153.41276374614,-27.963656136064504,8c293a52745057c4
335989,2021,7,Medical treatment,False,0,1062_13818,True,153.315857942584,-27.9415974780337,8c293a52745057c4
335990,2021,11,Medical treatment,False,0,1068_13802,True,153.349054929425,-28.015470471986603,8c293a52745057c4
335995,2023,7,Minor injury,False,0,1085_13797,True,153.432654917375,-28.037721490673995,8c293a52745057c4
336003,2023,11,Hospitalisation,True,2,1036_13845,True,153.18377697258802,-27.820039463701896,8c293a52745057c4
336019,2023,11,Minor injury,False,0,1083_13810,True,153.422300926061,-27.979392489160194,8c293a52745057c4
336034,2024,1,Minor injury,False,0,1060_13828,True,153.308083949211,-27.896686476891595,8c293a52745057c4
336035,2024,1,Minor injury,False,0,1095_13774,True,153.488199898172,-28.138603497136305,8c293a52745057c4
336059,2021,6,Hospitalisation,True,1,1067_13808,True,153.340935182967,-27.987165199938996,8c293a52745057c4
336064,2024,9,Minor injury,False,0,1083_13797,True,153.424962918257,-28.037430489887292,8c293a52745057c4
336072,2024,8,Minor injury,False,0,1076_13787,True,153.390739916358,-28.081131486742994,8c293a52745057c4
336075,2022,11,Hospitalisation,True,1,1074_13787,True,153.380388917717,-28.0794294856758,8c293a52745057c4
336090,2024,4,Minor injury,False,0,1074_13820,True,153.376314937248,-27.9317224841016,8c293a52745057c4
336100,2024,6,Medical treatment,False,0,1093_13775,True,153.475130900123,-28.1346734957701,8c293a52745057c4
336120,2023,11,Medical treatment,False,0,1077_13830,True,153.395587941169,-27.8850234856965,8c293a52745057c4
336123,2022,7,Medical treatment,False,0,1057_13846,True,153.289901961547,-27.816070474412605,8c293a52745057c4
336156,2024,3,Medical treatment,False,0,1062_13830,True,153.31673594972,-27.8853874776811,8c293a52745057c4
336159,2024,9,Medical treatment,False,0,1081_13780,True,153.414375909646,-28.1128674893997,8c293a52745057c4
336202,2024,6,Minor injury,False,0,1067_13814,True,153.344309937003,-27.960755481074592,8c293a52745057c4
336207,2024,6,Hospitalisation,True,1,1069_13796,True,153.353314095605,-28.0414338866233,8c293a52745057c4
336214,2024,6,Medical treatment,False,0,1092_13777,True,153.468690901861,-28.126764495050196,8c293a52745057c4
336219,2024,6,Hospitalisation,True,1,1080_13819,True,153.406883933388,-27.935754487246093,8c293a52745057c4
336227,2024,6,Hospitalisation,True,2,1088_13785,True,153.452827908534,-28.088819493133105,8c293a52745057c4
336231,2024,6,Medical treatment,False,0,1084_13804,True,153.427940922073,-28.005438489939802,8c293a52745057c4
336233,2024,6,Minor injury,False,0,1056_13845,True,153.289124961072,-27.820436474368098,8c293a52745057c4
336235,2024,8,Medical treatment,False,0,1078_13817,True,153.398273932825,-27.947393486460395,8c293a52745057c4
336236,2024,8,Medical treatment,False,0,1057_13845,True,153.289860961075,-27.819783474437696,8c293a52745057c4
336269,2024,7,Medical treatment,False,0,1089_13779,True,153.458004904092,-28.11864549389539,8c293a52745057c4
336271,2024,9,Hospitalisation,True,1,1079_13783,True,153.405541912215,-28.100544488402893,8c293a52745057c4
336277,2024,9,Medical treatment,False,0,1067_13809,True,153.342326934672,-27.980518481028305,8c293a52745057c4
336291,2024,9,Hospitalisation,True,1,1081_13807,True,153.412837925455,-27.992087488295393,8c293a52745057c4
336295,2024,9,Medical treatment,False,0,1072_13853,True,153.368325957465,-27.781527482106895,8c293a52745057c4
336314,2021,12,Medical treatment,False,0,1065_13820,True,153.335136772436,-27.9341376799333,8c293a52745057c4
336316,2020,8,Medical treatment,False,0,1080_13809,True,153.411054926707,-27.983918488049497,8c293a52745057c4
336325,2024,7,Hospitalisation,True,1,1059_13851,True,153.299548963703,-27.791093475194597,8c293a52745057c4
336337,2024,7,Medical treatment,False,0,1060_13837,True,153.308213954672,-27.854094476569795,8c293a52745057c4
336345,2021,10,Medical treatment,False,0,1081_13804,True,153.413684923943,-28.00305648846779,8c293a52745057c4
336347,2021,12,Minor injury,False,0,1051_13849,True,153.263365966094,-27.803115471620497,8c293a52745057c4
336354,2024,12,Medical treatment,False,0,1079_13815,True,153.402188931217,-27.956527486931,8c293a52745057c4
336366,2024,12,Hospitalisation,True,1,1067_13840,True,153.342585952733,-27.8400604799505,8c293a52745057c4
336377,2024,12,Hospitalisation,True,1,1071_13832,True,153.362371945777,-27.8773644822556,8c293a52745057c4
336382,2024,12,Hospitalisation,True,1,1070_13808,True,153.35742493237,-27.9855374826026,8c293a52745057c4
336383,2024,7,Minor injury,False,0,1070_13783,True,153.357152917965,-28.097275483451597,8c293a52745057c4
336388,2024,7,Minor injury,False,0,1076_13822,True,153.387599937162,-27.922833485180398,8c293a52745057c4
336394,2020,7,Minor injury,False,0,1093_13774,True,153.475218828746,-28.1375017148012,8c293a52745057c4
336396,2024,7,Hospitalisation,True,1,1072_13755,True,153.367473900017,-28.227063485517895,8c293a52745057c4
336397,2020,8,Hospitalisation,True,1,1049_13847,True,153.250805157482,-27.810749354408202,8c293a52745057c4
336399,2024,7,Minor injury,False,0,1058_13822,True,153.296735946739,-27.9255464759668,8c293a52745057c4
336402,2020,8,Medical treatment,False,0,1049_13850,True,153.252569967996,-27.797427470482102,8c293a52745057c4
336403,2020,8,Hospitalisation,True,1,1059_13838,True,153.300452956054,-27.8499174757493,8c293a52745057c4
336407,2020,8,Hospitalisation,True,1,1061_13828,True,153.314200679681,-27.895617468504096,8c293a52745057c4
336418,2024,8,Hospitalisation,True,1,1080_13811,True,153.410531928394,-27.971315487897197,8c293a52745057c4
336419,2020,9,Medical treatment,False,0,1070_13794,True,153.359608924046,-28.0481484833162,8c293a52745057c4
336431,2023,12,Hospitalisation,True,1,1093_13778,True,153.47402890172003,-28.123320495568496,8c293a52745057c4
336433,2023,12,Hospitalisation,True,2,1077_13786,True,153.39332791561003,-28.084714487034596,8c293a52745057c4
336443,2024,9,Hospitalisation,True,1,1076_13808,True,153.386867928946,-27.987086485610707,8c293a52745057c4
336457,2024,10,Medical treatment,False,0,1083_13805,True,153.426539923111,-27.998605489743298,8c293a52745057c4
336465,2024,10,Medical treatment,False,0,1080_13798,True,153.40998592096,-28.029246488296398,8c293a52745057c4
336519,2020,8,Hospitalisation,True,1,1061_13835,True,153.313044952573,-27.8663264771564,8c293a52745057c4
336535,2020,8,Medical treatment,False,0,1081_13803,True,153.412473923289,-28.009139488392194,8c293a52745057c4
336563,2020,8,Hospitalisation,True,1,1060_13838,True,153.308267954796,-27.853085476567404,8c293a52745057c4
336570,2020,9,Medical treatment,False,0,1074_13810,True,153.381286930811,-27.977380484966407,8c293a52745057c4
336605,2024,10,Medical treatment,False,0,1067_13839,True,153.34400995176,-27.846421480145203,8c293a52745057c4
336637,2024,9,Minor injury,False,0,1084_13805,True,153.429385922748,-27.998999490036596,8c293a52745057c4
336650,2020,10,Medical treatment,False,0,1076_13788,True,153.387560917449,-28.075407486374395,8c293a52745057c4
336660,2020,9,Hospitalisation,True,1,1057_13844,True,153.294280960126,-27.823431474914695,8c293a52745057c4
336668,2020,1,Minor injury,False,0,1066_13805,True,153.339557932346,-28.000898480906898,8c293a52745057c4
336669,2020,8,Medical treatment,False,0,1048_13808,True,153.245244944623,-27.98585947122149,8c293a52745057c4
336672,2020,9,Medical treatment,False,0,1060_13839,True,153.304987773263,-27.8444456871665,8c293a52745057c4
336727,2021,7,Minor injury,False,0,1065_13808,True,153.334236934569,-27.988186480266407,8c293a52745057c4
336748,2020,6,Hospitalisation,True,1,1062_13823,True,153.315177945594,-27.918784477785398,8c293a52745057c4
336774,2021,1,Hospitalisation,True,1,1078_13811,True,153.400981928972,-27.9749214869525,8c293a52745057c4
336793,2021,3,Hospitalisation,True,1,1053_13817,True,153.270279242869,-27.947044675452904,8c293a52745057c4
336826,2020,1,Hospitalisation,True,1,1045_13864,True,153.229024942521,-27.735141239607994,8c293a52745057c4
336828,2021,7,Medical treatment,False,0,1075_13798,True,153.385546923265,-28.03215848583009,8c293a52745057c4
336830,2021,7,Medical treatment,False,0,1070_13805,True,153.356176807814,-27.9986585895787,8c293a52745057c4
336832,2021,7,Medical treatment,False,0,1064_13806,True,153.327149934656,-27.993537479588394,8c293a52745057c4
336855,2021,5,Hospitalisation,True,1,1047_13793,True,153.243788936259,-28.05215547159429,8c293a52745057c4
336863,2021,7,Medical treatment,False,0,1064_13830,True,153.32928994812903,-27.8871094789696,8c293a52745057c4
336874,2021,6,Hospitalisation,True,1,1077_13817,True,153.393593233356,-27.947245285982596,8c293a52745057c4
336875,2021,6,Medical treatment,False,0,1084_13805,True,153.427180923028,-27.998706489809493,8c293a52745057c4
336881,2021,6,Hospitalisation,True,1,1066_13806,True,153.339572932891,-27.9966674808752,8c293a52745057c4
336883,2021,7,Medical treatment,False,0,1069_13787,True,153.353617920275,-28.082422482975694,8c293a52745057c4
336891,2020,1,Hospitalisation,True,1,1060_13834,True,153.308954952662,-27.869106476763104,8c293a52745057c4
346153,2023,8,Minor injury,False,0,1047_13859,True,153.240268974394,-27.757884468925095,8c293a52745057c4
346167,2021,8,Minor injury,False,0,1084_13807,True,153.430157202619,-27.991620862057307,8c293a52745057c4
346428,2022,8,Minor injury,False,0,1084_13805,True,153.429614922531,-28.000481490071596,8c293a52745057c4
346533,2024,3,Medical treatment,False,0,1084_13808,True,153.42987892413,-27.987909489999797,8c293a52745057c4
346900,2020,9,Hospitalisation,True,1,1062_13832,True,153.315256950656,-27.87936247748349,8c293a52745057c4
346908,2020,9,Medical treatment,False,0,1062_13831,True,153.315527950433,-27.880872477522892,8c293a52745057c4
347016,2020,8,Hospitalisation,True,1,1080_13811,True,153.411531927976,-27.9736994880178,8c293a52745057c4
347101,2021,9,Hospitalisation,True,2,1075_13820,True,153.3821638005,-27.932569594703594,8c293a52745057c4
347150,2023,11,Medical treatment,False,0,1089_13783,True,153.454835779277,-28.0968035494007,8c293a52745057c4
347157,2023,11,Medical treatment,False,0,1079_13790,True,153.403627916791,-28.066845487943596,8c293a52745057c4
347190,2022,5,Hospitalisation,True,1,1051_13853,True,153.261155968653,-27.785015471254095,8c293a52745057c4
347194,2022,2,Hospitalisation,True,1,1082_13779,True,153.418209908946,-28.1150064898073,8c293a52745057c4
347204,2022,11,Hospitalisation,True,1,1047_13860,True,153.241877401746,-27.753767069055495,8c293a52745057c4
347236,2023,6,Hospitalisation,True,1,1081_13807,True,153.41270192579,-27.989609488261998,8c293a52745057c4
347352,2022,10,Hospitalisation,True,2,1071_13810,True,153.362645932561,-27.979627483087192,8c293a52745057c4
347376,2022,10,Hospitalisation,True,1,1076_13820,True,153.390562204528,-27.93298752356189,8c293a52745057c4
347378,2022,10,Hospitalisation,True,1,1078_13810,True,153.401600928376,-27.979014487047696,8c293a52745057c4
347426,2024,5,Hospitalisation,True,2,1070_13792,True,153.358801922736,-28.058971483319,8c293a52745057c4
347554,2022,1,Minor injury,False,0,1070_13793,True,153.356781417708,-28.053168816068005,8c293a52745057c4
350987,2022,10,Medical treatment,False,0,1072_13807,True,153.369412930393,-27.990679483862397,8c293a52745057c4
350997,2022,10,Minor injury,False,0,1067_13809,True,153.345122934128,-27.982360481326896,8c293a52745057c4
351219,2023,10,Minor injury,False,0,1080_13796,True,153.407776919712,-28.040763488161705,8c293a52745057c4
351607,2020,1,Medical treatment,False,0,1047_13859,True,153.240496974539,-27.75655346893769,8c293a52745057c4
351715,2020,7,Medical treatment,False,0,1062_13831,True,153.315539795351,-27.881498957529008,8c293a52745057c4
351719,2020,7,Medical treatment,False,0,1062_13832,True,153.315347950572,-27.879941477497308,8c293a52745057c4
351875,2022,4,Minor injury,False,0,1084_13808,True,153.427334924571,-27.986654489730498,8c293a52745057c4
352100,2020,1,Hospitalisation,True,1,1083_13786,True,153.423591912093,-28.086166490129802,8c293a52745057c4
352277,2022,8,Hospitalisation,True,1,1083_13779,True,153.424835053088,-28.116001096490507,8c293a52745057c4
352288,2022,10,Medical treatment,False,0,1047_13807,True,153.240233944608,-27.9902504707487,8c293a52745057c4
352306,2020,6,Medical treatment,False,0,1071_13788,True,153.363641920178,-28.074638483934205,8c293a52745057c4
352339,2020,11,Hospitalisation,True,1,1084_13812,True,153.427115772963,-27.968344406564288,8c293a52745057c4
352362,2023,9,Hospitalisation,True,1,1077_13798,True,153.39209092259,-28.0318234864937,8c293a52745057c4
352376,2023,10,Medical treatment,False,0,1083_13783,True,153.425683909901,-28.101296490461788,8c293a52745057c4
352378,2023,10,Hospitalisation,True,2,1061_13833,True,153.313116267836,-27.872006520208302,8c293a52745057c4
352433,2020,10,Hospitalisation,True,1,1087_13776,True,153.443022903906,-28.132783492477106,8c293a52745057c4
352507,2023,7,Medical treatment,False,0,1069_13798,True,153.351858927001,-28.031859482400304,8c293a52745057c4
352789,2020,9,Hospitalisation,True,1,1070_13791,True,153.360660315828,-28.064412483550704,8c293a52745057c4
352857,2020,1,Hospitalisation,True,1,1072_13832,True,153.366991281994,-27.879536481742594,8c293a52745057c4
352924,2021,1,Minor injury,False,0,1067_13815,True,153.344246095763,-27.954917147022297,8c293a52745057c4
374241,2024,4,Medical treatment,False,0,1043_13831,True,153.22292796055,-27.88075946813719,8c293a52745057c4
374253,2024,5,Hospitalisation,True,1,1044_13846,True,153.224721968584,-27.816494467813193,8c293a52745057c4
374258,2024,5,Hospitalisation,True,1,1042_13860,True,153.217976395795,-27.750203051608906,8c293a52745057c4
374267,2024,5,Medical treatment,False,0,1078_13811,True,153.40109492895704,-27.97494548696419,8c293a52745057c4
374270,2024,5,Medical treatment,False,0,1076_13788,True,153.387560917449,-28.075407486374395,8c293a52745057c4
374277,2024,5,Minor injury,False,0,1080_13794,True,153.407537918725,-28.048589488198804,8c293a52745057c4
374280,2023,1,Minor injury,False,0,1094_13773,True,153.479159898201,-28.146044496270793,8c293a52745057c4
374293,2023,1,Medical treatment,False,0,1043_13866,True,153.221601980405,-27.7267014667905,8c293a52745057c4
374305,2023,1,Hospitalisation,True,1,1079_13782,True,153.403240912309,-28.10177848817809,8c293a52745057c4
374306,2023,5,Hospitalisation,True,1,1048_13856,True,153.244194551411,-27.770048565418392,8c293a52745057c4
374308,2023,5,Minor injury,False,0,1067_13816,True,153.341346938819,-27.94918548068261,8c293a52745057c4
374319,2023,2,Minor injury,False,0,1084_13803,True,153.431265076382,-28.007964022298697,8c293a52745057c4
374321,2023,1,Minor injury,False,0,1081_13795,True,153.415887918181,-28.045709489027104,8c293a52745057c4
374323,2023,7,Hospitalisation,True,1,1077_13817,True,153.391681933604,-27.946942485785495,8c293a52745057c4
374328,2023,2,Hospitalisation,True,2,1081_13806,True,153.414315924587,-27.9975474884889,8c293a52745057c4
374334,2023,1,Medical treatment,False,0,1097_13773,True,153.494644896795,-28.143735497835397,8c293a52745057c4
374340,2023,7,Medical treatment,False,0,1042_13860,True,153.217480977814,-27.75047246656089,8c293a52745057c4
374353,2023,2,Medical treatment,False,0,1047_13859,True,153.239223974822,-27.7554194687999,8c293a52745057c4
374368,2021,9,Minor injury,False,0,1071_13821,True,153.362411939326,-27.927386482653,8c293a52745057c4
374375,2022,2,Medical treatment,False,0,1076_13787,True,153.391192527492,-28.079711702777903,8c293a52745057c4
374384,2022,2,Hospitalisation,True,1,1083_13816,True,153.42592892954903,-27.949356489294097,8c293a52745057c4
374387,2022,2,Hospitalisation,True,1,1079_13827,True,153.401472938252,-27.902659486434594,8c293a52745057c4
374389,2022,2,Minor injury,False,0,1050_13852,True,153.257861890673,-27.787653078941197,8c293a52745057c4
374392,2022,2,Medical treatment,False,0,1077_13792,True,153.393417919251,-28.0565094868226,8c293a52745057c4
374405,2020,9,Medical treatment,False,0,1057_13843,True,153.290536959959,-27.82790947457019,8c293a52745057c4
374413,2020,10,Minor injury,False,0,1096_13775,True,153.489827443713,-28.1330690362593,8c293a52745057c4
374415,2020,8,Medical treatment,False,0,1081_13790,True,153.415714915471,-28.0667794891748,8c293a52745057c4
374422,2021,2,Medical treatment,False,0,1071_13821,True,153.36188393942,-27.927102482597107,8c293a52745057c4
374424,2021,2,Hospitalisation,True,1,1074_13815,True,153.376505802385,-27.953746224294104,8c293a52745057c4
374437,2021,2,Medical treatment,False,0,1056_13845,True,153.289122166926,-27.821571688376793,8c293a52745057c4
374442,2022,2,Hospitalisation,True,1,1072_13803,True,153.370007927847,-28.009891484073798,8c293a52745057c4
374447,2021,10,Hospitalisation,True,1,1075_13799,True,153.385385924025,-28.026416485768603,8c293a52745057c4
374457,2021,11,Hospitalisation,True,2,1103_13767,True,153.526147889912,-28.1699215012632,8c293a52745057c4
374465,2021,8,Medical treatment,False,0,1084_13774,True,153.428732904488,-28.140431491079397,8c293a52745057c4
374476,2022,4,Hospitalisation,True,1,1094_13772,True,153.47985189399,-28.1470792803496,8c293a52745057c4
374486,2022,11,Medical treatment,False,0,1081_13790,True,153.412421915463,-28.069635488861607,8c293a52745057c4
374491,2023,2,Medical treatment,False,0,1084_13805,True,153.428431922488,-28.0018164899615,8c293a52745057c4
374498,2023,3,Minor injury,False,0,1084_13801,True,153.428729920283,-28.01859749012359,8c293a52745057c4
374501,2023,4,Hospitalisation,True,1,1083_13802,True,153.422788921739,-28.012379489469,8c293a52745057c4
374504,2023,4,Hospitalisation,True,1,1066_13823,True,153.335870943545,-27.917142479874297,8c293a52745057c4
374505,2023,4,Medical treatment,False,0,1085_13797,True,153.432445917418,-28.037571490651498,8c293a52745057c4
374507,2023,4,Hospitalisation,True,1,1080_13802,True,153.41193992302,-28.011674488357595,8c293a52745057c4
374515,2023,4,Medical treatment,False,0,1055_13866,True,153.282133973987,-27.7255964729122,8c293a52745057c4
374531,2023,8,Minor injury,False,0,1100_13768,True,153.512912891902,-28.1658444998769,8c293a52745057c4
374532,2023,7,Minor injury,False,0,1085_13782,True,153.434425908909,-28.101526491355102,8c293a52745057c4
374540,2023,8,Minor injury,False,0,1081_13804,True,153.413543923931,-28.0032694884551,8c293a52745057c4
374555,2023,8,Minor injury,False,0,1062_13835,True,153.315337952285,-27.866627477391596,8c293a52745057c4
374565,2020,5,Medical treatment,False,0,1061_13832,True,153.31457695111,-27.876412477391302,8c293a52745057c4
374571,2020,9,Medical treatment,False,0,1062_13831,True,153.31542195046,-27.8807504775112,8c293a52745057c4
374573,2020,9,Minor injury,False,0,1078_13827,True,153.401261506547,-27.900547169396493,8c293a52745057c4
374582,2020,10,Hospitalisation,True,1,1082_13811,True,153.419773927302,-27.971938488844096,8c293a52745057c4
374590,2021,1,Medical treatment,False,0,1085_13794,True,153.435084848659,-28.0489143580097,8c293a52745057c4
374592,2021,1,Medical treatment,False,0,1067_13816,True,153.34199804467,-27.949785093753498,8c293a52745057c4
374604,2021,3,Hospitalisation,True,1,1061_13834,True,153.313317952267,-27.868476477201,8c293a52745057c4
374616,2021,5,Medical treatment,False,0,1082_13786,True,153.420458912472,-28.085903489808302,8c293a52745057c4
374617,2021,4,Medical treatment,False,0,1076_13788,True,153.387642917435,-28.075439486382997,8c293a52745057c4
374641,2020,11,Hospitalisation,True,1,1062_13831,True,153.315849950318,-27.881494477560505,8c293a52745057c4
374650,2024,4,Medical treatment,False,0,1078_13824,True,153.398099937314,-27.912776486170596,8c293a52745057c4
374651,2024,5,Medical treatment,False,0,1065_13821,True,153.331545942868,-27.926070479505004,8c293a52745057c4
374655,2024,5,Minor injury,False,0,1056_13845,True,153.288762960966,-27.821564474340303,8c293a52745057c4
374657,2024,5,Minor injury,False,0,1092_13779,True,153.469578903153,-28.116066495057105,8c293a52745057c4
374665,2024,5,Minor injury,False,0,1066_13822,True,153.338198942388,-27.924152480165997,8c293a52745057c4
374674,2024,5,Hospitalisation,True,1,1057_13849,True,153.292722963315,-27.799903474571504,8c293a52745057c4
374692,2024,11,Hospitalisation,True,1,1042_13832,True,153.21579596171102,-27.877771467392297,8c293a52745057c4
374736,2024,7,Minor injury,False,0,1060_13836,True,153.309384953891,-27.8591754767286,8c293a52745057c4
374740,2024,7,Hospitalisation,True,1,1061_13805,True,153.315002934956,-28.00154047841769,8c293a52745057c4
374743,2024,7,Medical treatment,False,0,1081_13812,True,153.413420928342,-27.969266488175506,8c293a52745057c4
374750,2024,7,Minor injury,False,0,1053_13819,True,153.272963947839,-27.9372074736477,8c293a52745057c4
374780,2023,1,Medical treatment,False,0,1076_13820,True,153.388515935622,-27.9339914853614,8c293a52745057c4
374784,2023,3,Hospitalisation,True,1,1072_13787,True,153.368276633043,-28.079472758443597,8c293a52745057c4
374796,2023,2,Medical treatment,False,0,1076_13827,True,153.388360939973,-27.900403485081604,8c293a52745057c4
374800,2023,2,Minor injury,False,0,1084_13800,True,153.43115513582202,-28.02010211638269,8c293a52745057c4
374802,2023,2,Hospitalisation,True,2,1088_13785,True,153.450204908953,-28.087814492857497,8c293a52745057c4
374822,2022,11,Hospitalisation,True,3,1078_13792,True,153.396870918882,-28.056426487173606,8c293a52745057c4
374827,2023,7,Hospitalisation,True,1,1085_13792,True,153.433644914514,-28.0589684909417,8c293a52745057c4
374832,2023,2,Hospitalisation,True,1,1084_13804,True,153.428871922162,-28.003964490023197,8c293a52745057c4
374837,2023,2,Hospitalisation,True,1,1089_13777,True,153.45333790392303,-28.1239034934602,8c293a52745057c4
374854,2023,4,Medical treatment,False,0,1083_13782,True,153.424748909999,-28.101335490366704,8c293a52745057c4
374855,2023,3,Hospitalisation,True,1,1070_13822,True,153.357353940268,-27.924363482114792,8c293a52745057c4
374859,2022,7,Minor injury,False,0,1057_13847,True,153.29087496199801,-27.811733474477098,8c293a52745057c4
374885,2022,7,Minor injury,False,0,1073_13808,True,153.3738439233,-27.987641603289404,8c293a52745057c4
374889,2022,8,Hospitalisation,True,1,1080_13813,True,153.408460929777,-27.9623684876159,8c293a52745057c4
374903,2020,11,Hospitalisation,True,1,1077_13830,True,153.395129940864,-27.887777485671602,8c293a52745057c4
374904,2020,11,Hospitalisation,True,1,1082_13812,True,153.417946927933,-27.968605488631603,8c293a52745057c4
374922,2020,11,Minor injury,False,0,1050_13852,True,153.255846968944,-27.787249470733894,8c293a52745057c4
374938,2021,2,Medical treatment,False,0,1076_13804,True,153.390472489356,-28.0040729591111,8c293a52745057c4
374943,2022,2,Hospitalisation,True,1,1075_13820,True,153.385819935991,-27.933416485082404,8c293a52745057c4
374959,2023,3,Minor injury,False,0,1085_13797,True,153.432485917588,-28.036222490644995,8c293a52745057c4
374961,2023,3,Hospitalisation,True,1,1059_13838,True,153.303266955349,-27.853017476059296,8c293a52745057c4
374963,2023,3,Minor injury,False,0,1082_13790,True,153.41858491534,-28.0653574894562,8c293a52745057c4
374969,2020,4,Hospitalisation,True,1,1063_13843,True,153.324132021388,-27.827256043974792,8c293a52745057c4
374982,2023,4,Hospitalisation,True,1,1083_13794,True,153.427221916636,-28.0480344902008,8c293a52745057c4
374985,2023,4,Medical treatment,False,0,1083_13797,True,153.426894918386,-28.0347984900636,8c293a52745057c4
374997,2023,5,Minor injury,False,0,1076_13820,True,153.390013935422,-27.9342714855161,8c293a52745057c4
375000,2023,5,Minor injury,False,0,1084_13805,True,153.430928922354,-28.00073749020759,8c293a52745057c4
375012,2023,8,Hospitalisation,True,1,1063_13838,True,153.320824953759,-27.850507477821896,8c293a52745057c4
375030,2023,8,Minor injury,False,0,1060_13829,True,153.30674595019903,-27.8901414767043,8c293a52745057c4
375052,2023,7,Minor injury,False,0,1070_13808,True,153.35656893222802,-27.987364482529895,8c293a52745057c4
375053,2023,8,Minor injury,False,0,1086_13783,True,153.442161894404,-28.098859758123396,8c293a52745057c4
375067,2021,5,Minor injury,False,0,1084_13798,True,153.431315667558,-28.0297256164746,8c293a52745057c4
375070,2021,6,Medical treatment,False,0,1067_13816,True,153.342140938613,-27.95010248077049,8c293a52745057c4
375084,2021,8,Medical treatment,False,0,1081_13805,True,153.414342924444,-27.998629488500093,8c293a52745057c4
375088,2021,9,Minor injury,False,0,1062_13832,True,153.315036616805,-27.878396871453603,8c293a52745057c4
375089,2021,10,Minor injury,False,0,1077_13819,True,153.395986934608,-27.9355224861342,8c293a52745057c4
375130,2021,6,Minor injury,False,0,1084_13805,True,153.427504922608,-28.0016744898658,8c293a52745057c4
375137,2021,9,Medical treatment,False,0,1062_13831,True,153.315984950155,-27.882646477583307,8c293a52745057c4
375152,2024,6,Minor injury,False,0,1084_13786,True,153.42950791163602,-28.084672490721392,8c293a52745057c4
375160,2024,4,Hospitalisation,True,1,1082_13799,True,153.4197290612,-28.0268584892707,8c293a52745057c4
375236,2024,7,Hospitalisation,True,1,1077_13813,True,153.395091931228,-27.9624504862546,8c293a52745057c4
375239,2024,7,Minor injury,False,0,1083_13792,True,153.426340915252,-28.0594584902006,8c293a52745057c4
375240,2024,7,Hospitalisation,True,1,1080_13813,True,153.409023929276,-27.965762487699905,8c293a52745057c4
375246,2024,8,Hospitalisation,True,1,1078_13813,True,153.400696930577,-27.962747486827897,8c293a52745057c4
375249,2024,7,Hospitalisation,True,2,1083_13783,True,153.426340910191,-28.098502490506892,8c293a52745057c4
375253,2024,7,Hospitalisation,True,1,1075_13800,True,153.383586924622,-28.023321485561205,8c293a52745057c4
375257,2024,7,Hospitalisation,True,1,1097_13773,True,153.495285896653,-28.144283497905203,8c293a52745057c4
375259,2024,7,Hospitalisation,True,1,1085_13790,True,153.436116913169,-28.06724449125869,8c293a52745057c4
375260,2024,7,Minor injury,False,0,1080_13796,True,153.407776919712,-28.040763488161705,8c293a52745057c4
375271,2024,10,Hospitalisation,True,1,1059_13838,True,153.300313955993,-27.850505475739805,8c293a52745057c4
375274,2023,3,Hospitalisation,True,1,1084_13803,True,153.427689921748,-28.008165489935596,8c293a52745057c4
375281,2023,3,Medical treatment,False,0,1074_13786,True,153.380281917031,-28.084817485707205,8c293a52745057c4
375286,2023,3,Hospitalisation,True,1,1061_13829,True,153.31360199034003,-27.891001978407004,8c293a52745057c4
375291,2023,5,Minor injury,False,0,1090_13778,True,153.462152903072,-28.122982494353003,8c293a52745057c4
375299,2023,5,Medical treatment,False,0,1070_13810,True,153.36007097429,-27.9761691547982,8c293a52745057c4
375307,2023,6,Hospitalisation,True,2,1069_13789,True,153.352736345522,-28.073525480816294,8c293a52745057c4
375311,2023,6,Medical treatment,False,0,1055_13846,True,153.279433567662,-27.816254151352496,8c293a52745057c4
375326,2023,4,Hospitalisation,True,1,1087_13786,True,153.44654390977803,-28.084559492458393,8c293a52745057c4
375335,2023,2,Hospitalisation,True,1,1035_13842,True,153.179741407353,-27.833138385397294,8c293a52745057c4
375342,2023,7,Medical treatment,False,0,1067_13815,True,153.343767057991,-27.953553616962903,8c293a52745057c4
375349,2023,7,Medical treatment,False,0,1083_13796,True,153.425962917612,-28.041562490021704,8c293a52745057c4
375350,2023,7,Minor injury,False,0,1066_13807,True,153.33578293412,-27.990353480440504,8c293a52745057c4
375361,2022,7,Minor injury,False,0,1061_13836,True,153.311779953356,-27.8613104769885,8c293a52745057c4
375371,2021,11,Hospitalisation,True,1,1066_13809,True,153.340291934968,-27.979948480817004,8c293a52745057c4
375376,2022,7,Medical treatment,False,0,1080_13802,True,153.411372922759,-28.0141664883194,8c293a52745057c4
375378,2021,11,Medical treatment,False,0,1062_13826,True,153.318087946889,-27.906249477982392,8c293a52745057c4
375380,2021,11,Medical treatment,False,0,1068_13801,True,153.349657928887,-28.019122482076494,8c293a52745057c4
375381,2022,7,Minor injury,False,0,1077_13812,True,153.394324671719,-27.967039748212603,8c293a52745057c4
375389,2022,7,Minor injury,False,0,1073_13784,True,153.376419916142,-28.094977485393695,8c293a52745057c4
375400,2021,2,Hospitalisation,True,1,1083_13794,True,153.425180916901,-28.04771348999021,8c293a52745057c4
375406,2022,3,Medical treatment,False,0,1076_13819,True,153.387816935164,-27.9381324853228,8c293a52745057c4
375408,2021,2,Medical treatment,False,0,1069_13789,True,153.354129921794,-28.0702284829322,8c293a52745057c4
375409,2021,2,Medical treatment,False,0,1064_13826,True,153.326406946321,-27.9036094788065,8c293a52745057c4
375420,2022,3,Medical treatment,False,0,1070_13794,True,153.356548924256,-28.0491204830126,8c293a52745057c4
375431,2022,3,Hospitalisation,True,1,1073_13800,True,153.372874718141,-28.02065965945,8c293a52745057c4
375434,2022,3,Medical treatment,False,0,1076_13810,True,153.390564929954,-27.9761454859012,8c293a52745057c4
375437,2022,3,Minor injury,False,0,1084_13806,True,153.427447923256,-27.996720489821104,8c293a52745057c4
375447,2020,4,Minor injury,False,0,1088_13785,True,153.450112908953,-28.087891492848698,8c293a52745057c4
375463,2020,10,Minor injury,False,0,1084_13804,True,153.431220921949,-28.003619490259997,8c293a52745057c4
375466,2020,9,Minor injury,False,0,1082_13810,True,153.421645498274,-27.978298157084804,8c293a52745057c4
375475,2023,4,Medical treatment,False,0,1088_13778,True,153.451604904607,-28.1201094932536,8c293a52745057c4
375477,2023,6,Medical treatment,False,0,1073_13813,True,153.375929932956,-27.965305484326304,8c293a52745057c4
375478,2023,5,Hospitalisation,True,1,1090_13782,True,153.459636905651,-28.1052614939571,8c293a52745057c4
375482,2023,6,Minor injury,False,0,1081_13805,True,153.414287924583,-27.997602488486397,8c293a52745057c4
375517,2023,11,Hospitalisation,True,1,1083_13797,True,153.424784918583,-28.035065489850602,8c293a52745057c4
375526,2023,9,Medical treatment,False,0,1078_13783,True,153.401725912538,-28.101298488019996,8c293a52745057c4
375532,2023,9,Minor injury,False,0,1076_13810,True,153.388343930267,-27.975611485670903,8c293a52745057c4
375534,2023,9,Medical treatment,False,0,1082_13794,True,153.421718917274,-28.047768489637697,8c293a52745057c4
375561,2023,10,Hospitalisation,True,1,1083_13786,True,153.423609890108,-28.086033285130593,8c293a52745057c4
375569,2022,2,Hospitalisation,True,1,1083_13817,True,153.425347059931,-27.946889632215395,8c293a52745057c4
375580,2022,5,Hospitalisation,True,1,1105_13767,True,153.536177888909,-28.169126502283895,8c293a52745057c4
375587,2022,6,Medical treatment,False,0,1061_13832,True,153.314823573927,-27.877627359425908,8c293a52745057c4
375595,2022,8,Medical treatment,False,0,1081_13813,True,153.412117929179,-27.963898488000602,8c293a52745057c4
375598,2022,8,Medical treatment,False,0,1061_13833,True,153.314088621412,-27.8744750243265,8c293a52745057c4
375602,2022,9,Medical treatment,False,0,1067_13815,True,153.34348409512,-27.9527914359281,8c293a52745057c4
375638,2022,4,Medical treatment,False,0,1084_13798,True,153.430127918761,-28.0291684903491,8c293a52745057c4
375643,2022,7,Medical treatment,False,0,1080_13817,True,153.408748048657,-27.947572011528905,8c293a52745057c4
375648,2022,10,Medical treatment,False,0,1059_13805,True,153.300139449757,-28.000214277898596,8c293a52745057c4
375654,2024,6,Medical treatment,False,0,1070_13753,True,153.35775350204,-28.2351805355926,8c293a52745057c4
375656,2024,6,Minor injury,False,0,1075_13813,True,153.382921932638,-27.9618464850108,8c293a52745057c4
375657,2024,6,Hospitalisation,True,1,1084_13798,True,153.430161918705,-28.029567490355703,8c293a52745057c4
375665,2024,6,Hospitalisation,True,1,1084_13809,True,153.429019925242,-27.980036489850395,8c293a52745057c4
375671,2024,6,Medical treatment,False,0,1081_13814,True,153.41193492965402,-27.96037948795429,8c293a52745057c4
375676,2023,7,Hospitalisation,True,1,1074_13820,True,153.379405936877,-27.9319814844182,8c293a52745057c4
375682,2024,6,Hospitalisation,True,1,1052_13827,True,153.264741953571,-27.899578472518705,8c293a52745057c4
375696,2024,12,Hospitalisation,True,1,1080_13814,True,153.409576930337,-27.957089487688094,8c293a52745057c4
375739,2023,4,Hospitalisation,True,1,1085_13796,True,153.437074916444,-28.041167491151896,8c293a52745057c4
375748,2022,6,Minor injury,False,0,1085_13780,True,153.437140907082,-28.113305491724404,8c293a52745057c4
375758,2024,11,Hospitalisation,True,1,1085_13790,True,153.43729591273103,-28.069624491397704,8c293a52745057c4
375761,2024,11,Minor injury,False,0,1062_13834,True,153.31990095172,-27.867156477859098,8c293a52745057c4
375796,2020,10,Minor injury,False,0,1062_13830,True,153.315673949784,-27.8857894775764,8c293a52745057c4
375799,2020,11,Fatal,True,1,1050_13791,True,153.25503193343,-28.064527472829894,8c293a52745057c4
375802,2020,10,Minor injury,False,0,1080_13813,True,153.407829929819,-27.9625764875532,8c293a52745057c4
375803,2020,12,Fatal,True,1,1051_13857,True,153.262697971021,-27.765219471254408,8c293a52745057c4
375814,2023,8,Medical treatment,False,0,1049_13858,True,153.24887997305,-27.7610854698222,8c293a52745057c4
375817,2023,8,Hospitalisation,True,1,1084_13807,True,153.427999923715,-27.9927044898458,8c293a52745057c4
375819,2023,8,Hospitalisation,True,1,1059_13843,True,153.30005295872704,-27.829440475547603,8c293a52745057c4
375820,2021,5,Medical treatment,False,0,1084_13803,True,153.431546921185,-28.0092444903374,8c293a52745057c4
375834,2023,8,Hospitalisation,True,1,1060_13837,True,153.309141092121,-27.857593766691394,8c293a52745057c4
375835,2023,8,Minor injury,False,0,1082_13810,True,153.421077888573,-27.976469950012604,8c293a52745057c4
375845,2023,8,Medical treatment,False,0,1095_13774,True,153.48808489818,-28.138643497124896,8c293a52745057c4
375859,2023,8,Hospitalisation,True,1,1080_13794,True,153.408058918723,-28.048162488248497,8c293a52745057c4
375867,2022,2,Medical treatment,False,0,1085_13796,True,153.437050916442,-28.041200491149695,8c293a52745057c4
375869,2022,4,Hospitalisation,True,1,1041_13859,True,153.212622157473,-27.757272066123107,8c293a52745057c4
375883,2022,8,Hospitalisation,True,1,1076_13810,True,153.391062929548,-27.9788684859733,8c293a52745057c4
375886,2022,8,Hospitalisation,True,1,1080_13818,True,153.408099932382,-27.9425134874231,8c293a52745057c4
375887,2022,8,Hospitalisation,True,1,1074_13786,True,153.379553916956,-28.086016485642503,8c293a52745057c4
375888,2022,8,Minor injury,False,0,1081_13813,True,153.412952929359,-27.961797488069198,8c293a52745057c4
375890,2020,10,Minor injury,False,0,1084_13806,True,153.427808923501,-27.9945144898406,8c293a52745057c4
375894,2022,6,Minor injury,False,0,1076_13810,True,153.390092930007,-27.9761384858531,8c293a52745057c4
375901,2022,8,Hospitalisation,True,1,1078_13786,True,153.400223914711,-28.085796487745505,8c293a52745057c4
375930,2023,4,Medical treatment,False,0,1058_13838,True,153.299419955854,-27.852348475663607,8c293a52745057c4
375950,2023,4,Hospitalisation,True,1,1071_13832,True,153.361998945937,-27.876437482210406,8c293a52745057c4
375962,2023,5,Medical treatment,False,0,1075_13787,True,153.383704917124,-28.081191486027198,8c293a52745057c4
375965,2023,4,Minor injury,False,0,1084_13799,True,153.429526919376,-28.0249274902546,8c293a52745057c4
375975,2023,4,Minor injury,False,0,1077_13813,True,153.394765931082,-27.963862486232497,8c293a52745057c4
375991,2023,6,Hospitalisation,True,1,1066_13807,True,153.33643493418302,-27.989313480498595,8c293a52745057c4
376005,2023,6,Medical treatment,False,0,1086_13784,True,153.442604908754,-28.0957844921445,8c293a52745057c4
376024,2023,6,Medical treatment,False,0,1049_13853,True,153.253675969916,-27.781496470468696,8c293a52745057c4
376034,2023,10,Minor injury,False,0,1081_13801,True,153.415109921988,-28.016964488722195,8c293a52745057c4
376052,2023,10,Hospitalisation,True,1,1088_13776,True,153.450090566699,-28.128385023163904,8c293a52745057c4
376065,2023,11,Medical treatment,False,0,1046_13860,True,153.23667897536902,-27.753303468525694,8c293a52745057c4
376111,2022,12,Hospitalisation,True,1,1061_13834,True,153.312646965193,-27.869626161141998,8c293a52745057c4
376126,2023,1,Hospitalisation,True,1,1062_13830,True,153.315597949855,-27.885306477564896,8c293a52745057c4
376133,2023,1,Medical treatment,False,0,1086_13790,True,153.440445912716,-28.067071491698993,8c293a52745057c4
376142,2023,2,Hospitalisation,True,1,1050_13790,True,153.256021644102,-28.066233090943506,8c293a52745057c4
376162,2024,6,Minor injury,False,0,1074_13789,True,153.377028918936,-28.072860485282302,8c293a52745057c4
376176,2024,7,Hospitalisation,True,2,1060_13798,True,153.307483931987,-28.0309734778853,8c293a52745057c4
376186,2024,7,Medical treatment,False,0,1064_13841,True,153.32814595485,-27.8358224784499,8c293a52745057c4
376199,2024,7,Hospitalisation,True,1,1078_13817,True,153.398061932778,-27.947941486443103,8c293a52745057c4
376246,2024,11,Medical treatment,False,0,1066_13806,True,153.3403639328,-27.996699480955794,8c293a52745057c4
376286,2023,8,Medical treatment,False,0,1072_13795,True,153.36648592343,-28.0470704840072,8c293a52745057c4
376288,2023,8,Medical treatment,False,0,1073_13812,True,153.375969932691,-27.967321484346204,8c293a52745057c4
376289,2023,8,Minor injury,False,0,1090_13777,True,153.459402902828,-28.127195494105194,8c293a52745057c4
376290,2023,8,Medical treatment,False,0,1083_13794,True,153.427221916636,-28.0480344902008,8c293a52745057c4
376291,2023,8,Medical treatment,False,0,1063_13821,True,153.321930512823,-27.926816002534196,8c293a52745057c4
376292,2023,8,Hospitalisation,True,1,1101_13769,True,153.518992891459,-28.1641055004854,8c293a52745057c4
376297,2023,6,Minor injury,False,0,1096_13773,True,153.492115897289,-28.1420754975638,8c293a52745057c4
376301,2023,11,Hospitalisation,True,1,1071_13808,True,153.364828931569,-27.98546248335509,8c293a52745057c4
376312,2023,9,Medical treatment,False,0,1065_13836,True,153.333277901071,-27.860864029168297,8c293a52745057c4
376314,2023,8,Hospitalisation,True,2,1070_13787,True,153.359911919604,-28.0822514836144,8c293a52745057c4
376317,2023,9,Hospitalisation,True,1,1064_13821,True,153.329896942897,-27.927244479346705,8c293a52745057c4
376319,2023,8,Medical treatment,False,0,1062_13830,True,153.316706949706,-27.8855234776792,8c293a52745057c4
376322,2023,8,Hospitalisation,True,1,1072_13803,True,153.37059935798,-28.008362479121992,8c293a52745057c4
376325,2023,8,Medical treatment,False,0,1075_13807,True,153.382771591643,-27.9929020692394,8c293a52745057c4
376326,2021,8,Hospitalisation,True,1,1064_13817,True,153.325453940963,-27.946030479043,8c293a52745057c4
376328,2023,8,Minor injury,False,0,1075_13787,True,153.381998525173,-28.082263189861905,8c293a52745057c4
376330,2023,8,Medical treatment,False,0,1084_13804,True,153.428016922036,-28.005659489949295,8c293a52745057c4
376332,2023,3,Medical treatment,False,0,1076_13805,True,153.391093926573,-28.0018644861571,8c293a52745057c4
376335,2023,5,Medical treatment,False,0,1072_13803,True,153.367763928085,-28.009953483846,8c293a52745057c4
376345,2023,10,Medical treatment,False,0,1068_13806,True,153.347748932211,-27.994988481692996,8c293a52745057c4
376369,2022,7,Hospitalisation,True,1,1061_13834,True,153.312765582144,-27.8699064791562,8c293a52745057c4
376370,2022,8,Medical treatment,False,0,1084_13805,True,153.427188923034,-27.998649489809807,8c293a52745057c4
376375,2022,8,Medical treatment,False,0,1091_13780,True,153.46445790396,-28.1141954945194,8c293a52745057c4
376381,2022,8,Medical treatment,False,0,1079_13793,True,153.403293281747,-28.052020032793205,8c293a52745057c4
376386,2022,7,Medical treatment,False,0,1081_13804,True,153.413437283808,-28.00431194845239,8c293a52745057c4
376387,2023,1,Medical treatment,False,0,1097_13770,True,153.494009894792,-28.159665497895304,8c293a52745057c4
376388,2021,9,Medical treatment,False,0,1080_13813,True,153.408028929791,-27.962623487573904,8c293a52745057c4
376409,2023,4,Hospitalisation,True,1,1085_13798,True,153.434078918218,-28.0300134907587,8c293a52745057c4
376425,2023,4,Medical treatment,False,0,1067_13803,True,153.342232931222,-28.007340481229303,8c293a52745057c4
376436,2023,4,Hospitalisation,True,1,1097_13772,True,153.498316895908,-28.1474404982398,8c293a52745057c4
376441,2023,1,Medical treatment,False,0,1097_13772,True,153.498005896012,-28.146904498203796,8c293a52745057c4
376448,2023,4,Hospitalisation,True,1,1089_13774,True,153.453992902077,-28.13756449363409,8c293a52745057c4
376457,2023,5,Hospitalisation,True,3,1069_13819,True,153.352802939154,-27.936868481750295,8c293a52745057c4
376468,2023,5,Medical treatment,False,0,1075_13817,True,153.386102934305,-27.946239485212004,8c293a52745057c4
376472,2023,6,Medical treatment,False,0,1090_13777,True,153.459075903247,-28.124244494048703,8c293a52745057c4
376474,2023,6,Hospitalisation,True,1,1061_13829,True,153.314551949283,-27.890638477500605,8c293a52745057c4
376477,2023,1,Minor injury,False,0,1086_13793,True,153.440550337127,-28.056103827623605,8c293a52745057c4
376481,2023,1,Hospitalisation,True,1,1066_13841,True,153.340045953358,-27.837355479671,8c293a52745057c4
376499,2023,6,Minor injury,False,0,1056_13845,True,153.286581961499,-27.819258474100998,8c293a52745057c4
376527,2023,11,Medical treatment,False,0,1076_13820,True,153.390660649554,-27.9327012335696,8c293a52745057c4
376540,2023,10,Minor injury,False,0,1067_13815,True,153.343690938014,-27.953438480954198,8c293a52745057c4
376542,2023,11,Minor injury,False,0,1078_13784,True,153.400949913368,-28.095547487895892,8c293a52745057c4
376549,2023,11,Medical treatment,False,0,1074_13810,True,153.379448931307,-27.975092484761298,8c293a52745057c4
376554,2023,11,Minor injury,False,0,1060_13829,True,153.309764949905,-27.889868477008605,8c293a52745057c4
376555,2023,11,Minor injury,False,0,1079_13813,True,153.405752929662,-27.965550487365,8c293a52745057c4
376563,2023,11,Medical treatment,False,0,1061_13835,True,153.313044952573,-27.8663264771564,8c293a52745057c4
376572,2023,1,Medical treatment,False,0,1080_13810,True,153.41132892756,-27.977086488023797,8c293a52745057c4
376579,2023,10,Medical treatment,False,0,1081_13804,True,153.412834924021,-28.0031784883821,8c293a52745057c4
376593,2023,3,Minor injury,False,0,1059_13844,True,153.303222959196,-27.823098475819393,8c293a52745057c4
376622,2023,3,Medical treatment,False,0,1066_13804,True,153.339803932079,-28.002758480946493,8c293a52745057c4
376629,2023,3,Hospitalisation,True,3,1046_13811,True,153.234073947477,-27.973178469991105,8c293a52745057c4
376653,2024,7,Minor injury,False,0,1086_13788,True,153.440939911619,-28.075111491812493,8c293a52745057c4
376662,2024,6,Minor injury,False,0,1087_13789,True,153.445512685436,-28.07265226025971,8c293a52745057c4
376676,2024,7,Medical treatment,False,0,1061_13830,True,153.313575949681,-27.888374477383703,8c293a52745057c4
376677,2024,7,Hospitalisation,True,1,1079_13817,True,153.406348932398,-27.943865487255298,8c293a52745057c4
376687,2024,7,Hospitalisation,True,1,1084_13809,True,153.429154925059,-27.98133648987429,8c293a52745057c4
376718,2024,6,Fatal,True,1,1044_13833,True,153.226777960803,-27.875509468485408,8c293a52745057c4
376745,2020,1,Hospitalisation,True,1,1083_13786,True,153.425801911902,-28.085765490352,8c293a52745057c4
376771,2020,9,Hospitalisation,True,1,1058_13844,True,153.296389911743,-27.824628218138088,8c293a52745057c4
376846,2020,5,Medical treatment,False,0,1070_13804,True,153.357307930123,-28.0030494827282,8c293a52745057c4
376900,2023,2,Medical treatment,False,0,1066_13822,True,153.338279942596,-27.922471480160997,8c293a52745057c4
376966,2023,1,Hospitalisation,True,1,1073_13821,True,153.3754759379,-27.9273754839821,8c293a52745057c4
377059,2020,2,Minor injury,False,0,1074_13808,True,153.380380919775,-27.986162484943105,8c293a52745057c4
377119,2022,3,Medical treatment,False,0,1082_13791,True,153.418464915382,-28.065138489442198,8c293a52745057c4
377128,2022,2,Medical treatment,False,0,1078_13819,True,153.396892511495,-27.935633929227304,8c293a52745057c4
377155,2024,7,Minor injury,False,0,1066_13806,True,153.340423654904,-27.9958417769552,8c293a52745057c4
377174,2022,4,Hospitalisation,True,1,1078_13819,True,153.399631933817,-27.938568486529398,8c293a52745057c4
377250,2020,8,Medical treatment,False,0,1063_13821,True,153.324859943575,-27.9262554788273,8c293a52745057c4
377254,2020,10,Hospitalisation,True,1,1079_13815,True,153.401877567257,-27.956482600898898,8c293a52745057c4
377256,2020,10,Minor injury,False,0,1055_13830,True,153.280322953189,-27.889307474017304,8c293a52745057c4
377304,2021,4,Medical treatment,False,0,1068_13812,True,153.34690616954,-27.969893456410304,8c293a52745057c4
377313,2021,4,Medical treatment,False,0,1059_13841,True,153.302794957561,-27.836197475879,8c293a52745057c4
377337,2020,8,Hospitalisation,True,1,1078_13783,True,153.39765591352403,-28.097140487572805,8c293a52745057c4
377388,2021,8,Medical treatment,False,0,1074_13810,True,153.379987930918,-27.977652484836298,8c293a52745057c4
377391,2021,9,Hospitalisation,True,1,1085_13794,True,153.436014483469,-28.049588716109803,8c293a52745057c4
377444,2023,4,Minor injury,False,0,1071_13854,True,153.364319934002,-27.78072944669309,8c293a52745057c4
377513,2023,1,Medical treatment,False,0,1086_13793,True,153.44040091426,-28.055201491601295,8c293a52745057c4
377521,2021,3,Medical treatment,False,0,1069_13833,True,153.35150094768102,-27.871781481106304,8c293a52745057c4
377542,2022,3,Minor injury,False,0,1075_13815,True,153.383628923575,-27.953987475021,8c293a52745057c4
377560,2023,7,Medical treatment,False,0,1074_13816,True,153.378072934791,-27.9492694844184,8c293a52745057c4
377564,2020,1,Hospitalisation,True,1,1069_13817,True,153.355256069784,-27.9454111100669,8c293a52745057c4
377573,2020,10,Hospitalisation,True,1,1053_13819,True,153.272232928867,-27.937617350576904,8c293a52745057c4
377585,2021,9,Hospitalisation,True,1,1057_13849,True,153.292722963315,-27.799903474571504,8c293a52745057c4
377607,2021,9,Hospitalisation,True,1,1077_13790,True,153.393045917867,-28.067516486871003,8c293a52745057c4
377712,2024,10,Hospitalisation,True,1,1046_13854,True,153.236020972073,-27.7796264686664,8c293a52745057c4
377871,2023,1,Minor injury,False,0,1061_13837,True,153.313433953922,-27.8555034771108,8c293a52745057c4
377877,2023,1,Medical treatment,False,0,1067_13810,True,153.344134600878,-27.977382755187392,8c293a52745057c4
377906,2020,9,Minor injury,False,0,1062_13844,True,153.317051957421,-27.825210477239704,8c293a52745057c4
377916,2021,1,Medical treatment,False,0,1077_13808,True,153.396437927739,-27.988311486594903,8c293a52745057c4
377922,2021,2,Hospitalisation,True,1,1078_13808,True,153.401391927241,-27.9879714870968,8c293a52745057c4
377937,2020,4,Hospitalisation,True,1,1081_13813,True,153.411854929172,-27.964174487975903,8c293a52745057c4
377998,2020,8,Hospitalisation,True,1,1076_13798,True,153.390508922992,-28.030055486318794,8c293a52745057c4
378004,2024,10,Hospitalisation,True,1,1076_13818,True,153.386986934977,-27.940280485255194,8c293a52745057c4
378005,2023,4,Medical treatment,False,0,1063_13842,True,153.323993450828,-27.831730841995906,8c293a52745057c4
378007,2023,4,Medical treatment,False,0,1066_13806,True,153.339993933153,-27.994275480899205,8c293a52745057c4
378045,2020,1,Minor injury,False,0,1066_13822,True,153.338047942641,-27.922315480136195,8c293a52745057c4
378076,2020,2,Medical treatment,False,0,1079_13783,True,153.403978912694,-28.0981774882251,8c293a52745057c4
378127,2020,3,Medical treatment,False,0,1059_13838,True,153.300452956054,-27.8499174757493,8c293a52745057c4
378154,2020,3,Medical treatment,False,0,1073_13820,True,153.374470937485,-27.931449483911795,8c293a52745057c4
378166,2020,2,Medical treatment,False,0,1093_13775,True,153.474645900249,-28.134117495716193,8c293a52745057c4
378210,2023,3,Minor injury,False,0,1081_13798,True,153.41675792013,-28.0299174889919,8c293a52745057c4
378268,2024,8,Hospitalisation,True,1,1076_13803,True,153.391262925536,-28.009739486236096,8c293a52745057c4
378269,2024,8,Medical treatment,False,0,1083_13777,True,153.425839906671,-28.126067490671804,8c293a52745057c4
378279,2024,8,Medical treatment,False,0,1077_13790,True,153.395055917591,-28.0679424870791,8c293a52745057c4
378293,2024,8,Medical treatment,False,0,1075_13789,True,153.38309691863904,-28.0700044858776,8c293a52745057c4
378680,2021,3,Minor injury,False,0,1061_13833,True,153.314038951444,-27.874269477319796,8c293a52745057c4
378720,2022,9,Hospitalisation,True,1,1069_13801,True,153.352454928933,-28.016391482339497,8c293a52745057c4
378740,2023,5,Hospitalisation,True,1,1037_13840,True,153.188174969385,-27.8413474643138,8c293a52745057c4
378793,2023,11,Hospitalisation,True,1,1083_13781,True,153.424185909071,-28.10896749036919,8c293a52745057c4
378801,2023,11,Minor injury,False,0,1063_13821,True,153.323679943687,-27.926386478708498,8c293a52745057c4
378876,2023,1,Hospitalisation,True,2,1074_13814,True,153.378617933385,-27.959705484555894,8c293a52745057c4
379213,2023,3,Medical treatment,False,0,1079_13782,True,153.40623091148,-28.105636488513007,8c293a52745057c4
379614,2020,12,Hospitalisation,True,1,1086_13790,True,153.440365912744,-28.066920491689693,8c293a52745057c4
379946,2022,7,Medical treatment,False,0,1075_13817,True,153.386138934318,-27.9461054852146,8c293a52745057c4
380044,2024,7,Minor injury,False,0,1060_13844,True,153.30890795862,-27.82276547639369,8c293a52745057c4
380084,2024,9,Hospitalisation,True,1,1060_13823,True,153.305637946702,-27.918275476813008,8c293a52745057c4
380117,2020,9,Hospitalisation,True,5,1064_13854,True,153.325827375433,-27.7787573277651,8c293a52745057c4
380130,2023,9,Hospitalisation,True,1,1070_13803,True,153.357723706139,-28.010316670827596,8c293a52745057c4
380131,2023,9,Hospitalisation,True,1,1046_13861,True,153.234492976381,-27.747242468256697,8c293a52745057c4
380139,2023,9,Medical treatment,False,0,1063_13823,True,153.323321944517,-27.9202384786238,8c293a52745057c4
380149,2023,9,Medical treatment,False,0,1084_13797,True,153.431226917993,-28.034161490500395,8c293a52745057c4
380166,2020,3,Medical treatment,False,0,1070_13822,True,153.355996357495,-27.923752621971996,8c293a52745057c4
380188,2020,5,Hospitalisation,True,1,1062_13843,True,153.316679957096,-27.8280504772243,8c293a52745057c4
380189,2021,2,Medical treatment,False,0,1081_13807,True,153.412516925811,-27.989606488243098,8c293a52745057c4
380194,2020,7,Medical treatment,False,0,1062_13825,True,153.317198946525,-27.9098324779203,8c293a52745057c4
380199,2020,7,Hospitalisation,True,1,1071_13834,True,153.36325294652,-27.870848482293997,8c293a52745057c4
380204,2020,7,Medical treatment,False,0,1084_13801,True,153.432088920219,-28.0162444904477,8c293a52745057c4
380211,2020,7,Medical treatment,False,0,1055_13824,True,153.28341694984303,-27.912729474515206,8c293a52745057c4
380213,2023,10,Hospitalisation,True,1,1076_13829,True,153.388541941004,-27.892260485036005,8c293a52745057c4
380232,2021,1,Hospitalisation,True,1,1060_13836,True,153.309171953892,-27.8593544767084,8c293a52745057c4
380243,2020,12,Hospitalisation,True,1,1064_13838,True,153.327917953133,-27.849372478533393,8c293a52745057c4
380247,2021,1,Hospitalisation,True,2,1049_13796,True,153.252687936844,-28.0400034724002,8c293a52745057c4
380248,2021,1,Medical treatment,False,0,1071_13817,True,153.365177936716,-27.945282483074994,8c293a52745057c4
380291,2021,6,Medical treatment,False,0,1081_13808,True,153.41188292628703,-27.986465488153904,8c293a52745057c4
380297,2021,6,Medical treatment,False,0,1078_13810,True,153.397196928894,-27.978737486596998,8c293a52745057c4
380301,2021,6,Medical treatment,False,0,1053_13838,True,153.273980958918,-27.8500684730658,8c293a52745057c4
380303,2021,6,Medical treatment,False,0,1076_13795,True,153.388508921407,-28.044005486224595,8c293a52745057c4
380306,2021,5,Minor injury,False,0,1073_13809,True,153.372063931181,-27.9823304840666,8c293a52745057c4
380341,2020,8,Minor injury,False,0,1078_13819,True,153.397790934405,-27.9355704863183,8c293a52745057c4
380348,2023,5,Hospitalisation,True,1,1070_13813,True,153.357575973354,-27.9622851374354,8c293a52745057c4
380361,2023,8,Medical treatment,False,0,1046_13860,True,153.235829707837,-27.750366859416605,8c293a52745057c4
380364,2023,8,Medical treatment,False,0,1085_13787,True,153.434809911677,-28.079863491224398,8c293a52745057c4
380375,2020,7,Hospitalisation,True,1,1074_13797,True,153.377174177453,-28.0378128550222,8c293a52745057c4
380376,2023,2,Medical treatment,False,0,1107_13769,True,153.54853488827501,-28.1635455035058,8c293a52745057c4
380388,2020,9,Hospitalisation,True,2,1080_13794,True,153.40890091869,-28.047705488330706,8c293a52745057c4
380390,2021,4,Minor injury,False,0,1085_13792,True,153.437538913954,-28.059984491346803,8c293a52745057c4
380397,2020,10,Minor injury,False,0,1084_13774,True,153.428477904518,-28.140416491053305,8c293a52745057c4
380403,2023,2,Medical treatment,False,0,1058_13862,True,153.297229375257,-27.7419413965721,8c293a52745057c4
383888,2022,5,Medical treatment,False,0,1068_13812,True,153.346493935974,-27.966881481344707,8c293a52745057c4
383902,2020,10,Hospitalisation,True,1,1056_13803,True,153.285224972108,-28.0101920904639,8c293a52745057c4
383908,2020,10,Minor injury,False,0,1062_13824,True,153.319090945903,-27.9130604781377,8c293a52745057c4
383910,2020,10,Medical treatment,False,0,1052_13771,True,153.268040920705,-28.152138474834498,8c293a52745057c4
383914,2020,10,Hospitalisation,True,1,1050_13826,True,153.25614044461,-27.906594393702402,8c293a52745057c4
383923,2021,10,Medical treatment,False,0,1083_13786,True,153.425626911916,-28.085806490334495,8c293a52745057c4
383930,2020,10,Hospitalisation,True,2,1070_13787,True,153.359911919604,-28.0822514836144,8c293a52745057c4
383985,2020,9,Hospitalisation,True,1,1078_13814,True,153.399083931161,-27.959593486638788,8c293a52745057c4
384054,2024,6,Medical treatment,False,0,1080_13817,True,153.406876931938,-27.9469844873336,8c293a52745057c4
384084,2024,11,Medical treatment,False,0,1061_13836,True,153.312154953304,-27.861400477027296,8c293a52745057c4
384092,2024,8,Hospitalisation,True,1,1078_13811,True,153.401479929421,-27.97102548697269,8c293a52745057c4
384100,2024,8,Hospitalisation,True,1,1068_13776,True,153.348945914634,-28.130016482873696,8c293a52745057c4
384112,2024,8,Medical treatment,False,0,1084_13792,True,153.429565914767,-28.0604674905374,8c293a52745057c4
384158,2022,3,Medical treatment,False,0,1050_13852,True,153.257474306909,-27.78613908489,8c293a52745057c4
384181,2021,7,Hospitalisation,True,1,1044_13846,True,153.224738968604,-27.816321467813605,8c293a52745057c4
384183,2024,1,Hospitalisation,True,1,1062_13827,True,153.31505494779003,-27.9018244776396,8c293a52745057c4
384187,2024,2,Hospitalisation,True,1,1078_13806,True,153.399795926496,-27.995080486990005,8c293a52745057c4
384200,2024,2,Medical treatment,False,0,1076_13828,True,153.38861194078,-27.89393548505629,8c293a52745057c4
384202,2024,2,Medical treatment,False,0,1061_13834,True,153.31268895245202,-27.8675704771301,8c293a52745057c4
384208,2024,6,Medical treatment,False,0,1089_13777,True,153.455660903132,-28.128027493729697,8c293a52745057c4
384210,2024,6,Minor injury,False,0,1064_13821,True,153.330036942996,-27.926358479354,8c293a52745057c4
384219,2024,4,Medical treatment,False,0,1070_13810,True,153.360087933289,-27.9761584827998,8c293a52745057c4
384238,2024,6,Hospitalisation,True,1,1055_13824,True,153.282518949798,-27.9138424744328,8c293a52745057c4
384247,2024,6,Medical treatment,False,0,1076_13786,True,153.391394915858,-28.0844354868356,8c293a52745057c4
384261,2021,4,Medical treatment,False,0,1049_13855,True,153.252613970716,-27.776149470318995,8c293a52745057c4
384298,2024,12,Minor injury,False,0,1077_13819,True,153.393419934944,-27.9350924858694,8c293a52745057c4
384327,2022,10,Fatal,True,3,1047_13808,True,153.243073944513,-27.988568471023008,8c293a52745057c4
384329,2024,1,Fatal,True,1,1075_13800,True,153.383992924512,-28.023831485606497,8c293a52745057c4
384339,2024,7,Hospitalisation,True,1,1096_13774,True,153.491492897479,-28.141142497492805,8c293a52745057c4
384343,2024,7,Medical treatment,False,0,1078_13793,True,153.39956991892402,-28.053811487428,8c293a52745057c4
384358,2024,7,Hospitalisation,True,2,1078_13811,True,153.40109492895704,-27.97494548696419,8c293a52745057c4
384360,2024,7,Minor injury,False,0,1061_13837,True,153.312032953938,-27.856565476976908,8c293a52745057c4
384362,2024,7,Minor injury,False,0,1092_13772,True,153.47109289876,-28.148582495466595,8c293a52745057c4
384363,2024,7,Medical treatment,False,0,1077_13806,True,153.392713927104,-27.996383486279004,8c293a52745057c4
384377,2024,2,Hospitalisation,True,1,1053_13840,True,153.272378960179,-27.841603472836802,8c293a52745057c4
384380,2024,2,Medical treatment,False,0,1081_13805,True,153.414245924574,-27.997706488482997,8c293a52745057c4
384392,2024,2,Medical treatment,False,0,1064_13841,True,153.327736954607,-27.838059478426,8c293a52745057c4
384407,2022,12,Medical treatment,False,0,1087_13788,True,153.44325291111403,-28.0770484920636,8c293a52745057c4
384412,2022,12,Hospitalisation,True,1,1094_13773,True,153.479480898174,-28.145979496303095,8c293a52745057c4
384417,2022,12,Hospitalisation,True,2,1077_13809,True,153.3930329288,-27.982990486206297,8c293a52745057c4
384418,2022,12,Minor injury,False,0,1070_13787,True,153.359911919604,-28.0822514836144,8c293a52745057c4
384421,2022,12,Hospitalisation,True,1,1076_13810,True,153.388218930112,-27.97691448566839,8c293a52745057c4
384431,2022,12,Minor injury,False,0,1076_13798,True,153.387532923042,-28.032194486032505,8c293a52745057c4
384446,2022,5,Hospitalisation,True,1,1083_13810,True,153.424669926332,-27.975298489369603,8c293a52745057c4
384449,2022,6,Minor injury,False,0,1062_13805,True,153.317727934743,-28.000871478689103,8c293a52745057c4
384450,2022,6,Medical treatment,False,0,1100_13769,True,153.511691892714,-28.160648499711307,8c293a52745057c4
384457,2022,6,Medical treatment,False,0,1088_13785,True,153.449312908891,-28.089049492776205,8c293a52745057c4
384459,2022,6,Minor injury,False,0,1085_13797,True,153.435689556293,-28.035785146968305,8c293a52745057c4
384462,2022,6,Medical treatment,False,0,1074_13805,True,153.378492928292,-27.999243484853704,8c293a52745057c4
384463,2022,6,Medical treatment,False,0,1086_13791,True,153.437741913484,-28.0634414913947,8c293a52745057c4
384469,2022,6,Medical treatment,False,0,1047_13858,True,153.242948973954,-27.759045469205596,8c293a52745057c4
384480,2020,5,Medical treatment,False,0,1084_13801,True,153.429345920584,-28.0157544901641,8c293a52745057c4
384485,2022,4,Hospitalisation,True,1,1082_13801,True,153.419475921415,-28.017686489172895,8c293a52745057c4
384486,2023,1,Medical treatment,False,0,1066_13822,True,153.338047942641,-27.922315480136195,8c293a52745057c4
384487,2022,4,Medical treatment,False,0,1084_13803,True,153.427629921691,-28.0086524899333,8c293a52745057c4
384490,2022,4,Hospitalisation,True,1,1060_13837,True,153.309634954324,-27.855593476725797,8c293a52745057c4
384507,2023,4,Medical treatment,False,0,1060_13835,True,153.307291953645,-27.862870476545297,8c293a52745057c4
384508,2023,4,Medical treatment,False,0,1080_13802,True,153.411168922618,-28.015432488308598,8c293a52745057c4
384516,2024,2,Fatal,True,1,1049_13785,True,153.252712930621,-28.088325472781598,8c293a52745057c4
384518,2024,7,Medical treatment,False,0,1077_13789,True,153.39449391740402,-28.069864487036888,8c293a52745057c4
384541,2024,7,Medical treatment,False,0,1045_13811,True,153.230431948065,-27.971702469610904,8c293a52745057c4
384571,2023,12,Medical treatment,False,0,1071_13821,True,153.364552939013,-27.927996482875592,8c293a52745057c4
384574,2023,7,Hospitalisation,True,1,1086_13793,True,153.43985991459,-28.0531164915297,8c293a52745057c4
384593,2024,3,Hospitalisation,True,1,1085_13798,True,153.434434917999,-28.031403490805886,8c293a52745057c4
384607,2023,9,Minor injury,False,0,1056_13862,True,153.288056683222,-27.742170034643394,8c293a52745057c4
384624,2023,9,Hospitalisation,True,3,1062_13832,True,153.315388950866,-27.8776204774832,8c293a52745057c4
384649,2022,10,Medical treatment,False,0,1061_13827,True,153.31469403773,-27.90259179460899,8c293a52745057c4
384657,2022,6,Medical treatment,False,0,1049_13790,True,153.251954933281,-28.068317472547896,8c293a52745057c4
384662,2022,7,Hospitalisation,True,1,1076_13831,True,153.387865942064,-27.884612484907,8c293a52745057c4
384666,2022,7,Hospitalisation,True,1,1082_13779,True,153.41816690844803,-28.118885489833293,8c293a52745057c4
384670,2022,10,Medical treatment,False,0,1088_13785,True,153.451929148629,-28.0888514740416,8c293a52745057c4
384673,2022,7,Medical treatment,False,0,1076_13822,True,153.387822937272,-27.921790485194908,8c293a52745057c4
384674,2022,7,Minor injury,False,0,1068_13814,True,153.349730096371,-27.961056572627992,8c293a52745057c4
384679,2022,8,Minor injury,False,0,1084_13798,True,153.429953918723,-28.029609490334796,8c293a52745057c4
384681,2022,8,Hospitalisation,True,1,1084_13800,True,153.428884919857,-28.021752490164207,8c293a52745057c4
384691,2022,8,Hospitalisation,True,1,1087_13785,True,153.445553909224,-28.089668492397397,8c293a52745057c4
384692,2022,8,Medical treatment,False,0,1080_13813,True,153.407114929849,-27.9629434874833,8c293a52745057c4
384742,2024,12,Hospitalisation,True,1,1077_13785,True,153.392596914842,-28.091261487011497,8c293a52745057c4
384755,2024,2,Hospitalisation,True,1,1080_13815,True,153.408746930696,-27.955015487587303,8c293a52745057c4
384764,2024,2,Medical treatment,False,0,1057_13845,True,153.2901419609,-27.820907474475003,8c293a52745057c4
384765,2024,2,Minor injury,False,0,1093_13775,True,153.47782489962,-28.136263496057804,8c293a52745057c4
384766,2024,2,Medical treatment,False,0,1077_13812,True,153.393925930377,-27.970028486195396,8c293a52745057c4
384769,2024,2,Minor injury,False,0,1074_13810,True,153.380877930935,-27.976763484919896,8c293a52745057c4
384791,2024,4,Minor injury,False,0,1082_13782,True,153.421822909749,-28.105751490103,8c293a52745057c4
384792,2023,11,Minor injury,False,0,1074_13813,True,153.376209933007,-27.964673484349802,8c293a52745057c4
384798,2023,9,Medical treatment,False,0,1093_13776,True,153.476255208835,-28.1282425958345,8c293a52745057c4
384801,2024,4,Hospitalisation,True,1,1081_13812,True,153.416374928401,-27.9663114884534,8c293a52745057c4
384810,2024,1,Medical treatment,False,0,1045_13863,True,153.230382978077,-27.737469467763695,8c293a52745057c4
384819,2024,6,Hospitalisation,True,1,1072_13854,True,153.365760957819,-27.780938481841396,8c293a52745057c4
384835,2024,6,Minor injury,False,0,1084_13805,True,153.427184923088,-27.998235489806206,8c293a52745057c4
384868,2022,11,Minor injury,False,0,1066_13822,True,153.337799942667,-27.922322480111003,8c293a52745057c4
384877,2024,9,Medical treatment,False,0,1071_13812,True,153.36180493404,-27.968885482917297,8c293a52745057c4
384905,2023,1,Hospitalisation,True,2,1080_13802,True,153.411539933873,-28.013148725328396,8c293a52745057c4
384910,2023,6,Minor injury,False,0,1083_13782,True,153.42540590985004,-28.1019314904384,8c293a52745057c4
384920,2023,6,Hospitalisation,True,2,1061_13828,True,153.314979537562,-27.8958850785853,8c293a52745057c4
384923,2023,6,Hospitalisation,True,1,1080_13796,True,153.408107919866,-28.0392884881839,8c293a52745057c4
384925,2024,5,Medical treatment,False,0,1083_13786,True,153.423486912134,-28.085941490117396,8c293a52745057c4
384938,2024,5,Medical treatment,False,0,1080_13810,True,153.407915928088,-27.975891487666598,8c293a52745057c4
384940,2024,6,Hospitalisation,True,1,1062_13826,True,153.319105946666,-27.907117478092594,8c293a52745057c4
384959,2024,6,Minor injury,False,0,1081_13802,True,153.41216092292,-28.0122594883847,8c293a52745057c4
384960,2024,6,Medical treatment,False,0,1057_13846,True,153.292178961473,-27.81471847463289,8c293a52745057c4
384963,2024,6,Medical treatment,False,0,1060_13837,True,153.309618954325,-27.855604476724295,8c293a52745057c4
384973,2024,12,Minor injury,False,0,1085_13797,True,153.434931917585,-28.0341774908784,8c293a52745057c4
384999,2021,4,Medical treatment,False,0,1086_13788,True,153.44242741217303,-28.0772944679813,8c293a52745057c4
385004,2023,3,Minor injury,False,0,1065_13825,True,153.330305945297,-27.908253479239,8c293a52745057c4
385005,2024,9,Hospitalisation,True,1,1061_13829,True,153.31288842250004,-27.890363042329597,8c293a52745057c4
385012,2024,10,Hospitalisation,True,1,1065_13803,True,153.331811931927,-28.010738480197,8c293a52745057c4
385016,2024,10,Minor injury,False,0,1090_13783,True,153.461015906151,-28.1002404940586,8c293a52745057c4
385020,2024,10,Minor injury,False,0,1080_13808,True,153.410702926547,-27.985448488025593,8c293a52745057c4
385032,2024,7,Medical treatment,False,0,1075_13787,True,153.384123917083,-28.0811504860695,8c293a52745057c4
385038,2023,6,Hospitalisation,True,1,1082_13795,True,153.420007917705,-28.045890489448492,8c293a52745057c4
385047,2023,6,Hospitalisation,True,1,1083_13805,True,153.426413923132,-27.998551489730005,8c293a52745057c4
385070,2024,6,Hospitalisation,True,1,1090_13778,True,153.462802129106,-28.122171840412893,8c293a52745057c4
385075,2024,9,Medical treatment,False,0,1086_13775,True,153.442208903657,-28.135396492414607,8c293a52745057c4
385081,2024,9,Medical treatment,False,0,1062_13825,True,153.317856946367,-27.9105014779923,8c293a52745057c4
385094,2024,9,Minor injury,False,0,1084_13805,True,153.431145922181,-28.0018884902388,8c293a52745057c4
385114,2022,8,Minor injury,False,0,1083_13783,True,153.425498909923,-28.101282490442802,8c293a52745057c4
385119,2022,4,Medical treatment,False,0,1066_13817,True,153.339600363319,-27.946786171486195,8c293a52745057c4
385123,2022,9,Hospitalisation,True,1,1069_13794,True,153.355301924537,-28.0480084828771,8c293a52745057c4
385141,2022,9,Minor injury,False,0,1083_13782,True,153.425571909884,-28.101521490452097,8c293a52745057c4
385142,2022,9,Minor injury,False,0,1080_13814,True,153.41130292984,-27.959476487882796,8c293a52745057c4
385143,2022,9,Hospitalisation,True,1,1075_13799,True,153.385990783615,-28.029070106851005,8c293a52745057c4
385149,2022,9,Medical treatment,False,0,1083_13782,True,153.42545890991002,-28.101420490439804,8c293a52745057c4
385150,2022,6,Minor injury,False,0,1062_13830,True,153.31546594985,-27.885458477552696,8c293a52745057c4
385154,2023,3,Hospitalisation,True,1,1089_13785,True,153.45711490788602,-28.09017749358139,8c293a52745057c4
385156,2023,3,Medical treatment,False,0,1085_13794,True,153.433153915847,-28.049092490814104,8c293a52745057c4
385159,2023,3,Medical treatment,False,0,1081_13803,True,153.412222923153,-28.010403488376493,8c293a52745057c4
385173,2022,5,Hospitalisation,True,1,1063_13817,True,153.320310788551,-27.9458326085191,8c293a52745057c4
385179,2022,5,Hospitalisation,True,1,1080_13810,True,153.411409927498,-27.9774954880352,8c293a52745057c4
385180,2022,6,Medical treatment,False,0,1085_13782,True,153.433025132985,-28.102135545217003,8c293a52745057c4
385181,2022,6,Medical treatment,False,0,1081_13804,True,153.413213923676,-28.005524488439193,8c293a52745057c4
385182,2022,6,Hospitalisation,True,1,1061_13834,True,153.313153952294,-27.868404477183798,8c293a52745057c4
385185,2022,6,Minor injury,False,0,1070_13792,True,153.35929874959,-28.059674866374998,8c293a52745057c4
385199,2022,8,Medical treatment,False,0,1076_13806,True,153.389297927526,-27.996016485928298,8c293a52745057c4
385207,2021,1,Hospitalisation,True,1,1069_13852,True,153.354113958481,-27.785614480693702,8c293a52745057c4
385210,2023,2,Medical treatment,False,0,1075_13798,True,153.385983923157,-28.032622485878196,8c293a52745057c4
385226,2021,4,Hospitalisation,True,3,1084_13803,True,153.427814921732,-28.008183489948493,8c293a52745057c4
385243,2024,11,Hospitalisation,True,1,1103_13767,True,153.525297890034,-28.1697045011745,8c293a52745057c4
385246,2024,10,Hospitalisation,True,1,1077_13831,True,153.392415941792,-27.8828774853566,8c293a52745057c4
385249,2024,10,Hospitalisation,True,1,1071_13817,True,153.361082937152,-27.945368482659198,8c293a52745057c4
385257,2024,10,Hospitalisation,True,1,1049_13858,True,153.249317973179,-27.759704469855702,8c293a52745057c4
385266,2024,10,Medical treatment,False,0,1082_13791,True,153.418739915352,-28.065135489470194,8c293a52745057c4
385269,2024,9,Minor injury,False,0,1083_13809,True,153.422000926071,-27.979572489131,8c293a52745057c4
385271,2024,10,Minor injury,False,0,1076_13831,True,153.387865942064,-27.884612484907,8c293a52745057c4
385293,2024,6,Medical treatment,False,0,1073_13813,True,153.374025933282,-27.964392484125405,8c293a52745057c4
385294,2024,5,Medical treatment,False,0,1071_13813,True,153.364865934422,-27.963323483185004,8c293a52745057c4
385307,2023,10,Hospitalisation,True,1,1051_13827,True,153.263811870645,-27.899800358426194,8c293a52745057c4
385311,2023,10,Hospitalisation,True,1,1064_13806,True,153.329546934399,-27.993490479831497,8c293a52745057c4
385318,2023,10,Hospitalisation,True,1,1051_13850,True,153.26105896724002,-27.796128471331794,8c293a52745057c4
385327,2023,10,Minor injury,False,0,1080_13813,True,153.40746892945103,-27.965727487541194,8c293a52745057c4
385374,2023,5,Hospitalisation,True,1,1075_13798,True,153.385983923157,-28.032622485878196,8c293a52745057c4
385382,2023,5,Hospitalisation,True,1,1076_13820,True,153.386240936101,-27.93220548511569,8c293a52745057c4
385383,2023,5,Hospitalisation,True,1,1076_13810,True,153.388408930116,-27.976720485686204,8c293a52745057c4
385402,2024,5,Hospitalisation,True,1,1062_13835,True,153.315337952285,-27.866627477391596,8c293a52745057c4
385405,2023,6,Minor injury,False,0,1074_13832,True,153.376608944185,-27.877677483706602,8c293a52745057c4
385414,2022,6,Medical treatment,False,0,1061_13833,True,153.314084951409,-27.874500477326304,8c293a52745057c4
385419,2022,9,Hospitalisation,True,1,1080_13810,True,153.411322927533,-27.977305488024903,8c293a52745057c4
385427,2022,11,Hospitalisation,True,1,1079_13782,True,153.403494071174,-28.1026066592104,8c293a52745057c4
385428,2022,11,Hospitalisation,True,1,1092_13775,True,153.469476900927,-28.133283495181598,8c293a52745057c4
385431,2022,11,Minor injury,False,0,1066_13817,True,153.339692939475,-27.945491480485497,8c293a52745057c4
385433,2022,9,Minor injury,False,0,1072_13820,True,153.370511921105,-27.929991712497507,8c293a52745057c4
385445,2024,5,Hospitalisation,True,1,1060_13837,True,153.308910954189,-27.857261476665496,8c293a52745057c4
385447,2024,5,Medical treatment,False,0,1057_13845,True,153.289608961332,-27.817993474398,8c293a52745057c4
385468,2023,10,Medical treatment,False,0,1080_13803,True,153.409868923327,-28.011052488141704,8c293a52745057c4
385474,2023,6,Medical treatment,False,0,1091_13774,True,153.464087900838,-28.138538494672495,8c293a52745057c4
385481,2023,6,Hospitalisation,True,1,1060_13800,True,153.308453932896,-28.023098477922,8c293a52745057c4
385482,2023,9,Medical treatment,False,0,1068_13801,True,153.348617929416,-28.015909481945602,8c293a52745057c4
385483,2023,6,Hospitalisation,True,1,1084_13779,True,153.42851390766,-28.116174490866992,8c293a52745057c4
385484,2023,6,Hospitalisation,True,2,1061_13829,True,153.314923949201,-27.890962477540903,8c293a52745057c4
385486,2023,6,Hospitalisation,True,2,1066_13820,True,153.337461941172,-27.934218480170195,8c293a52745057c4
385492,2023,6,Hospitalisation,True,3,1068_13811,True,153.346845935352,-27.971402481416003,8c293a52745057c4
385501,2024,11,Hospitalisation,True,1,1085_13780,True,153.434550907291,-28.113896491464796,8c293a52745057c4
385503,2024,3,Medical treatment,False,0,1079_13817,True,153.40616693224703,-27.945188487247194,8c293a52745057c4
385505,2024,11,Minor injury,False,0,1071_13832,True,153.362451945719,-27.877742482266797,8c293a52745057c4
385515,2024,11,Hospitalisation,True,1,1068_13802,True,153.34809792962102,-28.014758481883696,8c293a52745057c4
385518,2024,11,Minor injury,False,0,1080_13803,True,153.410010923487,-28.009695488145493,8c293a52745057c4
385519,2024,11,Minor injury,False,0,1066_13805,True,153.339536932326,-28.001075480906103,8c293a52745057c4
385520,2024,8,Hospitalisation,True,1,1092_13779,True,153.4697299031,-28.1163464950747,8c293a52745057c4
385566,2023,6,Medical treatment,False,0,1074_13787,True,153.381003917202,-28.08288148576551,8c293a52745057c4
385572,2023,6,Minor injury,False,0,1078_13817,True,153.397406932867,-27.947804486375396,8c293a52745057c4
385611,2022,9,Minor injury,False,0,1066_13806,True,153.34035725377,-27.996937951956998,8c293a52745057c4
385617,2023,5,Hospitalisation,True,1,1091_13781,True,153.465265904704,-28.107783494551697,8c293a52745057c4
385634,2023,9,Medical treatment,False,0,1058_13843,True,153.297795959169,-27.827913475306605,8c293a52745057c4
385638,2023,9,Hospitalisation,True,1,1077_13784,True,153.396744913693,-28.0966154874759,8c293a52745057c4
385641,2023,6,Hospitalisation,True,1,1076_13790,True,153.39069791831,-28.066086486620698,8c293a52745057c4
385643,2023,6,Medical treatment,False,0,1070_13830,True,153.360446944796,-27.88660948213259,8c293a52745057c4
385654,2023,6,Hospitalisation,True,1,1078_13819,True,153.398648037964,-27.938263596426797,8c293a52745057c4
385658,2023,12,Hospitalisation,True,1,1078_13792,True,153.396870918882,-28.056426487173606,8c293a52745057c4
385689,2024,12,Minor injury,False,0,1067_13815,True,153.345147937405,-27.9569244811297,8c293a52745057c4
385706,2024,7,Hospitalisation,True,1,1092_13773,True,153.468908899858,-28.141985495191804,8c293a52745057c4
385707,2024,12,Minor injury,False,0,1066_13853,True,153.335073960839,-27.783351478740602,8c293a52745057c4
385729,2024,9,Medical treatment,False,0,1071_13789,True,153.363322920462,-28.0727194838867,8c293a52745057c4
385799,2024,3,Minor injury,False,0,1071_13812,True,153.36391793383,-27.968717483130895,8c293a52745057c4
385803,2023,10,Hospitalisation,True,3,1083_13814,True,153.426764928029,-27.9604024894662,8c293a52745057c4
385804,2023,10,Hospitalisation,True,1,1081_13806,True,153.413424925211,-27.993477488366104,8c293a52745057c4
385806,2024,4,Minor injury,False,0,1067_13815,True,153.343572938071,-27.953099480939596,8c293a52745057c4
385808,2024,5,Medical treatment,False,0,1056_13825,True,153.288819949679,-27.909410475037006,8c293a52745057c4
385863,2024,12,Minor injury,False,0,1105_13768,True,153.53698788907704,-28.167151502351302,8c293a52745057c4
385973,2024,9,Medical treatment,False,0,1082_13788,True,153.42199391367,-28.075352489882096,8c293a52745057c4
385975,2024,9,Minor injury,False,0,1072_13795,True,153.367171923434,-28.0464504840722,8c293a52745057c4
386026,2022,2,Hospitalisation,True,1,1055_13800,True,153.281175935668,-28.024823475168102,8c293a52745057c4
386030,2023,11,Medical treatment,False,0,1057_13836,True,153.29407371832,-27.861041479189602,8c293a52745057c4
386031,2022,2,Medical treatment,False,0,1064_13821,True,153.328800943163,-27.9261044792264,8c293a52745057c4
386032,2020,7,Medical treatment,False,0,1077_13819,True,153.391789935138,-27.934972485702488,8c293a52745057c4
386049,2020,7,Medical treatment,False,0,1075_13810,True,153.3849949305,-27.976639485337998,8c293a52745057c4
386244,2024,5,Medical treatment,False,0,1065_13820,True,153.333268942022,-27.931174479720205,8c293a52745057c4
386245,2024,9,Medical treatment,False,0,1079_13783,True,153.402239912733,-28.0993544880571,8c293a52745057c4
386256,2024,9,Hospitalisation,True,1,1069_13801,True,153.353435928545,-28.018561482456306,8c293a52745057c4
386261,2024,8,Medical treatment,False,0,1077_13808,True,153.39243492825,-27.987751486182795,8c293a52745057c4
386262,2024,9,Minor injury,False,0,1061_13833,True,153.313283951492,-27.8745364772453,8c293a52745057c4
386267,2020,6,Hospitalisation,True,1,1060_13807,True,153.308229936981,-27.9915864776519,8c293a52745057c4
386273,2020,6,Hospitalisation,True,1,1076_13830,True,153.389536941811,-27.8851584850814,8c293a52745057c4
386276,2020,7,Hospitalisation,True,1,1076_13789,True,153.388150917536,-28.0742314864252,8c293a52745057c4
386286,2020,6,Medical treatment,False,0,1037_13855,True,153.19062297753,-27.775524464043105,8c293a52745057c4
386287,2020,7,Medical treatment,False,0,1075_13787,True,153.386349916936,-28.080394486290206,8c293a52745057c4
386288,2020,7,Hospitalisation,True,1,1084_13802,True,153.43165892045,-28.01483049039269,8c293a52745057c4
386301,2024,11,Hospitalisation,True,1,1083_13786,True,153.422503912225,-28.0860714900182,8c293a52745057c4
386331,2020,3,Medical treatment,False,0,1054_13801,True,153.278927936591,-28.019571474899,8c293a52745057c4
386343,2023,9,Medical treatment,False,0,1084_13803,True,153.427829921801,-28.0076354899458,8c293a52745057c4
386389,2023,11,Medical treatment,False,0,1062_13830,True,153.316718949713,-27.885455477679894,8c293a52745057c4
386421,2024,5,Hospitalisation,True,1,1067_13803,True,153.344244930993,-28.0074014814343,8c293a52745057c4
386707,2021,5,Minor injury,False,0,1047_13859,True,153.241733974329,-27.757146469067596,8c293a52745057c4
386715,2021,7,Medical treatment,False,0,1061_13829,True,153.314375296127,-27.89200139749339,8c293a52745057c4
386735,2020,7,Hospitalisation,True,1,1066_13784,True,153.336496560771,-28.0931614343195,8c293a52745057c4
386742,2020,7,Hospitalisation,True,1,1071_13830,True,153.361145944936,-27.884925482190397,8c293a52745057c4
386957,2021,1,Minor injury,False,0,1084_13805,True,153.43065492275,-27.997911490157495,8c293a52745057c4
386968,2020,11,Hospitalisation,True,1,1076_13790,True,153.387671918264,-28.069013486335503,8c293a52745057c4
386990,2020,1,Medical treatment,False,0,1090_13777,True,153.459401902827,-28.127203494105103,8c293a52745057c4
386993,2020,4,Hospitalisation,True,1,1084_13807,True,153.428426924025,-27.989948489867704,8c293a52745057c4
386995,2022,6,Medical treatment,False,0,1079_13811,True,153.404805928987,-27.9715694873158,8c293a52745057c4
387000,2021,4,Medical treatment,False,0,1067_13806,True,153.341614933056,-27.993653481058995,8c293a52745057c4
387002,2021,4,Hospitalisation,True,1,1064_13824,True,153.328766003789,-27.913505064123896,8c293a52745057c4
387013,2021,1,Minor injury,False,0,1075_13798,True,153.385983923157,-28.032622485878196,8c293a52745057c4
387016,2021,3,Hospitalisation,True,1,1079_13819,True,153.402239933878,-27.935888486773997,8c293a52745057c4
387019,2021,3,Medical treatment,False,0,1067_13804,True,153.343274931188,-28.0067194813303,8c293a52745057c4
387023,2023,10,Medical treatment,False,0,1057_13849,True,153.292730572314,-27.799902788572204,8c293a52745057c4
387048,2020,11,Hospitalisation,True,2,1080_13812,True,153.410021928633,-27.969895487834094,8c293a52745057c4
387055,2020,10,Medical treatment,False,0,1083_13809,True,153.42376692554703,-27.98212948933119,8c293a52745057c4
387066,2020,11,Hospitalisation,True,1,1085_13792,True,153.433650914512,-28.058972490942306,8c293a52745057c4
387068,2020,10,Medical treatment,False,0,1071_13788,True,153.363450920192,-28.074695483915203,8c293a52745057c4
387070,2021,2,Medical treatment,False,0,1056_13845,True,153.289293961068,-27.820316474384292,8c293a52745057c4
387113,2021,7,Medical treatment,False,0,1066_13792,True,153.336640925071,-28.0597474810722,8c293a52745057c4
387120,2020,7,Minor injury,False,0,1069_13791,True,153.354524922785,-28.062229482909608,8c293a52745057c4
387129,2020,7,Minor injury,False,0,1047_13858,True,153.241405974119,-27.759067469049597,8c293a52745057c4
387133,2020,7,Minor injury,False,0,1084_13797,True,153.431037918011,-28.034186490481297,8c293a52745057c4
387134,2020,7,Minor injury,False,0,1081_13812,True,153.414447181382,-27.968088985270906,8c293a52745057c4
387137,2020,7,Hospitalisation,True,1,1061_13830,True,153.314880293484,-27.888800218519506,8c293a52745057c4
387145,2020,7,Medical treatment,False,0,1083_13783,True,153.425920909879,-28.1012634904857,8c293a52745057c4
387158,2024,11,Hospitalisation,True,1,1073_13787,True,153.375509917835,-28.0826634852046,8c293a52745057c4
387163,2020,5,Hospitalisation,True,1,1052_13855,True,153.264993969304,-27.7766744715773,8c293a52745057c4
387164,2020,5,Medical treatment,False,0,1087_13768,True,153.447790898999,-28.166517493227996,8c293a52745057c4
387185,2024,11,Minor injury,False,0,1092_13776,True,153.470582901366,-28.128969495260797,8c293a52745057c4
387206,2020,2,Medical treatment,False,0,1076_13781,True,153.388685913071,-28.108268486746596,8c293a52745057c4
387209,2020,2,Hospitalisation,True,1,1081_13802,True,153.414160150663,-28.012547117590795,8c293a52745057c4
387222,2020,2,Medical treatment,False,0,1083_13782,True,153.425903909856,-28.1014574904855,8c293a52745057c4
387229,2023,10,Medical treatment,False,0,1061_13835,True,153.313044952573,-27.8663264771564,8c293a52745057c4
387250,2020,11,Hospitalisation,True,2,1077_13811,True,153.39352993023,-27.9714984861667,8c293a52745057c4
387258,2020,11,Hospitalisation,True,1,1069_13834,True,153.351538947795,-27.870864481102902,8c293a52745057c4
387265,2020,1,Minor injury,False,0,1075_13810,True,153.384114930762,-27.975361485238395,8c293a52745057c4
387268,2020,1,Medical treatment,False,0,1081_13797,True,153.415447919422,-28.036500488909994,8c293a52745057c4
387294,2020,2,Minor injury,False,0,1062_13825,True,153.316597946846,-27.907846477843595,8c293a52745057c4
387374,2020,11,Medical treatment,False,0,1071_13832,True,153.362977945791,-27.876742482312405,8c293a52745057c4
387375,2020,2,Hospitalisation,True,1,1077_13812,True,153.393925930377,-27.970028486195396,8c293a52745057c4
387389,2020,9,Minor injury,False,0,1049_13858,True,153.24887997305,-27.7610854698222,8c293a52745057c4
387399,2020,11,Medical treatment,False,0,1094_13776,True,153.480681899801,-28.132446496319794,8c293a52745057c4
387403,2020,11,Hospitalisation,True,2,1062_13830,True,153.315470949872,-27.885282477551804,8c293a52745057c4
387413,2020,8,Medical treatment,False,0,1082_13805,True,153.420120923879,-27.9981054890849,8c293a52745057c4
387420,2020,9,Minor injury,False,0,1080_13803,True,153.409366923405,-28.0108714880891,8c293a52745057c4
387426,2023,10,Hospitalisation,True,1,1080_13816,True,153.40833893132802,-27.9504664875099,8c293a52745057c4
387447,2024,10,Medical treatment,False,0,1070_13787,True,153.358335920086,-28.079863483435403,8c293a52745057c4
387448,2024,10,Minor injury,False,0,1085_13796,True,153.434401916605,-28.042189490887193,8c293a52745057c4
387456,2024,10,Hospitalisation,True,1,1078_13811,True,153.400981928972,-27.9749214869525,8c293a52745057c4
387476,2021,9,Hospitalisation,True,1,1071_13808,True,153.365283931548,-27.98524248339969,8c293a52745057c4
387481,2021,9,Minor injury,False,0,1069_13817,True,153.350909122,-27.9474250836407,8c293a52745057c4
387485,2021,9,Hospitalisation,True,1,1065_13822,True,153.333692942702,-27.925536479719003,8c293a52745057c4
387505,2020,5,Minor injury,False,0,1077_13803,True,153.395546030132,-28.009234592668292,8c293a52745057c4
387534,2021,10,Medical treatment,False,0,1074_13786,True,153.380233917054,-28.084680485701192,8c293a52745057c4
387539,2021,5,Minor injury,False,0,1056_13845,True,153.288762960966,-27.821564474340303,8c293a52745057c4
387541,2022,1,Medical treatment,False,0,1104_13767,True,153.531689024217,-28.170565289835498,8c293a52745057c4
387551,2021,10,Hospitalisation,True,1,1077_13790,True,153.395165217531,-28.068315556093093,8c293a52745057c4
387580,2020,3,Medical treatment,False,0,1073_13820,True,153.374489937496,-27.9313474839129,8c293a52745057c4
387594,2020,5,Medical treatment,False,0,1082_13763,True,153.420449899188,-28.188300490609798,8c293a52745057c4
387635,2023,9,Medical treatment,False,0,1075_13815,True,153.383628933575,-27.953987485021,8c293a52745057c4
387637,2022,3,Minor injury,False,0,1081_13813,True,153.415455511669,-27.96502199234949,8c293a52745057c4
387641,2023,6,Hospitalisation,True,1,1065_13838,True,153.331053952315,-27.853077478881094,8c293a52745057c4
387649,2023,6,Medical treatment,False,0,1061_13834,True,153.313254952221,-27.868889477197897,8c293a52745057c4
387655,2023,6,Medical treatment,False,0,1076_13830,True,153.388251941707,-27.887055484965497,8c293a52745057c4
387656,2023,6,Minor injury,False,0,1080_13802,True,153.411295922767,-28.0141734883116,8c293a52745057c4
387667,2023,6,Minor injury,False,0,1094_13773,True,153.479480898174,-28.145979496303095,8c293a52745057c4
387673,2023,6,Minor injury,False,0,1067_13816,True,153.34187713871802,-27.949513480738993,8c293a52745057c4
387677,2023,3,Minor injury,False,0,1095_13775,True,153.487429898619,-28.135820497035798,8c293a52745057c4
387678,2023,10,Medical treatment,False,0,1077_13808,True,153.392865928184,-27.987895486227803,8c293a52745057c4
387681,2022,3,Hospitalisation,True,1,1081_13812,True,153.416758928303,-27.966750488496,8c293a52745057c4
387692,2022,3,Hospitalisation,True,1,1059_13845,True,153.300372885831,-27.8205680695103,8c293a52745057c4
387697,2022,3,Medical treatment,False,0,1066_13817,True,153.339650770411,-27.946027677485397,8c293a52745057c4
387698,2022,3,Medical treatment,False,0,1056_13834,True,153.287474955254,-27.867160474568404,8c293a52745057c4
387712,2021,10,Minor injury,False,0,1063_13823,True,153.320767945266,-27.91658747833579,8c293a52745057c4
387715,2021,10,Hospitalisation,True,1,1068_13812,True,153.347028066661,-27.968856793414602,8c293a52745057c4
387720,2021,10,Hospitalisation,True,1,1079_13782,True,153.40613191195,-28.102088488475104,8c293a52745057c4
387721,2023,1,Hospitalisation,True,1,1072_13803,True,153.369549927753,-28.011008484035997,8c293a52745057c4
387727,2022,2,Medical treatment,False,0,1089_13778,True,153.453942903919,-28.123421493518205,8c293a52745057c4
387733,2020,6,Minor injury,False,0,1082_13791,True,153.418456915383,-28.0651364894414,8c293a52745057c4
387734,2020,6,Minor injury,False,0,1076_13810,True,153.388086930156,-27.9766884856532,8c293a52745057c4
387736,2020,5,Hospitalisation,True,1,1056_13845,True,153.288762960966,-27.821564474340303,8c293a52745057c4
387742,2020,1,Minor injury,False,0,1052_13848,True,153.264575965539,-27.8064184717691,8c293a52745057c4
387744,2020,5,Medical treatment,False,0,1094_13773,True,153.479159898201,-28.146044496270793,8c293a52745057c4
387752,2020,2,Hospitalisation,True,1,1075_13798,True,153.385570923265,-28.0321334858323,8c293a52745057c4
387761,2020,6,Medical treatment,False,0,1055_13828,True,153.283812951885,-27.8964964744277,8c293a52745057c4
387771,2023,11,Hospitalisation,True,1,1086_13788,True,153.440939911619,-28.075111491812493,8c293a52745057c4
387774,2023,11,Minor injury,False,0,1059_13822,True,153.303152308526,-27.9217499425881,8c293a52745057c4
387778,2023,11,Minor injury,False,0,1076_13824,True,153.388926937865,-27.916265485263903,8c293a52745057c4
387792,2024,9,Medical treatment,False,0,1068_13805,True,153.34590041595,-27.998585213533392,8c293a52745057c4
387794,2024,11,Hospitalisation,True,1,1059_13834,True,153.301005953373,-27.870317475965894,8c293a52745057c4
387811,2024,12,Hospitalisation,True,1,1072_13801,True,153.369965926627,-28.0193714841439,8c293a52745057c4
387830,2024,7,Medical treatment,False,0,1077_13812,True,153.39377193038,-27.9701384861806,8c293a52745057c4
387833,2024,7,Medical treatment,False,0,1071_13817,True,153.365042936742,-27.94519248306061,8c293a52745057c4
387836,2024,7,Medical treatment,False,0,1068_13802,True,153.349045929432,-28.015418481985304,8c293a52745057c4
387844,2024,7,Hospitalisation,True,1,1079_13824,True,153.40272993688,-27.9122244866379,8c293a52745057c4
387858,2024,7,Medical treatment,False,0,1066_13822,True,153.336189943009,-27.921038479937298,8c293a52745057c4
387869,2024,4,Minor injury,False,0,1091_13779,True,153.463648903762,-28.116401494454102,8c293a52745057c4
387885,2024,4,Minor injury,False,0,1061_13830,True,153.314123950023,-27.8852504774148,8c293a52745057c4
387887,2024,4,Medical treatment,False,0,1069_13853,True,153.350618958915,-27.785195480335105,8c293a52745057c4
387889,2024,4,Minor injury,False,0,1066_13808,True,153.338547934365,-27.986106480688104,8c293a52745057c4
387896,2024,8,Medical treatment,False,0,1091_13775,True,153.468127900636,-28.136665495070297,8c293a52745057c4
387899,2024,8,Hospitalisation,True,2,1041_13858,True,153.21236597719,-27.7597014661163,8c293a52745057c4
387908,2020,10,Medical treatment,False,0,1080_13794,True,153.40788091876,-28.048025488229303,8c293a52745057c4
387911,2021,4,Minor injury,False,0,1073_13808,True,153.371371930955,-27.984666484014497,8c293a52745057c4
387917,2021,1,Minor injury,False,0,1080_13805,True,153.407292925312,-27.997892487775896,8c293a52745057c4
387930,2022,8,Hospitalisation,True,1,1081_13759,True,153.413342897409,-28.208044490039896,8c293a52745057c4
387944,2022,2,Hospitalisation,True,2,1058_13843,True,153.296162959476,-27.826900475132902,8c293a52745057c4
387953,2020,7,Medical treatment,False,0,1062_13825,True,153.317371800367,-27.910915940946293,8c293a52745057c4
387980,2021,2,Medical treatment,False,0,1079_13783,True,153.402190912736,-28.099373488052304,8c293a52745057c4
387998,2024,2,Hospitalisation,True,1,1070_13787,True,153.359896919589,-28.082385483613997,8c293a52745057c4
388010,2024,2,Hospitalisation,True,1,1081_13811,True,153.415737927575,-27.973238488442895,8c293a52745057c4
388014,2024,2,Hospitalisation,True,1,1060_13804,True,153.306432935365,-28.005657477579994,8c293a52745057c4
388038,2023,12,Medical treatment,False,0,1080_13813,True,153.411721929347,-27.962930487952605,8c293a52745057c4
388040,2023,12,Medical treatment,False,0,1084_13799,True,153.429230919316,-28.025640490229996,8c293a52745057c4
388049,2023,12,Medical treatment,False,0,1093_13774,True,153.474014899816,-28.137984495681998,8c293a52745057c4
388067,2024,6,Fatal,True,1,1035_13841,True,153.179644970711,-27.8382444634277,8c293a52745057c4
388068,2023,6,Medical treatment,False,0,1061_13834,True,153.313311952235,-27.8687324772025,8c293a52745057c4
388069,2023,6,Medical treatment,False,0,1064_13808,True,153.328350935587,-27.985292479645697,8c293a52745057c4
388079,2023,6,Medical treatment,False,0,1084_13809,True,153.429049613119,-27.9809621728607,8c293a52745057c4
388080,2023,6,Medical treatment,False,0,1065_13820,True,153.333742941953,-27.931310479769397,8c293a52745057c4
388087,2023,6,Minor injury,False,0,1079_13782,True,153.406554911904,-28.102084488518088,8c293a52745057c4
388095,2022,7,Medical treatment,False,0,1080_13794,True,153.408773078759,-28.0472788133143,8c293a52745057c4
388099,2022,5,Medical treatment,False,0,1059_13799,True,153.30452293279004,-28.027264477555693,8c293a52745057c4
388126,2024,1,Hospitalisation,True,1,1084_13805,True,153.42861192285,-27.9988714899567,8c293a52745057c4
388127,2022,7,Medical treatment,False,0,1085_13794,True,153.43591791559,-28.048737491093195,8c293a52745057c4
388132,2024,1,Hospitalisation,True,1,1081_13805,True,153.413956924127,-28.001403488482495,8c293a52745057c4
388145,2022,2,Medical treatment,False,0,1074_13789,True,153.378223948738,-28.073378248407995,8c293a52745057c4
388148,2022,2,Medical treatment,False,0,1053_13813,True,153.27433594435502,-27.963147473990507,8c293a52745057c4
388149,2022,2,Minor injury,False,0,1086_13780,True,153.440749884575,-28.11415181309919,8c293a52745057c4
388151,2023,4,Hospitalisation,True,1,1074_13832,True,153.377124944126,-27.8776934837592,8c293a52745057c4
388183,2021,2,Minor injury,False,0,1061_13829,True,153.313832949229,-27.891670477435696,8c293a52745057c4
388194,2020,11,Hospitalisation,True,1,1049_13855,True,153.252535970942,-27.7744554702978,8c293a52745057c4
388209,2023,11,Medical treatment,False,0,1084_13787,True,153.430897911706,-28.082955490849596,8c293a52745057c4
388256,2021,8,Minor injury,False,0,1064_13801,True,153.326120931553,-28.018471479679594,8c293a52745057c4
388294,2020,3,Minor injury,False,0,1086_13780,True,153.437987663969,-28.113461271812,8c293a52745057c4
388296,2022,5,Medical treatment,False,0,1083_13786,True,153.425670911896,-28.085921490339903,8c293a52745057c4
388302,2022,6,Medical treatment,False,0,1072_13817,True,153.370498935973,-27.946532483626196,8c293a52745057c4
388303,2022,6,Minor injury,False,0,1055_13846,True,153.279543962719,-27.815720473359498,8c293a52745057c4
388314,2022,6,Minor injury,False,0,1081_13813,True,153.413829929102,-27.963047488168392,8c293a52745057c4
388316,2022,6,Minor injury,False,0,1077_13815,True,153.395257794142,-27.955239250214895,8c293a52745057c4
388327,2023,8,Hospitalisation,True,1,1067_13808,True,153.341173230996,-27.986736421959904,8c293a52745057c4
388329,2023,8,Hospitalisation,True,2,1061_13835,True,153.313044952573,-27.8663264771564,8c293a52745057c4
388342,2023,10,Medical treatment,False,0,1083_13806,True,153.423056923697,-27.997025489375808,8c293a52745057c4
388349,2023,10,Hospitalisation,True,1,1063_13821,True,153.324490943481,-27.927298478798104,8c293a52745057c4
388369,2023,10,Minor injury,False,0,1067_13809,True,153.344753934129,-27.982668481291796,8c293a52745057c4
388396,2023,2,Minor injury,False,0,1082_13805,True,153.419786923921,-27.9980634890506,8c293a52745057c4
388410,2023,6,Medical treatment,False,0,1082_13810,True,153.421526926431,-27.977188489064,8c293a52745057c4
388422,2020,11,Medical treatment,False,0,1089_13783,True,153.456247906991,-28.097806493552696,8c293a52745057c4
388432,2021,10,Hospitalisation,True,1,1069_13789,True,153.354077921795,-28.070270482927192,8c293a52745057c4
388448,2021,10,Hospitalisation,True,1,1080_13818,True,153.406636358679,-27.9414496852656,8c293a52745057c4
388453,2021,7,Hospitalisation,True,1,1085_13797,True,153.433928808465,-28.035953557789995,8c293a52745057c4
388491,2024,3,Medical treatment,False,0,1041_13831,True,153.211581961293,-27.884627467019996,8c293a52745057c4
388492,2024,3,Hospitalisation,True,1,1041_13831,True,153.211372648295,-27.8847893340001,8c293a52745057c4
388503,2022,6,Hospitalisation,True,1,1064_13821,True,153.325882801502,-27.925951279928803,8c293a52745057c4
388506,2022,6,Hospitalisation,True,1,1082_13780,True,153.41807848115,-28.113549679782388,8c293a52745057c4
388527,2023,8,Hospitalisation,True,1,1067_13804,True,153.342073931542,-28.004998481194804,8c293a52745057c4
388535,2023,9,Minor injury,False,0,1080_13802,True,153.411831923036,-28.011638488346303,8c293a52745057c4
388539,2023,8,Minor injury,False,0,1083_13797,True,153.424784918567,-28.0351924898516,8c293a52745057c4
388544,2023,8,Medical treatment,False,0,1074_13811,True,153.376259932219,-27.9707344844025,8c293a52745057c4
388547,2023,9,Hospitalisation,True,1,1087_13788,True,153.443811911339,-28.074840492103398,8c293a52745057c4
388551,2023,9,Hospitalisation,True,2,1057_13849,True,153.292722963315,-27.799903474571504,8c293a52745057c4
388556,2023,9,Medical treatment,False,0,1071_13809,True,153.364650931801,-27.9838174833241,8c293a52745057c4
388558,2023,9,Medical treatment,False,0,1062_13826,True,153.317904946758,-27.907422477972997,8c293a52745057c4
388559,2023,9,Medical treatment,False,0,1077_13812,True,153.393925930377,-27.970028486195396,8c293a52745057c4
388560,2023,9,Medical treatment,False,0,1080_13780,True,153.410576910326,-28.11084548899669,8c293a52745057c4
388564,2024,1,Hospitalisation,True,1,1086_13789,True,153.441621911958,-28.071918491856998,8c293a52745057c4
388566,2024,1,Minor injury,False,0,1064_13838,True,153.328737952584,-27.852945478644806,8c293a52745057c4
388568,2020,12,Medical treatment,False,0,1074_13812,True,153.37633093224002,-27.970511484407997,8c293a52745057c4
388573,2022,6,Medical treatment,False,0,1082_13797,True,153.418398919151,-28.03608648920761,8c293a52745057c4
388575,2022,6,Minor injury,False,0,1081_13814,True,153.411973929655,-27.96033848795789,8c293a52745057c4
388585,2021,8,Medical treatment,False,0,1080_13794,True,153.40706391878902,-28.0484944881497,8c293a52745057c4
388591,2024,2,Hospitalisation,True,1,1077_13784,True,153.392311914573,-28.093586487000696,8c293a52745057c4
388609,2023,4,Minor injury,False,0,1076_13818,True,153.38694793497604,-27.940323485251497,8c293a52745057c4
388612,2023,5,Medical treatment,False,0,1066_13815,True,153.338357938653,-27.953003480408803,8c293a52745057c4
388614,2023,1,Medical treatment,False,0,1064_13827,True,153.326652946791,-27.899749478801095,8c293a52745057c4
388620,2023,2,Medical treatment,False,0,1066_13808,True,153.339644518354,-27.985257509792895,8c293a52745057c4
388642,2023,3,Hospitalisation,True,1,1074_13809,True,153.378338930801,-27.979951484686495,8c293a52745057c4
388661,2021,10,Hospitalisation,True,1,1072_13809,True,153.367942931876,-27.9804404836325,8c293a52745057c4
388674,2021,10,Medical treatment,False,0,1065_13831,True,153.33217994862304,-27.880822479213688,8c293a52745057c4
388684,2024,3,Hospitalisation,True,1,1067_13803,True,153.342232931222,-28.007340481229303,8c293a52745057c4
388688,2023,8,Medical treatment,False,0,1077_13813,True,153.394746931055,-27.964082486232297,8c293a52745057c4
388689,2023,8,Hospitalisation,True,2,1074_13786,True,153.380295916913,-28.085722485715692,8c293a52745057c4
388695,2023,8,Hospitalisation,True,2,1080_13797,True,153.408585920343,-28.035203488200494,8c293a52745057c4
388701,2022,2,Medical treatment,False,0,1086_13791,True,153.437913913459,-28.063485491412603,8c293a52745057c4
388709,2023,9,Medical treatment,False,0,1049_13856,True,153.251393971387,-27.7719454701623,8c293a52745057c4
388722,2023,9,Medical treatment,False,0,1083_13797,True,153.426894918386,-28.0347984900636,8c293a52745057c4
388753,2024,4,Medical treatment,False,0,1080_13782,True,153.410394911529,-28.101719488906596,8c293a52745057c4
388759,2024,4,Hospitalisation,True,1,1081_13813,True,153.411854929172,-27.964174487975903,8c293a52745057c4
388761,2024,4,Hospitalisation,True,1,1105_13768,True,153.53926588878,-28.1675075025874,8c293a52745057c4
388768,2024,4,Minor injury,False,0,1061_13837,True,153.310192954049,-27.85726347679561,8c293a52745057c4
388772,2024,4,Medical treatment,False,0,1061_13837,True,153.31103195397,-27.857168476879995,8c293a52745057c4
388781,2023,2,Minor injury,False,0,1078_13811,True,153.400970929481,-27.970998486920593,8c293a52745057c4
388787,2023,4,Medical treatment,False,0,1074_13813,True,153.376445932865,-27.9655694843809,8c293a52745057c4
388797,2023,7,Medical treatment,False,0,1068_13816,True,153.346574937929,-27.951647481233294,8c293a52745057c4
388807,2023,11,Medical treatment,False,0,1067_13810,True,153.34443993494403,-27.976611481212405,8c293a52745057c4
388809,2023,11,Hospitalisation,True,2,1055_13803,True,153.283916937655,-28.007061475306696,8c293a52745057c4
388848,2021,11,Hospitalisation,True,1,1048_13858,True,153.245209973459,-27.7609964694499,8c293a52745057c4
388872,2022,11,Minor injury,False,0,1089_13781,True,153.454229906127,-28.106171493412305,8c293a52745057c4
388876,2023,1,Hospitalisation,True,1,1092_13777,True,153.472931646358,-28.127036922485594,8c293a52745057c4
388888,2023,2,Medical treatment,False,0,1061_13835,True,153.313663952502,-27.86635447721949,8c293a52745057c4
388892,2023,1,Medical treatment,False,0,1081_13805,True,153.414287924583,-27.997602488486397,8c293a52745057c4
388910,2020,7,Hospitalisation,True,1,1083_13785,True,153.423310911714,-28.089325490125905,8c293a52745057c4
388916,2020,9,Hospitalisation,True,1,1050_13848,True,153.256865966676,-27.804085470969593,8c293a52745057c4
388919,2020,9,Hospitalisation,True,1,1062_13837,True,153.31796852555,-27.8545563875637,8c293a52745057c4
388973,2024,11,Hospitalisation,True,1,1091_13776,True,153.467792901628,-28.1293124949785,8c293a52745057c4
388987,2020,4,Medical treatment,False,0,1077_13818,True,153.391615934466,-27.9403264857268,8c293a52745057c4
389001,2020,3,Hospitalisation,True,1,1087_13784,True,153.443126908815,-28.0948754921906,8c293a52745057c4
389002,2020,2,Medical treatment,False,0,1044_13863,True,153.226531978438,-27.7379104673775,8c293a52745057c4
389009,2020,5,Hospitalisation,True,1,1070_13822,True,153.357353940268,-27.924363482114792,8c293a52745057c4
389010,2020,5,Minor injury,False,0,1050_13852,True,153.257335054964,-27.7858289348734,8c293a52745057c4
389031,2020,3,Medical treatment,False,0,1084_13806,True,153.427447923256,-27.996720489821104,8c293a52745057c4
389032,2020,3,Medical treatment,False,0,1060_13821,True,153.305206945749,-27.926051476830402,8c293a52745057c4
389040,2020,11,Minor injury,False,0,1075_13808,True,153.381518929363,-27.988386485076397,8c293a52745057c4
389052,2020,2,Minor injury,False,0,1089_13784,True,153.454375907346,-28.096663493352597,8c293a52745057c4
389071,2020,2,Minor injury,False,0,1065_13822,True,153.332870942835,-27.925203479632806,8c293a52745057c4
389082,2020,2,Medical treatment,False,0,1080_13794,True,153.40896191866,-28.0478834883383,8c293a52745057c4
389124,2020,5,Medical treatment,False,0,1092_13777,True,153.470551901863,-28.125170495227792,8c293a52745057c4
389136,2020,5,Minor injury,False,0,1084_13796,True,153.431184917326,-28.0393484905368,8c293a52745057c4
389140,2020,5,Minor injury,False,0,1086_13792,True,153.438158914152,-28.057935491394,8c293a52745057c4
389142,2020,5,Hospitalisation,True,2,1069_13790,True,153.354556922137,-28.067212482951895,8c293a52745057c4
389145,2021,2,Hospitalisation,True,1,1071_13789,True,153.363148920553,-28.072158483864595,8c293a52745057c4
389150,2021,2,Minor injury,False,0,1080_13797,True,153.408819920363,-28.0348494882216,8c293a52745057c4
389157,2021,2,Medical treatment,False,0,1090_13779,True,153.458495903986,-28.1190474939487,8c293a52745057c4
389166,2021,8,Hospitalisation,True,2,1076_13824,True,153.388943408901,-27.915972214263295,8c293a52745057c4
389171,2021,8,Medical treatment,False,0,1082_13788,True,153.421756913774,-28.0747554898532,8c293a52745057c4
389179,2021,8,Medical treatment,False,0,1084_13801,True,153.431363920132,-28.01753449038389,8c293a52745057c4
389186,2023,10,Medical treatment,False,0,1050_13852,True,153.257208968909,-27.786364470864907,8c293a52745057c4
389201,2022,7,Hospitalisation,True,2,1059_13823,True,153.301632033873,-27.920343985422697,8c293a52745057c4
389224,2022,10,Hospitalisation,True,1,1048_13858,True,153.244725973571,-27.760531469397197,8c293a52745057c4
389271,2020,9,Minor injury,False,0,1077_13803,True,153.39431592520702,-28.009702486546697,8c293a52745057c4
389319,2020,5,Medical treatment,False,0,1081_13806,True,153.413926924901,-27.995450488432695,8c293a52745057c4
389324,2020,5,Minor injury,False,0,1084_13806,True,153.428044923661,-27.993082489853393,8c293a52745057c4
389327,2021,4,Minor injury,False,0,1086_13792,True,153.437998914201,-28.0576944913758,8c293a52745057c4
389360,2020,10,Hospitalisation,True,1,1084_13787,True,153.431306911681,-28.082804490890197,8c293a52745057c4
389378,2020,11,Minor injury,False,0,1074_13812,True,153.37622193233,-27.969904484392096,8c293a52745057c4
389389,2020,5,Hospitalisation,True,1,1072_13800,True,153.371225926274,-28.0210324842852,8c293a52745057c4
389395,2020,5,Hospitalisation,True,1,1082_13799,True,153.417922920444,-28.026504489083795,8c293a52745057c4
389400,2020,5,Medical treatment,False,0,1061_13834,True,153.312809952157,-27.869762477159604,8c293a52745057c4
389407,2020,5,Minor injury,False,0,1102_13768,True,153.521245671039,-28.165419822726193,8c293a52745057c4
389408,2020,5,Medical treatment,False,0,1084_13811,True,153.428139819569,-27.970530423685894,8c293a52745057c4
389413,2023,5,Hospitalisation,True,1,1062_13831,True,153.315363950114,-27.8834874775268,8c293a52745057c4
389422,2020,5,Hospitalisation,True,1,1059_13821,True,153.30458094587,-27.925640476763604,8c293a52745057c4
389433,2021,2,Medical treatment,False,0,1081_13813,True,153.414903928787,-27.96457048828981,8c293a52745057c4
389434,2021,4,Hospitalisation,True,1,1065_13824,True,153.332338844218,-27.9149114774979,8c293a52745057c4
389462,2020,5,Hospitalisation,True,1,1080_13802,True,153.41189476399,-28.011939668355105,8c293a52745057c4
389467,2020,5,Hospitalisation,True,1,1083_13786,True,153.425801911902,-28.085765490352,8c293a52745057c4
389468,2021,5,Hospitalisation,True,1,1080_13804,True,153.40736292474,-28.002255487817298,8c293a52745057c4
389471,2021,5,Medical treatment,False,0,1081_13805,True,153.414131924597,-27.9976214884707,8c293a52745057c4
389473,2020,6,Medical treatment,False,0,1089_13772,True,153.458002900384,-28.147189494118898,8c293a52745057c4
389475,2020,6,Hospitalisation,True,1,1078_13810,True,153.397177929297,-27.9756354865707,8c293a52745057c4
389484,2020,6,Medical treatment,False,0,1054_13801,True,153.278474936745,-28.0187684748468,8c293a52745057c4
389492,2021,2,Medical treatment,False,0,1075_13815,True,153.382409933499,-27.955606484909605,8c293a52745057c4
389495,2021,2,Hospitalisation,True,1,1052_13855,True,153.263971654976,-27.7722946904392,8c293a52745057c4
389504,2021,1,Medical treatment,False,0,1062_13826,True,153.315497947477,-27.9038764777007,8c293a52745057c4
389506,2021,1,Medical treatment,False,0,1079_13820,True,153.406360367734,-27.933519487175193,8c293a52745057c4
389527,2021,2,Minor injury,False,0,1079_13794,True,153.402493918911,-28.051428487707092,8c293a52745057c4
389531,2020,9,Hospitalisation,True,1,1067_13791,True,153.342564927994,-28.063042440700094,8c293a52745057c4
389545,2020,9,Hospitalisation,True,1,1066_13805,True,153.339521932331,-28.0010504809044,8c293a52745057c4
389548,2020,9,Minor injury,False,0,1083_13783,True,153.426340910191,-28.098502490506892,8c293a52745057c4
389559,2020,5,Medical treatment,False,0,1079_13782,True,153.406129911933,-28.1022224884759,8c293a52745057c4
389560,2020,6,Minor injury,False,0,1061_13828,True,153.314703948549,-27.896214477559905,8c293a52745057c4
389572,2020,6,Medical treatment,False,0,1072_13821,True,153.369203938302,-27.9295694833611,8c293a52745057c4
389574,2020,6,Medical treatment,False,0,1084_13772,True,153.427914903523,-28.1485654910597,8c293a52745057c4
389587,2021,10,Medical treatment,False,0,1071_13821,True,153.36446270601,-27.928102227867193,8c293a52745057c4
389589,2020,6,Minor injury,False,0,1059_13842,True,153.301665957961,-27.8340374757475,8c293a52745057c4
389594,2020,6,Minor injury,False,0,1071_13787,True,153.364739919265,-28.0807664840939,8c293a52745057c4
389596,2020,6,Medical treatment,False,0,1065_13818,True,153.334259940538,-27.94185347990479,8c293a52745057c4
389598,2020,6,Hospitalisation,True,1,1078_13794,True,153.401761918955,-28.0517114876348,8c293a52745057c4
389600,2020,10,Medical treatment,False,0,1057_13845,True,153.292052961138,-27.817434474641498,8c293a52745057c4
389602,2023,10,Hospitalisation,True,1,1057_13850,True,153.29234396358603,-27.798109474518906,8c293a52745057c4
389605,2023,10,Hospitalisation,True,2,1067_13814,True,153.345332936908,-27.96062648117759,8c293a52745057c4
389611,2020,11,Hospitalisation,True,1,1067_13815,True,153.34451793761,-27.955867481057396,8c293a52745057c4
389616,2020,11,Minor injury,False,0,1059_13821,True,153.299991946237,-27.9266864763062,8c293a52745057c4
389618,2021,9,Hospitalisation,True,2,1083_13783,True,153.425683909901,-28.101296490461788,8c293a52745057c4
389621,2021,5,Hospitalisation,True,1,1059_13805,True,153.301876556447,-28.001142090082105,8c293a52745057c4
389624,2021,9,Medical treatment,False,0,1087_13784,True,153.443688908997,-28.093000492233195,8c293a52745057c4
389625,2021,9,Hospitalisation,True,1,1043_13860,True,153.218281977636,-27.7511864666475,8c293a52745057c4
389634,2023,10,Hospitalisation,True,1,1084_13805,True,153.427188923034,-27.998649489809807,8c293a52745057c4
389637,2021,9,Minor injury,False,0,1084_13774,True,153.428773904484,-28.1404304910836,8c293a52745057c4
389645,2020,5,Medical treatment,False,0,1085_13794,True,153.434114915743,-28.0490844909121,8c293a52745057c4
389657,2021,1,Medical treatment,False,0,1056_13806,True,153.28619110963,-27.997547875462693,8c293a52745057c4
389670,2020,6,Hospitalisation,True,1,1083_13786,True,153.425587911976,-28.085378490327198,8c293a52745057c4
389675,2020,6,Medical treatment,False,0,1050_13853,True,153.255140147435,-27.7840125756368,8c293a52745057c4
389676,2020,6,Hospitalisation,True,1,1049_13854,True,153.25241797048,-27.778156470315,8c293a52745057c4
389678,2020,6,Medical treatment,False,0,1081_13813,True,153.414028415043,-27.963330448190796,8c293a52745057c4
389684,2021,4,Medical treatment,False,0,1074_13805,True,153.378672928294,-27.9990764848707,8c293a52745057c4
389711,2021,4,Minor injury,False,0,1086_13790,True,153.442371912212,-28.069329491913198,8c293a52745057c4
389714,2022,3,Hospitalisation,True,2,1067_13814,True,153.345336937155,-27.958702481162895,8c293a52745057c4
389716,2021,2,Medical treatment,False,0,1068_13813,True,153.345798936323,-27.964765481257498,8c293a52745057c4
389724,2021,5,Medical treatment,False,0,1062_13831,True,153.315190950401,-27.881407477492893,8c293a52745057c4
389728,2022,4,Medical treatment,False,0,1062_13825,True,153.318776946176,-27.911204478091303,8c293a52745057c4
389731,2021,5,Minor injury,False,0,1058_13845,True,153.296035960655,-27.81782747504869,8c293a52745057c4
389734,2021,5,Medical treatment,False,0,1061_13828,True,153.314688948561,-27.8961364775578,8c293a52745057c4
389765,2021,4,Minor injury,False,0,1043_13865,True,153.223107980031,-27.728345466955798,8c293a52745057c4
389795,2021,7,Medical treatment,False,0,1079_13790,True,153.403323916881,-28.066408487909197,8c293a52745057c4
389809,2020,10,Medical treatment,False,0,1076_13780,True,153.388250912358,-28.114142486748296,8c293a52745057c4
389830,2021,10,Hospitalisation,True,1,1087_13788,True,153.447550910485,-28.078255492511698,8c293a52745057c4
389869,2021,11,Hospitalisation,True,1,1076_13814,True,153.387396932239,-27.961143485460802,8c293a52745057c4
389873,2021,4,Medical treatment,False,0,1080_13803,True,153.407565923638,-28.010601487903507,8c293a52745057c4
389885,2021,11,Hospitalisation,True,1,1058_13845,True,153.296035960655,-27.81782747504869,8c293a52745057c4
389887,2021,11,Hospitalisation,True,1,1072_13800,True,153.3710979263,-28.0209404842714,8c293a52745057c4
389893,2020,6,Medical treatment,False,0,1068_13816,True,153.346353937951,-27.951664481211,8c293a52745057c4
389905,2021,4,Medical treatment,False,0,1080_13803,True,153.40977292335,-28.010953488131094,8c293a52745057c4
389912,2024,8,Hospitalisation,True,1,1082_13805,True,153.420049923819,-27.9986304890818,8c293a52745057c4
389928,2021,2,Medical treatment,False,0,1075_13788,True,153.38483491781,-28.0749304860931,8c293a52745057c4
389930,2024,8,Hospitalisation,True,1,1077_13811,True,153.393362930262,-27.9713954861488,8c293a52745057c4
389935,2020,11,Medical treatment,False,0,1059_13837,True,153.303096955113,-27.855000476057594,8c293a52745057c4
389956,2022,4,Hospitalisation,True,1,1091_13780,True,153.468005903752,-28.112787494870698,8c293a52745057c4
389966,2022,4,Hospitalisation,True,2,1044_13832,True,153.226669960577,-27.877364468489098,8c293a52745057c4
389973,2022,4,Medical treatment,False,0,1049_13856,True,153.251324971452,-27.771496470151792,8c293a52745057c4
389978,2021,6,Hospitalisation,True,1,1094_13776,True,153.482649899772,-28.1310014965095,8c293a52745057c4
389980,2021,6,Hospitalisation,True,2,1082_13790,True,153.418552915359,-28.065241489451996,8c293a52745057c4
389989,2022,11,Fatal,True,2,1062_13826,True,153.3192739467,-27.906710478106405,8c293a52745057c4
389993,2024,9,Hospitalisation,True,1,1044_13765,True,153.225407921745,-28.180621470740093,8c293a52745057c4
389997,2024,9,Hospitalisation,True,1,1078_13824,True,153.397857937402,-27.91229948614219,8c293a52745057c4
390000,2024,9,Hospitalisation,True,2,1067_13814,True,153.344043937458,-27.9574484810216,8c293a52745057c4
390004,2024,9,Hospitalisation,True,1,1077_13808,True,153.395578927828,-27.988353486507695,8c293a52745057c4
390008,2024,9,Hospitalisation,True,1,1061_13829,True,153.314275948947,-27.893490477495003,8c293a52745057c4
390015,2024,9,Minor injury,False,0,1066_13804,True,153.340707931704,-28.0049004810551,8c293a52745057c4
390016,2024,9,Medical treatment,False,0,1096_13774,True,153.491855897543,-28.140343497523705,8c293a52745057c4
390037,2021,8,Medical treatment,False,0,1081_13811,True,153.413169927971,-27.9723504881742,8c293a52745057c4
390038,2021,5,Medical treatment,False,0,1054_13846,True,153.275288188447,-27.8136497519117,8c293a52745057c4
390040,2021,7,Medical treatment,False,0,1081_13788,True,153.41221291475802,-28.075256488884396,8c293a52745057c4
390052,2021,7,Medical treatment,False,0,1061_13829,True,153.314806431161,-27.891371305532196,8c293a52745057c4
390054,2021,7,Hospitalisation,True,1,1069_13794,True,153.353811976724,-28.047824782724096,8c293a52745057c4
390063,2021,9,Hospitalisation,True,1,1080_13805,True,153.407292925312,-27.997892487775896,8c293a52745057c4
390084,2020,10,Medical treatment,False,0,1079_13794,True,153.405681918888,-28.048901488012103,8c293a52745057c4
390092,2020,10,Minor injury,False,0,1081_13797,True,153.414640919526,-28.036376488826804,8c293a52745057c4
390111,2021,11,Hospitalisation,True,1,1083_13805,True,153.426694731822,-28.000709863775604,8c293a52745057c4
390116,2021,11,Medical treatment,False,0,1074_13811,True,153.376666002069,-27.971547969450192,8c293a52745057c4
390118,2023,10,Minor injury,False,0,1063_13824,True,153.320127945471,-27.915540478262493,8c293a52745057c4
390151,2021,6,Minor injury,False,0,1078_13827,True,153.401198938636,-27.899914486385104,8c293a52745057c4
390161,2024,8,Hospitalisation,True,1,1061_13834,True,153.312512952227,-27.8694764771272,8c293a52745057c4
390164,2024,8,Hospitalisation,True,1,1064_13839,True,153.327548953556,-27.846391478472395,8c293a52745057c4
390181,2021,6,Minor injury,False,0,1083_13786,True,153.42572715093402,-28.085579908342893,8c293a52745057c4
390183,2021,2,Medical treatment,False,0,1051_13856,True,153.263400970247,-27.7706694713686,8c293a52745057c4
390186,2021,6,Minor injury,False,0,1084_13803,True,153.42867268736,-28.0103298800528,8c293a52745057c4
390188,2021,6,Medical treatment,False,0,1078_13790,True,153.400035917073,-28.067714487584492,8c293a52745057c4
390192,2022,4,Medical treatment,False,0,1075_13798,True,153.385983923157,-28.032622485878196,8c293a52745057c4
390195,2022,4,Medical treatment,False,0,1083_13794,True,153.427000916698,-28.047739490176,8c293a52745057c4
390266,2023,3,Medical treatment,False,0,1084_13805,True,153.427180923028,-27.998706489809493,8c293a52745057c4
390277,2024,1,Minor injury,False,0,1035_13846,True,153.180392973814,-27.813324463307204,8c293a52745057c4
390288,2024,1,Hospitalisation,True,2,1045_13864,True,153.228655637677,-27.734238155563503,8c293a52745057c4
390305,2024,1,Medical treatment,False,0,1074_13816,True,153.3780939348,-27.949189484419907,8c293a52745057c4
390310,2023,12,Medical treatment,False,0,1077_13808,True,153.396070927761,-27.988452486558604,8c293a52745057c4
390343,2024,4,Hospitalisation,True,1,1053_13774,True,153.271648390812,-28.140473320108796,8c293a52745057c4
390346,2021,9,Minor injury,False,0,1074_13820,True,153.380341043752,-27.932156736514795,8c293a52745057c4
390351,2022,8,Medical treatment,False,0,1069_13799,True,153.35134292739,-28.029285482327605,8c293a52745057c4
390354,2021,9,Medical treatment,False,0,1084_13805,True,153.430966875277,-28.001299781215906,8c293a52745057c4
390360,2022,8,Hospitalisation,True,1,1077_13803,True,153.395151925159,-28.0093644866292,8c293a52745057c4
390367,2022,3,Hospitalisation,True,1,1086_13794,True,153.43884091531604,-28.048374491388596,8c293a52745057c4
390368,2022,8,Hospitalisation,True,1,1068_13804,True,153.348633678925,-28.00420201385529,8c293a52745057c4
390372,2021,10,Hospitalisation,True,1,1054_13820,True,153.276240948187,-27.9317114739367,8c293a52745057c4
390383,2021,10,Medical treatment,False,0,1064_13817,True,153.325405940945,-27.946212479039602,8c293a52745057c4
390391,2020,9,Hospitalisation,True,2,1083_13809,True,153.422000926071,-27.979572489131,8c293a52745057c4
390395,2020,10,Medical treatment,False,0,1080_13809,True,153.410902926935,-27.982284488021197,8c293a52745057c4
390412,2022,12,Hospitalisation,True,2,1080_13800,True,153.411042921533,-28.023920488362304,8c293a52745057c4
390417,2021,11,Hospitalisation,True,1,1056_13846,True,153.28500096204402,-27.81634947391771,8c293a52745057c4
390441,2021,11,Medical treatment,False,0,1070_13817,True,153.358149937672,-27.9438284823488,8c293a52745057c4
390446,2021,11,Hospitalisation,True,1,1096_13773,True,153.49353909897,-28.143321178719095,8c293a52745057c4
390447,2021,11,Hospitalisation,True,1,1081_13811,True,153.415081928,-27.970512488354608,8c293a52745057c4
390449,2021,11,Hospitalisation,True,1,1075_13815,True,153.383206307636,-27.953875827977097,8c293a52745057c4
390453,2021,11,Medical treatment,False,0,1066_13805,True,153.337186932697,-28.000198480660394,8c293a52745057c4
390455,2022,2,Medical treatment,False,0,1079_13783,True,153.405305912298,-28.1001114883754,8c293a52745057c4
390464,2021,5,Medical treatment,False,0,1084_13800,True,153.429176920034,-28.0201414901813,8c293a52745057c4
390478,2021,2,Hospitalisation,True,1,1102_13768,True,153.522590890712,-28.166789500874597,8c293a52745057c4
390484,2021,2,Hospitalisation,True,1,1051_13774,True,153.26474520659,-28.140345835408095,8c293a52745057c4
390486,2021,2,Minor injury,False,0,1089_13781,True,153.455075905881,-28.107350493507898,8c293a52745057c4
390488,2021,2,Medical treatment,False,0,1076_13817,True,153.390029933817,-27.946693485615402,8c293a52745057c4
390498,2022,5,Medical treatment,False,0,1061_13834,True,153.313019154196,-27.8692863851771,8c293a52745057c4
390503,2022,9,Hospitalisation,True,1,1051_13851,True,153.259105075671,-27.794418973120404,8c293a52745057c4
390504,2023,4,Minor injury,False,0,1066_13832,True,153.336303948308,-27.8797734796245,8c293a52745057c4
390516,2021,10,Fatal,True,1,1058_13844,True,153.297094959532,-27.825673475217908,8c293a52745057c4
390540,2023,10,Minor injury,False,0,1080_13809,True,153.410649927279,-27.979839487976207,8c293a52745057c4
390546,2023,10,Minor injury,False,0,1074_13811,True,153.378540931553,-27.973958484660002,8c293a52745057c4
390547,2023,4,Hospitalisation,True,1,1076_13798,True,153.387615005047,-28.032084967039992,8c293a52745057c4
390549,2023,5,Medical treatment,False,0,1082_13791,True,153.418232915527,-28.064212489411293,8c293a52745057c4
390565,2023,7,Hospitalisation,True,1,1084_13805,True,153.429146922399,-28.001901490034992,8c293a52745057c4
390571,2023,7,Hospitalisation,True,1,1043_13865,True,153.221347980244,-27.728175466776396,8c293a52745057c4
390580,2023,7,Hospitalisation,True,1,1077_13790,True,153.395131917553,-28.068173487088593,8c293a52745057c4
390593,2022,8,Medical treatment,False,0,1081_13805,True,153.413956924128,-28.001399488482505,8c293a52745057c4
390596,2022,9,Medical treatment,False,0,1048_13858,True,153.245400973412,-27.761206469470885,8c293a52745057c4
390597,2022,9,Hospitalisation,True,1,1072_13803,True,153.369521927731,-28.011199484034595,8c293a52745057c4
390601,2022,9,Medical treatment,False,0,1087_13787,True,153.447544910034,-28.081736492538397,8c293a52745057c4
390603,2022,8,Medical treatment,False,0,1076_13803,True,153.389489925775,-28.0093994860529,8c293a52745057c4
390613,2022,9,Minor injury,False,0,1056_13804,True,153.288892937144,-28.0067844758092,8c293a52745057c4
390616,2022,11,Hospitalisation,True,1,1076_13810,True,153.388628930086,-27.976763485709004,8c293a52745057c4
390659,2022,10,Hospitalisation,True,1,1078_13770,True,153.398759676476,-28.158303901164494,8c293a52745057c4
390660,2022,10,Medical treatment,False,0,1079_13786,True,153.402702914673,-28.083983487983794,8c293a52745057c4
390693,2022,10,Minor injury,False,0,1085_13796,True,153.433235917152,-28.0389564907429,8c293a52745057c4
390694,2022,10,Medical treatment,False,0,1041_13857,True,153.209661976779,-27.7652184658863,8c293a52745057c4
390695,2024,1,Medical treatment,False,0,1104_13767,True,153.532005889179,-28.1705875018681,8c293a52745057c4
390724,2022,6,Medical treatment,False,0,1083_13786,True,153.427157911805,-28.085366490487196,8c293a52745057c4
390729,2022,6,Medical treatment,False,0,1084_13774,True,153.428477904518,-28.140416491053305,8c293a52745057c4
390737,2023,12,Hospitalisation,True,1,1080_13816,True,153.408417931453,-27.949435487509902,8c293a52745057c4
390743,2021,10,Medical treatment,False,0,1082_13788,True,153.422178913656,-28.075302489900604,8c293a52745057c4
390747,2021,10,Medical treatment,False,0,1095_13774,True,153.48820089777104,-28.14169249716061,8c293a52745057c4
390756,2022,3,Medical treatment,False,0,1084_13809,True,153.427856925146,-27.981764489745302,8c293a52745057c4
390757,2022,3,Hospitalisation,True,1,1074_13811,True,153.378540931553,-27.973958484660002,8c293a52745057c4
390758,2022,3,Minor injury,False,0,1079_13811,True,153.403514929155,-27.971366487182593,8c293a52745057c4
390763,2022,3,Hospitalisation,True,1,1062_13825,True,153.31767494645,-27.91001347797,8c293a52745057c4
390764,2022,3,Medical treatment,False,0,1069_13806,True,153.351868931479,-27.997158482128885,8c293a52745057c4
390784,2021,11,Minor injury,False,0,1084_13806,True,153.428044923661,-27.993082489853393,8c293a52745057c4
390813,2021,10,Medical treatment,False,0,1062_13827,True,153.315911947859,-27.900553477716603,8c293a52745057c4
390816,2021,11,Hospitalisation,True,1,1065_13820,True,153.332070942278,-27.9302034795909,8c293a52745057c4
390817,2021,11,Hospitalisation,True,1,1081_13805,True,153.413556406219,-28.001036971438808,8c293a52745057c4
390821,2022,5,Minor injury,False,0,1103_13768,True,153.527909890033,-28.167501501424596,8c293a52745057c4
390825,2021,11,Medical treatment,False,0,1084_13768,True,153.432348063947,-28.16463545963769,8c293a52745057c4
390827,2021,12,Minor injury,False,0,1085_13784,True,153.435513909892,-28.0930294913995,8c293a52745057c4
390832,2021,12,Hospitalisation,True,2,1046_13860,True,153.236268238511,-27.752541137478104,8c293a52745057c4
390833,2021,12,Hospitalisation,True,1,1073_13813,True,153.376030619028,-27.9646646253315,8c293a52745057c4
390857,2021,12,Medical treatment,False,0,1083_13811,True,153.426140285285,-27.9744169645126,8c293a52745057c4
390888,2022,11,Minor injury,False,0,1103_13767,True,153.528656889615,-28.1700765015213,8c293a52745057c4
390906,2024,12,Medical treatment,False,0,1075_13805,True,153.381513927953,-27.99930548516159,8c293a52745057c4
390932,2023,2,Hospitalisation,True,1,1056_13832,True,153.286693953709,-27.879847474588995,8c293a52745057c4
390935,2023,10,Medical treatment,False,0,1062_13824,True,153.32008994560704,-27.914512478250607,8c293a52745057c4
390936,2023,7,Hospitalisation,True,1,1080_13807,True,153.411184925781,-27.990967488118095,8c293a52745057c4
390963,2023,10,Minor injury,False,0,1068_13811,True,153.346664935083,-27.973645481415197,8c293a52745057c4
390968,2023,10,Minor injury,False,0,1080_13808,True,153.411076926671,-27.984174488053696,8c293a52745057c4
390969,2022,12,Hospitalisation,True,1,1049_13864,True,153.249044672346,-27.735178509634796,8c293a52745057c4
390978,2021,9,Hospitalisation,True,1,1051_13853,True,153.261155968653,-27.785015471254095,8c293a52745057c4
390981,2022,12,Medical treatment,False,0,1083_13809,True,153.423932925536,-27.982071489347597,8c293a52745057c4
390989,2022,9,Hospitalisation,True,1,1080_13817,True,153.410244931996,-27.943688487650896,8c293a52745057c4
390993,2022,9,Minor injury,False,0,1075_13799,True,153.385733494986,-28.026420663804,8c293a52745057c4
390994,2022,9,Hospitalisation,True,1,1058_13838,True,153.299419955854,-27.852348475663607,8c293a52745057c4
390996,2022,9,Hospitalisation,True,1,1049_13856,True,153.251565765485,-27.771028662172505,8c293a52745057c4
391005,2022,8,Medical treatment,False,0,1080_13812,True,153.40967292888902,-27.968207487785293,8c293a52745057c4
391016,2023,10,Medical treatment,False,0,1044_13861,True,153.22491397767,-27.745291467272004,8c293a52745057c4
391028,2023,1,Hospitalisation,True,1,1050_13852,True,153.258003968545,-27.788531470962504,8c293a52745057c4
391032,2023,1,Medical treatment,False,0,1083_13809,True,153.424104925488,-27.982299489366994,8c293a52745057c4
391048,2023,10,Hospitalisation,True,1,1056_13842,True,153.287752444556,-27.833407897330993,8c293a52745057c4
391057,2024,6,Hospitalisation,True,1,1077_13808,True,153.396070927761,-27.988452486558604,8c293a52745057c4
391058,2024,1,Hospitalisation,True,2,1083_13783,True,153.426354910198,-28.098436490507797,8c293a52745057c4
391060,2024,1,Minor injury,False,0,1083_13786,True,153.425662911887,-28.085996490339692,8c293a52745057c4
391085,2024,5,Minor injury,False,0,1080_13815,True,153.40929893043,-27.956601487656002,8c293a52745057c4
391095,2022,6,Hospitalisation,True,1,1070_13830,True,153.357211944903,-27.8885194818186,8c293a52745057c4
391096,2022,6,Hospitalisation,True,2,1066_13818,True,153.337259940565,-27.939099480188,8c293a52745057c4
391103,2022,6,Hospitalisation,True,1,1084_13811,True,153.42757792626,-27.9733934896511,8c293a52745057c4
391110,2022,6,Hospitalisation,True,1,1069_13830,True,153.352695945498,-27.887719481353095,8c293a52745057c4
391135,2022,8,Minor injury,False,0,1057_13845,True,153.289434961133,-27.819691474393693,8c293a52745057c4
391145,2021,12,Hospitalisation,True,1,1084_13797,True,153.431372917797,-28.0355534905262,8c293a52745057c4
391172,2022,12,Medical treatment,False,0,1078_13819,True,153.400574934107,-27.935521486601502,8c293a52745057c4
391175,2022,12,Minor injury,False,0,1086_13790,True,153.441055912533,-28.067965491768298,8c293a52745057c4
391177,2022,12,Minor injury,False,0,1062_13830,True,153.317560949612,-27.8855264777659,8c293a52745057c4
391180,2022,5,Hospitalisation,True,1,1051_13795,True,153.264173003831,-28.045838271609497,8c293a52745057c4
391193,2022,4,Hospitalisation,True,1,1059_13821,True,153.304330945871,-27.9258414767398,8c293a52745057c4
391202,2022,5,Minor injury,False,0,1055_13831,True,153.284173953346,-27.884819474372495,8c293a52745057c4
391204,2022,5,Minor injury,False,0,1071_13832,True,153.365358945342,-27.8782154825662,8c293a52745057c4
391208,2022,6,Hospitalisation,True,1,1051_13850,True,153.260724967372,-27.795377471292,8c293a52745057c4
391217,2022,8,Minor injury,False,0,1071_13808,True,153.364858931599,-27.985209483356197,8c293a52745057c4
391221,2022,11,Minor injury,False,0,1082_13805,True,153.419319923994,-27.9978914890016,8c293a52745057c4
391256,2024,6,Hospitalisation,True,1,1077_13809,True,153.393071928735,-27.983458486213994,8c293a52745057c4
391257,2024,8,Medical treatment,False,0,1092_13777,True,153.470772901758,-28.125791495255296,8c293a52745057c4
391268,2024,11,Hospitalisation,True,1,1080_13815,True,153.407937931011,-27.953259487491003,8c293a52745057c4
391277,2024,5,Medical treatment,False,0,1082_13799,True,153.417577920473,-28.026577489049195,8c293a52745057c4
391291,2023,10,Hospitalisation,True,1,1049_13790,True,153.252218760188,-28.0688131645786,8c293a52745057c4
391294,2023,10,Minor injury,False,0,1083_13805,True,153.423620425429,-27.9986218274458,8c293a52745057c4
391299,2023,10,Medical treatment,False,0,1067_13806,True,153.340717933158,-27.993619480967592,8c293a52745057c4
391314,2022,12,Hospitalisation,True,1,1062_13830,True,153.316080498626,-27.8866743476246,8c293a52745057c4
391332,2020,10,Medical treatment,False,0,1087_13779,True,153.444210906095,-28.1149134924583,8c293a52745057c4
391555,2020,1,Hospitalisation,True,1,1077_13792,True,153.393895919192,-28.056558486871594,8c293a52745057c4
391766,2022,8,Minor injury,False,0,1077_13817,True,153.392764933469,-27.9470744858969,8c293a52745057c4
392134,2023,5,Medical treatment,False,0,1070_13836,True,153.355700948921,-27.8585894814295,8c293a52745057c4
392784,2023,3,Minor injury,False,0,1064_13822,True,153.325870943941,-27.9225504789009,8c293a52745057c4
392881,2022,11,Hospitalisation,True,1,1066_13794,True,153.338353926208,-28.049488481165795,8c293a52745057c4
393238,2020,1,Hospitalisation,True,1,1084_13805,True,153.429543922485,-28.000901490067708,8c293a52745057c4
393330,2020,10,Hospitalisation,True,1,1076_13788,True,153.387459917454,-28.0754534863645,8c293a52745057c4
393343,2023,7,Minor injury,False,0,1058_13822,True,153.294857947113,-27.92423947576599,8c293a52745057c4
393387,2023,10,Medical treatment,False,0,1078_13825,True,153.397685937863,-27.908876486097792,8c293a52745057c4
393399,2023,10,Hospitalisation,True,2,1070_13821,True,153.360626939615,-27.926658482465694,8c293a52745057c4
393528,2020,2,Medical treatment,False,0,1084_13807,True,153.430299923434,-27.992924490082096,8c293a52745057c4
393760,2022,10,Hospitalisation,True,1,1057_13805,True,153.293492796614,-27.999221976216393,8c293a52745057c4
393895,2023,8,Hospitalisation,True,1,1078_13760,True,153.398480853465,-28.20486892550071,8c293a52745057c4
393897,2023,8,Medical treatment,False,0,1064_13819,True,153.327995704026,-27.935619314219394,8c293a52745057c4
393900,2023,8,Medical treatment,False,0,1058_13836,True,153.296223955338,-27.8590804753923,8c293a52745057c4
393901,2023,8,Minor injury,False,0,1091_13781,True,153.46431990505303,-28.105893494440295,8c293a52745057c4
393910,2023,8,Medical treatment,False,0,1081_13805,True,153.416906559298,-27.997588043753193,8c293a52745057c4
393915,2023,5,Minor injury,False,0,1048_13858,True,153.246520973068,-27.762946469598,8c293a52745057c4
393939,2021,9,Medical treatment,False,0,1076_13798,True,153.386898923066,-28.032550485970795,8c293a52745057c4
393958,2021,10,Minor injury,False,0,1051_13853,True,153.261155968653,-27.785015471254095,8c293a52745057c4
393977,2020,5,Hospitalisation,True,1,1077_13806,True,153.392698927082,-27.996563486278905,8c293a52745057c4
393991,2021,10,Hospitalisation,True,1,1092_13776,True,153.473269900617,-28.132455495562592,8c293a52745057c4
393992,2020,3,Fatal,True,1,1083_13794,True,153.427305086597,-28.048264243211097,8c293a52745057c4
394030,2020,2,Medical treatment,False,0,1100_13769,True,153.510544164913,-28.1600918705895,8c293a52745057c4
394046,2023,4,Medical treatment,False,0,1072_13803,True,153.370534394978,-28.0084336311159,8c293a52745057c4
394076,2021,3,Medical treatment,False,0,1065_13843,True,153.33473295525502,-27.827098479050395,8c293a52745057c4
394083,2021,3,Medical treatment,False,0,1059_13839,True,153.30199395659002,-27.8444364758626,8c293a52745057c4
394087,2023,2,Medical treatment,False,0,1077_13786,True,153.393935915551,-28.084652487095997,8c293a52745057c4
394094,2021,3,Minor injury,False,0,1046_13861,True,153.234762976269,-27.747890468289093,8c293a52745057c4
394096,2023,2,Hospitalisation,True,1,1063_13840,True,153.323140443679,-27.841391888985292,8c293a52745057c4
394101,2021,4,Hospitalisation,True,2,1074_13810,True,153.380983930931,-27.9767074849302,8c293a52745057c4
394116,2021,1,Hospitalisation,True,1,1101_13769,True,153.51629189175802,-28.164093500208903,8c293a52745057c4
394134,2020,10,Minor injury,False,0,1064_13828,True,153.326273947097,-27.897693478746394,8c293a52745057c4
394141,2020,9,Minor injury,False,0,1060_13837,True,153.304775142663,-27.8570801582443,8c293a52745057c4
394152,2020,11,Fatal,True,1,1066_13807,True,153.340448559643,-27.990090567912496,8c293a52745057c4
394167,2023,1,Medical treatment,False,0,1064_13821,True,153.327928943285,-27.925897479136207,8c293a52745057c4
394168,2023,2,Minor injury,False,0,1065_13822,True,153.334580943061,-27.9219974797814,8c293a52745057c4
394178,2023,11,Medical treatment,False,0,1053_13814,True,153.27085494499,-27.9611714736222,8c293a52745057c4
394204,2023,11,Minor injury,False,0,1063_13827,True,153.320680447318,-27.900714178202097,8c293a52745057c4
394207,2023,12,Minor injury,False,0,1071_13790,True,153.362485325123,-28.06831594476691,8c293a52745057c4
394235,2022,5,Hospitalisation,True,1,1056_13844,True,153.286656960744,-27.825084474154398,8c293a52745057c4
394239,2022,10,Medical treatment,False,0,1054_13820,True,153.276252948294,-27.930868473931305,8c293a52745057c4
394244,2022,11,Fatal,True,1,1081_13783,True,153.415077911136,-28.100777489376497,8c293a52745057c4
394302,2024,9,Hospitalisation,True,1,1063_13827,True,153.320687947308,-27.90078847820349,8c293a52745057c4
394304,2024,9,Medical treatment,False,0,1054_13797,True,153.274905934895,-28.03617747462149,8c293a52745057c4
394309,2024,9,Minor injury,False,0,1092_13779,True,153.471583902523,-28.119212495286597,8c293a52745057c4
394310,2024,9,Medical treatment,False,0,1061_13833,True,153.31384995138,-27.874930477305806,8c293a52745057c4
394313,2023,3,Medical treatment,False,0,1071_13789,True,153.364877920314,-28.072534484043405,8c293a52745057c4
394323,2020,9,Hospitalisation,True,2,1083_13781,True,153.424816909309,-28.106602490414986,8c293a52745057c4
394329,2021,9,Hospitalisation,True,1,1060_13844,True,153.306892958748,-27.8234764761948,8c293a52745057c4
394331,2021,10,Minor injury,False,0,1081_13796,True,153.414382919048,-28.0402914888312,8c293a52745057c4
394416,2022,2,Medical treatment,False,0,1060_13837,True,153.307482169281,-27.85775537352429,8c293a52745057c4
394417,2022,6,Hospitalisation,True,3,1067_13803,True,153.344325529754,-28.009185415456503,8c293a52745057c4
394422,2023,12,Hospitalisation,True,2,1083_13797,True,153.424629891599,-28.035074035834796,8c293a52745057c4
394431,2022,6,Hospitalisation,True,1,1077_13808,True,153.395035927894,-27.988300486452005,8c293a52745057c4
394436,2022,6,Hospitalisation,True,1,1059_13840,True,153.302275865039,-27.8407027218618,8c293a52745057c4
394441,2021,3,Hospitalisation,True,2,1083_13809,True,153.426167891588,-27.979781195557496,8c293a52745057c4
394442,2023,8,Minor injury,False,0,1066_13806,True,153.340193933114,-27.994405480920495,8c293a52745057c4
394450,2021,3,Hospitalisation,True,1,1061_13801,True,153.31204593317,-28.0179104782459,8c293a52745057c4
394458,2021,2,Medical treatment,False,0,1061_13829,True,153.313839949199,-27.8918994774382,8c293a52745057c4
394474,2023,8,Hospitalisation,True,1,1085_13782,True,153.433350909001,-28.1017354912471,8c293a52745057c4
394485,2021,10,Hospitalisation,True,1,1079_13811,True,153.402135928928,-27.974288487065103,8c293a52745057c4
394503,2020,6,Medical treatment,False,0,1055_13845,True,153.282595962008,-27.8186724736921,8c293a52745057c4
394504,2020,6,Hospitalisation,True,1,1060_13836,True,153.30942195387203,-27.859295476733298,8c293a52745057c4
394545,2022,9,Hospitalisation,True,1,1066_13806,True,153.339900933259,-27.993533480883897,8c293a52745057c4
394575,2023,4,Medical treatment,False,0,1102_13768,True,153.523197890449,-28.168295500948503,8c293a52745057c4
394605,2021,2,Medical treatment,False,0,1062_13830,True,153.316706949706,-27.8855234776792,8c293a52745057c4
394608,2023,2,Medical treatment,False,0,1065_13803,True,153.333682314853,-28.0097176383791,8c293a52745057c4
394611,2021,1,Minor injury,False,0,1059_13837,True,153.303668954879,-27.856337476126193,8c293a52745057c4
394635,2020,9,Minor injury,False,0,1061_13837,True,153.310855954004,-27.857051476861205,8c293a52745057c4
394639,2020,12,Hospitalisation,True,1,1066_13823,True,153.335870943545,-27.917142479874297,8c293a52745057c4
394647,2020,3,Medical treatment,False,0,1075_13814,True,153.385759932501,-27.9604994852891,8c293a52745057c4
394682,2022,8,Minor injury,False,0,1084_13805,True,153.427721922961,-27.998767489865095,8c293a52745057c4
394690,2023,12,Minor injury,False,0,1092_13778,True,153.47254090219,-28.12096449539799,8c293a52745057c4
394691,2023,11,Medical treatment,False,0,1073_13808,True,153.37136093094,-27.984792484014402,8c293a52745057c4
394713,2023,9,Medical treatment,False,0,1086_13788,True,153.440816911298,-28.077695491820197,8c293a52745057c4
394717,2023,12,Minor injury,False,0,1052_13848,True,153.266643965234,-27.807040471983605,8c293a52745057c4
394718,2024,3,Hospitalisation,True,1,1077_13812,True,153.393744930343,-27.9704404861802,8c293a52745057c4
394721,2023,12,Hospitalisation,True,1,1081_13805,True,153.412494924704,-27.9981834883083,8c293a52745057c4
394833,2024,1,Hospitalisation,True,2,1083_13819,True,153.426074157975,-27.9382015772213,8c293a52745057c4
394834,2024,1,Hospitalisation,True,1,1077_13804,True,153.39328592577,-28.006218486414493,8c293a52745057c4
394838,2024,7,Hospitalisation,True,2,1072_13808,True,153.366805931466,-27.984584483549305,8c293a52745057c4
394842,2024,9,Minor injury,False,0,1076_13825,True,153.387962938699,-27.910618485121397,8c293a52745057c4
394903,2024,11,Medical treatment,False,0,1084_13801,True,153.429222056343,-28.0177183731669,8c293a52745057c4
394907,2024,2,Hospitalisation,True,1,1082_13781,True,153.42012490935,-28.110266489965305,8c293a52745057c4
394908,2024,2,Hospitalisation,True,2,1075_13816,True,153.384435933742,-27.952012485087607,8c293a52745057c4
394917,2024,2,Minor injury,False,0,1071_13832,True,153.361749945808,-27.877649482194602,8c293a52745057c4
394918,2024,2,Hospitalisation,True,1,1080_13809,True,153.410935926931,-27.982283488024496,8c293a52745057c4
394920,2024,2,Medical treatment,False,0,1053_13817,True,153.270415946904,-27.9466544734637,8c293a52745057c4
394934,2022,6,Medical treatment,False,0,1060_13838,True,153.30775495498,-27.852085476507394,8c293a52745057c4
394935,2023,12,Hospitalisation,True,1,1083_13805,True,153.426573922728,-28.0015324897698,8c293a52745057c4
394940,2023,11,Minor injury,False,0,1074_13810,True,153.380877930935,-27.976763484919896,8c293a52745057c4
394955,2024,8,Medical treatment,False,0,1059_13836,True,153.301268954414,-27.861991475927102,8c293a52745057c4
394972,2021,10,Minor injury,False,0,1084_13807,True,153.429036939823,-27.990991811938102,8c293a52745057c4
394978,2021,10,Medical treatment,False,0,1067_13803,True,153.342232931222,-28.007340481229303,8c293a52745057c4
394981,2023,8,Hospitalisation,True,2,1060_13836,True,153.309351121014,-27.858247277717897,8c293a52745057c4
395000,2021,10,Medical treatment,False,0,1076_13824,True,153.391127010151,-27.912188767455895,8c293a52745057c4
395016,2020,5,Hospitalisation,True,1,1079_13809,True,153.404732927736,-27.981312487384898,8c293a52745057c4
395019,2020,5,Medical treatment,False,0,1081_13805,True,153.413833924621,-27.997689488440802,8c293a52745057c4
395023,2020,6,Hospitalisation,True,1,1091_13780,True,153.464730019353,-28.1109399035217,8c293a52745057c4
395036,2020,8,Hospitalisation,True,1,1056_13824,True,153.284724949598,-27.91352147465399,8c293a52745057c4
395042,2020,8,Minor injury,False,0,1084_13797,True,153.430738918055,-28.034100490450097,8c293a52745057c4
395043,2021,10,Hospitalisation,True,1,1061_13801,True,153.312210358108,-28.0182523552653,8c293a52745057c4
395046,2020,7,Hospitalisation,True,1,1051_13849,True,153.263360966124,-27.802881071618202,8c293a52745057c4
395059,2020,3,Hospitalisation,True,1,1062_13830,True,153.315430380519,-27.888060418569495,8c293a52745057c4
395072,2020,3,Hospitalisation,True,1,1078_13822,True,153.400911935429,-27.924998486553097,8c293a52745057c4
395079,2020,3,Medical treatment,False,0,1074_13814,True,153.378628933364,-27.959860484558195,8c293a52745057c4
395081,2020,10,Minor injury,False,0,1090_13777,True,153.45904290325004,-28.124249494045298,8c293a52745057c4
395118,2023,7,Minor injury,False,0,1082_13783,True,153.41924091071,-28.100527489798804,8c293a52745057c4
395135,2021,3,Minor injury,False,0,1093_13775,True,153.473978900461,-28.1330544956397,8c293a52745057c4
395149,2021,4,Minor injury,False,0,1075_13814,True,153.38136293324,-27.9585024848258,8c293a52745057c4
395150,2021,4,Hospitalisation,True,3,1037_13855,True,153.190759977512,-27.775549464057196,8c293a52745057c4
395187,2020,12,Hospitalisation,True,1,1084_13801,True,153.42998699351,-28.015782544229694,8c293a52745057c4
395188,2020,6,Hospitalisation,True,1,1071_13816,True,153.364167936024,-27.951500483021096,8c293a52745057c4
395209,2023,12,Hospitalisation,True,1,1086_13783,True,153.442391908413,-28.098598492144795,8c293a52745057c4
395225,2023,12,Medical treatment,False,0,1081_13797,True,153.415326919437,-28.036486488897598,8c293a52745057c4
395227,2023,12,Medical treatment,False,0,1061_13837,True,153.313553953917,-27.8554454771225,8c293a52745057c4
395232,2024,1,Medical treatment,False,0,1062_13824,True,153.31947742475103,-27.913917330183704,8c293a52745057c4
395353,2020,12,Hospitalisation,True,1,1056_13845,True,153.288425961066,-27.821075474302305,8c293a52745057c4
395361,2021,6,Hospitalisation,True,1,1045_13863,True,153.23029197799,-27.738223467760506,8c293a52745057c4
395456,2024,7,Medical treatment,False,0,1085_13795,True,153.435304915916,-28.0467424910151,8c293a52745057c4
395466,2024,7,Hospitalisation,True,1,1050_13853,True,153.254713969712,-27.782207470579404,8c293a52745057c4
395467,2024,7,Medical treatment,False,0,1075_13788,True,153.383194917597,-28.07796848595,8c293a52745057c4
395473,2024,7,Minor injury,False,0,1079_13821,True,153.405168934863,-27.925784486993003,8c293a52745057c4
395475,2024,7,Medical treatment,False,0,1091_13778,True,153.466819902497,-28.123452494833195,8c293a52745057c4
395477,2024,7,Hospitalisation,True,1,1073_13787,True,153.374986917939,-28.0823084851486,8c293a52745057c4
395483,2024,7,Minor injury,False,0,1072_13813,True,153.370100933767,-27.963961483722603,8c293a52745057c4
395497,2022,4,Hospitalisation,True,1,1077_13787,True,153.395413915753,-28.081836487224503,8c293a52745057c4
395503,2023,5,Hospitalisation,True,2,1081_13808,True,153.412389608084,-27.9876036422145,8c293a52745057c4
395506,2024,2,Hospitalisation,True,1,1067_13802,True,153.341288930356,-28.0148514811923,8c293a52745057c4
395525,2024,8,Hospitalisation,True,1,1061_13836,True,153.311796953355,-27.8613044769902,8c293a52745057c4
395529,2020,6,Hospitalisation,True,1,1082_13802,True,153.418095922151,-28.013173488996795,8c293a52745057c4
395530,2020,12,Hospitalisation,True,2,1051_13849,True,153.263212966151,-27.8027964716025,8c293a52745057c4
395538,2021,10,Minor injury,False,0,1071_13789,True,153.363322920462,-28.0727194838867,8c293a52745057c4
395542,2021,10,Hospitalisation,True,1,1075_13800,True,153.384754924872,-28.020399485657105,8c293a52745057c4
395558,2021,11,Hospitalisation,True,1,1055_13822,True,153.281291948811,-27.922564474376998,8c293a52745057c4
395562,2021,11,Hospitalisation,True,1,1085_13793,True,153.437336914641,-28.054860491286,8c293a52745057c4
395569,2021,10,Medical treatment,False,0,1080_13802,True,153.41193992302,-28.011674488357595,8c293a52745057c4
395585,2020,10,Hospitalisation,True,1,1071_13773,True,153.361592911601,-28.142676484259002,8c293a52745057c4
395588,2020,4,Hospitalisation,True,1,1078_13815,True,153.401054198524,-27.955117905804304,8c293a52745057c4
395596,2021,8,Fatal,True,1,1096_13770,True,153.493783894832,-28.159542497871197,8c293a52745057c4
395597,2021,3,Medical treatment,False,0,1068_13803,True,153.346331930452,-28.0098204816654,8c293a52745057c4
395605,2022,5,Hospitalisation,True,2,1079_13790,True,153.404740916553,-28.067739488063996,8c293a52745057c4
395635,2022,10,Hospitalisation,True,1,1081_13780,True,153.412604909965,-28.11191248921169,8c293a52745057c4
395676,2021,10,Medical treatment,False,0,1081_13764,True,153.417056899967,-28.185189490239498,8c293a52745057c4
395680,2020,6,Medical treatment,False,0,1071_13821,True,153.363552939165,-27.9276664827713,8c293a52745057c4
395687,2020,6,Medical treatment,False,0,1072_13807,True,153.369137930431,-27.990621483834005,8c293a52745057c4
395688,2020,11,Medical treatment,False,0,1076_13787,True,153.390527916431,-28.080746486718397,8c293a52745057c4
395689,2021,8,Medical treatment,False,0,1078_13790,True,153.399750917198,-28.0669914875498,8c293a52745057c4
395697,2023,3,Hospitalisation,True,1,1066_13838,True,153.335516951986,-27.851856479324898,8c293a52745057c4
395703,2023,3,Minor injury,False,0,1077_13790,True,153.394313917659,-28.068044487004304,8c293a52745057c4
395720,2021,6,Hospitalisation,True,1,1068_13840,True,153.350360017563,-27.842579523760495,8c293a52745057c4
395722,2023,3,Minor injury,False,0,1084_13799,True,153.431162918666,-28.029024490453605,8c293a52745057c4
395723,2023,3,Hospitalisation,True,1,1075_13810,True,153.384235930605,-27.976469485259393,8c293a52745057c4
395724,2023,3,Hospitalisation,True,1,1075_13805,True,153.38194192785,-27.999740485208584,8c293a52745057c4
395732,2023,3,Medical treatment,False,0,1066_13806,True,153.339900933259,-27.993533480883897,8c293a52745057c4
395735,2023,3,Hospitalisation,True,1,1071_13808,True,153.365694931506,-27.985217483441303,8c293a52745057c4
395736,2023,3,Hospitalisation,True,1,1077_13815,True,153.395583890043,-27.955724576251896,8c293a52745057c4
395741,2020,7,Hospitalisation,True,1,1083_13786,True,153.425042912229,-28.083887490259908,8c293a52745057c4
395760,2021,4,Medical treatment,False,0,1084_13804,True,153.427531922495,-28.002525489875193,8c293a52745057c4
395763,2021,5,Hospitalisation,True,2,1069_13814,True,153.351911936097,-27.961328481851904,8c293a52745057c4
395775,2021,4,Medical treatment,False,0,1064_13824,True,153.328398944836,-27.913455479086206,8c293a52745057c4
395776,2021,4,Medical treatment,False,0,1062_13835,True,153.315337952285,-27.866627477391596,8c293a52745057c4
395783,2024,1,Minor injury,False,0,1062_13826,True,153.316829947157,-27.9052384778467,8c293a52745057c4
395791,2024,3,Medical treatment,False,0,1083_13802,True,153.424065921646,-28.012019489596398,8c293a52745057c4
395796,2024,3,Medical treatment,False,0,1077_13810,True,153.392305929766,-27.976126486078403,8c293a52745057c4
395800,2024,3,Medical treatment,False,0,1080_13814,True,153.410116930182,-27.957831487748997,8c293a52745057c4
395802,2024,3,Medical treatment,False,0,1096_13774,True,153.491854897543,-28.140344497523586,8c293a52745057c4
395803,2024,3,Medical treatment,False,0,1074_13787,True,153.380998917229,-28.082677485763405,8c293a52745057c4
395806,2024,3,Minor injury,False,0,1085_13796,True,153.434477916755,-28.0409644908854,8c293a52745057c4
395812,2024,3,Medical treatment,False,0,1046_13818,True,153.238478950852,-27.943127470201002,8c293a52745057c4
395876,2023,10,Hospitalisation,True,1,1074_13810,True,153.381042930909,-27.9768244849372,8c293a52745057c4
395881,2024,3,Hospitalisation,True,1,1059_13844,True,153.302545958873,-27.826192475774995,8c293a52745057c4
395884,2023,10,Hospitalisation,True,1,1062_13826,True,153.316288020452,-27.903403469777206,8c293a52745057c4
395885,2023,8,Medical treatment,False,0,1086_13783,True,153.441094908425,-28.099601492020305,8c293a52745057c4
395892,2023,10,Hospitalisation,True,1,1061_13795,True,153.313123929443,-28.045898478575,8c293a52745057c4
395895,2024,3,Hospitalisation,True,1,1055_13804,True,153.281706937987,-28.006362475077104,8c293a52745057c4
395904,2024,3,Minor injury,False,0,1080_13802,True,153.411801922968,-28.01219348834759,8c293a52745057c4
395906,2024,3,Hospitalisation,True,1,1084_13792,True,153.43216791466003,-28.059089490792,8c293a52745057c4
395910,2022,11,Hospitalisation,True,1,1076_13788,True,153.387552917442,-28.075463486373998,8c293a52745057c4
395913,2023,3,Hospitalisation,True,2,1088_13785,True,153.45193290867,-28.0885324930395,8c293a52745057c4
395916,2023,7,Hospitalisation,True,1,1063_13843,True,153.323108956057,-27.830695477898004,8c293a52745057c4
395927,2023,12,Hospitalisation,True,1,1079_13811,True,153.405488928607,-27.973931487403885,8c293a52745057c4
395931,2024,1,Hospitalisation,True,2,1080_13813,True,153.409023929276,-27.965762487699905,8c293a52745057c4
395933,2024,2,Hospitalisation,True,1,1095_13775,True,153.486463898747,-28.135653496935795,8c293a52745057c4
395945,2024,10,Hospitalisation,True,1,1070_13787,True,153.360012919579,-28.082363483625596,8c293a52745057c4
395948,2023,9,Medical treatment,False,0,1061_13833,True,153.31385395164,-27.872903477290297,8c293a52745057c4
395949,2023,8,Hospitalisation,True,1,1076_13826,True,153.387945939416,-27.905073485075995,8c293a52745057c4
396019,2020,1,Minor injury,False,0,1059_13839,True,153.301963956537,-27.844873475863,8c293a52745057c4
396021,2022,6,Hospitalisation,True,1,1052_13856,True,153.264103970316,-27.7695314714308,8c293a52745057c4
396065,2023,6,Minor injury,False,0,1080_13780,True,153.412242858004,-28.111912882174803,8c293a52745057c4
396068,2023,6,Medical treatment,False,0,1065_13805,True,153.334894158803,-28.0013204294363,8c293a52745057c4
396072,2023,6,Minor injury,False,0,1094_13771,True,153.480932897304,-28.1514404964943,8c293a52745057c4
396082,2023,6,Minor injury,False,0,1071_13788,True,153.364779313893,-28.075876551059604,8c293a52745057c4
396103,2023,9,Medical treatment,False,0,1046_13860,True,153.23553397594,-27.749809468382196,8c293a52745057c4
396116,2021,11,Minor injury,False,0,1078_13811,True,153.40109492895704,-27.97494548696419,8c293a52745057c4
396134,2021,11,Hospitalisation,True,1,1044_13863,True,153.226365978496,-27.737592467358205,8c293a52745057c4
396139,2023,2,Hospitalisation,True,1,1065_13807,True,153.33333093438,-27.990420480191894,8c293a52745057c4
396163,2021,10,Minor injury,False,0,1072_13834,True,153.368060946047,-27.870456482779996,8c293a52745057c4
396164,2021,10,Minor injury,False,0,1101_13768,True,153.517660891469,-28.16514950035729,8c293a52745057c4
396168,2020,11,Hospitalisation,True,1,1067_13806,True,153.345202932572,-27.994351481429202,8c293a52745057c4
396182,2021,10,Hospitalisation,True,1,1053_13804,True,153.270008097555,-28.0041512458738,8c293a52745057c4
396221,2020,3,Medical treatment,False,0,1058_13829,True,153.296906950966,-27.892524475724603,8c293a52745057c4
396223,2020,4,Hospitalisation,True,1,1044_13865,True,153.223205980052,-27.7280994669637,8c293a52745057c4
396250,2020,11,Medical treatment,False,0,1080_13812,True,153.409796335884,-27.968142858797293,8c293a52745057c4
396253,2021,10,Hospitalisation,True,1,1061_13842,True,153.31041795727,-27.8320034766197,8c293a52745057c4
396261,2020,11,Medical treatment,False,0,1088_13784,True,153.4528639078,-28.094442493180892,8c293a52745057c4
396263,2020,11,Medical treatment,False,0,1061_13834,True,153.314840951983,-27.869400477362902,8c293a52745057c4
396264,2020,10,Medical treatment,False,0,1054_13846,True,153.279204790775,-27.815570674323897,8c293a52745057c4
396284,2023,3,Hospitalisation,True,1,1082_13799,True,153.417756920497,-28.026240489064804,8c293a52745057c4
396289,2023,3,Minor injury,False,0,1062_13834,True,153.314944428025,-27.86898030337011,8c293a52745057c4
396292,2023,3,Minor injury,False,0,1078_13815,True,153.39872493177,-27.955181486567607,8c293a52745057c4
396299,2023,3,Minor injury,False,0,1083_13786,True,153.424094912035,-28.0861864901813,8c293a52745057c4
396303,2021,12,Minor injury,False,0,1080_13803,True,153.407531923628,-28.0107044879008,8c293a52745057c4
396313,2020,11,Hospitalisation,True,1,1071_13795,True,153.366173923512,-28.046696483972497,8c293a52745057c4
396322,2022,6,Hospitalisation,True,1,1082_13805,True,153.420797923626,-27.9994844891648,8c293a52745057c4
396336,2020,3,Medical treatment,False,0,1083_13805,True,153.426829923083,-27.998574489772604,8c293a52745057c4
396370,2022,11,Hospitalisation,True,1,1057_13844,True,153.292288960525,-27.8220164747015,8c293a52745057c4
396390,2022,11,Minor injury,False,0,1083_13782,True,153.425327373854,-28.101965867430604,8c293a52745057c4
396394,2022,12,Fatal,True,2,1072_13817,True,153.37055193595,-27.946664483632595,8c293a52745057c4
396396,2022,11,Medical treatment,False,0,1083_13805,True,153.425825139188,-27.9986115966705,8c293a52745057c4
396400,2022,10,Medical treatment,False,0,1084_13807,True,153.428189923942,-27.99079148985019,8c293a52745057c4
396432,2020,1,Medical treatment,False,0,1061_13817,True,153.312303942655,-27.944062477692302,8c293a52745057c4
396452,2024,3,Medical treatment,False,0,1084_13798,True,153.430584918432,-28.03131849041261,8c293a52745057c4
396453,2024,3,Minor injury,False,0,1079_13810,True,153.403772928276,-27.9779434872606,8c293a52745057c4
396477,2023,9,Minor injury,False,0,1071_13788,True,153.364862235524,-28.078661421089798,8c293a52745057c4
396479,2023,6,Minor injury,False,0,1067_13814,True,153.345332936908,-27.96062648117759,8c293a52745057c4
396484,2024,10,Medical treatment,False,0,1084_13798,True,153.431194918621,-28.0293404904593,8c293a52745057c4
396584,2020,4,Hospitalisation,True,2,1047_13858,True,153.242790801975,-27.759014805189306,8c293a52745057c4
396595,2020,7,Hospitalisation,True,1,1070_13813,True,153.357551935364,-27.96223048243249,8c293a52745057c4
396600,2020,8,Hospitalisation,True,1,1067_13815,True,153.343597937996,-27.9536584809465,8c293a52745057c4
396616,2022,7,Medical treatment,False,0,1067_13809,True,153.344753934129,-27.982668481291796,8c293a52745057c4
396617,2022,7,Minor injury,False,0,1071_13808,True,153.364615931589,-27.985485483333598,8c293a52745057c4
396627,2024,2,Hospitalisation,True,1,1084_13806,True,153.428045923661,-27.9930824898535,8c293a52745057c4
396635,2024,2,Hospitalisation,True,3,1044_13832,True,153.226786960549,-27.8774834685019,8c293a52745057c4
396642,2024,2,Medical treatment,False,0,1049_13854,True,153.252464970358,-27.779076470327,8c293a52745057c4
396649,2022,10,Hospitalisation,True,1,1085_13799,True,153.432458918876,-28.026302490564397,8c293a52745057c4
396659,2023,1,Medical treatment,False,0,1082_13781,True,153.42146190953,-28.1077394900818,8c293a52745057c4
396670,2023,1,Hospitalisation,True,1,1061_13807,True,153.313083936389,-27.992048478148302,8c293a52745057c4
396674,2023,1,Hospitalisation,True,1,1066_13838,True,153.33553395201903,-27.8515804793245,8c293a52745057c4
396685,2023,1,Hospitalisation,True,1,1062_13824,True,153.319526945832,-27.9132464781835,8c293a52745057c4
396687,2023,1,Medical treatment,False,0,1099_13771,True,153.504885894233,-28.1547474989689,8c293a52745057c4
396691,2021,12,Medical treatment,False,0,1077_13805,True,153.394365281549,-27.999278128469893,8c293a52745057c4
396693,2023,10,Hospitalisation,True,1,1088_13785,True,153.449239908905,-28.089004492768396,8c293a52745057c4
396694,2023,2,Medical treatment,False,0,1066_13822,True,153.336711942871,-27.921661479995297,8c293a52745057c4
396697,2022,7,Hospitalisation,True,1,1053_13814,True,153.27085494499,-27.9611714736222,8c293a52745057c4
396715,2022,6,Minor injury,False,0,1083_13810,True,153.423974926083,-27.977806489318404,8c293a52745057c4
396720,2023,3,Medical treatment,False,0,1066_13817,True,153.339400939508,-27.945488480455804,8c293a52745057c4
396726,2022,7,Hospitalisation,True,1,1098_13771,True,153.503812894442,-28.154049498853695,8c293a52745057c4
396727,2022,7,Hospitalisation,True,2,1088_13785,True,153.451658908709,-28.088462493011,8c293a52745057c4
396728,2022,7,Medical treatment,False,0,1060_13837,True,153.307799070366,-27.8568291025492,8c293a52745057c4
396738,2022,3,Medical treatment,False,0,1094_13776,True,153.480596899794,-28.132573496312105,8c293a52745057c4
396744,2022,5,Minor injury,False,0,1045_13860,True,153.231326976034,-27.7526424679788,8c293a52745057c4
396745,2021,6,Medical treatment,False,0,1079_13815,True,153.404160930968,-27.9567864871339,8c293a52745057c4
396747,2020,12,Hospitalisation,True,1,1047_13794,True,153.244185936341,-28.051176471626793,8c293a52745057c4
396752,2021,11,Hospitalisation,True,1,1063_13822,True,153.324898944199,-27.9213754787929,8c293a52745057c4
396807,2022,8,Minor injury,False,0,1081_13813,True,153.413931929098,-27.962986488178295,8c293a52745057c4
396817,2020,11,Hospitalisation,True,1,1073_13817,True,153.375161935566,-27.94573148409439,8c293a52745057c4
396839,2023,5,Medical treatment,False,0,1077_13786,True,153.393327915599,-28.0847934870352,8c293a52745057c4
396842,2023,5,Medical treatment,False,0,1088_13773,True,153.450178096667,-28.143954082294798,8c293a52745057c4
396846,2023,5,Minor injury,False,0,1041_13832,True,153.213337502757,-27.8795065311573,8c293a52745057c4
396877,2022,8,Hospitalisation,True,1,1077_13810,True,153.39576192944904,-27.975654486426603,8c293a52745057c4
396881,2022,11,Medical treatment,False,0,1083_13786,True,153.423591912093,-28.086166490129802,8c293a52745057c4
396940,2022,12,Hospitalisation,True,1,1078_13811,True,153.40109492895704,-27.97494548696419,8c293a52745057c4
396942,2022,12,Medical treatment,False,0,1072_13803,True,153.369549927753,-28.011008484035997,8c293a52745057c4
396944,2022,12,Hospitalisation,True,1,1080_13813,True,153.409022470757,-27.962043650670605,8c293a52745057c4
396993,2020,5,Hospitalisation,True,1,1067_13803,True,153.345628013739,-28.008196823581102,8c293a52745057c4
397006,2020,7,Medical treatment,False,0,1067_13803,True,153.344228930993,-28.007418481432804,8c293a52745057c4
397010,2020,8,Hospitalisation,True,1,1049_13809,True,153.249490987922,-27.9799093656048,8c293a52745057c4
397016,2023,12,Hospitalisation,True,1,1076_13810,True,153.38717260023904,-27.976813728561098,8c293a52745057c4
397017,2023,12,Hospitalisation,True,1,1077_13784,True,153.39543821299,-28.095427364333492,8c293a52745057c4
397031,2023,7,Minor injury,False,0,1106_13767,True,153.540243315264,-28.170632262712,8c293a52745057c4
397033,2023,7,Hospitalisation,True,1,1104_13768,True,153.532565889513,-28.167546501901604,8c293a52745057c4
397035,2024,3,Medical treatment,False,0,1092_13771,True,153.470875897948,-28.155008495494794,8c293a52745057c4
397036,2023,7,Minor injury,False,0,1062_13830,True,153.316729949721,-27.885388477680497,8c293a52745057c4
397043,2023,7,Medical treatment,False,0,1048_13809,True,153.248752944764,-27.981773471544685,8c293a52745057c4
397057,2024,10,Minor injury,False,0,1075_13817,True,153.38604993433,-27.946086485205402,8c293a52745057c4
397058,2024,10,Medical treatment,False,0,1077_13806,True,153.395147927233,-27.993318486502798,8c293a52745057c4
397060,2024,9,Minor injury,False,0,1076_13805,True,153.391093926573,-28.0018644861571,8c293a52745057c4
397061,2024,3,Medical treatment,False,0,1076_13826,True,153.387945939416,-27.905073485075995,8c293a52745057c4
397063,2024,10,Hospitalisation,True,1,1075_13821,True,153.384443936755,-27.928660484904896,8c293a52745057c4
397075,2024,11,Medical treatment,False,0,1082_13797,True,153.417563919244,-28.03608148912239,8c293a52745057c4
397083,2024,11,Medical treatment,False,0,1086_13768,True,153.440351899535,-28.168706492486095,8c293a52745057c4
397087,2024,11,Medical treatment,False,0,1065_13820,True,153.333664941877,-27.931962479766604,8c293a52745057c4
397109,2023,4,Minor injury,False,0,1061_13844,True,153.311031958349,-27.823081476611804,8c293a52745057c4
397125,2020,5,Medical treatment,False,0,1097_13773,True,153.494485896801,-28.143823497819792,8c293a52745057c4
397130,2022,7,Hospitalisation,True,1,1044_13864,True,153.227255978614,-27.735917467435094,8c293a52745057c4
397135,2024,2,Minor injury,False,0,1091_13782,True,153.463925905165,-28.1053704943959,8c293a52745057c4
397137,2024,2,Minor injury,False,0,1081_13802,True,153.416605922354,-28.0128644888425,8c293a52745057c4
397161,2024,4,Medical treatment,False,0,1082_13779,True,153.42114990854,-28.115645490111998,8c293a52745057c4
397177,2022,7,Medical treatment,False,0,1075_13787,True,153.386349916936,-28.080394486290206,8c293a52745057c4
397182,2022,7,Medical treatment,False,0,1085_13801,True,153.432446919952,-28.018008490497987,8c293a52745057c4
397207,2022,9,Hospitalisation,True,1,1086_13767,True,153.438335899669,-28.1693874922857,8c293a52745057c4
397212,2022,7,Minor injury,False,0,1095_13776,True,153.484632899909,-28.128273496690795,8c293a52745057c4
397225,2022,7,Minor injury,False,0,1064_13827,True,153.328719333393,-27.901087165021497,8c293a52745057c4
397229,2022,7,Medical treatment,False,0,1078_13813,True,153.400696930577,-27.962747486827897,8c293a52745057c4
397230,2022,7,Minor injury,False,0,1083_13782,True,153.42545890991002,-28.101420490439804,8c293a52745057c4
397231,2021,1,Medical treatment,False,0,1071_13817,True,153.364098936875,-27.9449604829627,8c293a52745057c4
397232,2022,7,Minor injury,False,0,1060_13820,True,153.306897944987,-27.93053347703721,8c293a52745057c4
397235,2022,7,Medical treatment,False,0,1080_13810,True,153.410976927377,-27.9787974880013,8c293a52745057c4
397236,2022,7,Minor injury,False,0,1061_13837,True,153.311316953959,-27.857012476907702,8c293a52745057c4
397244,2023,2,Hospitalisation,True,1,1077_13815,True,153.395177932094,-27.955672486210194,8c293a52745057c4
397257,2022,2,Hospitalisation,True,1,1067_13816,True,153.341419938861,-27.948790480686906,8c293a52745057c4
397259,2022,8,Medical treatment,False,0,1086_13782,True,153.442193907879,-28.102881492158208,8c293a52745057c4
397271,2021,12,Hospitalisation,True,1,1069_13789,True,153.352740921529,-28.073464482816302,8c293a52745057c4
397285,2022,3,Medical treatment,False,0,1081_13813,True,153.412799133138,-27.96363654406789,8c293a52745057c4
397286,2021,11,Medical treatment,False,0,1083_13805,True,153.427117923043,-27.998638489802495,8c293a52745057c4
397290,2022,4,Hospitalisation,True,1,1067_13816,True,153.343164938239,-27.952141480890596,8c293a52745057c4
397291,2021,7,Hospitalisation,True,1,1068_13801,True,153.347299929552,-28.015972481812106,8c293a52745057c4
397298,2020,4,Hospitalisation,True,1,1069_13796,True,153.353016981842,-28.03984752658069,8c293a52745057c4
397302,2020,4,Hospitalisation,True,1,1035_13841,True,153.17924397088504,-27.837226463379203,8c293a52745057c4
397310,2020,4,Hospitalisation,True,1,1076_13814,True,153.387396932239,-27.961143485460802,8c293a52745057c4
397315,2020,4,Minor injury,False,0,1060_13835,True,153.307114953608,-27.863304476530704,8c293a52745057c4
397320,2020,9,Hospitalisation,True,1,1087_13774,True,153.443423902772,-28.141181492583904,8c293a52745057c4
397335,2023,5,Hospitalisation,True,1,1084_13806,True,153.428044923661,-27.993082489853393,8c293a52745057c4
397339,2021,6,Medical treatment,False,0,1072_13788,True,153.367489919204,-28.078898484358994,8c293a52745057c4
397349,2021,10,Medical treatment,False,0,1054_13828,True,153.277416325523,-27.89696985278289,8c293a52745057c4
397350,2020,2,Medical treatment,False,0,1077_13815,True,153.39538393219104,-27.954749486223896,8c293a52745057c4
397358,2021,10,Medical treatment,False,0,1060_13834,True,153.304883952978,-27.870097476357696,8c293a52745057c4
397372,2023,5,Minor injury,False,0,1083_13786,True,153.425202912153,-28.0843404902798,8c293a52745057c4
397373,2021,10,Minor injury,False,0,1076_13825,True,153.387962938699,-27.910618485121397,8c293a52745057c4
397404,2022,11,Minor injury,False,0,1083_13797,True,153.42489391857202,-28.035055489861595,8c293a52745057c4
397448,2023,6,Hospitalisation,True,1,1081_13812,True,153.41505092802,-27.970378488350395,8c293a52745057c4
397472,2022,12,Medical treatment,False,0,1063_13821,True,153.324793943505,-27.926848478825296,8c293a52745057c4
397483,2022,12,Minor injury,False,0,1079_13794,True,153.402222918974,-28.0511764876776,8c293a52745057c4
397488,2022,12,Medical treatment,False,0,1062_13825,True,153.3177769464,-27.9103114779827,8c293a52745057c4
397496,2022,12,Minor injury,False,0,1080_13786,True,153.409370913657,-28.086166488680295,8c293a52745057c4
397507,2020,10,Minor injury,False,0,1088_13775,True,153.448625903179,-28.1336294930555,8c293a52745057c4
397517,2021,6,Medical treatment,False,0,1083_13804,True,153.426437922546,-28.0030564897679,8c293a52745057c4
397521,2020,12,Fatal,True,2,1052_13848,True,153.267151965522,-27.804368472013998,8c293a52745057c4
397552,2024,3,Hospitalisation,True,1,1085_13792,True,153.433568914525,-28.058944490933705,8c293a52745057c4
397556,2024,4,Hospitalisation,True,1,1087_13788,True,153.445943910744,-28.077622492342705,8c293a52745057c4
397571,2024,4,Medical treatment,False,0,1084_13798,True,153.430803918653,-28.029424490420094,8c293a52745057c4
397578,2024,4,Minor injury,False,0,1084_13809,True,153.427856925146,-27.981764489745302,8c293a52745057c4
397616,2024,11,Hospitalisation,True,1,1085_13797,True,153.435590917321,-28.035657490957206,8c293a52745057c4
397622,2024,11,Medical treatment,False,0,1075_13790,True,153.381736919146,-28.067241485717407,8c293a52745057c4
397625,2024,11,Medical treatment,False,0,1050_13852,True,153.255846968944,-27.787249470733894,8c293a52745057c4
397627,2024,4,Minor injury,False,0,1071_13832,True,153.361749945808,-27.877649482194602,8c293a52745057c4
397634,2024,4,Hospitalisation,True,1,1079_13785,True,153.402441904041,-28.089089477997202,8c293a52745057c4
397640,2023,8,Minor injury,False,0,1091_13776,True,153.464716901862,-28.130122494670697,8c293a52745057c4
397649,2024,4,Medical treatment,False,0,1103_13767,True,153.52616788993,-28.169764501264,8c293a52745057c4
397655,2024,4,Minor injury,False,0,1077_13813,True,153.39164893169402,-27.961759485898604,8c293a52745057c4
397656,2024,4,Minor injury,False,0,1081_13805,True,153.414064924145,-28.001174488491802,8c293a52745057c4
397665,2023,8,Medical treatment,False,0,1079_13813,True,153.404117930151,-27.963144487179502,8c293a52745057c4
397668,2024,4,Hospitalisation,True,2,1080_13772,True,153.41172710552,-28.146933489396705,8c293a52745057c4
397674,2022,12,Medical treatment,False,0,1080_13799,True,153.409990921003,-28.0289104882943,8c293a52745057c4
397682,2022,12,Hospitalisation,True,1,1076_13831,True,153.387865942064,-27.884612484907,8c293a52745057c4
397708,2023,1,Hospitalisation,True,1,1081_13811,True,153.413422928155,-27.970712488187097,8c293a52745057c4
397715,2022,7,Medical treatment,False,0,1074_13814,True,153.378227933403,-27.959892484517596,8c293a52745057c4
397716,2022,7,Minor injury,False,0,1083_13786,True,153.425257912131,-28.0844624902863,8c293a52745057c4
397718,2022,7,Medical treatment,False,0,1080_13805,True,153.407292925312,-27.997892487775896,8c293a52745057c4
397735,2022,12,Hospitalisation,True,2,1075_13815,True,153.383745933561,-27.953992485032998,8c293a52745057c4
397745,2022,12,Medical treatment,False,0,1091_13776,True,153.46781090156102,-28.1298154949843,8c293a52745057c4
397747,2023,1,Minor injury,False,0,1062_13842,True,153.314988956581,-27.8334924770955,8c293a52745057c4
397749,2022,12,Minor injury,False,0,1068_13801,True,153.348096929474,-28.015900481892594,8c293a52745057c4
397750,2023,2,Minor injury,False,0,1077_13784,True,153.395015914072,-28.095157487288397,8c293a52745057c4
397754,2021,5,Minor injury,False,0,1071_13789,True,153.364654920363,-28.0723514840193,8c293a52745057c4
397761,2021,12,Hospitalisation,True,1,1097_13772,True,153.498067895969,-28.1471854982124,8c293a52745057c4
397770,2021,12,Minor injury,False,0,1080_13808,True,153.411339413483,-27.985407401090203,8c293a52745057c4
397773,2021,12,Hospitalisation,True,1,1086_13792,True,153.440792913974,-28.057078491656004,8c293a52745057c4
397774,2022,6,Medical treatment,False,0,1077_13809,True,153.392946928853,-27.982651486194904,8c293a52745057c4
397785,2021,4,Hospitalisation,True,1,1079_13811,True,153.405759928821,-27.9720504874167,8c293a52745057c4
397786,2022,1,Minor injury,False,0,1092_13778,True,153.470728632283,-28.1217856422194,8c293a52745057c4
397787,2022,1,Minor injury,False,0,1057_13845,True,153.293536575588,-27.820467435815903,8c293a52745057c4
397789,2022,6,Hospitalisation,True,1,1084_13806,True,153.429203923278,-27.99506148998709,8c293a52745057c4
397818,2020,9,Medical treatment,False,0,1075_13827,True,153.382139444878,-27.898651778434395,8c293a52745057c4
397829,2020,9,Hospitalisation,True,1,1071_13778,True,153.36203550354,-28.119596233123193,8c293a52745057c4
397840,2021,10,Medical treatment,False,0,1081_13797,True,153.413781919624,-28.036352488739105,8c293a52745057c4
397860,2022,9,Hospitalisation,True,1,1090_13780,True,153.458589904783,-28.112826493909502,8c293a52745057c4
397868,2022,9,Hospitalisation,True,1,1076_13824,True,153.388976685385,-27.912190759236893,8c293a52745057c4
397873,2022,11,Hospitalisation,True,1,1080_13819,True,153.406644933544,-27.934750487213805,8c293a52745057c4
397875,2022,11,Medical treatment,False,0,1083_13762,True,153.422988897892,-28.1961164909298,8c293a52745057c4
397908,2022,12,Hospitalisation,True,1,1060_13837,True,153.30936195411,-27.857496476713102,8c293a52745057c4
397917,2023,7,Minor injury,False,0,1088_13786,True,153.449722909473,-28.084216492780097,8c293a52745057c4
397919,2023,7,Medical treatment,False,0,1072_13800,True,153.3710979263,-28.0209404842714,8c293a52745057c4
397920,2023,7,Medical treatment,False,0,1068_13801,True,153.348128929478,-28.015841481895293,8c293a52745057c4
397932,2023,8,Hospitalisation,True,1,1079_13824,True,153.403622524517,-27.914284222745,8c293a52745057c4
397933,2023,8,Minor injury,False,0,1084_13805,True,153.427306580162,-27.997560205813297,8c293a52745057c4
397946,2023,8,Hospitalisation,True,1,1066_13805,True,153.337678932693,-27.999807480707403,8c293a52745057c4
397954,2022,12,Minor injury,False,0,1072_13802,True,153.369606927714,-28.0112594840437,8c293a52745057c4
397991,2020,2,Hospitalisation,True,1,1061_13832,True,153.31492895087004,-27.8779794774393,8c293a52745057c4
397994,2020,2,Medical treatment,False,0,1061_13832,True,153.314823950956,-27.877401477424105,8c293a52745057c4
397995,2020,2,Medical treatment,False,0,1081_13805,True,153.414435924354,-27.999248488514397,8c293a52745057c4
398000,2020,4,Medical treatment,False,0,1061_13832,True,153.314565951094,-27.8765454773912,8c293a52745057c4
398011,2022,9,Hospitalisation,True,1,1074_13827,True,153.377554941362,-27.8987734839688,8c293a52745057c4
398013,2021,3,Minor injury,False,0,1067_13815,True,153.343287329077,-27.953287706911997,8c293a52745057c4
398014,2021,4,Minor injury,False,0,1069_13794,True,153.355100924283,-28.0501464828734,8c293a52745057c4
398029,2022,8,Medical treatment,False,0,1075_13798,True,153.385983923157,-28.032622485878196,8c293a52745057c4
398031,2022,10,Minor injury,False,0,1080_13802,True,153.411926922902,-28.012593488363496,8c293a52745057c4
398032,2020,3,Hospitalisation,True,1,1080_13810,True,153.411104600606,-27.976918998999608,8c293a52745057c4
398040,2021,3,Minor injury,False,0,1052_13847,True,153.268017006909,-27.808415947133504,8c293a52745057c4
398041,2024,5,Hospitalisation,True,1,1049_13786,True,153.253311873026,-28.0846733518136,8c293a52745057c4
398043,2024,5,Hospitalisation,True,1,1044_13831,True,153.226389960178,-27.8807114684871,8c293a52745057c4
398048,2024,5,Hospitalisation,True,2,1060_13838,True,153.307310955164,-27.851026476454,8c293a52745057c4
398057,2024,5,Medical treatment,False,0,1076_13830,True,153.389623941836,-27.884890485088196,8c293a52745057c4
398065,2024,5,Medical treatment,False,0,1079_13803,True,153.404338924058,-28.010090487570704,8c293a52745057c4
398069,2024,5,Medical treatment,False,0,1063_13824,True,153.320242945538,-27.9149194782694,8c293a52745057c4
398070,2024,5,Medical treatment,False,0,1061_13827,True,153.31466694822,-27.898803477576497,8c293a52745057c4
398071,2024,5,Minor injury,False,0,1080_13794,True,153.40896191866,-28.0478834883383,8c293a52745057c4
398077,2024,10,Minor injury,False,0,1068_13809,True,153.348550933805,-27.9819534816722,8c293a52745057c4
398084,2024,4,Minor injury,False,0,1098_13771,True,153.5022099829,-28.1518880366728,8c293a52745057c4
398095,2024,11,Minor injury,False,0,1080_13810,True,153.410982927684,-27.976418487983295,8c293a52745057c4
398097,2024,11,Minor injury,False,0,1076_13813,True,153.388942931803,-27.963207485634406,8c293a52745057c4
398107,2024,11,Minor injury,False,0,1097_13773,True,153.494363896823,-28.14375649780681,8c293a52745057c4
398109,2024,11,Hospitalisation,True,1,1106_13768,True,153.542867888286,-28.168244502962104,8c293a52745057c4
398113,2024,10,Hospitalisation,True,1,1083_13802,True,153.424056921647,-28.012018489595498,8c293a52745057c4
398114,2024,10,Hospitalisation,True,1,1070_13787,True,153.359697919912,-28.0800504835754,8c293a52745057c4
398115,2024,2,Hospitalisation,True,1,1064_13822,True,153.327002943693,-27.9235194790235,8c293a52745057c4
398118,2024,6,Medical treatment,False,0,1087_13785,True,153.445204909018,-28.091546492376498,8c293a52745057c4
398128,2024,11,Hospitalisation,True,1,1074_13814,True,153.378763933416,-27.959339484567796,8c293a52745057c4
398137,2024,8,Medical treatment,False,0,1080_13811,True,153.410639927978,-27.974435487932702,8c293a52745057c4
398138,2024,8,Minor injury,False,0,1087_13789,True,153.444128911596,-28.072591492118097,8c293a52745057c4
398140,2024,8,Medical treatment,False,0,1070_13840,True,153.357881950914,-27.841264481515,8c293a52745057c4
398208,2024,9,Hospitalisation,True,2,1058_13828,True,153.296539950513,-27.896365475717605,8c293a52745057c4
398210,2024,9,Medical treatment,False,0,1086_13795,True,153.438406915581,-28.046700491331205,8c293a52745057c4
398234,2024,9,Minor injury,False,0,1081_13805,True,153.414354924285,-27.9998454885109,8c293a52745057c4
398239,2024,9,Medical treatment,False,0,1075_13815,True,153.383628933575,-27.953987485021,8c293a52745057c4
398243,2024,9,Minor injury,False,0,1064_13806,True,153.32946593442,-27.9933964798226,8c293a52745057c4
398246,2024,6,Hospitalisation,True,1,1075_13808,True,153.383238929415,-27.986528485236896,8c293a52745057c4
398292,2024,5,Hospitalisation,True,2,1070_13840,True,153.357551950922,-27.8414804814831,8c293a52745057c4
398325,2024,9,Hospitalisation,True,1,1087_13779,True,153.447762905668,-28.1151906518229,8c293a52745057c4
398327,2024,9,Hospitalisation,True,1,1084_13807,True,153.429766923921,-27.9896164900018,8c293a52745057c4
398336,2024,9,Hospitalisation,True,3,1060_13838,True,153.308080954788,-27.853306476550102,8c293a52745057c4
398341,2024,9,Medical treatment,False,0,1080_13811,True,153.410826928072,-27.97354948794481,8c293a52745057c4
398380,2023,12,Hospitalisation,True,1,1058_13823,True,153.299437947333,-27.918633476186695,8c293a52745057c4
398397,2023,12,Medical treatment,False,0,1084_13782,True,153.431196909207,-28.101969491029198,8c293a52745057c4
398449,2024,1,Minor injury,False,0,1084_13802,True,153.429684921093,-28.0115334901655,8c293a52745057c4
398453,2024,1,Hospitalisation,True,1,1058_13845,True,153.296035960655,-27.81782747504869,8c293a52745057c4
398463,2024,1,Medical treatment,False,0,1080_13784,True,153.411566912403,-28.09398348896539,8c293a52745057c4
398469,2023,8,Minor injury,False,0,1074_13811,True,153.378540931553,-27.973958484660002,8c293a52745057c4
398510,2023,6,Hospitalisation,True,1,1061_13828,True,153.314642948521,-27.896491477555898,8c293a52745057c4
398544,2024,7,Medical treatment,False,0,1087_13779,True,153.445013905979,-28.115125492541903,8c293a52745057c4
398579,2023,8,Hospitalisation,True,1,1077_13769,True,153.395054905538,-28.1609744878081,8c293a52745057c4
398585,2023,8,Minor injury,False,0,1083_13786,True,153.425916911912,-28.085590490362392,8c293a52745057c4
398596,2023,8,Medical treatment,False,0,1067_13813,True,153.345548936675,-27.96225048121231,8c293a52745057c4
398601,2023,12,Medical treatment,False,0,1087_13789,True,153.44345991184,-28.071273492039495,8c293a52745057c4
398626,2023,6,Medical treatment,False,0,1084_13801,True,153.43204892024,-28.016121490442593,8c293a52745057c4
398637,2023,5,Minor injury,False,0,1057_13845,True,153.289434961133,-27.819691474393693,8c293a52745057c4
398639,2023,6,Medical treatment,False,0,1091_13779,True,153.467909903369,-28.115815494884696,8c293a52745057c4
398640,2023,6,Medical treatment,False,0,1066_13807,True,153.337633933958,-27.9900424806261,8c293a52745057c4
398642,2023,6,Medical treatment,False,0,1074_13820,True,153.376637937207,-27.9317644841348,8c293a52745057c4
398649,2023,12,Hospitalisation,True,1,1063_13805,True,153.323267934044,-28.0015874792573,8c293a52745057c4
398663,2020,6,Medical treatment,False,0,1078_13811,True,153.40109492895704,-27.97494548696419,8c293a52745057c4
398665,2024,8,Hospitalisation,True,1,1078_13792,True,153.397679918402,-28.0594504872797,8c293a52745057c4
398681,2024,8,Hospitalisation,True,1,1100_13769,True,153.51054589291704,-28.160057499589396,8c293a52745057c4
398683,2023,8,Medical treatment,False,0,1080_13804,True,153.410853923909,-28.005716488200196,8c293a52745057c4
398686,2024,8,Hospitalisation,True,1,1058_13833,True,153.295806953529,-27.873516475463603,8c293a52745057c4
398694,2024,6,Medical treatment,False,0,1035_13843,True,153.180242972081,-27.827019463399793,8c293a52745057c4
398697,2024,6,Medical treatment,False,0,1062_13827,True,153.31608639956,-27.902733965751505,8c293a52745057c4
398705,2024,6,Medical treatment,False,0,1089_13784,True,153.45447590734,-28.096619493362493,8c293a52745057c4
398709,2024,6,Minor injury,False,0,1068_13809,True,153.346423934052,-27.981841481455092,8c293a52745057c4
398712,2024,6,Minor injury,False,0,1085_13787,True,153.434869911694,-28.079680491229098,8c293a52745057c4
398715,2024,6,Minor injury,False,0,1052_13848,True,153.264829965732,-27.804697471781296,8c293a52745057c4
398716,2024,7,Medical treatment,False,0,1084_13782,True,153.432415909101,-28.1017574911519,8c293a52745057c4
398734,2024,8,Fatal,True,5,1065_13774,True,153.33595191457,-28.141598481643705,8c293a52745057c4
398741,2023,9,Minor injury,False,0,1057_13845,True,153.289434961133,-27.819691474393693,8c293a52745057c4
398742,2023,9,Minor injury,False,0,1063_13823,True,153.32170494505,-27.9174714784379,8c293a52745057c4
402484,2023,4,Hospitalisation,True,2,1074_13810,True,153.380941930913,-27.976881484927283,8c293a52745057c4
402582,2021,11,Minor injury,False,0,1079_13816,True,153.401578931829,-27.952309486835684,8c293a52745057c4
402673,2023,4,Medical treatment,False,0,1092_13778,True,153.469650902345,-28.1222244951127,8c293a52745057c4
402929,2022,1,Medical treatment,False,0,1074_13805,True,153.377977928335,-27.9993504848021,8c293a52745057c4
402952,2021,5,Hospitalisation,True,1,1073_13820,True,153.373142656677,-27.9310850987738,8c293a52745057c4
403068,2021,4,Hospitalisation,True,1,1080_13819,True,153.407573054919,-27.938804260340305,8c293a52745057c4
403218,2022,4,Medical treatment,False,0,1096_13773,True,153.49093320743,-28.141995971442295,8c293a52745057c4
403236,2022,4,Medical treatment,False,0,1076_13787,True,153.38782551941,-28.083208083462498,8c293a52745057c4
403242,2022,4,Medical treatment,False,0,1087_13787,True,153.447110910153,-28.081182492489692,8c293a52745057c4
403254,2020,1,Hospitalisation,True,1,1080_13814,True,153.408154929946,-27.961319487576496,8c293a52745057c4
403255,2020,1,Hospitalisation,True,1,1051_13849,True,153.261632966613,-27.800535471424602,8c293a52745057c4
403256,2020,1,Minor injury,False,0,1084_13798,True,153.430643918663,-28.0294824904042,8c293a52745057c4
403402,2021,4,Medical treatment,False,0,1083_13786,True,153.425284879122,-28.084507871289397,8c293a52745057c4
403511,2022,7,Hospitalisation,True,3,1069_13790,True,153.354631922153,-28.067024482958097,8c293a52745057c4
403656,2022,4,Medical treatment,False,0,1055_13846,True,153.28031296259104,-27.816065473440098,8c293a52745057c4
403909,2022,12,Hospitalisation,True,2,1083_13797,True,153.426894918386,-28.0347984900636,8c293a52745057c4
403920,2022,12,Medical treatment,False,0,1083_13794,True,153.426991916723,-28.047558490173696,8c293a52745057c4
407358,2020,1,Hospitalisation,True,1,1084_13804,True,153.428163922017,-28.005679489964503,8c293a52745057c4
407459,2020,10,Hospitalisation,True,1,1066_13806,True,153.340396933182,-27.99371048093569,8c293a52745057c4
407558,2023,4,Hospitalisation,True,1,1076_13818,True,153.386582935131,-27.939435485207397,8c293a52745057c4
407763,2021,11,Medical treatment,False,0,1064_13815,True,153.326835917926,-27.952913093237495,8c293a52745057c4
407783,2020,1,Hospitalisation,True,1,1090_13771,True,153.458743899813,-28.1509554942241,8c293a52745057c4
407787,2020,1,Hospitalisation,True,1,1082_13790,True,153.41858491534,-28.0653574894562,8c293a52745057c4
407803,2020,1,Hospitalisation,True,3,1078_13809,True,153.399593928117,-27.982718486872397,8c293a52745057c4
408062,2021,4,Minor injury,False,0,1082_13783,True,153.421090794491,-28.10064940198839,8c293a52745057c4
408174,2023,11,Hospitalisation,True,1,1059_13840,True,153.304389787585,-27.842440555090004,8c293a52745057c4
408177,2023,11,Hospitalisation,True,1,1054_13846,True,153.275965391328,-27.814008109983202,8c293a52745057c4
408271,2023,1,Medical treatment,False,0,1077_13813,True,153.394867931221,-27.962696486233803,8c293a52745057c4
408306,2022,8,Hospitalisation,True,1,1045_13863,True,153.230866978167,-27.7363484678039,8c293a52745057c4
408620,2022,12,Medical treatment,False,0,1062_13830,True,153.31870694948302,-27.885558477882498,8c293a52745057c4
408746,2020,8,Hospitalisation,True,1,1060_13836,True,153.307562953853,-27.8610164765582,8c293a52745057c4
408747,2020,7,Medical treatment,False,0,1077_13790,True,153.395056917591,-28.067942487079197,8c293a52745057c4
408754,2020,7,Medical treatment,False,0,1086_13780,True,153.441446906948,-28.110690492143195,8c293a52745057c4
408755,2020,8,Hospitalisation,True,1,1066_13822,True,153.337815942621,-27.922668480115398,8c293a52745057c4
408762,2020,4,Medical treatment,False,0,1080_13814,True,153.409893929742,-27.961421487754496,8c293a52745057c4
408770,2020,9,Minor injury,False,0,1105_13768,True,153.53926288878,-28.167507502587103,8c293a52745057c4
408771,2020,9,Hospitalisation,True,1,1069_13802,True,153.352707929501,-28.011777482329002,8c293a52745057c4
408772,2020,9,Medical treatment,False,0,1091_13779,True,153.466920903553,-28.115241494779198,8c293a52745057c4
408776,2020,9,Hospitalisation,True,1,1049_13854,True,153.252652970564,-27.77730747033209,8c293a52745057c4
408787,2021,3,Medical treatment,False,0,1085_13801,True,153.432536919837,-28.018814490513495,8c293a52745057c4
408823,2023,12,Minor injury,False,0,1056_13845,True,153.288762960966,-27.821564474340303,8c293a52745057c4
408827,2023,12,Medical treatment,False,0,1084_13801,True,153.429083920579,-28.0160114901394,8c293a52745057c4
408830,2023,12,Minor injury,False,0,1062_13825,True,153.317345946364,-27.9109624779441,8c293a52745057c4
408838,2024,9,Hospitalisation,True,1,1084_13812,True,153.427539926794,-27.969296489615104,8c293a52745057c4
411396,2024,1,Hospitalisation,True,1,1080_13814,True,153.409036930332,-27.957584487636993,8c293a52745057c4
411411,2024,10,Medical treatment,False,0,1077_13759,True,153.394854899749,-28.205770488138498,8c293a52745057c4
411415,2024,10,Hospitalisation,True,1,1057_13775,True,153.290676920478,-28.134533476991802,8c293a52745057c4
411426,2024,10,Hospitalisation,True,1,1093_13776,True,153.475519365829,-28.1289133697646,8c293a52745057c4
411433,2024,10,Hospitalisation,True,1,1078_13813,True,153.397341931032,-27.962062486480804,8c293a52745057c4
411456,2022,8,Hospitalisation,True,2,1075_13813,True,153.384086355063,-27.965311408156495,8c293a52745057c4
411467,2024,12,Hospitalisation,True,1,1081_13773,True,153.417129905356,-28.143601489921295,8c293a52745057c4
411468,2024,12,Hospitalisation,True,1,1056_13845,True,153.28928196104,-27.820548474385,8c293a52745057c4
411471,2024,12,Minor injury,False,0,1073_13820,True,153.374489937496,-27.9313474839129,8c293a52745057c4
411477,2024,12,Minor injury,False,0,1080_13813,True,153.40970592924901,-27.9653934877665,8c293a52745057c4
411502,2022,9,Minor injury,False,0,1059_13822,True,153.299834946672,-27.923435476264704,8c293a52745057c4
411521,2021,10,Hospitalisation,True,3,1035_13841,True,153.179531970703,-27.838405463417597,8c293a52745057c4
411528,2024,2,Medical treatment,False,0,1089_13783,True,153.456960906834,-28.098412493630196,8c293a52745057c4
411554,2021,2,Hospitalisation,True,1,1076_13786,True,153.391409915865,-28.084371486836602,8c293a52745057c4
411601,2023,10,Minor injury,False,0,1080_13814,True,153.410511037068,-27.958375503793402,8c293a52745057c4
411602,2023,10,Medical treatment,False,0,1060_13836,True,153.309323953846,-27.859583476725696,8c293a52745057c4
411622,2024,8,Medical treatment,False,0,1056_13846,True,153.289042961925,-27.813852474307996,8c293a52745057c4
411638,2023,9,Fatal,True,1,1079_13782,True,153.406129911933,-28.1022224884759,8c293a52745057c4
411639,2024,7,Hospitalisation,True,1,1077_13824,True,153.394088937642,-27.913629485768805,8c293a52745057c4
411642,2024,7,Hospitalisation,True,2,1057_13849,True,153.292725963314,-27.799902474571798,8c293a52745057c4
411643,2024,7,Hospitalisation,True,1,1076_13823,True,153.388632937828,-27.9168004852382,8c293a52745057c4
411671,2024,7,Medical treatment,False,0,1073_13812,True,153.376039932761,-27.966721484348593,8c293a52745057c4
411686,2024,2,Hospitalisation,True,1,1067_13816,True,153.342115938548,-27.950627480772095,8c293a52745057c4
411692,2024,2,Medical treatment,False,0,1080_13812,True,153.40925092908503,-27.967049487733192,8c293a52745057c4
411694,2024,2,Minor injury,False,0,1072_13803,True,153.369224927805,-28.01088048400189,8c293a52745057c4
411703,2024,2,Hospitalisation,True,2,1045_13864,True,153.228557978502,-27.735686467564996,8c293a52745057c4
411707,2024,1,Medical treatment,False,0,1074_13787,True,153.381203917161,-28.08303348578699,8c293a52745057c4
411712,2024,4,Hospitalisation,True,1,1063_13821,True,153.32145294387902,-27.9267804784854,8c293a52745057c4
411714,2024,11,Hospitalisation,True,1,1059_13843,True,153.300749958487,-27.830717475628404,8c293a52745057c4
411719,2023,9,Hospitalisation,True,1,1062_13830,True,153.31546594985,-27.885458477552696,8c293a52745057c4
411752,2024,8,Medical treatment,False,0,1088_13785,True,153.452942908326,-28.090326493156702,8c293a52745057c4
411791,2024,12,Minor injury,False,0,1085_13780,True,153.433262907319,-28.1147694913403,8c293a52745057c4
411798,2023,10,Minor injury,False,0,1071_13832,True,153.36369594551203,-27.8782974823977,8c293a52745057c4
411808,2024,3,Minor injury,False,0,1083_13786,True,153.423591912093,-28.086166490129802,8c293a52745057c4
411815,2024,3,Hospitalisation,True,1,1098_13771,True,153.501981894906,-28.152031498650597,8c293a52745057c4
411817,2024,3,Hospitalisation,True,1,1084_13803,True,153.429336921631,-28.0076734900997,8c293a52745057c4
411832,2024,4,Hospitalisation,True,1,1066_13807,True,153.336428934176,-27.989369480498393,8c293a52745057c4
411841,2024,4,Medical treatment,False,0,1065_13822,True,153.334501942665,-27.925140479797992,8c293a52745057c4
411861,2022,12,Hospitalisation,True,1,1051_13852,True,153.26109296811,-27.7893064712815,8c293a52745057c4
411862,2022,12,Hospitalisation,True,1,1082_13791,True,153.420067915343,-28.064077489597306,8c293a52745057c4
411867,2022,12,Hospitalisation,True,1,1076_13806,True,153.38821838355003,-27.9967436058241,8c293a52745057c4
411869,2022,12,Hospitalisation,True,2,1093_13778,True,153.474005901831,-28.12248749555959,8c293a52745057c4
411874,2022,10,Medical treatment,False,0,1084_13798,True,153.429953918723,-28.029609490334796,8c293a52745057c4
411878,2023,2,Hospitalisation,True,1,1077_13813,True,153.395573931231,-27.9620184863004,8c293a52745057c4
411913,2023,9,Medical treatment,False,0,1083_13797,True,153.426914918368,-28.0349184900666,8c293a52745057c4
411914,2023,9,Medical treatment,False,0,1055_13845,True,153.284256961904,-27.818072473855892,8c293a52745057c4
411924,2021,9,Hospitalisation,True,1,1073_13809,True,153.372703931039,-27.982887484136093,8c293a52745057c4
411929,2022,10,Hospitalisation,True,1,1083_13799,True,153.426788919246,-28.028247490001405,8c293a52745057c4
411932,2022,5,Hospitalisation,True,1,1058_13828,True,153.295986755419,-27.8975603716709,8c293a52745057c4
411935,2022,4,Medical treatment,False,0,1067_13809,True,153.342326934672,-27.980518481028305,8c293a52745057c4
411950,2023,9,Hospitalisation,True,3,1083_13783,True,153.426340910191,-28.098502490506892,8c293a52745057c4
411960,2023,9,Hospitalisation,True,1,1063_13817,True,153.32114994166,-27.944273478592095,8c293a52745057c4
411963,2023,9,Minor injury,False,0,1087_13788,True,153.444944910991,-28.0765594922325,8c293a52745057c4
411982,2022,8,Hospitalisation,True,1,1067_13816,True,153.340677938589,-27.951536480633102,8c293a52745057c4
411983,2022,8,Medical treatment,False,0,1064_13839,True,153.327514953493,-27.8469084784731,8c293a52745057c4
411985,2023,2,Hospitalisation,True,1,1078_13791,True,153.400866917422,-28.06431748764251,8c293a52745057c4
411998,2023,2,Hospitalisation,True,1,1063_13822,True,153.321437944086,-27.9251844784714,8c293a52745057c4
412008,2024,11,Hospitalisation,True,1,1080_13782,True,153.412030911392,-28.101386489070695,8c293a52745057c4
412049,2023,9,Minor injury,False,0,1060_13839,True,153.305505955984,-27.8461784762327,8c293a52745057c4
412058,2024,4,Medical treatment,False,0,1092_13775,True,153.471770900485,-28.134735495427297,8c293a52745057c4
412067,2023,9,Medical treatment,False,0,1063_13831,True,153.323854949287,-27.882722478382988,8c293a52745057c4
412068,2023,9,Medical treatment,False,0,1084_13798,True,153.429953918723,-28.029609490334796,8c293a52745057c4
412074,2024,4,Medical treatment,False,0,1091_13776,True,153.467444901702,-28.1290424949409,8c293a52745057c4
412075,2024,4,Medical treatment,False,0,1084_13792,True,153.429565914767,-28.0604674905374,8c293a52745057c4
412079,2024,4,Minor injury,False,0,1080_13812,True,153.41013592863,-27.969820487845105,8c293a52745057c4
412084,2024,6,Hospitalisation,True,1,1067_13806,True,153.34160193304,-27.993785481058804,8c293a52745057c4
412102,2022,12,Hospitalisation,True,1,1055_13827,True,153.284140951161,-27.901851474503104,8c293a52745057c4
412105,2023,7,Medical treatment,False,0,1078_13828,True,153.39774913846,-27.8964431050065,8c293a52745057c4
412121,2023,7,Medical treatment,False,0,1089_13785,True,153.45302490841704,-28.089550493158896,8c293a52745057c4
412126,2023,7,Medical treatment,False,0,1082_13797,True,153.419085739094,-28.035948631276504,8c293a52745057c4
412158,2024,3,Medical treatment,False,0,1071_13788,True,153.365589919696,-28.076709484148598,8c293a52745057c4
412175,2024,6,Minor injury,False,0,1061_13802,True,153.311428933502,-28.015863478167205,8c293a52745057c4
412176,2024,7,Medical treatment,False,0,1091_13770,True,153.466812898177,-28.156698495093,8c293a52745057c4
412186,2024,6,Hospitalisation,True,1,1066_13809,True,153.339710934953,-27.98055748076269,8c293a52745057c4
412189,2024,6,Minor injury,False,0,1077_13792,True,153.394764919095,-28.056566486960204,8c293a52745057c4
412196,2024,7,Medical treatment,False,0,1070_13753,True,153.358034900012,-28.235160484621,8c293a52745057c4
412199,2024,7,Hospitalisation,True,1,1080_13787,True,153.4106369143,-28.080126488761895,8c293a52745057c4
412208,2023,7,Medical treatment,False,0,1083_13786,True,153.425670911896,-28.085921490339903,8c293a52745057c4
412214,2023,7,Minor injury,False,0,1058_13828,True,153.296539950513,-27.896365475717605,8c293a52745057c4
412225,2023,7,Medical treatment,False,0,1083_13786,True,153.425801911902,-28.085765490352,8c293a52745057c4
412227,2023,7,Medical treatment,False,0,1080_13803,True,153.407531923628,-28.0107044879008,8c293a52745057c4
412368,2022,3,Medical treatment,False,0,1088_13785,True,153.449363908895,-28.088974492780796,8c293a52745057c4
412390,2020,6,Medical treatment,False,0,1074_13819,True,153.378850068389,-27.9362324983951,8c293a52745057c4
412436,2023,7,Hospitalisation,True,1,1074_13810,True,153.38077693098202,-27.976482484907407,8c293a52745057c4
412443,2023,7,Hospitalisation,True,1,1060_13836,True,153.309453953833,-27.859574476738796,8c293a52745057c4
412833,2023,4,Hospitalisation,True,1,1085_13789,True,153.433712912773,-28.07234149105349,8c293a52745057c4
413149,2020,3,Medical treatment,False,0,1056_13776,True,153.28849902701,-28.132273904753095,8c293a52745057c4
413151,2020,3,Medical treatment,False,0,1055_13774,True,153.282796920595,-28.1403674762382,8c293a52745057c4
413152,2020,1,Medical treatment,False,0,1079_13787,True,153.405180914527,-28.083010488228602,8c293a52745057c4
413209,2020,8,Hospitalisation,True,1,1045_13864,True,153.228336978654,-27.7346904675348,8c293a52745057c4
413210,2020,12,Medical treatment,False,0,1080_13802,True,153.411909922985,-28.0119664883569,8c293a52745057c4
413492,2021,5,Hospitalisation,True,2,1068_13799,True,153.350763705751,-28.026979853250594,8c293a52745057c4
413800,2022,10,Minor injury,False,0,1084_13805,True,153.430896922399,-28.000415490201803,8c293a52745057c4
413883,2021,12,Hospitalisation,True,2,1084_13805,True,153.43068992271503,-27.99815649016301,8c293a52745057c4
413890,2021,12,Medical treatment,False,0,1050_13863,True,153.25589997545703,-27.736321470338094,8c293a52745057c4
413892,2022,4,Hospitalisation,True,1,1068_13809,True,153.348860933756,-27.9820654817046,8c293a52745057c4
413913,2020,1,Hospitalisation,True,1,1079_13785,True,153.402435914042,-28.0890804879965,8c293a52745057c4
413916,2022,9,Minor injury,False,0,1070_13793,True,153.357876764173,-28.0563740312045,8c293a52745057c4
414031,2021,9,Medical treatment,False,0,1072_13833,True,153.36940194544,-27.874028482944496,8c293a52745057c4
414102,2020,8,Hospitalisation,True,1,1077_13830,True,153.39499603275,-27.8887723376657,8c293a52745057c4
414104,2020,11,Hospitalisation,True,1,1057_13845,True,153.289882960925,-27.820933474448903,8c293a52745057c4
414120,2021,9,Medical treatment,False,0,1084_13805,True,153.430748922619,-27.998841490174396,8c293a52745057c4
414121,2021,9,Hospitalisation,True,1,1084_13799,True,153.431203401729,-28.028502907453596,8c293a52745057c4
414124,2021,10,Minor injury,False,0,1079_13783,True,153.403323912702,-28.098675488162293,8c293a52745057c4
414397,2023,8,Medical treatment,False,0,1070_13817,True,153.356943937615,-27.945293482237602,8c293a52745057c4
414441,2021,6,Hospitalisation,True,1,1080_13793,True,153.407829696869,-28.0549550652784,8c293a52745057c4
414444,2021,8,Hospitalisation,True,1,1051_13851,True,153.258992967964,-27.792230471091802,8c293a52745057c4
414449,2021,12,Hospitalisation,True,3,1071_13780,True,153.361525915464,-28.1128894840188,8c293a52745057c4
414776,2020,6,Medical treatment,False,0,1067_13800,True,153.34374570815,-28.022109925499,8c293a52745057c4
414785,2020,6,Hospitalisation,True,1,1085_13792,True,153.437373063933,-28.060290850332304,8c293a52745057c4
414799,2023,11,Minor injury,False,0,1048_13860,True,153.247164974564,-27.7507034695668,8c293a52745057c4
414840,2022,7,Minor injury,False,0,1068_13810,True,153.345917786966,-27.9751858223514,8c293a52745057c4
414915,2021,12,Medical treatment,False,0,1075_13815,True,153.383628933575,-27.953987485021,8c293a52745057c4
414924,2021,11,Hospitalisation,True,1,1080_13793,True,153.407854917878,-28.054864488280295,8c293a52745057c4
415185,2022,12,Hospitalisation,True,1,1084_13801,True,153.429186920352,-28.01768049016299,8c293a52745057c4
415187,2022,12,Hospitalisation,True,2,1078_13783,True,153.401725912538,-28.101298488019996,8c293a52745057c4
415373,2021,2,Minor injury,False,0,1049_13857,True,153.251254972185,-27.765826470100105,8c293a52745057c4
