{"type":"FeatureCollection","name":"boundary","crs":{"type":"name","properties":{"name":"urn:ogc:def:crs:OGC:1.3:CRS84"}},"features":[{"type":"Feature","properties":{"objectid":29,"lga":"Gold Coast City","abbrev_name":"GOLD COAST","lga_code":"3430","ca_area_sqkm":1376.56555},"geometry":{"type":"Polygon","coordinates":[[[153.2585142680001,-27.69236205699997],[153.25869548100002,-27.692379423999967],[153.2588965870001,-27.69237063999998],[153.25900921000004,-27.69237686899993],[153.25913296500005,-27.69238450599994],[153.25921690300004,-27.69237648099994],[153.2593041570001,-27.692378120999933],[153.25938591200008,-27.692377970999928],[153.25944778100006,-27.692377851999936],[153.25957151300008,-27.692377613999952],[153.25965544400003,-27.69236959699998],[153.25993159200004,-27.692355306999957],[153.26012597800002,-27.69233920599993],[153.2603225690001,-27.692317204999938],[153.26045510000006,-27.69230122299996],[153.26057880200005,-27.692293131999975],[153.26068089000012,-27.692296819999967],[153.260789229,-27.692300373999956],[153.2608888430001,-27.692308494999963],[153.2609881740001,-27.69232519299993],[153.26139345600006,-27.69223226099996],[153.2618976430001,-27.69215853099996],[153.26238192300002,-27.691913174999968],[153.26268841800004,-27.69190325099993],[153.26336885000012,-27.69188790299995],[153.2638614220001,-27.69189737299996],[153.26403344100004,-27.691910358999962],[153.26417465200007,-27.691899853999928],[153.2643372240001,-27.69191780999995],[153.26451401100007,-27.69194415499993],[153.26460824600008,-27.691948148999984],[153.26470970100002,-27.69195614299997],[153.26487980500008,-27.691979112999945],[153.2649975610001,-27.69199635399997],[153.26512186700006,-27.69201357999998],[153.2652527360001,-27.69203661699993],[153.2653901330001,-27.69205963899998],[153.26546862400005,-27.69206530899993],[153.26548170800004,-27.692065278999962],[153.2654977640001,-27.692071201999966],[153.26554059700004,-27.69207681299997],[153.26558525600012,-27.69208609599997],[153.26561580300006,-27.692090245999964],[153.26568017600005,-27.692091191999964],[153.26576325000008,-27.69210159299996],[153.2658963030001,-27.692147831999932],[153.26607666600012,-27.69222637599995],[153.26620520400002,-27.692248138999958],[153.2663082680001,-27.692293020999955],[153.26641113800008,-27.69231500799998],[153.26650763800012,-27.692313584999965],[153.26660564300005,-27.692328179999947],[153.26661926200006,-27.69232926799998],[153.26664661300003,-27.692333857999984],[153.26669011,-27.692341479999982],[153.26671170200007,-27.69234144199993],[153.26674411900012,-27.69235099399998],[153.26676841500012,-27.692353347999983],[153.26680828300005,-27.69235757299998],[153.26683166300006,-27.69237102099993],[153.26686276200007,-27.692379849999952],[153.26689972400004,-27.692387680999957],[153.2669348170001,-27.692404928999963],[153.26697627900012,-27.69243],[153.26701245900006,-27.69244741199998],[153.2670545620001,-27.692452172999936],[153.26707834500007,-27.69245789499996],[153.26712548500007,-27.69248289199993],[153.26717844300003,-27.692518534999977],[153.26724021600012,-27.69254975299998],[153.26730402300007,-27.692576433999932],[153.2673520190001,-27.69261420099997],[153.26740246000008,-27.69263972599998],[153.2674468360001,-27.692667196999935],[153.26748995900005,-27.692705141999966],[153.26752239200005,-27.692724297999973],[153.26756341500004,-27.692739332999963],[153.2676412730001,-27.69277212299994],[153.26769532700007,-27.692800844999965],[153.26774373400008,-27.69283206999995],[153.26779210300003,-27.692867951999972],[153.2678605440001,-27.69292258799993],[153.26789446600003,-27.692957150999973],[153.26793592100012,-27.692982214999972],[153.2679640550001,-27.69300029699997],[153.26801540400004,-27.693026932999942],[153.26807352600008,-27.69305367299995],[153.26813437500005,-27.693083772999955],[153.2681932050001,-27.69311840399996],[153.26824802600004,-27.693144636999932],[153.26829975600003,-27.693169387999944],[153.26835546400002,-27.69320255799994],[153.26846584400005,-27.69328229399997],[153.2684977030001,-27.693321178999952],[153.2686683810001,-27.693519400999946],[153.2688157460001,-27.693698490999964],[153.2689890900001,-27.693869459999974],[153.26915452200012,-27.69399181999995],[153.2693017910001,-27.69413041599995],[153.26946728300004,-27.69427708099994],[153.26965096200001,-27.694415608999975],[153.2697878670001,-27.694570431999978],[153.26997166500007,-27.694757575999972],[153.27020219300005,-27.69491220599997],[153.27037548600003,-27.69505886299993],[153.2705501060001,-27.69521361099993],[153.27076121000005,-27.69540069599998],[153.27099044200008,-27.695555325999976],[153.27114673300002,-27.69566034899998],[153.27129257800004,-27.69576340599997],[153.27137028000004,-27.69584283599994],[153.27142250200006,-27.69594540099996],[153.27150020400006,-27.696024853999972],[153.2716164100001,-27.696103963999974],[153.27173251300007,-27.69617160799993],[153.2717841530001,-27.69620549299998],[153.27187458000003,-27.696273382999948],[153.27193934800005,-27.696341488999963],[153.27197795000006,-27.69635259699993],[153.2720001,-27.696367118999945],[153.27207052300002,-27.696394491999968],[153.27211583000008,-27.696444790999976],[153.27220794200002,-27.696534741999983],[153.27226550500006,-27.696606736999968],[153.27231625100012,-27.696648720999974],[153.27238731400007,-27.696711685999958],[153.27245501000004,-27.69678367299997],[153.27255303800007,-27.696834552999974],[153.27265222000005,-27.69686889999997],[153.27275300400004,-27.696905370999957],[153.27283507200002,-27.69694216199997],[153.27316810600007,-27.697029139999984],[153.27339891700012,-27.697019543999943],[153.27360969400002,-27.697039033999943],[153.2737852150001,-27.69698532299998],[153.27395838100006,-27.69691663599997],[153.27415080700007,-27.696869466999942],[153.27433154400012,-27.69685530299995],[153.27451693600005,-27.69677547799995],[153.27467927600003,-27.696767303999934],[153.27480025900002,-27.696695167999962],[153.27502220400004,-27.696622829999967],[153.27516346700008,-27.696586604999936],[153.27530478200003,-27.69656835099994],[153.27542224800004,-27.69653164999994],[153.27568091000012,-27.696362096999962],[153.27593213600005,-27.696197349999977],[153.27613305600005,-27.696047629999953],[153.27636750300007,-27.695882904999962],[153.27665226400006,-27.695718083999964],[153.27681978300006,-27.69562816299998],[153.27698739100003,-27.69556810299997],[153.27717172600012,-27.695493075999934],[153.2774231310001,-27.69540298399994],[153.27758552400007,-27.695343177999973],[153.27766612400012,-27.695319879999943],[153.27779189800003,-27.695290255999964],[153.27794280900002,-27.69526755499993],[153.27816577500005,-27.695244121999963],[153.27825488400003,-27.695230718999937],[153.27835747100005,-27.69522037699994],[153.27853712700005,-27.695203695999965],[153.27865591900002,-27.695177014999956],[153.27880446900008,-27.69516349199995],[153.27892332800002,-27.695163253999965],[153.27905701400005,-27.695149760999982],[153.27917756400007,-27.695150430999945],[153.27930960300012,-27.695149253999944],[153.27948426700004,-27.69514696699997],[153.2795919360001,-27.695161904999964],[153.2797405450001,-27.695174831999964],[153.27987433500004,-27.695201005999934],[153.2800793670001,-27.695214878999934],[153.28021940100007,-27.695224981999957],[153.28035943500004,-27.69523508499998],[153.2804404750001,-27.695203353999943],[153.28049830600003,-27.69517329799993],[153.28066054200008,-27.695148420999942],[153.28083701000003,-27.695090901999947],[153.28115806200003,-27.69506167399993],[153.28133467800012,-27.695061308999982],[153.281511302,-27.69506095099996],[153.281687873,-27.69504630299997],[153.2818162540001,-27.69501745399998],[153.28197677000003,-27.695002835999958],[153.28215339300004,-27.69500247899998],[153.28236208400006,-27.694987755999932],[153.28258690500002,-27.695001591999983],[153.28274748,-27.695001263999927],[153.2829038750001,-27.69500891599995],[153.28293171000007,-27.695003543999974],[153.2829924770001,-27.694988657999943],[153.28317471100002,-27.69491940499995],[153.28336236100006,-27.694805849999966],[153.28347272700012,-27.694731821999937],[153.28357966500005,-27.694704082999976],[153.2836946650001,-27.694645804999936],[153.2838224200001,-27.69457598499997],[153.28398855300009,-27.69449437199995],[153.28415489500003,-27.69443565299997],[153.28427000600004,-27.694388826999955],[153.28442362200008,-27.69434167199995],[153.28448769700003,-27.69432964699996],[153.2845773350001,-27.69430594599993],[153.28482026900008,-27.694200743999943],[153.28525463800008,-27.693967920999967],[153.28543360800006,-27.693886187999965],[153.28567664600007,-27.693792436999956],[153.2858170300001,-27.69369960299997],[153.2859321410001,-27.693652783999937],[153.2862003470001,-27.69350155899997],[153.28628404000006,-27.69344306499994],[153.28634824100004,-27.693385642999942],[153.28644462900002,-27.69332815399997],[153.28658099000006,-27.693268117999935],[153.28667990300005,-27.694341596999948],[153.28946396100002,-27.69242281199996],[153.29135633400006,-27.691823823999982],[153.29252665700005,-27.692019698999957],[153.29303110600006,-27.69318387499993],[153.29304341300008,-27.697795232999965],[153.29402446100005,-27.700098847999982],[153.29516915300007,-27.70108811399996],[153.29708768400008,-27.70323628799997],[153.30103387500003,-27.70872905799996],[153.30462198500004,-27.710433921999936],[153.30886931500004,-27.710542619999956],[153.31291354200005,-27.709234237999965],[153.31714142500005,-27.707673884999963],[153.32067375300005,-27.70511036499994],[153.32071117700002,-27.70505260799996],[153.32251393600006,-27.702270657999975],[153.3225820120001,-27.702170700999943],[153.32273801200006,-27.701941655999974],[153.32453415300006,-27.69930424699993],[153.32548956300002,-27.697748013999956],[153.3265091600001,-27.696765460999927],[153.3277648070001,-27.695817359999978],[153.32894418900003,-27.695674546999953],[153.33043880500009,-27.69574099299996],[153.3315402830001,-27.69584337899994],[153.3325597390001,-27.696025246999966],[153.33327854100003,-27.695825191999973],[153.33426004300009,-27.695708835999937],[153.33541017400012,-27.695865536999975],[153.33587669200006,-27.69601001799998],[153.33645719000003,-27.696167672999934],[153.33707694400005,-27.69642830899994],[153.3374514620001,-27.69659841999993],[153.33803216,-27.69679045199996],[153.33870266000008,-27.696924680999928],[153.33938505800006,-27.696898328999964],[153.34007995900004,-27.696814569999958],[153.34083827100005,-27.696569959999977],[153.34141473800003,-27.696073996999928],[153.34200448100012,-27.695646780999937],[153.3425050190001,-27.69536904599994],[153.3434051900001,-27.695158111999945],[153.34431880300008,-27.69503882899994],[153.3451280920001,-27.694713684999954],[153.34560335700007,-27.694516326999974],[153.34614286900012,-27.694295744999977],[153.3478917210001,-27.693885545999933],[153.34840537900004,-27.693653601999983],[153.3490220120001,-27.693409669999937],[153.34975380800006,-27.69305049299993],[153.35039574200005,-27.692737620999935],[153.3511661550001,-27.69237822699995],[153.35189801800004,-27.692030493999937],[153.35275841800012,-27.69164770499998],[153.35339989800002,-27.691266033999966],[153.35447907800005,-27.690859157999967],[153.35548189600001,-27.69060176299996],[153.3562407810001,-27.69046026199993],[153.35749059400007,-27.69056850399994],[153.35818626900004,-27.690610792999962],[153.3588444390001,-27.69083672499994],[153.35920718500006,-27.691178854999976],[153.35984414300003,-27.692115788999956],[153.36016971800007,-27.692687434999982],[153.36034200500012,-27.693454806999966],[153.36060299200005,-27.693992381999976],[153.36073584200005,-27.69463380199994],[153.36078016600004,-27.695527968999954],[153.36073179700008,-27.69602127899998],[153.36080194400006,-27.696926762999965],[153.3610644570001,-27.69770512499997],[153.36127380400012,-27.698220034999963],[153.3615610610001,-27.698837732999948],[153.36174348100008,-27.69916931299997],[153.36191577600005,-27.699936677999972],[153.36197102200003,-27.700521168999956],[153.36196223700006,-27.701163341999973],[153.36197654900002,-27.703410675999976],[153.36194288700005,-27.70419057299995],[153.36186903700002,-27.70472988299997],[153.361872338,-27.705245849999983],[153.36174997000012,-27.70625552299998],[153.36172801300006,-27.706851897999968],[153.3617822980001,-27.707287338999947],[153.36179861400012,-27.707826172999944],[153.36196962000008,-27.708387148999975],[153.3621911990001,-27.70879877899995],[153.36255496600006,-27.709289958999932],[153.36284036100005,-27.709609528999977],[153.36326772600012,-27.70997424199993],[153.36362989200006,-27.710213137999972],[153.36401810400002,-27.710497801999963],[153.36474111600012,-27.71076923399994],[153.36515576300008,-27.711156931999938],[153.36571237400005,-27.711589751999952],[153.36606195500008,-27.711874594999983],[153.36642531200005,-27.712296952999964],[153.36683849200006,-27.712455329999955],[153.3677793050001,-27.71254214499993],[153.36862737500007,-27.71222813299994],[153.36906256300006,-27.71180159499994],[153.36942007900007,-27.71131812699997],[153.36983883200003,-27.710341288999928],[153.3699760730001,-27.709652593999976],[153.37043506600003,-27.70892780199995],[153.37103729600005,-27.708443058999933],[153.3715255180001,-27.70825703299994],[153.3723235860001,-27.708184039999935],[153.3732763580001,-27.70813315999993],[153.37437182500003,-27.708242049999967],[153.37533947600002,-27.708500666999953],[153.37594637100005,-27.708738265999955],[153.3765802360001,-27.708917869999937],[153.37705520300005,-27.709254464999958],[153.3776977340001,-27.709638214999984],[153.3784311920001,-27.709976680999944],[153.37885388400002,-27.710370316999956],[153.37931661000005,-27.710637881999958],[153.3799212770001,-27.710929460999978],[153.38053955600003,-27.711152210999956],[153.38110773000005,-27.71121375299998],[153.38168871100004,-27.711286894999944],[153.38232286000004,-27.711211069999933],[153.3831256300001,-27.711079045999952],[153.38374830500004,-27.710853807999968],[153.38439764500004,-27.710548348999964],[153.38481385700004,-27.710287145999928],[153.38545183500003,-27.709820776999948],[153.38598673500007,-27.70931920399994],[153.38645658400003,-27.708863108999935],[153.38686211100003,-27.708372078999957],[153.3872561720001,-27.707731641999942],[153.38764685800004,-27.70743578699995],[153.38846340500004,-27.707211927999936],[153.38884014300004,-27.707019351999975],[153.38947448600004,-27.706920534999938],[153.38999046800006,-27.70702762999997],[153.390455921,-27.70701947899994],[153.39124053400008,-27.707415685999933],[153.39172889600002,-27.70770634799993],[153.3919841610001,-27.70804130399995],[153.39210690900006,-27.70870845899998],[153.39228428500007,-27.70907734399998],[153.3924799890001,-27.710215971999958],[153.39246193700012,-27.710744254999952],[153.3924300330001,-27.711364344999936],[153.39250051600004,-27.71208849599998],[153.39238973300007,-27.71284588499998],[153.39244775800012,-27.71352405199997],[153.392736527,-27.714399107999952],[153.3931179440001,-27.71505665099994],[153.3935535280001,-27.715461820999963],[153.39401541200004,-27.715821236999943],[153.39461969100012,-27.71615868899994],[153.39527648900003,-27.716416098999957],[153.39602320100005,-27.716731593999953],[153.396872776,-27.71710524899993],[153.39755074800007,-27.71784526299996],[153.3982829910001,-27.71832145899998],[153.3991426240001,-27.718993844999943],[153.39988612500008,-27.719642417999978],[153.40046150400008,-27.720301279999944],[153.40093290200002,-27.721016833999954],[153.4013926030001,-27.721605943999975],[153.40170945300008,-27.72226296599996],[153.40211635100002,-27.722966568999936],[153.40237011800002,-27.72346232999996],[153.4026496340001,-27.72396970699998],[153.402991809,-27.724684344999957],[153.40332136400002,-27.72536443399997],[153.4037278520001,-27.726113976999955],[153.4040292510001,-27.72703505499993],[153.40438414300002,-27.727772758999947],[153.40459670100006,-27.728520961999948],[153.4046677350001,-27.72919918799994],[153.4046859440001,-27.729991921999954],[153.40464075600005,-27.730657832999952],[153.4046362260001,-27.731128790999946],[153.40469387100006,-27.731852905999972],[153.40477827900008,-27.73248528099998],[153.40492768500008,-27.733083659999977],[153.405075505,-27.733842866999964],[153.4053018090001,-27.734510729999954],[153.40555439000002,-27.735132815999975],[153.40592125700005,-27.735973979999983],[153.40605905500001,-27.736434462999966],[153.4063890110001,-27.737080017999972],[153.40662924800006,-27.737644615999955],[153.40703612400011,-27.73835969299995],[153.40744256100004,-27.739120724999964],[153.4078612610001,-27.739950748999945],[153.40826651200007,-27.740838120999967],[153.40907420000008,-27.741555998999957],[153.40970147200005,-27.74221518199994],[153.4105369350001,-27.742737958999953],[153.41156776700007,-27.743112804999953],[153.4124954020001,-27.74346391399996],[153.4133474350001,-27.743607784999938],[153.41447133200006,-27.743719037999938],[153.4156347700001,-27.743750128999977],[153.4165282360001,-27.743618521999963],[153.41782261800006,-27.743478212999946],[153.41858655600004,-27.74336871199995],[153.41966123500004,-27.743215370999962],[153.42096776900007,-27.743155542999943],[153.42187415500007,-27.74302401799997],[153.42303911300007,-27.74289425099994],[153.42416582600003,-27.74270680899997],[153.42525254500003,-27.742645394999954],[153.4268738280001,-27.742116738999982],[153.42797685000005,-27.741699334999964],[153.42971434700007,-27.74118292099996],[153.43032493700002,-27.74087696299995],[153.43118258100003,-27.74042340099993],[153.43206672700012,-27.739901062999934],[153.43309297700011,-27.739391197999964],[153.43393788000003,-27.73891453899995],[153.43475693000005,-27.73843770299993],[153.43574500400007,-27.737858651999943],[153.43657697300011,-27.737381866999954],[153.43778556900008,-27.736723882999968],[153.439294624,-27.73573481099993],[153.4399547380001,-27.73565894999996],[153.44103016300005,-27.73541356499993],[153.44218161900005,-27.735249189999934],[153.44326970200007,-27.73511864099993],[153.44469215200002,-27.735093793999965],[153.44533837000006,-27.735121204999928],[153.44674704400006,-27.735188170999947],[153.4455952070001,-27.73889996099996],[153.44621353700006,-27.739266223999948],[153.44662066600006,-27.73963712899996],[153.44704046200002,-27.740007980999962],[153.4474290920001,-27.740503012999966],[153.44789970800002,-27.74124405499998],[153.44805645300005,-27.741494907999936],[153.44820998000012,-27.741839236999965],[153.44836001900012,-27.74221902299996],[153.44842568100012,-27.74233481999994],[153.4484807560001,-27.742518334999943],[153.44906491100005,-27.743784337999955],[153.4491206040001,-27.744132450999928],[153.4491805880001,-27.74462854799998],[153.44924187700008,-27.745443670999975],[153.44933241600006,-27.74592086599995],[153.44933304900007,-27.746958545999973],[153.4493463340001,-27.747458725999934],[153.44925374500008,-27.748063876999936],[153.44907171300008,-27.748498714999982],[153.4487698900001,-27.749086207999937],[153.44854314600002,-27.749436593999974],[153.44827860600003,-27.74984350799997],[153.4476107580001,-27.750910378999947],[153.4471194150001,-27.75165640499995],[153.4468616250001,-27.75216479599993],[153.44672938400004,-27.75247602099995],[153.4466798080001,-27.752752519999945],[153.44649204600012,-27.75333963999998],[153.44649621000008,-27.75436039999994],[153.44643799100004,-27.75540990299993],[153.44624974500005,-27.755878589999952],[153.44569619600009,-27.756923696999934],[153.44541620400003,-27.757240428999978],[153.44534707000003,-27.75738727299995],[153.44530369200004,-27.757629915999928],[153.44518545200003,-27.758171698999945],[153.44502281300004,-27.75870234499996],[153.44477752500006,-27.759176856999943],[153.4447149550001,-27.759380086999954],[153.44468428100004,-27.759630582999932],[153.44445304500005,-27.760443425999938],[153.44424697700003,-27.761211066999977],[153.44417322300012,-27.76178090199994],[153.44413100100007,-27.76231116799994],[153.44407856400005,-27.762618369999927],[153.44397088000005,-27.762863627999934],[153.4438236200001,-27.763170248999984],[153.4437158400001,-27.763389735999965],[153.44363918800002,-27.76391723699993],[153.44356603800009,-27.764254524999956],[153.44333561300004,-27.765026836999937],[153.44313879100002,-27.765858477999927],[153.44284397900003,-27.767209744999946],[153.4426632730001,-27.76789297099998],[153.44253238800002,-27.768531388999975],[153.4423845240001,-27.769313282999974],[153.44239476100006,-27.76960927199997],[153.4423721490001,-27.76997604899998],[153.4423138850001,-27.77045825099998],[153.44224063100012,-27.77095387099996],[153.4421072140001,-27.771463110999946],[153.4419782440001,-27.771751551999955],[153.44194351700003,-27.771932213999946],[153.44192246900002,-27.772313862999965],[153.4418897390001,-27.772775596999963],[153.44190265800012,-27.772996730999978],[153.44191072700005,-27.773489474999963],[153.4418635190001,-27.774129762999962],[153.44179749900002,-27.774754977999976],[153.44176641600006,-27.77554768999994],[153.44165038800008,-27.77652358199998],[153.4416187600001,-27.77717912099996],[153.44156864700005,-27.777717045999964],[153.44155854400003,-27.777780874999962],[153.44146860800004,-27.778170607999982],[153.44138379100002,-27.77856494399998],[153.44132011800002,-27.77887214699996],[153.44126150500006,-27.779197781999983],[153.44117656000003,-27.779615073999935],[153.44104558700008,-27.779958671999964],[153.44094607700004,-27.780215209999938],[153.44084645500004,-27.780490158999953],[153.4408031150001,-27.780852554999967],[153.4407494410001,-27.781214920999957],[153.44065401400007,-27.781659683999976],[153.44055390100004,-27.78202179699997],[153.4404696570001,-27.782315177999976],[153.44038010100007,-27.782636036999975],[153.44035217500004,-27.78300769499998],[153.4402986350001,-27.783347060999972],[153.44024949900006,-27.78381960699994],[153.4402164930001,-27.784177495999984],[153.4401051960001,-27.784690996999927],[153.44000045600012,-27.784956758999954],[153.43992074900007,-27.78536028299993],[153.43991914700007,-27.785640237999928],[153.43988684900012,-27.78587417199998],[153.43979787400008,-27.786094074999937],[153.43978133400003,-27.786277605999942],[153.43974371600007,-27.786539060999928],[153.43967985000006,-27.78687839099996],[153.43963175600004,-27.787167345999933],[153.43956757700005,-27.78756175799998],[153.43948843700002,-27.787864318999937],[153.43943931500007,-27.788332244999935],[153.43939163900006,-27.78854774499996],[153.43937556000003,-27.788653237999938],[153.43926445700004,-27.789130067999963],[153.43920621600012,-27.789386844999967],[153.43913706000012,-27.78974909899995],[153.43905691400005,-27.790226077999932],[153.43894539400003,-27.79077634099997],[153.43882353900005,-27.79132655099994],[153.4387334690001,-27.791734641999938],[153.43866992200003,-27.792018903999974],[153.43859116200008,-27.792252598999937],[153.43853313700004,-27.79247266699997],[153.4384695760001,-27.79275692899995],[153.438437345,-27.792977092999934],[153.43836938800007,-27.79312821299993],[153.43830539500004,-27.793490534999933],[153.43825736100007,-27.793765706999977],[153.43820888800008,-27.794118879999928],[153.43815044600012,-27.79441236599996],[153.43808685500005,-27.794701231999966],[153.438090729,-27.79492614999998],[153.4380748520001,-27.79499492599996],[153.43803277900008,-27.795132404999947],[153.43799057800004,-27.795292867999933],[153.43794650100006,-27.795779196999945],[153.43786648200012,-27.796233212999937],[153.43777082400004,-27.796714683999937],[153.43773215500005,-27.79715974499993],[153.43764275600006,-27.797448476999932],[153.43753711400007,-27.797870261999947],[153.43749953300005,-27.79812252399995],[153.43748785100001,-27.798361135999983],[153.43748779800012,-27.79837030799996],[153.43746598300004,-27.798576732999948],[153.43743835600003,-27.79889332399995],[153.43728410000006,-27.79969121399995],[153.43725631600012,-27.79990757099995],[153.43725169700008,-27.799943497999948],[153.43722925600002,-27.80025552799998],[153.43717639400006,-27.800475595999956],[153.43708683800003,-27.80079187299998],[153.4370124730001,-27.801158701999952],[153.4369640440001,-27.801502717999938],[153.43688976900012,-27.801855778999936],[153.43674925100004,-27.80205706399994],[153.43664916000012,-27.80241001199994],[153.43655422500012,-27.802762990999952],[153.4364988220001,-27.803113398999983],[153.436484607,-27.803203275999977],[153.43640567500006,-27.80346452999993],[153.4363570150001,-27.803849836999973],[153.43628325500003,-27.804111121999938],[153.43627665300005,-27.80436352499993],[153.43626499300012,-27.80459756299996],[153.4362485050001,-27.804771883999933],[153.4362211990001,-27.80503341399998],[153.43617234500005,-27.805450854999947],[153.4361553430001,-27.805716959999984],[153.4361174940001,-27.806015139999943],[153.43605899200008,-27.806317796999963],[153.4359945220001,-27.806758118999937],[153.4359748380001,-27.806829979999975],[153.435915442,-27.807046888999935],[153.4358522240001,-27.80726690399996],[153.4358244780001,-27.80760644999998],[153.43577593700002,-27.80796880099996],[153.43568585200012,-27.80837686999996],[153.43560667500003,-27.808679429999984],[153.43554327000004,-27.80893614699994],[153.4355114340001,-27.809087475999945],[153.43548917900011,-27.80936735699993],[153.43547063500012,-27.809522224999967],[153.4354457940001,-27.809729752999942],[153.43544108600008,-27.809887854999943],[153.43544194900005,-27.810103779999963],[153.43545390000008,-27.81028976899995],[153.43545843000004,-27.810489063999967],[153.43543680800008,-27.81068845699997],[153.43541503000006,-27.810847965999983],[153.43535224400011,-27.81103087799994],[153.435317703,-27.811194008999962],[153.43528623200007,-27.811393519999967],[153.43523258800008,-27.811779050999974],[153.43518838300008,-27.812054445999934],[153.4351131100001,-27.812316281999983],[153.4350635190001,-27.812564214999952],[153.4349929550001,-27.81277098399994],[153.43492762000005,-27.81298689399995],[153.4348827980001,-27.813184371999967],[153.43486368000003,-27.81337250599995],[153.43479333100004,-27.813606766999953],[153.43477005600005,-27.813918745999956],[153.4347310070001,-27.81419412599996],[153.43469689100004,-27.81444195499995],[153.4346475530001,-27.814721977999966],[153.43460361000007,-27.815029485999958],[153.43457512600003,-27.815336910999974],[153.43456196800003,-27.81562589699996],[153.43453833500007,-27.81589200899998],[153.43450863700002,-27.816048106999972],[153.43448969000008,-27.816259143999957],[153.43447569800003,-27.81644265999995],[153.434456833,-27.81666292099993],[153.43445842800008,-27.81686007099995],[153.4344450540001,-27.817121533999966],[153.43444676000001,-27.817332489999956],[153.43447002100004,-27.817657915999973],[153.434435279,-27.817827818999945],[153.4343340480001,-27.81807146099993],[153.43425832000003,-27.81827825199997],[153.43418747200008,-27.818448355999976],[153.43409150900004,-27.818705757999965],[153.43403635200002,-27.818903228999943],[153.43397624700003,-27.819128302999957],[153.4339262840001,-27.81933036299995],[153.433886378,-27.819500302999984],[153.4338365640001,-27.819720683999947],[153.43381228200008,-27.819908855999984],[153.43376788400008,-27.820161318999965],[153.43374942200012,-27.820432005999976],[153.43373042300004,-27.82063388699993],[153.43372204800005,-27.820876961999943],[153.43371845000001,-27.821069596999962],[153.43369520400006,-27.821386178999944],[153.43368153200004,-27.821610947999943],[153.43365231100006,-27.82182664299995],[153.43363296200005,-27.821987269999966],[153.43362390900006,-27.822143232999963],[153.4335786470001,-27.822290247999945],[153.43354894900006,-27.822446344999946],[153.43352953300007,-27.82259777799993],[153.4334726180001,-27.822876004999955],[153.43346036900004,-27.822978800999977],[153.43344706200003,-27.823056248999933],[153.43342109000002,-27.823226680999937],[153.43338125100001,-27.823405755999943],[153.4333413160001,-27.82357108399998],[153.4333635710001,-27.823772719999965],[153.43335024200007,-27.82403878699995],[153.4333209020001,-27.82424072799995],[153.43330691000006,-27.824424242999953],[153.4333242990001,-27.824662608999972],[153.4332910700001,-27.825020497999958],[153.43322521400012,-27.82517220699998],[153.43315439600008,-27.82534689299996],[153.433088794,-27.825530698999955],[153.4330182220001,-27.82573750499995],[153.43294319500012,-27.82603141499993],[153.43288860400003,-27.826302295999938],[153.43283374600003,-27.826536489999967],[153.43278361800003,-27.826720228999932],[153.43275430000006,-27.826922168999943],[153.43274578400008,-27.827146915999947],[153.43278429600002,-27.827444767999964],[153.43281772700004,-27.827751820999936],[153.4328144100001,-27.82798113499996],[153.43280066400007,-27.828196739999953],[153.43278676900002,-27.828394023999977],[153.43276891000005,-27.828738046999945],[153.43276009600004,-27.828926099999933],[153.43273610500012,-27.829150957999957],[153.4326609730001,-27.829431151999984],[153.43258029800006,-27.829665487999932],[153.4324688900001,-27.82992752499996],[153.43240328700006,-27.830111345999967],[153.43237384300005,-27.83029954699998],[153.432395777,-27.83045992899997],[153.4323986160001,-27.830576648999966],[153.43239709600005,-27.830624988999944],[153.43234167800006,-27.83079040599995],[153.4322910290001,-27.83090991399996],[153.43229233300008,-27.831070443999977],[153.43227312600004,-27.83124938499998],[153.43223358500006,-27.831465123999976],[153.43217384700006,-27.83173607899994],[153.43210378100002,-27.832007026999975],[153.43206516500004,-27.832337437999968],[153.43202056600012,-27.832566996999958],[153.4319969400001,-27.832837721999965],[153.4319678600001,-27.83307175899995],[153.43171415300003,-27.833605198999976],[153.43165378100002,-27.833798138999953],[153.43164460900005,-27.83394035499998],[153.43166104500006,-27.83405949799993],[153.431636496,-27.83421554299997],[153.43162312200002,-27.83447702099994],[153.4316246420001,-27.834665020999978],[153.43159032500012,-27.834889946999965],[153.43156603600005,-27.83507808199994],[153.43154185900005,-27.83528],[153.4314768150001,-27.835532618999935],[153.43140603400002,-27.835716454999954],[153.43134139300003,-27.836019506999946],[153.43131132300005,-27.83612972399993],[153.4312925920001,-27.836368320999952],[153.43126878700002,-27.83661604499997],[153.43124471400006,-27.836831753999945],[153.4312306390001,-27.83700608299995],[153.43118570500008,-27.837194373999978],[153.43117196600008,-27.837409978999972],[153.43109168600006,-27.83769478499994],[153.431036693,-27.83791520999995],[153.43096626300007,-27.83814033699997],[153.43091093500004,-27.838319500999944],[153.43085587500002,-27.838530784999932],[153.430795503,-27.838723754999933],[153.43074021200005,-27.83890747099997],[153.43070556700002,-27.839091105999955],[153.43073253800003,-27.83923769599994],[153.4307544280001,-27.839393472999973],[153.43074622500012,-27.839654957999983],[153.43072203300005,-27.839856875999942],[153.43067768700007,-27.84011852599997],[153.43064938200007,-27.840448869999932],[153.4306,-27.84072426599994],[153.43054540900005,-27.840995145999955],[153.43051664300003,-27.841270444999964],[153.4305094010001,-27.84165113299997],[153.43051509300005,-27.842361910999955],[153.4305222900001,-27.842614067999932],[153.4305087150001,-27.84285260599995],[153.4305132080001,-27.843412039999976],[153.43047336200004,-27.843591121999964],[153.43038747900005,-27.84382093599993],[153.43031644600012,-27.843972666999946],[153.4302713620001,-27.844142613999963],[153.4302887670001,-27.844380972999943],[153.43025466500012,-27.844633361999968],[153.43023615800007,-27.844899458999976],[153.43021197400003,-27.84510136199998],[153.43014672900006,-27.84533104199994],[153.43010213700006,-27.84556060099993],[153.43007322000005,-27.845817556999975],[153.4300392010001,-27.846079161999967],[153.43000964500004,-27.84625359499995],[153.42994469000007,-27.846519959999966],[153.42988552500003,-27.846864236999977],[153.42983628500008,-27.847158020999927],[153.42979650600012,-27.84734627499995],[153.4297728350001,-27.847612371999958],[153.42967165700009,-27.847865184999932],[153.4296271170001,-27.848103893999962],[153.42965484100012,-27.84834220099998],[153.42965693400004,-27.848603604999937],[153.42962766100004,-27.848814686999958],[153.42960385600009,-27.84906248599998],[153.4295958770001,-27.849356030999957],[153.42958265200002,-27.84963581599993],[153.4295739790001,-27.84984221899998],[153.4294834100001,-27.85013165199996],[153.42936692000012,-27.850407486999984],[153.4293024430001,-27.850733464999962],[153.42928294500007,-27.85087572599997],[153.42923900100004,-27.851187830999947],[153.42917957500003,-27.85150002499995],[153.42915025700006,-27.851706540999942],[153.42911642400009,-27.851991062999957],[153.4290982000001,-27.852293817999964],[153.42908032600008,-27.852637870999956],[153.42906199000004,-27.852926855999954],[153.429059122,-27.853211207999948],[153.42900989600003,-27.85350958099997],[153.42892960100005,-27.853794379999954],[153.42888536700002,-27.854069782999943],[153.42888779500004,-27.854372402999957],[153.42892524100012,-27.85453726199995],[153.42893666300006,-27.85467478499993],[153.42891734400007,-27.854839993999974],[153.42891925900005,-27.85507843499994],[153.4289467210001,-27.855284621999942],[153.42898010800002,-27.855587107999952],[153.42900278000002,-27.855839168999978],[153.42898939100007,-27.856100669999933],[153.42895008200003,-27.856348527999955],[153.42892649300006,-27.85662379699994],[153.4289391740001,-27.856917185999976],[153.42896216700012,-27.857210537999947],[153.42894834600008,-27.85741699299996],[153.4288778780001,-27.85764209799993],[153.42880754500004,-27.857881015999965],[153.42873296400012,-27.858234507999953],[153.42870401900007,-27.858486926999944],[153.4286646050001,-27.85872103099996],[153.42862028900004,-27.85898724799995],[153.42855101400005,-27.85935909899996],[153.42850105800005,-27.859565747999966],[153.42847273000007,-27.85989610699994],[153.42842369800007,-27.86021737599998],[153.4283740400001,-27.860460718999946],[153.4283087130001,-27.86068122699993],[153.4283312660001,-27.860919555999942],[153.4283588710001,-27.86114409399994],[153.4283144430001,-27.861396571999933],[153.42823524300002,-27.86181893099996],[153.42817569800002,-27.862117355999942],[153.428131494,-27.862397355999974],[153.42808182800002,-27.862640676999945],[153.42800657600003,-27.862911691999955],[153.42792111100005,-27.86319649099994],[153.4277887290001,-27.863421982999967],[153.4277446210001,-27.863715721999938],[153.42772548100004,-27.86390384899994],[153.42771176400004,-27.86412405799996],[153.4276935030001,-27.864422229999946],[153.42768007000006,-27.864679125999942],[153.42766113000005,-27.86489014199998],[153.42759081200006,-27.865133656999944],[153.42760908800005,-27.865482052999937],[153.42762131400002,-27.86572044199994],[153.4276083430001,-27.866032322999956],[153.4275691680001,-27.866298554999958],[153.42751430900012,-27.86653733099996],[153.42751588900012,-27.866734495999935],[153.42750198600004,-27.866931749999935],[153.42748295700005,-27.867133637999927],[153.42745460000003,-27.86745942999994],[153.42737915600003,-27.867707474999975],[153.42737633900003,-27.868000952999978],[153.42735263100008,-27.868262519999973],[153.4272874840001,-27.86850593099996],[153.4272585980001,-27.868767505999983],[153.42719388900002,-27.869065923999983],[153.42718369700003,-27.869193090999943],[153.42720806800003,-27.869346855999936],[153.4272599840001,-27.869634015999964],[153.42734650700004,-27.870033537999973],[153.42730611000002,-27.870487337999975],[153.4271183630001,-27.870846381999968],[153.4269635920001,-27.87124825899997],[153.42688014400005,-27.87198876399998],[153.4266798430001,-27.872711283999934],[153.42641867800012,-27.873605346999966],[153.42634516300006,-27.87392371699997],[153.42643688700002,-27.87450613699997],[153.4263582540001,-27.874731933999954],[153.42633032900005,-27.874898990999952],[153.42627969500006,-27.875151863999974],[153.42632299800005,-27.875499462999983],[153.42628765200004,-27.875896772999965],[153.4262371520001,-27.876499621999983],[153.426128381,-27.87741395699993],[153.42603206,-27.877845143999934],[153.4260449420001,-27.878228930999967],[153.42597650100004,-27.878544991999945],[153.4259386220001,-27.879066487999978],[153.4258400430001,-27.88003957099994],[153.4258325620001,-27.88036912499996],[153.42578449100006,-27.88073039699998],[153.4257769730001,-27.88096062699998],[153.42571105800005,-27.881152516999975],[153.42571107300012,-27.881258642999967],[153.42569083700005,-27.881437009999956],[153.42564787000003,-27.881829833999973],[153.42568614300012,-27.882200075999947],[153.4256990550001,-27.882651505999945],[153.42563305800002,-27.88283669799995],[153.42557977100012,-27.882967634999943],[153.42562565900005,-27.88333561099995],[153.42559026200001,-27.883622316999947],[153.42563866800003,-27.88391128799998],[153.42573288800008,-27.884421413999974],[153.42575320600008,-27.884722953999983],[153.42575147700006,-27.88486170599998],[153.42575302000012,-27.884951120999972],[153.4257210720001,-27.885103708999964],[153.42570807000004,-27.88519163999996],[153.42570640100007,-27.88525314499998],[153.42572639900004,-27.885336672999983],[153.42573304500002,-27.885412549999955],[153.42572347100008,-27.885513527999933],[153.42570875600006,-27.885649187999945],[153.42570272800003,-27.885779870999954],[153.42570192400012,-27.885892396999964],[153.42569152300007,-27.886060690999955],[153.42569493500002,-27.88620304899996],[153.42570605100002,-27.88640823099996],[153.4256891980001,-27.88661505899995],[153.4256919400001,-27.886816752999948],[153.42568583000002,-27.886989703999973],[153.4256808980001,-27.88717028399998],[153.42568495900002,-27.887326402999975],[153.42569372000003,-27.887446625999928],[153.42570118600008,-27.887587776999965],[153.42567960200006,-27.88776424399998],[153.42565500000012,-27.88789445799995],[153.42563077800003,-27.888057341999968],[153.42561320100003,-27.888166887999944],[153.4256057880001,-27.888332782999953],[153.42560005100006,-27.888458317999948],[153.42559511800005,-27.88854795499998],[153.42558080600008,-27.888684874999967],[153.4255494690001,-27.88879925599997],[153.42551644000002,-27.888887619999934],[153.4255015540001,-27.88895811699996],[153.4254949750001,-27.889112694999938],[153.425501606,-27.889226874999963],[153.42550896000012,-27.889340644999947],[153.42551203000005,-27.889505756999938],[153.4255029850001,-27.889617649999934],[153.42549110100003,-27.889713710999956],[153.42550816300002,-27.889827122999975],[153.42553062600007,-27.889928785999928],[153.4255421900001,-27.890044255999953],[153.42554158600012,-27.890173388999983],[153.42553385200006,-27.89032722899998],[153.42553171400004,-27.89047846099993],[153.42551761800007,-27.890628529999958],[153.42551723000008,-27.890735393999933],[153.42552719900004,-27.89084896299994],[153.42550340200012,-27.891103966999935],[153.42549855200002,-27.891245631999936],[153.4254820860001,-27.891387333999944],[153.42547443400008,-27.891593223999962],[153.42548318800004,-27.891710040999953],[153.42545491300007,-27.891908919999935],[153.4254389770001,-27.89201641699998],[153.42543531100011,-27.89214454399996],[153.42541378600004,-27.892261488999964],[153.42538481100007,-27.892474567999955],[153.42535722900004,-27.89265930499994],[153.42534439200006,-27.892784951999943],[153.42530759300007,-27.892995176999932],[153.42529959900003,-27.89310496199994],[153.42530348800005,-27.89326561799993],[153.42529570200008,-27.893388038999944],[153.42527353700007,-27.893532877999974],[153.42522913900007,-27.89374949599994],[153.42522029500003,-27.893825387999982],[153.425224199,-27.89398952399995],[153.42523306500004,-27.894116019999956],[153.42523145600012,-27.894201574999954],[153.42522276800003,-27.894357001999936],[153.4252083660001,-27.894540203999952],[153.42520686900002,-27.894625192999968],[153.4252032180001,-27.89475673299995],[153.42517286400005,-27.89494964299996],[153.42516720900005,-27.89504657499998],[153.42512688700003,-27.895230589999983],[153.4250934490001,-27.895349232999934],[153.4250603160001,-27.895501105999983],[153.42504569800008,-27.895622489999937],[153.4250097790001,-27.895754514999965],[153.4249835600001,-27.895879393999962],[153.42495242400003,-27.896037815999932],[153.42493456500006,-27.89615929699994],[153.42490638700008,-27.896423993999974],[153.4248871410001,-27.89664023199998],[153.42486821600005,-27.896844459999954],[153.42485581900007,-27.896985059999963],[153.4248349940001,-27.897180741999932],[153.4248074420001,-27.897331436999934],[153.42480975900003,-27.89748672199994],[153.4248140510001,-27.897589167999968],[153.42482010100002,-27.89767524499996],[153.42482065900003,-27.897818868999934],[153.42480125100008,-27.897980144999963],[153.4247988290001,-27.898073581999938],[153.42481190500007,-27.89819843899994],[153.42482650800002,-27.898318333999953],[153.4248312620001,-27.89840768099998],[153.42481803700002,-27.89853898299998],[153.42481100300006,-27.898688940999932],[153.424809685,-27.898832289999973],[153.42483558300012,-27.898957265999968],[153.4248729630001,-27.89908623499997],[153.424905931,-27.899193948999937],[153.4249334760001,-27.89931345599996],[153.4249586960001,-27.899452647999965],[153.42498771600003,-27.899616425999966],[153.42501254900003,-27.899733280999953],[153.4250222270001,-27.89984501799995],[153.4250257440001,-27.899993656999982],[153.4250193890001,-27.90013284099996],[153.42502192200004,-27.900265892999982],[153.42502716700005,-27.900398148999955],[153.42503214400006,-27.900482920999934],[153.42502436600012,-27.90058474799997],[153.42503454300004,-27.900641118999943],[153.42503250200002,-27.900687148999964],[153.42502821800008,-27.900748869999973],[153.42502029000002,-27.90078144399996],[153.424965938,-27.901587707999965],[153.424923314,-27.902218369999957],[153.42487969,-27.903446948999942],[153.42482279700005,-27.90513250799995],[153.42487707400005,-27.906200541999965],[153.42502693500012,-27.907794980999938],[153.42524874600008,-27.910277908999944],[153.42576573400004,-27.912647126999957],[153.42628392900008,-27.91531603599998],[153.42663287000005,-27.917837133999967],[153.4272346670001,-27.920091858999967],[153.42792060500005,-27.922497643999975],[153.42835064500002,-27.923963596999954],[153.42878125700008,-27.925206212999967],[153.42983335300005,-27.93307086799996],[153.43000813600008,-27.933194755999978],[153.4296450920001,-27.934831074999977],[153.4294287040001,-27.93607851799993],[153.43101262300002,-27.93568996299996],[153.43266730800008,-27.935297249999962],[153.43332368200004,-27.935076116999937],[153.433571421,-27.93505620899998],[153.4336915020001,-27.935258804999933],[153.43368657000008,-27.93532714899993],[153.43358720900005,-27.935396141999945],[153.43302858700008,-27.935512675999973],[153.4315317280001,-27.935868053999968],[153.430193432,-27.93621221099994],[153.42903915800002,-27.936486787999968],[153.4291087910001,-27.93652259499993],[153.4291175090001,-27.93670298099994],[153.42910280900003,-27.936883068999975],[153.42910678700002,-27.937063588999933],[153.4291075550001,-27.937424703999966],[153.42908502400007,-27.93760415899993],[153.42904710800008,-27.937781556999937],[153.42902647000005,-27.93796118299997],[153.428991579,-27.938097118999963],[153.42920625200009,-27.938098601999968],[153.43291632800003,-27.93809887699996],[153.43291625300003,-27.939001589999975],[153.43039759200008,-27.939001425999948],[153.43037933800008,-27.93930292799996],[153.43033729400008,-27.93994372999998],[153.43034502800003,-27.94065429999995],[153.4303871310001,-27.941115706999938],[153.43042451100007,-27.94140762799998],[153.43041334200007,-27.942821464999952],[153.43036519700001,-27.943147330999977],[153.43029683800012,-27.94479180099995],[153.43022407500007,-27.945039003999966],[153.43020123200006,-27.945938429999956],[153.430170803,-27.94661274499998],[153.43023893800012,-27.947071193999932],[153.4302483560001,-27.94984208699998],[153.43019219300004,-27.951006150999945],[153.43020268400005,-27.951975456999946],[153.43021205600007,-27.952841839999962],[153.43025035200003,-27.953428766999934],[153.43028650200006,-27.955146371999945],[153.430234422,-27.956672779999963],[153.4302396820001,-27.957513569999946],[153.43018920500003,-27.958453937999934],[153.43017026500002,-27.959199509999962],[153.43013916600012,-27.960423274999982],[153.43011497400005,-27.961317441999938],[153.430105571,-27.962269729999946],[153.4300961460001,-27.963123775999975],[153.42926704500007,-27.963093689999937],[153.42927201500004,-27.96324240399997],[153.42923172200005,-27.963940299999933],[153.42922356400004,-27.964458725999975],[153.4292411020001,-27.964864185999943],[153.42927357200006,-27.965042210999968],[153.42924432100006,-27.96515650999993],[153.42925662900007,-27.965232371999946],[153.42925201700007,-27.965525395999975],[153.42920275400002,-27.965588330999935],[153.4292230420001,-27.965754165999954],[153.4292236230001,-27.96590294599997],[153.42924582600006,-27.965962908999984],[153.42923713900007,-27.966233304999946],[153.42924467900002,-27.966336785999943],[153.42918830000008,-27.967029279999963],[153.42921977100002,-27.96718457999998],[153.42922848800004,-27.96755419599998],[153.42919799300012,-27.967845990999933],[153.42924321100008,-27.96795131199997],[153.4292408120001,-27.96821278999994],[153.42925642800003,-27.968401639999968],[153.42924749500003,-27.96856374999993],[153.42921875800005,-27.96861651499995],[153.429211903,-27.968810281999936],[153.42918855300002,-27.96888874399997],[153.42921372900003,-27.969012989999953],[153.4292269760001,-27.969319335999955],[153.42927455500012,-27.969447827999943],[153.42927303500005,-27.969961791999935],[153.42922465900006,-27.970056167999928],[153.42924122800002,-27.970217808999962],[153.4292150020001,-27.97059308699994],[153.42922231800003,-27.970953701999974],[153.42961857700004,-27.971014],[153.429574343,-27.971267654999963],[153.42953982500012,-27.971672042999955],[153.4295051800001,-27.972045338999976],[153.42950680400008,-27.972457385999974],[153.42948106200004,-27.972799538999936],[153.42946745000006,-27.973205721999932],[153.4294617800001,-27.973339109999984],[153.42946390300006,-27.973496145999945],[153.42946972200002,-27.973663887999976],[153.42947416300012,-27.97386043499995],[153.42948384900012,-27.974003358999937],[153.42948492200003,-27.97416169099995],[153.42948635900007,-27.97431355699996],[153.42950041900008,-27.974468006999928],[153.4295103060001,-27.97467716699998],[153.4295121980001,-27.974796622999975],[153.42951868000011,-27.974878116999946],[153.42952966200005,-27.97493663399996],[153.42952820200003,-27.975013247999982],[153.42953937000004,-27.97509372899998],[153.42954229100008,-27.975137836999977],[153.42954531600003,-27.97523695899997],[153.42954856400002,-27.975330888999963],[153.429554219,-27.97541844099993],[153.4295575870001,-27.97550061299995],[153.42956494100008,-27.975573106999946],[153.42956894200006,-27.975669822999976],[153.4295758410001,-27.97574975999993],[153.42957916400007,-27.97585908999997],[153.42957812800012,-27.975952475999975],[153.42957403000003,-27.976019381999947],[153.42956272800006,-27.97610546599998],[153.42956867300006,-27.976181938999957],[153.42956527600006,-27.97627877399998],[153.42956093200007,-27.976372159999983],[153.42954538300012,-27.97647602099994],[153.42953170400006,-27.976568489999977],[153.42951611700005,-27.97667528599993],[153.42950041100005,-27.976796804999935],[153.42950018800002,-27.97686581299996],[153.42949419,-27.976992568999947],[153.4294864190001,-27.977097681999965],[153.4294898170001,-27.977219461999937],[153.42949111300004,-27.977315290999968],[153.4294970960001,-27.977410091999957],[153.42950067900006,-27.97751128599998],[153.42950024000004,-27.977582550999955],[153.4295028690001,-27.97768027999996],[153.42950964200008,-27.977796188999946],[153.42952356700005,-27.977913952999984],[153.42953527200007,-27.978024898999934],[153.42953843800012,-27.978056854999977],[153.42954144800012,-27.97809468899993],[153.42974371600008,-27.97808449699994],[153.4297594740001,-27.97833668399994],[153.42978254100012,-27.978502436999975],[153.429783078,-27.978638402999934],[153.42981350600007,-27.978777586999968],[153.42982900300012,-27.978916830999935],[153.42982956900005,-27.97905942799997],[153.42983729600007,-27.979125729999964],[153.42984158700006,-27.979265621999957],[153.42985732300008,-27.979464552999957],[153.42986546600002,-27.97963697399996],[153.42987595700004,-27.97991472399997],[153.429877991,-27.979968569999983],[153.42987477200006,-27.980097911999962],[153.42986401300004,-27.98021069899994],[153.429853739,-27.980446188999963],[153.4298659430001,-27.98069818999994],[153.4298700710001,-27.980797662999976],[153.42986375300006,-27.981086834999928],[153.4298569880001,-27.981265938999968],[153.42985034200012,-27.981474882999976],[153.42985814200006,-27.981557763999945],[153.42986209100002,-27.98161081199993],[153.4298976980001,-27.981677970999954],[153.4299095440001,-27.981769680999946],[153.4299293030001,-27.981925933999946],[153.42992970500006,-27.982027872999936],[153.42994961300008,-27.982224895999934],[153.42995777200008,-27.98235060199994],[153.42997715100012,-27.982411703999958],[153.42997381300006,-27.98253404299993],[153.42996254000002,-27.982588446999955],[153.4299933850001,-27.98264612199995],[153.43000500100004,-27.98268005899996],[153.43001684700005,-27.982771775999936],[153.43001718300002,-27.982856719999972],[153.43002081100008,-27.982935986999962],[153.42975113700004,-27.98294293799995],[153.429726737,-27.98294356399998],[153.4297286740001,-27.98294912199998],[153.42973118500004,-27.98299100899993],[153.42973626600008,-27.983040510999956],[153.42974736000008,-27.98312759399994],[153.4297459070001,-27.98322028599995],[153.42974852200007,-27.98329745899997],[153.42975672500006,-27.98338000399997],[153.42977135800004,-27.983480251999936],[153.42977308700006,-27.983550994999973],[153.42976819900002,-27.983637100999943],[153.42976647800003,-27.98370125799994],[153.429762008,-27.983767478999937],[153.4297615380001,-27.983876085999952],[153.42975904200011,-27.983955807999962],[153.42975880400002,-27.98402843599996],[153.42976828100007,-27.984085059999984],[153.4297852090001,-27.984156972999983],[153.42980850700008,-27.984249486999943],[153.42982915200002,-27.984319857999935],[153.42985593000003,-27.98439770899995],[153.4298922590001,-27.98446178399996],[153.42994021800007,-27.98452922699994],[153.4299856440001,-27.984581096999932],[153.43001585600007,-27.98465016399996],[153.43003849900003,-27.98471567699994],[153.43005195400008,-27.984799324999983],[153.4300624220001,-27.984890184999983],[153.43007291900005,-27.984993523999947],[153.4300763540001,-27.98510129699997],[153.43008960100008,-27.985220900999934],[153.430100293,-27.98532494099993],[153.43011026200008,-27.98544158699997],[153.430118353,-27.985551289999933],[153.43013464000012,-27.98569443799994],[153.43013925200012,-27.98581883999998],[153.43014051800003,-27.985912411999948],[153.4301446390001,-27.986010490999945],[153.43014972000003,-27.98611206499993],[153.4301538100001,-27.986213094999982],[153.43014831900007,-27.986300065999956],[153.43014928000002,-27.98638637299996],[153.43015074800007,-27.986462331999974],[153.4301519920001,-27.986540502999958],[153.43014463100008,-27.98658680899996],[153.43013899100004,-27.986636421999947],[153.43014809600004,-27.98669164599994],[153.4301435960001,-27.986760809999964],[153.43013889400004,-27.98682925099996],[153.43013799300002,-27.98690862899997],[153.43014171800007,-27.986974551999936],[153.43013098200004,-27.987042113999962],[153.43014050400006,-27.987129523999954],[153.43014246300004,-27.98724714599996],[153.4301513370001,-27.987375027999974],[153.43015608300004,-27.987487657999964],[153.43016531400008,-27.987616918999947],[153.4301708050001,-27.987732320999953],[153.43017790500005,-27.987826130999963],[153.43017798000005,-27.98792141599995],[153.43018567600006,-27.98801435499996],[153.43018543800008,-27.988102382999955],[153.4301895210001,-27.98820402399997],[153.43018968500007,-27.988317756999948],[153.43019259100004,-27.988406791999978],[153.43018439500008,-27.988535395999975],[153.43016783200005,-27.988646700999936],[153.4301429100001,-27.988760470999978],[153.4301096360001,-27.988879217999965],[153.43006803200012,-27.98901527299995],[153.43003475700004,-27.98913153999996],[153.43002274700007,-27.98923505099998],[153.4300243340001,-27.98932427899996],[153.43002558600006,-27.98943926299995],[153.43002373100012,-27.989502786999935],[153.43002025900012,-27.989598258999933],[153.43002838000007,-27.98979806099993],[153.43003112200006,-27.989853247999974],[153.4300370750001,-27.98992340199993],[153.43004259500003,-27.990000701999975],[153.43005060500002,-27.990053555999964],[153.43006015600008,-27.990137881999942],[153.43007293400012,-27.990226156999938],[153.4300865020001,-27.990316494999945],[153.430105367,-27.99042471499996],[153.4301191730001,-27.99051028399998],[153.43013955700008,-27.990608110999972],[153.43017419500006,-27.990763484999945],[153.43020613600004,-27.990902989999938],[153.43022592400007,-27.990989900999978],[153.43022836800003,-27.991006194999954],[153.4302320710001,-27.991021296999975],[153.43025602500006,-27.991134888999966],[153.43026530100008,-27.991182460999937],[153.43026953300011,-27.991218156999935],[153.4302789200001,-27.991291812999975],[153.430285797,-27.99134914499996],[153.430311651,-27.99147432199993],[153.4303253820001,-27.991597912999964],[153.43033391300003,-27.991715325999962],[153.43034745800003,-27.99177997499993],[153.43034703400008,-27.99182577399995],[153.4303563620001,-27.99193195999993],[153.43037297700005,-27.992065190999938],[153.43039064200002,-27.99222692099994],[153.43038807900007,-27.992335132999983],[153.43039328600003,-27.99239141399994],[153.43039462700006,-27.992534837999983],[153.43039198200006,-27.99256493799993],[153.43039513400004,-27.99263938499996],[153.43039739900007,-27.99271919499995],[153.43040405200009,-27.992816424999944],[153.43040494600007,-27.992872229999932],[153.4304207780001,-27.992969526999957],[153.43042042800005,-27.992996140999935],[153.43041472900006,-27.993091075999928],[153.43042028700006,-27.993192977999968],[153.43042809500002,-27.993277399999954],[153.43042640400006,-27.99333012099993],[153.43044115600003,-27.99345715299995],[153.43045040900006,-27.993546402999982],[153.43045630300003,-27.993632740999942],[153.430466786,-27.993701047999934],[153.43048446600005,-27.99381561499996],[153.43048623200002,-27.99387711999998],[153.43049713200003,-27.993982939999967],[153.43049850300008,-27.994032002999973],[153.4305118840001,-27.99410996499995],[153.43052990700005,-27.994197896999935],[153.43053228400004,-27.994247465999933],[153.43052694900007,-27.994340850999947],[153.43052165900008,-27.99440104499996],[153.4305134340001,-27.99444866099998],[153.430511743,-27.994501388999936],[153.43052121200003,-27.994555211999966],[153.43053311100005,-27.994614354999953],[153.43055108200008,-27.99467429499998],[153.43056115500008,-27.994741230999978],[153.43056067100008,-27.994784093999954],[153.43057076600007,-27.994865036999954],[153.43058740300012,-27.99495108399998],[153.43058695600007,-27.994971818999943],[153.43059073400002,-27.995012222999947],[153.43059341600008,-27.99505729899994],[153.4305851160001,-27.995087980999983],[153.43056556600004,-27.99513675999998],[153.43055424800002,-27.99518509899997],[153.43055427800005,-27.995224147999977],[153.4305617880001,-27.995302013999947],[153.43057138500012,-27.995375699999954],[153.43060239400006,-27.99552915199996],[153.43060684900001,-27.99559960499994],[153.43060360100003,-27.995688817999962],[153.43060025600005,-27.99577215299996],[153.43059704400002,-27.99582818099998],[153.43060481500004,-27.995909667999967],[153.43062356100006,-27.995969421999973],[153.43065304300012,-27.996039948999965],[153.43066550000003,-27.996073170999978],[153.43067797300012,-27.996131441999978],[153.43069390200003,-27.99627073099998],[153.4307054200001,-27.996342494999965],[153.43071270000007,-27.996405660999983],[153.430723972,-27.99653497299994],[153.43073859000003,-27.99671436799997],[153.43075927300004,-27.99686950399996],[153.43076917500002,-27.996974809999983],[153.43077401800008,-27.99706876199997],[153.43077971000002,-27.997179469999935],[153.4307812820001,-27.997265352999932],[153.4307927860001,-27.99738429399997],[153.430796578,-27.997485867999956],[153.4308162630001,-27.99757931299996],[153.4308251440001,-27.997645056999943],[153.43082670800004,-27.997705868999958],[153.43082080800002,-27.99782518199993],[153.43083384600004,-27.997918694999953],[153.43084561800003,-27.997994079999955],[153.4308581800001,-27.998094349999974],[153.43087028700006,-27.99819030599997],[153.43088220000004,-27.998274504999983],[153.43089122300012,-27.99834906999996],[153.4308922360001,-27.99839968899994],[153.43090532000008,-27.99846002399994],[153.43091389500012,-27.998530267999968],[153.43091928900003,-27.99859829899998],[153.4309201760001,-27.99862905499998],[153.4309248180001,-27.99868619399996],[153.43093186600004,-27.998784801999932],[153.43094386100006,-27.998885936999955],[153.43095301800008,-27.998980357999983],[153.4309516400001,-27.999028584999962],[153.43095477600002,-27.99907798299995],[153.43095470900005,-27.99912222399996],[153.43095842700006,-27.999170741999933],[153.43096417900006,-27.999212152999974],[153.43097286700004,-27.999266146999958],[153.4309800860001,-27.99932638499996],[153.43098292500008,-27.99940532399995],[153.4309866200001,-27.99946491399993],[153.43098913900008,-27.999523288999967],[153.43100321200006,-27.99958412999996],[153.43101987900002,-27.999648063999928],[153.43102934800004,-27.99970187899993],[153.43104184300012,-27.999785206999945],[153.43104792300005,-27.999872251999932],[153.43105755600004,-27.99995992299995],[153.43105778000006,-28.000046855999983],[153.43106234700008,-28.00008706699998],[153.4310744170001,-28.000169022999955],[153.43108473600012,-28.000239587999943],[153.43109681300007,-28.00028541599994],[153.4311123110001,-28.00037321399998],[153.43111696000005,-28.000419302999944],[153.43112514000006,-28.00050216099993],[153.43112547600003,-28.00058390199996],[153.43112518500004,-28.000638513999945],[153.43112493900003,-28.000696062999964],[153.43113288900008,-28.000764242999935],[153.43113992200006,-28.000812723999957],[153.43115040500004,-28.000881037999932],[153.4311520220001,-28.000908679999952],[153.43116290000012,-28.00098943699993],[153.43116480700007,-28.001034690999973],[153.43116114200006,-28.001086390999944],[153.43116243100008,-28.00112959699993],[153.43117817400002,-28.00122100799996],[153.43119098900002,-28.00132489899994],[153.43119594300003,-28.00137755199995],[153.43120481000005,-28.00145435299993],[153.431209168,-28.00151894199996],[153.43121618700002,-28.001578479999978],[153.4312178780001,-28.001634097999954],[153.4312231450001,-28.001718386999983],[153.43123529700006,-28.001817270999936],[153.43125054100005,-28.00191879999994],[153.43128117100002,-28.002128696999932],[153.43128731000002,-28.002157471999965],[153.43130100400003,-28.002194835999944],[153.43131250800002,-28.00224153599993],[153.431326269,-28.00230688599993],[153.43133722900006,-28.002368300999933],[153.43133778000004,-28.00237141499997],[153.43134407600007,-28.002405188999944],[153.43134804700003,-28.002434051999955],[153.43135783700006,-28.002486354999974],[153.4313706370001,-28.002551256999936],[153.43137521900007,-28.00259645999995],[153.43137948100002,-28.00263866699993],[153.43138198400004,-28.00269117199997],[153.4313841820001,-28.00273750699995],[153.43137744700005,-28.002781434999974],[153.43137626200007,-28.002818032999983],[153.4313746680001,-28.002878247999945],[153.43138188700004,-28.00292134199998],[153.431389383,-28.00296502499998],[153.43139865900002,-28.003005496999947],[153.4314121440001,-28.003070219999984],[153.4314233870001,-28.00311185399994],[153.43142987700003,-28.00315268999998],[153.43143520400008,-28.003195895999966],[153.43144056100004,-28.003246313999966],[153.43144325000003,-28.003299071999948],[153.43144269900006,-28.00332531999993],[153.4314410080001,-28.003359212999953],[153.43143818400006,-28.003435685999932],[153.43144638,-28.00348397299996],[153.4314461040001,-28.00348392799998],[153.4314501870001,-28.00350726299996],[153.43146040200008,-28.003567165999982],[153.43146454400005,-28.003624251999952],[153.43147403600005,-28.00369404999998],[153.43148329000007,-28.003763153999955],[153.4314895860001,-28.003802477999955],[153.43150407000007,-28.003876856999966],[153.43151333100002,-28.003934024999978],[153.43151979000004,-28.003990470999952],[153.43152311300003,-28.004038072999947],[153.43153718000008,-28.004096901999958],[153.43155001000002,-28.004140390999964],[153.43156112600002,-28.004181376999952],[153.43157020800004,-28.00423958099998],[153.43156946300007,-28.00426744599997],[153.4315678170001,-28.004294483999956],[153.4315669230001,-28.004323958999976],[153.4315643000001,-28.004360145999954],[153.43156444200008,-28.004395431999967],[153.43156897900008,-28.00442325299997],[153.4316473140001,-28.005171864999966],[153.431652202,-28.00520380499995],[153.43165627000008,-28.005252002999953],[153.43166175400006,-28.00528802699995],[153.431665091,-28.005322157999956],[153.4316703290001,-28.005359902999942],[153.43169264400012,-28.005574486999933],[153.43174432800004,-28.006068236999965],[153.43174902200008,-28.00612474899998],[153.4317453860001,-28.006172343999935],[153.4317401930001,-28.00622718699998],[153.4317325710001,-28.006274363999978],[153.43173183400006,-28.00631360699998],[153.43172984400007,-28.006359762999978],[153.43173640800012,-28.00644004999998],[153.43175045300006,-28.00655914099997],[153.43176343100004,-28.006660780999937],[153.43176282000002,-28.006719886999974],[153.43176035400006,-28.006772792999982],[153.43177320600012,-28.006890675999955],[153.43178640100007,-28.00698195399997],[153.4317865050001,-28.00702395199994],[153.43178746600006,-28.007071635999978],[153.4318151970001,-28.00721408399994],[153.43182605300012,-28.007269768999947],[153.43182663400012,-28.00729396099996],[153.4318280870001,-28.007323845999963],[153.43183418900003,-28.007374755999933],[153.43183625300003,-28.007417759999953],[153.43183383100006,-28.007458089999943],[153.43182793000005,-28.007499306999932],[153.43183097000008,-28.00754240899994],[153.43184519300007,-28.00762414099995],[153.43185796400007,-28.00774908799997],[153.43187052500002,-28.007852121999974],[153.43187837100004,-28.00792974899997],[153.43188337000004,-28.007980867999947],[153.4319020790001,-28.00811146899997],[153.43190582600005,-28.008152387999928],[153.43192040000008,-28.008248641999955],[153.43193648500005,-28.008395574999952],[153.43195824100007,-28.008555426999976],[153.4319843400001,-28.00872116499994],[153.43198840800005,-28.008825301999934],[153.4319883490001,-28.00886911899994],[153.43199608300006,-28.00901513499997],[153.43199792300004,-28.00906158899994],[153.43200246800006,-28.009175813999946],[153.43200939700012,-28.009330614999953],[153.43202450700005,-28.009485653999945],[153.4320449060001,-28.00967323699996],[153.4320699550001,-28.009894221999957],[153.432096472,-28.010044678999975],[153.43211580600007,-28.01020300299996],[153.43213876100003,-28.01038455899993],[153.43216261800012,-28.010598770999934],[153.4322173050001,-28.011034971999948],[153.43224309200002,-28.011227815999973],[153.43225208400008,-28.01129509499998],[153.43225374600001,-28.01140861899995],[153.43227778900007,-28.01150655699996],[153.43229453000004,-28.011635265999928],[153.4323162940001,-28.01178641599995],[153.43234017300006,-28.012008524999942],[153.43236420100004,-28.01218772599998],[153.43239101500012,-28.01236460299998],[153.43240712400006,-28.012428908999937],[153.43244110600006,-28.012549280999963],[153.43248356700008,-28.012640855999962],[153.43252431400003,-28.012736312999948],[153.43256360100008,-28.01281966199997],[153.43260115200007,-28.012911221999957],[153.43262429300012,-28.012982464999936],[153.4326547060001,-28.013079441999935],[153.43268047100003,-28.013177826999936],[153.4327013620001,-28.01327144299995],[153.43271537600003,-28.013353734999953],[153.43273538900007,-28.013472950999983],[153.43275333600002,-28.013584538999964],[153.43278126100006,-28.013807966999934],[153.43282043600004,-28.014043517999937],[153.4328564000001,-28.014300256999945],[153.4328835130001,-28.014437176999934],[153.43291280100004,-28.014624193999964],[153.43296639300002,-28.014940984999953],[153.43298391700012,-28.015069566999955],[153.4330138680001,-28.01526445899998],[153.4330362940001,-28.015414789999966],[153.43306055300002,-28.01557500699994],[153.433086698,-28.01575379899998],[153.43311901100003,-28.015948325999943],[153.43315554100002,-28.016174130999957],[153.4331888600001,-28.016417041999944],[153.4332078960001,-28.016562834999945],[153.43325696600004,-28.016912177999927],[153.43328360100008,-28.01707202999995],[153.43332400600002,-28.017296545999955],[153.43335933700007,-28.017546437999954],[153.4333889080001,-28.017721824999967],[153.43341977600005,-28.01792599299995],[153.4334463,-28.01809818399994],[153.43346752700006,-28.018229134999956],[153.43350575500006,-28.018324226999937],[153.4335636840001,-28.018480919999945],[153.43363338400002,-28.018665596999938],[153.43368006200012,-28.01880582499996],[153.4337282150001,-28.018927730999962],[153.43377095100004,-28.019001066999977],[153.43379197700006,-28.01903717299996],[153.43381479100003,-28.019099667999967],[153.43382623500008,-28.019145913999978],[153.43384693200005,-28.019287064999958],[153.4338612670001,-28.019455276999963],[153.43387788200005,-28.019587636999972],[153.43390776600006,-28.019690483999966],[153.4339315190001,-28.019817434999936],[153.4339446990001,-28.019927091999932],[153.43396978500004,-28.020056754999928],[153.4339944840001,-28.020171239999968],[153.4340097270001,-28.02035306399995],[153.43402729500008,-28.020459912999968],[153.43405199400001,-28.020591802999945],[153.43407480000008,-28.020748607999963],[153.43411550200005,-28.02091798999993],[153.4341506390001,-28.02106644299994],[153.43417915300006,-28.02124053299997],[153.43418993400007,-28.02136794499995],[153.434239584,-28.02161137099995],[153.43424811500006,-28.02173984799998],[153.43424911400007,-28.02183248199998],[153.43426468500002,-28.021928742999933],[153.43427298500012,-28.022012315999973],[153.4342672260001,-28.022090703999936],[153.43426811300003,-28.022178277999956],[153.43427891600004,-28.022270895999952],[153.434271458,-28.02234786799994],[153.43428636700003,-28.02244935999994],[153.4342897790001,-28.022500365999974],[153.4343049480001,-28.022565528999962],[153.43429600800005,-28.022632949999945],[153.43429872700005,-28.022697113999982],[153.4342898980001,-28.02276089099996],[153.434288013,-28.022830858999953],[153.4342950990001,-28.022896550999974],[153.43431630300006,-28.022988364999946],[153.43434826600003,-28.023068361999947],[153.43439667300004,-28.023148737999975],[153.43442493300006,-28.02320971399996],[153.43443664500012,-28.023273967999955],[153.43443927500005,-28.02334613399995],[153.43442145300003,-28.023426540999935],[153.43440351200002,-28.02353162399993],[153.43439971200007,-28.023612782999976],[153.43440202200009,-28.023695886999974],[153.43441924,-28.023750573999962],[153.43442567800003,-28.023817084999962],[153.434417907,-28.023898832999976],[153.43441578300008,-28.023971743999937],[153.43441031500004,-28.024040088999982],[153.4344180480001,-28.02412163499997],[153.434423368,-28.024199195999984],[153.43444163700008,-28.024309612999957],[153.43445162800003,-28.02437926899995],[153.43445529400003,-28.024404756999957],[153.4344892160001,-28.02449463399995],[153.4345247550001,-28.024576261999982],[153.4345565100001,-28.024663552999982],[153.43457885400005,-28.024748668999962],[153.43459152000003,-28.024834536999947],[153.43460611600005,-28.024930276999953],[153.43463647700003,-28.025043912999934],[153.43463964300008,-28.025097854999956],[153.43465964100005,-28.02520872699995],[153.4346729770001,-28.025277078999977],[153.43470961900005,-28.025397725999937],[153.4347220840001,-28.025474198999973],[153.43473996500006,-28.025565795999967],[153.43476015700003,-28.025665037999943],[153.4347671380001,-28.025751061999983],[153.4347808990001,-28.025863602999948],[153.43479181400005,-28.02594466599993],[153.43480866700008,-28.02607708499994],[153.43482808300007,-28.026180781999983],[153.4348446680001,-28.026295080999944],[153.43486006900002,-28.02637400499998],[153.4348782630001,-28.026433631999964],[153.43488330700006,-28.02645535099998],[153.4348912490001,-28.026546306999933],[153.43490399000007,-28.02662418099993],[153.43492450100007,-28.026695787999984],[153.4349306260001,-28.026718802999937],[153.434942502,-28.02682148699995],[153.4349562330001,-28.02692533299995],[153.4349689810001,-28.027003213999933],[153.43498178100003,-28.02708978299995],[153.43500152500008,-28.02716585999997],[153.43502690100001,-28.027228742999966],[153.43503820400008,-28.027311906999955],[153.43505329900006,-28.02738507099997],[153.4350672390001,-28.02744390099997],[153.43509420200007,-28.02758201299997],[153.43510303900007,-28.027631446999976],[153.43510703200002,-28.027727350999953],[153.43511463900006,-28.027808196999956],[153.43512925000005,-28.02785384699996],[153.435138004,-28.027890235999962],[153.4351508860001,-28.027952142999936],[153.4351560870001,-28.028045691999978],[153.4351674940001,-28.02810418699994],[153.43518333400004,-28.02815182599994],[153.4351900470001,-28.028219744999944],[153.43519962100004,-28.02829810299994],[153.43521301700002,-28.02837515699997],[153.43523367700004,-28.02844745699997],[153.43524925600002,-28.028531439999938],[153.43526499900008,-28.02860376999996],[153.43527937900012,-28.028706796999984],[153.43529313300007,-28.02876057499998],[153.43530805600005,-28.02884536299996],[153.43533741900012,-28.029004164999947],[153.43535133700004,-28.029062986999975],[153.43536592500004,-28.029137678999973],[153.43538731600006,-28.02923887999998],[153.43540512200002,-28.029338501999973],[153.43541973300012,-28.029423795999946],[153.43542862200002,-28.029475674999958],[153.4354489100001,-28.029587961999937],[153.4354774830001,-28.02969243399997],[153.43550790300003,-28.029798090999975],[153.4355343300001,-28.03000885299997],[153.4355652060001,-28.030120968999938],[153.4356168380001,-28.030339457999958],[153.4356315230001,-28.030464924999933],[153.43566344900012,-28.030611723999982],[153.4356903160001,-28.03075782999997],[153.43572657000004,-28.030935153999962],[153.4357619760001,-28.03108720499995],[153.43577631000005,-28.031219266999983],[153.43578836500012,-28.031369112999982],[153.43580065100002,-28.03147391999994],[153.43582473200001,-28.03161826799993],[153.4358544150001,-28.031766124999933],[153.43589482700008,-28.031914494999967],[153.43592450200003,-28.03206235999994],[153.43595768000012,-28.032182082999952],[153.4359857830001,-28.03233017799994],[153.43601698700002,-28.032469093999964],[153.43603696900004,-28.032596655999953],[153.43604029900007,-28.032655663999947],[153.43606417900003,-28.03273182399994],[153.4360908660001,-28.032851837999942],[153.4361109460001,-28.03295471599995],[153.43612506500006,-28.033094063999954],[153.43614895100006,-28.033191286999966],[153.4361696640001,-28.03325559299998],[153.43619565100005,-28.033405452999943],[153.43621465800004,-28.03350704999997],[153.4362404520001,-28.033647522999956],[153.43625965800004,-28.03377521799996],[153.43627309900012,-28.033839918999945],[153.43629359600004,-28.03394489799996],[153.43632889700007,-28.034083917999965],[153.43636867500004,-28.03421641899996],[153.4363930830001,-28.03429540999997],[153.43642014400007,-28.034522041999935],[153.43643890400006,-28.034626573999958],[153.436468729,-28.034829556999966],[153.43651224100006,-28.035039879999943],[153.43655602800004,-28.03528936999993],[153.43658650800012,-28.03547483699998],[153.43663287300012,-28.035678893999943],[153.43667493100008,-28.035923555999943],[153.4366892070001,-28.03599683999994],[153.43670460700002,-28.03601697099998],[153.43672967100008,-28.036170639999966],[153.4367726380001,-28.036378130999935],[153.43679303800002,-28.036507807999953],[153.43683299500003,-28.036720849999938],[153.4368634980001,-28.036927357999957],[153.4368979720001,-28.03710402599995],[153.43692594100003,-28.037247270999956],[153.43695391100005,-28.03736126499996],[153.43698083700008,-28.037461638999957],[153.43700845700005,-28.037541657999952],[153.4370331780001,-28.037628509999934],[153.43704787000001,-28.037676975999943],[153.43708336500003,-28.03773199799997],[153.43712917100004,-28.037779800999942],[153.43717019400003,-28.037822552999955],[153.4371914730001,-28.03786180999998],[153.43719478100002,-28.037910111999963],[153.43718194300004,-28.037961937999967],[153.43719063100002,-28.038042902999962],[153.43720346100008,-28.038088202999973],[153.4371995040001,-28.038144908999982],[153.43719020600008,-28.03823056899995],[153.4371960620001,-28.03829156699993],[153.43722140900002,-28.038366183999983],[153.4372470610001,-28.038452439999958],[153.43727346600008,-28.03852575299993],[153.43729929000006,-28.038580149999973],[153.4373314170001,-28.03861366999996],[153.4373601840001,-28.038678623999942],[153.4373682900001,-28.038740657999938],[153.43740053600004,-28.03881770399994],[153.437412181,-28.03886500799996],[153.4374197730001,-28.038929864999943],[153.43742507100012,-28.038984976999927],[153.43741785100008,-28.039059348999956],[153.43740891000004,-28.03912983899994],[153.43740444800005,-28.03919807099993],[153.43742230700002,-28.039291203999937],[153.4374434660001,-28.039384067999947],[153.43744531400012,-28.03942709499995],[153.43745253400004,-28.039502769999956],[153.4374648050001,-28.03958640999997],[153.43748763300005,-28.03970996299995],[153.43751238400012,-28.039809867999963],[153.43752499800007,-28.039922557999944],[153.43755103800004,-28.040006682999945],[153.43757016300003,-28.040079697999943],[153.4376029010001,-28.04018942299996],[153.43762338300007,-28.040277130999982],[153.4376387750001,-28.040343813999982],[153.43764373700003,-28.04041844699998],[153.43765857100004,-28.040519125999936],[153.43766547000007,-28.040574461999938],[153.43767786000012,-28.04060448799993],[153.43768116900003,-28.040652789999967],[153.43770503300004,-28.040713429999983],[153.43772760100012,-28.04078982799996],[153.43775804400002,-28.040885463999928],[153.4378057350001,-28.04099366899993],[153.43782825000005,-28.04104831099994],[153.43783278000012,-28.041059099999984],[153.43784097600007,-28.04110302099997],[153.4378587010001,-28.04114829799994],[153.4378895540001,-28.041250504999937],[153.43790511800012,-28.041325189999952],[153.4379269110001,-28.04140582699995],[153.43796880600007,-28.04152772599997],[153.4379772840001,-28.041578933999972],[153.4379864860001,-28.04165706799995],[153.438001,-28.04173740799996],[153.43801897800006,-28.04182547399995],[153.43802630900007,-28.04189609799994],[153.43804040600003,-28.041969850999976],[153.43805461400007,-28.04203419399994],[153.43807107200007,-28.042103931999975],[153.4380844090001,-28.042186267999966],[153.438096233,-28.04225463499995],[153.43811196900003,-28.04234600899997],[153.43813277100003,-28.04240114299995],[153.4381367420001,-28.04245461599993],[153.43815086100005,-28.042532712999957],[153.43816387700008,-28.04259471599994],[153.43817768300005,-28.042661175999967],[153.43820995900012,-28.04274691699993],[153.43823541000006,-28.042807787999948],[153.43825288100004,-28.042858809999927],[153.43827308000004,-28.04293487299998],[153.4382838460001,-28.043000176999954],[153.43829978300005,-28.04307274599995],[153.4383148400001,-28.043154597999944],[153.43833144000007,-28.043223626999975],[153.4383586350001,-28.043297052999947],[153.43838240200012,-28.043371453999953],[153.43840227300007,-28.043427169999973],[153.43841806800003,-28.043491743999937],[153.43844433900006,-28.04356140699997],[153.4384617060001,-28.04362185399998],[153.43848540700003,-28.04372305499993],[153.4385163190001,-28.043794117999937],[153.438536644,-28.043820910999955],[153.43855333400006,-28.043871819999936],[153.43855153800007,-28.043894767999973],[153.43854560700004,-28.043953366999972],[153.43854898200004,-28.04402777599995],[153.43855537500008,-28.044094637999933],[153.43859497500011,-28.044198088999963],[153.43860416100006,-28.044267520999938],[153.43862124600003,-28.04431633699994],[153.43862885300007,-28.044341318999955],[153.43863508100003,-28.044391490999942],[153.43863935000002,-28.04445225799998],[153.43864960200005,-28.04452473699996],[153.43866434000006,-28.044590607999965],[153.43867350400012,-28.044651336999948],[153.4386923840001,-28.044730111999968],[153.43870234500002,-28.044790960999933],[153.4387177310001,-28.04485329299996],[153.43873699000005,-28.04492559299996],[153.43875932700007,-28.04501210999996],[153.43878218600003,-28.045091442999933],[153.43880253300006,-28.045126937999953],[153.4388223740001,-28.045169606999934],[153.43883697,-28.045231826999952],[153.43884944900003,-28.04529230299994],[153.43885450800008,-28.045353189999958],[153.43885166200005,-28.045425988999966],[153.4388527870001,-28.045503705999977],[153.43885375600007,-28.04556907799997],[153.4388574510001,-28.045615263999935],[153.43887207700004,-28.045686192999938],[153.4389000760001,-28.04575973799996],[153.43893576400012,-28.045835807999936],[153.43896914300012,-28.04589343899994],[153.4389665870001,-28.04592496999993],[153.43897794200007,-28.045964986999934],[153.43897529700007,-28.046014636999928],[153.43898240500005,-28.04604680099993],[153.43898093000007,-28.046090081999978],[153.43899177800006,-28.046137295999984],[153.4390128560001,-28.046199701999967],[153.439022184,-28.046268425999983],[153.43904093700007,-28.046352267999964],[153.43905615100005,-28.046397902999956],[153.43906597800003,-28.046455107999975],[153.43907634200002,-28.04652252799997],[153.43908783100005,-28.046557493999956],[153.43910943000003,-28.046617083999934],[153.43912251300003,-28.04670518699993],[153.43913972300004,-28.04680620199997],[153.43914978100008,-28.046906195999952],[153.43916819900005,-28.047009557999957],[153.4391769460001,-28.047107920999963],[153.43920683800002,-28.047197669999946],[153.43922653700008,-28.047285258999977],[153.43925250200004,-28.047338932999935],[153.4392959390001,-28.047395087999973],[153.43931870100005,-28.047439619999977],[153.43931530300006,-28.04750219799996],[153.43931408900005,-28.047596983999938],[153.43932061600003,-28.04771170799995],[153.43930968600012,-28.047784097999966],[153.4393247580001,-28.047874659999934],[153.43934319800007,-28.04793814599998],[153.4393682100001,-28.04798372099998],[153.4394169520001,-28.048037730999965],[153.43943373800005,-28.04807924499994],[153.43944063700008,-28.04813457299997],[153.43943997400004,-28.04818232399998],[153.43943575700007,-28.048240438999983],[153.43944876600006,-28.048302434999982],[153.43946932900008,-28.048367679999956],[153.43948767300003,-28.048444926999935],[153.43949950400008,-28.048508934999973],[153.43950778200008,-28.048534743999937],[153.4395281520001,-28.04857894099996],[153.43953391800005,-28.04860512999994],[153.4395452430001,-28.048632100999953],[153.43956225300008,-28.048707708999927],[153.43957174500008,-28.04874022399997],[153.43959630200004,-28.048810377999928],[153.4396127230001,-28.04886271099997],[153.4396264840001,-28.048960335999936],[153.43963725000003,-28.049025639999968],[153.4396397170001,-28.04909629399998],[153.43964441000003,-28.049172341999963],[153.4396551320001,-28.049224600999935],[153.439679629,-28.049273],[153.4397132910001,-28.049333564999984],[153.43973121700003,-28.049404226999968],[153.43974574600009,-28.04948890299994],[153.43975222000006,-28.049537673999964],[153.43976008800007,-28.049556896999945],[153.43977639000002,-28.04960994499993],[153.43979241600005,-28.04966004199997],[153.43979508400002,-28.049720585999978],[153.4397966560001,-28.049813583999935],[153.43980319700006,-28.049835532999964],[153.43982531100005,-28.04988359799995],[153.43984170200008,-28.04992287799996],[153.43984667100005,-28.04994894699996],[153.439865305,-28.04998492599998],[153.4398650070001,-28.050021843999957],[153.43986936600004,-28.050068848999956],[153.43987079600004,-28.050109648999978],[153.43987067000012,-28.050158918999955],[153.43987461100005,-28.05019933899996],[153.43989033200012,-28.050237805999927],[153.4399181670001,-28.05034322399996],[153.43994170400003,-28.05038350999996],[153.43996394300007,-28.050430865999942],[153.43998000700003,-28.050498367999978],[153.4399846780001,-28.05056136999997],[153.44001013000002,-28.050622218999933],[153.44002395000007,-28.050640122999937],[153.4400368470001,-28.050658614999975],[153.440048455,-28.05069287999993],[153.4400638190001,-28.050742165999964],[153.44006854200006,-28.05077834599996],[153.4400755380001,-28.05081991999998],[153.44007734900003,-28.050854244999982],[153.44008237000003,-28.05090206999995],[153.44009545400002,-28.05094160999994],[153.44010934900007,-28.050985612999966],[153.44012667200002,-28.05102865599997],[153.44014266800002,-28.05106569999998],[153.44014966400005,-28.051107288999958],[153.4401577110001,-28.05114756699993],[153.4401759420001,-28.051181302999964],[153.44019962000004,-28.05122089499997],[153.4402133740001,-28.05126560599996],[153.44022617400003,-28.051297851999948],[153.44024877900006,-28.051334382999983],[153.44024977000004,-28.051359892999983],[153.44025583500002,-28.051397719999954],[153.44025595400012,-28.051445574999946],[153.44026768100002,-28.051474780999968],[153.44027045300004,-28.051517204999982],[153.44028323800012,-28.051549458999943],[153.4403009560001,-28.051586032999978],[153.44030752700007,-28.051622324999983],[153.4404214540001,-28.05160001799993],[153.44042511200007,-28.051620231999948],[153.44044028100006,-28.051697046999948],[153.4404580590001,-28.051808276999964],[153.44047606700008,-28.051909395999928],[153.44050108600004,-28.052007884999966],[153.44051595000008,-28.052068718999976],[153.44052951000003,-28.05213658699995],[153.44054636300007,-28.052199841999936],[153.44055774700007,-28.052248575999954],[153.44056951900006,-28.052295164999975],[153.4406002830001,-28.052406796999946],[153.4406341230001,-28.052536965999934],[153.44066345600004,-28.05266071999995],[153.44069627600004,-28.052805245999934],[153.4407002690001,-28.05283407299993],[153.44070991800004,-28.052903571999934],[153.44074149400012,-28.053024017999974],[153.44077080300008,-28.053143390999935],[153.4407897200001,-28.05323521899993],[153.4407945700001,-28.053314910999973],[153.44081415800008,-28.053411909999966],[153.440834923,-28.053498194999975],[153.4408634880001,-28.053666302999943],[153.4408828600001,-28.053715550999982],[153.44090144900008,-28.053786375999948],[153.44092360000002,-28.05383384399994],[153.44094800800008,-28.05389540799996],[153.44096151600002,-28.053950266999948],[153.4409768270001,-28.05400325499994],[153.44099103500002,-28.05405389699996],[153.44100987700006,-28.054114633999973],[153.44101865400012,-28.054163740999968],[153.44102226000007,-28.054209903999947],[153.4410285040001,-28.054241971999943],[153.4410347700001,-28.05430011599998],[153.44104793500003,-28.054386803999932],[153.44104995400005,-28.05444143099993],[153.44105422300004,-28.05449275799998],[153.441062858,-28.054529526999943],[153.4410849940001,-28.054550924999944],[153.44110237600012,-28.05459334099993],[153.44111471400004,-28.054627762999928],[153.44112746200005,-28.054677450999975],[153.44114431600008,-28.05470965199993],[153.44115719,-28.05475863199996],[153.44116756100004,-28.05482101599995],[153.44116654100003,-28.054883145999952],[153.4411609970001,-28.054925778999973],[153.4411600960001,-28.05496981899995],[153.4411602670001,-28.055025615999966],[153.4411634710001,-28.055073895999953],[153.44116946100007,-28.055124760999945],[153.4411876260001,-28.05515860199995],[153.44121443300003,-28.055216164999933],[153.44123897500003,-28.055272684999977],[153.44125569400012,-28.055322961999934],[153.44127294200007,-28.055361741999945],[153.44128369400005,-28.05540026899996],[153.44128862600007,-28.055448078999973],[153.44130388500002,-28.055484385999932],[153.44131439000012,-28.05555039799998],[153.4413177350001,-28.05560232099998],[153.44132071600006,-28.05563461899993],[153.44134309700007,-28.05569806099993],[153.44136300500008,-28.05575751699996],[153.44139192800003,-28.055838585999936],[153.44141383300007,-28.055896149999967],[153.44143412800008,-28.055953488999933],[153.44145140600006,-28.056040064999934],[153.44146043600006,-28.056079068999964],[153.44146270900012,-28.056101859999956],[153.44147240200004,-28.056141682999964],[153.44148781,-28.056216389999975],[153.4414945970001,-28.056258679999928],[153.44150697300006,-28.05634960699996],[153.44151599500003,-28.05638861099993],[153.44152876600003,-28.056460023999932],[153.44154827900002,-28.056525946999955],[153.4415609,-28.05657633499993],[153.44157204600003,-28.056604066999967],[153.44158346000006,-28.05663038199998],[153.44160112600002,-28.056697459999953],[153.4416189100001,-28.05676817999995],[153.44163671,-28.056834564999974],[153.4416498380001,-28.056860410999946],[153.44165714700011,-28.05689554099996],[153.44165637900005,-28.05695191899997],[153.44165846500005,-28.057029479999983],[153.4416673390001,-28.057069384999977],[153.44169096500002,-28.05714821199996],[153.44171364400006,-28.057179831999974],[153.44174321600008,-28.05722259099997],[153.44176816800007,-28.057303072999957],[153.44178172800002,-28.05739200299996],[153.4417982010001,-28.05745672599994],[153.4418171850001,-28.05752545699994],[153.44183060400007,-28.057584659999975],[153.44184478900002,-28.057604872999946],[153.44185487700008,-28.057638236999935],[153.44185782800002,-28.057696619999945],[153.44187341500003,-28.05783146799996],[153.44188309300011,-28.057853915999942],[153.441899819,-28.057908536999946],[153.44191428800002,-28.057957769999973],[153.44191975,-28.05799406899996],[153.44192334800005,-28.058040225999946],[153.44192616500004,-28.058090620999963],[153.44193182700008,-28.058143594999933],[153.44193152200012,-28.058201500999928],[153.44193214000006,-28.058237084999973],[153.44192919700004,-28.058292404999975],[153.44192430200007,-28.058309794999957],[153.4419319980001,-28.05832976299996],[153.44193745200005,-28.058361717999958],[153.44193777300006,-28.058399410999982],[153.44196043700003,-28.05847448999998],[153.4419645800001,-28.058526524999934],[153.44197959300004,-28.058590316999982],[153.44198796700005,-28.058637187999977],[153.44200734600008,-28.058703796999964],[153.44202235900002,-28.058758893999936],[153.44204026300008,-28.05879478299994],[153.44204968000008,-28.058813654999938],[153.44210897200003,-28.05892457999994],[153.442140138,-28.058963240999958],[153.44215856300002,-28.05898698599998],[153.44217675000004,-28.059038207999947],[153.44218146600008,-28.059083768999983],[153.44218883500002,-28.059124776999965],[153.4422054270001,-28.05916272999997],[153.44222187800005,-28.059197039999958],[153.44223832900002,-28.059240036999938],[153.44224525100003,-28.05928596299998],[153.44225363300006,-28.059350215999928],[153.44225564400006,-28.05939179799998],[153.44227146800006,-28.059494816999972],[153.4422975010001,-28.05960007899995],[153.44231674500008,-28.059650012999953],[153.44232962,-28.059690312999976],[153.44233774100007,-28.059751623999944],[153.44237518800003,-28.059891902999937],[153.44239123600005,-28.059923977999972],[153.44240557900002,-28.059969560999946],[153.44242708100012,-28.06003359899995],[153.4424339950001,-28.060075179999956],[153.4424524650001,-28.06015975899993],[153.44247688100006,-28.06023001799997],[153.44249547000004,-28.060305201999938],[153.4425178890001,-28.060346917999937],[153.44254018100003,-28.06039802099997],[153.44254986700003,-28.060433500999977],[153.4425598360001,-28.060476266999956],[153.44257022200009,-28.060560376999945],[153.44257011700006,-28.06060453699996],[153.4425692310001,-28.06067900499994],[153.4425737900001,-28.060776733999944],[153.44257648000007,-28.06082536399998],[153.44257917700008,-28.060873993999962],[153.44258165100007,-28.06090360999997],[153.44258637500002,-28.06093524499994],[153.44261742100002,-28.06105407499996],[153.442655531,-28.061173447999977],[153.44270323700005,-28.061315947999958],[153.442750444,-28.06148229699994],[153.44278575900012,-28.061603420999973],[153.44282784000006,-28.061732062999965],[153.44287585900008,-28.061824658999967],[153.4429170090001,-28.061936506999928],[153.44296306800004,-28.062074438999957],[153.4430083310001,-28.062216595999928],[153.44303942200008,-28.062360257999956],[153.44306493300007,-28.062477030999958],[153.44308542200008,-28.062611886999946],[153.4431166170001,-28.062715740999977],[153.4431541680001,-28.06280315099997],[153.4431873530001,-28.062909484999977],[153.44322758600003,-28.063039296999932],[153.44325774600009,-28.063179210999976],[153.44330475900006,-28.06336435099996],[153.44334551400004,-28.06348265899993],[153.44338574000005,-28.063603782999962],[153.44341324000004,-28.06373171699994],[153.44345135700007,-28.063881502999948],[153.44349371400006,-28.064026118999948],[153.44352265200007,-28.06411587599996],[153.44357561000004,-28.064264969999954],[153.4436253880001,-28.064413593999973],[153.44366220100005,-28.064587802999938],[153.44367962100011,-28.06467801499997],[153.44369449900012,-28.06475120899995],[153.4437133790001,-28.064842374999955],[153.4437295990001,-28.064938926999957],[153.4437622470001,-28.06503937499997],[153.44380484200008,-28.065134779999937],[153.44381987000008,-28.06522029799993],[153.44382017600003,-28.065301456999975],[153.44380498400005,-28.065365106999934],[153.4437983900001,-28.06542206699993],[153.4438067950001,-28.065503710999963],[153.4438328120001,-28.065600277999977],[153.443859373,-28.06569402799994],[153.44389057600006,-28.06579353099994],[153.44393251500003,-28.065905490999967],[153.44396834400004,-28.065989040999966],[153.44399980800006,-28.066082791999975],[153.44403590600007,-28.06617795799997],[153.444078643,-28.066298724999967],[153.44411302700007,-28.06639871899995],[153.4441483280001,-28.06649810999994],[153.4441742260001,-28.06658668999995],[153.4442202780001,-28.06671158399996],[153.44426672500003,-28.06681696499993],[153.44430454400003,-28.06692035599997],[153.44434635000005,-28.06702867299998],[153.44436572900008,-28.06708660099997],[153.44438950300002,-28.067169063999984],[153.44441380000012,-28.067235679999953],[153.44443397600003,-28.067306757999972],[153.4444509860001,-28.067390398999976],[153.4444688000001,-28.067474157999982],[153.4444867410001,-28.06755720999996],[153.4445057470001,-28.06764332399996],[153.4445259460001,-28.067731783999932],[153.44454931100006,-28.067803331999983],[153.44458156400003,-28.067901537999944],[153.44458784500011,-28.067990110999972],[153.44459373900008,-28.068089486999952],[153.444602679,-28.068190039999934],[153.44461398200008,-28.068269209999983],[153.44463126000005,-28.068342746999974],[153.44465859600007,-28.068414882999946],[153.44468636400006,-28.068519682999977],[153.44471755200004,-28.06859745199995],[153.44475097600002,-28.06866325599998],[153.44477370000004,-28.068751365999958],[153.4447961410001,-28.068836533999956],[153.4448061180001,-28.06889093799998],[153.44482883400008,-28.06899782399995],[153.44486521600004,-28.06911765199993],[153.44489165800007,-28.069220797999947],[153.44491423300008,-28.06931395199996],[153.44493364200002,-28.069410988999948],[153.44495119500004,-28.069513538999956],[153.44496278100007,-28.06960868999994],[153.4449901690001,-28.06975470599997],[153.44501409300005,-28.06986689699994],[153.44504662200006,-28.069972396999958],[153.44506455600003,-28.070042410999974],[153.44509640700005,-28.070125357999927],[153.44515797100007,-28.07024168399994],[153.44521448400008,-28.070350014999974],[153.4452778960001,-28.070469514999957],[153.44532882800002,-28.070542262999936],[153.44539235900004,-28.07063063399994],[153.44546091900008,-28.070713953999928],[153.44551968200005,-28.070819006999955],[153.44558281800005,-28.070913837999967],[153.4456338770001,-28.07097283199994],[153.4456988390001,-28.07102738499998],[153.44579905600006,-28.071090065999954],[153.44591001800006,-28.07115650299994],[153.4460301140001,-28.07122647899996],[153.44613336400005,-28.071281642999963],[153.44622470800005,-28.071339377999948],[153.44634627200003,-28.071418979999976],[153.44647009900007,-28.071508334999976],[153.44661074400005,-28.071590774999947],[153.44678095300003,-28.07168990499997],[153.44688395700007,-28.07175952299997],[153.44697689500003,-28.071821839999927],[153.44703205200005,-28.071876370999973],[153.44705263000003,-28.071932301999936],[153.44705917200008,-28.07201076499996],[153.4470581590001,-28.072085925999943],[153.4470506340001,-28.072139137999955],[153.4470368950001,-28.072195031999968],[153.4469894870001,-28.072264769999947],[153.44694143100003,-28.072311961999958],[153.4469138710001,-28.072332487999972],[153.44683689900012,-28.07235944399997],[153.44676932200002,-28.072362453999972],[153.44669205200012,-28.072343015999934],[153.4466276270001,-28.072311722999927],[153.44652131500004,-28.072251045999963],[153.44646140500004,-28.072221861999935],[153.44639659200004,-28.07220573099994],[153.44632887400007,-28.072209441999973],[153.44624647000012,-28.07223922199995],[153.44619666300002,-28.072269485999982],[153.4461718970001,-28.072292604999973],[153.4461557520001,-28.072317720999933],[153.44613656700005,-28.072363407999944],[153.44614288500009,-28.07243458299996],[153.44615559500005,-28.07248862199998],[153.4461638580001,-28.072557934999963],[153.446171853,-28.072619945999975],[153.44618540500005,-28.072682791999966],[153.44620798100004,-28.07276291599993],[153.4462373130001,-28.072824486999934],[153.44627126600005,-28.07288312299994],[153.4462843340001,-28.072931409999967],[153.44629928000006,-28.072960429999966],[153.4463381500001,-28.073027760999935],[153.4464398570001,-28.073206015999972],[153.4465279530001,-28.073388473999955],[153.44660710100004,-28.073558093999964],[153.44667429700007,-28.073726781999937],[153.4467382680001,-28.073920124999972],[153.44679794700005,-28.074122668999962],[153.44681659600008,-28.074266561999934],[153.4468352230001,-28.074429364999958],[153.4468493490001,-28.074520551999967],[153.44690470700004,-28.07470834399993],[153.4469586340001,-28.07486595399996],[153.44702145700012,-28.07502927799993],[153.44707799200012,-28.075199485999974],[153.4471263470001,-28.075342060999958],[153.44714942100006,-28.07545030999995],[153.44717716700006,-28.075584211999967],[153.44725311100012,-28.07577370299998],[153.44733227300003,-28.075961046999964],[153.44737787100007,-28.07612173399997],[153.44747796900003,-28.07637559799997],[153.44753410900012,-28.076577463999968],[153.44760485300003,-28.07681440099998],[153.44766374900007,-28.07702429799997],[153.4477377490001,-28.077269816999944],[153.44779587800008,-28.077491881999947],[153.44787218700003,-28.077693702999966],[153.44795394100004,-28.07788647999996],[153.44800807700005,-28.07806099499993],[153.44807370900003,-28.078253822999955],[153.44813440200005,-28.078466998999943],[153.44819972800008,-28.078661831999966],[153.4482514650001,-28.078847805999942],[153.44832022700007,-28.079060973999958],[153.44837631500002,-28.079241337999974],[153.44843967400004,-28.079426722999983],[153.44851568500007,-28.079641299999935],[153.44858903600004,-28.07982176799993],[153.4486617980001,-28.079962277999982],[153.44872817600003,-28.080125013999975],[153.44876416900001,-28.080265047999944],[153.4488484430001,-28.08049292399994],[153.4489170700001,-28.080659518999937],[153.4489779710001,-28.080827700999976],[153.44905423500006,-28.08100802699994],[153.44913555100004,-28.081218147999948],[153.44919631100004,-28.081390919999933],[153.44925930500006,-28.081560390999982],[153.44932020600004,-28.081725003999964],[153.44940258000008,-28.08190302099996],[153.44950971900005,-28.082113782999954],[153.4495848580001,-28.082301134999966],[153.44963997000002,-28.082473198999935],[153.4497086350001,-28.08265053699995],[153.44976895500008,-28.08284423799995],[153.44982329200002,-28.08303207399996],[153.44987064800011,-28.083133103999955],[153.44993597400003,-28.083266029999947],[153.45000982500005,-28.083454245999974],[153.45009093200008,-28.083633134999957],[153.45017521900002,-28.083802687999935],[153.45025736200012,-28.083949471999972],[153.45035794400007,-28.084117980999963],[153.45046799700003,-28.084332185999983],[153.45057011500012,-28.084531070999958],[153.4506377880001,-28.084696518999976],[153.4507148570001,-28.084882574999938],[153.4507822480001,-28.084998885999937],[153.45087913500004,-28.085172558999943],[153.45095452700002,-28.08532566799994],[153.45102446600004,-28.085491391999938],[153.45110506600008,-28.085666122999953],[153.4511806380001,-28.08583256099996],[153.45124410900007,-28.085995430999958],[153.45132275700007,-28.086160706999976],[153.451395401,-28.08631296699997],[153.4514848670001,-28.086486237999964],[153.45158401900005,-28.086656609999977],[153.45167356800005,-28.08680022799996],[153.4517699490001,-28.08689710799996],[153.4519531960001,-28.087030874999982],[153.45205887500003,-28.087101804999975],[153.45219349900003,-28.087146150999956],[153.4523373400001,-28.08719419199997],[153.45245028400007,-28.087273704999973],[153.452483163,-28.087324338999963],[153.4524844440001,-28.08738535899994],[153.45249380200005,-28.087453538999966],[153.45251388200006,-28.087545039999952],[153.45253872900003,-28.08761359999994],[153.45256228800008,-28.087683031999973],[153.45259570400003,-28.087759310999957],[153.45262973800004,-28.08782082299996],[153.45265950300006,-28.08785828499998],[153.45272134300012,-28.087940642999968],[153.45276538400003,-28.088008010999943],[153.45281085400006,-28.08806993299993],[153.4529079130001,-28.08817712499996],[153.45295678900004,-28.088243054999964],[153.45301281700006,-28.088329302999966],[153.453080171,-28.08842770299998],[153.45312015800005,-28.08848791099996],[153.45315163700002,-28.088552573999948],[153.45318687000008,-28.08863292099994],[153.45320369400008,-28.088662358999954],[153.4532873930001,-28.08880069399993],[153.45328724400008,-28.08876338099998],[153.45334136500003,-28.088681513999973],[153.45359212900007,-28.089035870999965],[153.4536198520001,-28.08911076399994],[153.4536939410001,-28.08914040999997],[153.45374450100007,-28.08917305899996],[153.4537773730001,-28.089205550999964],[153.4538115040001,-28.08923728999997],[153.45385528300005,-28.089269096999942],[153.45390244500004,-28.089294510999935],[153.4539422690001,-28.089313225999945],[153.45400454100002,-28.089341649999938],[153.4540714840001,-28.089380087999928],[153.45422231400005,-28.089429589999952],[153.45435227400003,-28.089433068999938],[153.45441997800003,-28.089435884999943],[153.45449654000004,-28.08944077299998],[153.45456521200003,-28.089438582999946],[153.45461301500006,-28.089436302999957],[153.45463041200003,-28.089435467999976],[153.45466490800004,-28.089436056999944],[153.4546950680001,-28.08927973599998],[153.45530056200005,-28.08937158699996],[153.45527295700003,-28.089514779999945],[153.45546006400002,-28.089513400999977],[153.4555348230001,-28.089521916999956],[153.45572164600003,-28.089572498999928],[153.45590810400006,-28.089608797999972],[153.45609924200005,-28.08965050699993],[153.45633895700007,-28.08968503999995],[153.45644311600006,-28.089692215999946],[153.4566077290001,-28.08967877499998],[153.45681101800005,-28.08965017999998],[153.45693334200007,-28.08961919999996],[153.4570741430001,-28.089539128999945],[153.45732030200008,-28.08941660399995],[153.45742128000006,-28.089407059999928],[153.45754838000005,-28.08943961199998],[153.45763515600004,-28.089507441999956],[153.4576678940001,-28.089561338999943],[153.45767643300007,-28.08961592999998],[153.4577227750001,-28.089664074999973],[153.45783808800002,-28.08972715899995],[153.4580272810001,-28.089811037999937],[153.4581303970001,-28.089878763999934],[153.45822736600007,-28.08991896699996],[153.4583093970001,-28.089956830999938],[153.45827460300006,-28.09013728399998],[153.45830713200007,-28.090171600999952],[153.45833077300006,-28.090207438999983],[153.45835592600008,-28.090249265999944],[153.45838499800004,-28.090276333999952],[153.45843071500008,-28.090290013999947],[153.45849471500003,-28.09028189999998],[153.45856928800004,-28.090274240999975],[153.4586221720001,-28.090270105999934],[153.4586942420001,-28.09026891299993],[153.45876999200004,-28.090275573999975],[153.45880955400003,-28.090281869999956],[153.45885077100002,-28.090283702999955],[153.45886524000002,-28.09028266699994],[153.45887634100006,-28.09027571599995],[153.458884097,-28.090265314999954],[153.45890133800003,-28.09025982399993],[153.45892027000002,-28.090259756999956],[153.458951801,-28.09027619999995],[153.45897857800003,-28.090289662999965],[153.4590273120001,-28.09030050399997],[153.45906997400004,-28.090305443999966],[153.45911750900007,-28.090317900999935],[153.4591950250001,-28.090344305999963],[153.4592591600001,-28.09036829699994],[153.45931636500006,-28.090408171999968],[153.45938172900003,-28.09045982699996],[153.4594420420001,-28.09050061199997],[153.4595248700001,-28.090548749999982],[153.45957906500007,-28.09059351299993],[153.45963428100004,-28.09061358499997],[153.45966766700008,-28.090609024999935],[153.45971119400008,-28.09063061699993],[153.45976155200003,-28.09068922299997],[153.4597896260001,-28.090743954999937],[153.45982551500003,-28.090802612999937],[153.45986753600005,-28.09086223999998],[153.45992960600006,-28.090935024999965],[153.4599971980001,-28.09101950699994],[153.4600363290001,-28.091055679999954],[153.46007954200002,-28.091134186999966],[153.460087648,-28.09120676999993],[153.460118017,-28.091244700999937],[153.46014054700004,-28.091274018999968],[153.4601602990001,-28.09133445799995],[153.4601920460001,-28.09138216399998],[153.46022747300003,-28.091461572999947],[153.46024525000007,-28.091518561999976],[153.46027578300004,-28.091596256999935],[153.46029559400006,-28.09166965999998],[153.4603143920001,-28.09173616399994],[153.46032609700012,-28.09178074099998],[153.46034394800006,-28.09185415099995],[153.46036858700006,-28.09191976799997],[153.46040007300007,-28.09199313399995],[153.46041419200003,-28.092031280999947],[153.46040709900012,-28.092064882999978],[153.4604079190001,-28.092125642999974],[153.4604165620001,-28.09219229599995],[153.46042676100012,-28.092235754999933],[153.46045752500004,-28.092266778999942],[153.4604632920001,-28.092312681999942],[153.4604719040001,-28.09237539399993],[153.46047462400008,-28.09242452999996],[153.46048041300003,-28.092476370999975],[153.46050124500005,-28.09253014199993],[153.46051624300003,-28.09258719899998],[153.46051750200002,-28.09265376199994],[153.46050799500006,-28.09270824099997],[153.46049363800012,-28.09276879899994],[153.46047244800002,-28.092827658999965],[153.46047175500007,-28.092894214999944],[153.46046212900012,-28.092947650999974],[153.46046463300002,-28.09301234399993],[153.4604548950001,-28.09307708199998],[153.4604506930001,-28.093136380999965],[153.46044900900006,-28.093200723999928],[153.4604454470001,-28.09327679499995],[153.46041647200002,-28.093338269999947],[153.46038565700007,-28.093424814999935],[153.4603616280001,-28.093502688999934],[153.46033763000003,-28.09357364799996],[153.46031833300003,-28.09361864999994],[153.46031088300003,-28.095740813999953],[153.46058922100008,-28.096203844999934],[153.46070716400004,-28.096049714999936],[153.46081428800005,-28.09583577899997],[153.46095556600005,-28.09563349499996],[153.46111340700008,-28.095481182999947],[153.46125256900007,-28.095266442999957],[153.46137086900012,-28.09507192999996],[153.46150479300002,-28.094865153999933],[153.46160697100004,-28.094698566999966],[153.46170683800005,-28.094470593999972],[153.46175621300006,-28.09444018099998],[153.4617779240001,-28.09445452999995],[153.46179107400008,-28.09448907899997],[153.46178476400007,-28.094535227999984],[153.46169882900006,-28.094698886999936],[153.46159239000008,-28.09488086799996],[153.46151083600012,-28.09505700699998],[153.46124712200003,-28.095520439999973],[153.4610661700001,-28.095865379999964],[153.46092483300004,-28.096127975999934],[153.4609079500001,-28.096354144999964],[153.46113104200003,-28.096453468999982],[153.46136212200008,-28.096767666999938],[153.46176166600003,-28.09741193399998],[153.46210821500006,-28.097955445999958],[153.46233047300007,-28.09851124499994],[153.46252728000002,-28.098769570999934],[153.46265072100005,-28.09893690399997],[153.462714752,-28.099172125999928],[153.46279406300005,-28.09960881199993],[153.4628642770001,-28.09981806899998],[153.4631323420001,-28.100293892999957],[153.46323650800002,-28.100605505999965],[153.4634632970001,-28.10089315099998],[153.4636006930001,-28.10121935999996],[153.4636236560001,-28.101468029999978],[153.46393646800004,-28.102125051999963],[153.46407804400008,-28.102407287999938],[153.4641688590001,-28.10255488399997],[153.46443196100006,-28.103158812999936],[153.46450058000005,-28.103321853999944],[153.46472902300002,-28.103864665999936],[153.46482882300006,-28.104104417999963],[153.4651349820001,-28.104832690999956],[153.46551076700007,-28.10554783499998],[153.46558538500005,-28.105798464999964],[153.46582882500002,-28.10622632199994],[153.46606650600006,-28.106728766999936],[153.4662537690001,-28.10707835599993],[153.46636115400008,-28.107315901999982],[153.46642612300002,-28.10730991199995],[153.46648341800005,-28.10728473699993],[153.46658389700008,-28.107226733999937],[153.46665413300002,-28.10718709699995],[153.46672330500007,-28.10715322599998],[153.46679893600003,-28.10710876099995],[153.466872458,-28.107077766999964],[153.4669082580001,-28.107088204999968],[153.46691700500003,-28.10710932799998],[153.4668889390001,-28.107134405999943],[153.46682732200009,-28.10716151899993],[153.4667840940001,-28.107183773999964],[153.46670298700008,-28.10721288299993],[153.46662191000007,-28.107250627999974],[153.46652356200002,-28.107300933999966],[153.46644472000003,-28.10735213499993],[153.46639080800003,-28.107409980999932],[153.46637263600007,-28.10746775299998],[153.46658762200002,-28.10783891799997],[153.46692734500004,-28.10855931499998],[153.46710763400006,-28.108894471999974],[153.46719317500003,-28.109140534999938],[153.46750379700006,-28.109845634999942],[153.46774579200007,-28.110370178999972],[153.46786135700006,-28.11059571499993],[153.46797352600004,-28.110830772999975],[153.4680966840001,-28.11104308499995],[153.46832490300005,-28.111419271999978],[153.46844901500003,-28.111626316999946],[153.46870356400007,-28.112088050999944],[153.46875573300008,-28.112232249999977],[153.4688759920001,-28.112462695999966],[153.46900274900008,-28.11266285599993],[153.4691726220001,-28.11297478199998],[153.4694347410001,-28.11344282799996],[153.46965594800008,-28.113859195999964],[153.46978432900005,-28.11408579099998],[153.46990203300004,-28.114307571999973],[153.47000178200005,-28.114471484999967],[153.47014642700003,-28.11472873799994],[153.4702666720001,-28.114919420999968],[153.47039740000002,-28.115137216999983],[153.4706381210001,-28.115514520999966],[153.47070489300006,-28.115523327999938],[153.4708230000001,-28.115495469999928],[153.47091132600008,-28.115452882999932],[153.4710008520001,-28.115402054999947],[153.47109534800006,-28.115353692999975],[153.47118553000007,-28.11531026399996],[153.47121532500012,-28.11532993299994],[153.47121171900005,-28.11535410999994],[153.4711159860001,-28.115402754999934],[153.47105364700008,-28.11544306299993],[153.47096038100005,-28.11548785599996],[153.4708225820001,-28.115542147999975],[153.470739739,-28.115567144999943],[153.47072311700003,-28.115586418999953],[153.47071200100004,-28.115640569999982],[153.47080014900007,-28.115802247999966],[153.4710609560001,-28.11624637699998],[153.47137427500002,-28.11680697399993],[153.47153701800005,-28.117083933999936],[153.4716622850001,-28.117307152999956],[153.47177979600008,-28.117484893999972],[153.47191198400003,-28.117680218999965],[153.47199323200005,-28.11779644799998],[153.47225799600005,-28.118173498999965],[153.4724569120001,-28.118426841999963],[153.4726374380001,-28.118665051999983],[153.47274875800008,-28.118818458999954],[153.47279317000005,-28.11887313899996],[153.47289142900001,-28.118994724999936],[153.47333730900004,-28.119551156999933],[153.4734675520001,-28.119717117999983],[153.47376177600006,-28.12015368599998],[153.4739589180001,-28.120451619999983],[153.4742754340001,-28.120904346999964],[153.47457447800002,-28.121283610999967],[153.47487627100008,-28.121686173999933],[153.47492221100003,-28.121768948999943],[153.47495248300004,-28.121847731999935],[153.47503957300012,-28.12194436599998],[153.47509058700007,-28.121978034999984],[153.4752116740001,-28.12212533299993],[153.47534057600012,-28.122305383999958],[153.47553029800008,-28.12255323499994],[153.47557135800002,-28.12260404799997],[153.4754241490001,-28.122669776999942],[153.47543646500003,-28.122690518999946],[153.47545409300005,-28.12270257399996],[153.47547963400007,-28.12272384599993],[153.4754983350001,-28.122745787999975],[153.4755213200001,-28.12278174399995],[153.47555224000007,-28.122818936999977],[153.4755720280001,-28.12283321999996],[153.47560114500004,-28.122867231999976],[153.47562164200008,-28.122892354999976],[153.47565145900012,-28.122935627999937],[153.47568165600012,-28.12297794799997],[153.47571758300012,-28.123030444999984],[153.47576037900012,-28.12307429899994],[153.4757898680001,-28.123102580999955],[153.4758265700001,-28.12312444099996],[153.47585894300005,-28.123151419999942],[153.47589203100006,-28.123184469999956],[153.4759279870001,-28.12322260999997],[153.47595315500007,-28.12325121999993],[153.475970769,-28.123276037999972],[153.4759998930001,-28.12330687599996],[153.47603223500005,-28.12334821199994],[153.47606747600003,-28.123385091999978],[153.47608221300004,-28.123404798999957],[153.47609189900004,-28.12342836499994],[153.47610949700004,-28.123459560999947],[153.47613248200003,-28.123503511999957],[153.47616013900006,-28.123552528999937],[153.47620435800002,-28.12361009999995],[153.4762205180001,-28.123641935999956],[153.4762467590001,-28.12367086699993],[153.4762654530001,-28.12369599699997],[153.47628413200005,-28.123722722999958],[153.47632078100003,-28.123782878999975],[153.47634954000011,-28.12382104099993],[153.47637112500001,-28.123838519999936],[153.47639089100005,-28.123860759999957],[153.47641462800004,-28.123888423999972],[153.47644048900008,-28.123932672999956],[153.476466,-28.12396990299993],[153.47649259900004,-28.124009033999982],[153.47651704400005,-28.12403318799994],[153.47652637200008,-28.12405771599998],[153.47655370100006,-28.124091741999962],[153.4765741750001,-28.124124844999983],[153.47658459100012,-28.12414649699997],[153.47662050300005,-28.12421016199994],[153.47663667100005,-28.124237222999966],[153.47665679500005,-28.124263291999966],[153.47666721100006,-28.12428653799998],[153.47667905700007,-28.12431393399993],[153.47670132700011,-28.124350210999978],[153.4767261070001,-28.124395740999944],[153.47674585900006,-28.12443554999993],[153.47676526800012,-28.12446515099998],[153.4767850190001,-28.12450016799994],[153.47680368300007,-28.12453804699993],[153.476820104,-28.124586594999982],[153.47683370900006,-28.124622528999964],[153.4769125580001,-28.124587317999953],[153.47694728500005,-28.12465960299994],[153.47699364300001,-28.12471893199995],[153.47703778800008,-28.12478181499995],[153.4770880860001,-28.124859777999973],[153.477122247,-28.12489951999993],[153.47715386000004,-28.12495234399995],[153.47718800600012,-28.124996883999984],[153.47722429100008,-28.125057992999928],[153.4772604410001,-28.12511583199995],[153.47728978100008,-28.12515839699995],[153.47732777900012,-28.12521582599993],[153.47736262500007,-28.12527119899994],[153.47739641400005,-28.12531988099994],[153.4774248010001,-28.125357416999975],[153.47745211400002,-28.12540580899997],[153.47748768300005,-28.12545926699994],[153.47751426700006,-28.125501593999957],[153.47754623800006,-28.12555825499993],[153.47758434000002,-28.125608188999934],[153.47763852800006,-28.125688423999975],[153.47783026100012,-28.125378673999933],[153.47784182400005,-28.125386272999947],[153.47788500100012,-28.125421193999955],[153.47791880400007,-28.125455511999974],[153.47796015500012,-28.125504811999974],[153.47800078300008,-28.12555280899994],[153.47804141100005,-28.125596051999935],[153.47807989300009,-28.125632246999942],[153.47811189300012,-28.12566817399994],[153.4781514560001,-28.125706312999966],[153.47820145700007,-28.125746925999977],[153.47824031100004,-28.125778993999972],[153.47828203500012,-28.12581296099995],[153.47831801300003,-28.12583673599994],[153.4783583210001,-28.12586018999997],[153.47841300800008,-28.125901115999966],[153.4784702060001,-28.12594170699998],[153.4785486610001,-28.125989576999928],[153.47862280200002,-28.126028177999956],[153.47869622000007,-28.126063918999932],[153.47874767300004,-28.12610071699993],[153.47881027300002,-28.126136516999964],[153.4788689390001,-28.126163718999976],[153.47895173000006,-28.12619525699995],[153.47901940400004,-28.126227205999953],[153.4790845440001,-28.12625788699995],[153.47913349400005,-28.12628383699996],[153.47918459000005,-28.12631201599993],[153.47924900100008,-28.126352590999943],[153.47932025800003,-28.126394090999952],[153.4793785590001,-28.126425427999948],[153.4794458670001,-28.126455155999963],[153.47950598600005,-28.12648009299994],[153.47956429400006,-28.126501863999977],[153.47963052300008,-28.126528074999953],[153.47970537900005,-28.126564753999958],[153.4797680160001,-28.12658459499994],[153.47983174000012,-28.126606335999952],[153.47988682300002,-28.126622383999972],[153.479948744,-28.12664413999994],[153.48001390700006,-28.126657260999934],[153.48009167600003,-28.12667511199993],[153.48016333600003,-28.12669172699998],[153.48023895900008,-28.126699370999972],[153.48031459000003,-28.126705435999952],[153.48039414700008,-28.126728062999973],[153.48046722300012,-28.12675361099997],[153.48052517300005,-28.126774740999963],[153.48059285400007,-28.126798701999974],[153.4806630610001,-28.126820733999978],[153.48072137000008,-28.126848896999945],[153.4807746340001,-28.126872917999947],[153.48086460700006,-28.12692517599993],[153.480927951,-28.12695427799997],[153.48098950000008,-28.126976979999938],[153.48105467000005,-28.126993288999984],[153.48111588400002,-28.127005805999943],[153.48118538300002,-28.12701698899997],[153.48124910100012,-28.127030757999933],[153.48132902300006,-28.127058831999932],[153.48138625800004,-28.127083463999952],[153.4814456250001,-28.127124694999964],[153.4814906040001,-28.12715480999998],[153.4815395390001,-28.12718873999995],[153.4815981900001,-28.12722711799995],[153.48165395800004,-28.127261964999946],[153.48172738300002,-28.12730249599997],[153.48180295400005,-28.127345254999966],[153.48186845200007,-28.127386135999927],[153.4819407750001,-28.12743115199993],[153.4820130910001,-28.127484118999973],[153.48207460300011,-28.127540332999956],[153.48212604900004,-28.127580334999948],[153.48217280900008,-28.12761682799993],[153.48221597000008,-28.127653343999953],[153.48227317500005,-28.127698717999976],[153.48231164300012,-28.127746110999965],[153.48326572700012,-28.12777428199996],[153.4854492610001,-28.12739496599994],[153.48509171500007,-28.12595874699997],[153.48592419800002,-28.124802707999947],[153.48698765000006,-28.124594612999942],[153.4871872650001,-28.125396429999967],[153.48618501300007,-28.126788249999947],[153.48628590900012,-28.127193553999973],[153.4868490760001,-28.127845457999967],[153.48698240400006,-28.128322629999957],[153.48703163000005,-28.128438530999972],[153.487067259,-28.128483659999972],[153.48715902800006,-28.128595261999976],[153.48733001100004,-28.12886433999995],[153.48787861900007,-28.12975860299997],[153.4883958380001,-28.13070349999998],[153.48876289100008,-28.131374052999945],[153.48914082200008,-28.13183516899994],[153.48938549900004,-28.13203208799996],[153.48940251600004,-28.132053560999964],[153.48947880200012,-28.132139077999966],[153.48955590800006,-28.132218672999954],[153.48957969800006,-28.132240569999965],[153.48960482100006,-28.132254479999972],[153.48963457900004,-28.13227128099993],[153.48967359000005,-28.132284908999964],[153.4897041600001,-28.132288543999948],[153.4897422250001,-28.132284751999975],[153.48982780200004,-28.13228466299995],[153.4898447600001,-28.13228294199996],[153.4898660460001,-28.13227541699996],[153.4898838900001,-28.13226321199994],[153.4898983070001,-28.132250046999957],[153.4899176790001,-28.132232321999936],[153.48992305800004,-28.13221642999997],[153.48993021800004,-28.132216407999977],[153.48993135800004,-28.132227024999963],[153.4899534120001,-28.132219074999966],[153.48996008000006,-28.132213538999963],[153.48995689900005,-28.132206632999953],[153.4899623230001,-28.132185584999945],[153.48997039200003,-28.13217971399996],[153.48997599400002,-28.132178990999932],[153.48998489000007,-28.13218132299994],[153.48999962000005,-28.132193727999947],[153.49000634100003,-28.13219726699998],[153.49001736800005,-28.132198175999974],[153.49003049500004,-28.13219079299995],[153.4900381100001,-28.132184533999975],[153.49004208100007,-28.13216906699995],[153.4900498070001,-28.132165490999967],[153.49005930700002,-28.13216388899997],[153.49006950700004,-28.132157778999954],[153.49007689000007,-28.132157436999933],[153.4900805410001,-28.132158836999963],[153.49007810500007,-28.13217068399996],[153.49008177000007,-28.13217396899995],[153.49009502500007,-28.13217558599996],[153.49010652900006,-28.132173596999962],[153.49012172000005,-28.132167546999938],[153.49013093700012,-28.13216104999998],[153.4901336490001,-28.13215196799996],[153.49013522100006,-28.132145097999967],[153.49013893900008,-28.13214044199998],[153.49014337900007,-28.132139197999948],[153.49015094900005,-28.132140344999982],[153.49015381000004,-28.13214181999996],[153.49015392900003,-28.13214600699996],[153.490169486,-28.13213658199993],[153.49017928400008,-28.13213435499995],[153.49018226400005,-28.13213001799994],[153.49017017900007,-28.132121583999947],[153.4901708120001,-28.132115273999943],[153.49019240400003,-28.13210517799996],[153.49020325200001,-28.132091230999947],[153.49021850300005,-28.13208155199993],[153.49023120700008,-28.132078109999952],[153.49023716700003,-28.13207927299993],[153.49023771100008,-28.13208345199996],[153.49023046900004,-28.13209293699998],[153.4902263790001,-28.132093830999963],[153.4902205300001,-28.13209809999995],[153.49022038100009,-28.13210582599993],[153.4902261850001,-28.132109282999977],[153.49022906100004,-28.13211581799993],[153.49024069100005,-28.132110415999932],[153.4902504590001,-28.132109431999936],[153.49025574900008,-28.13211737499995],[153.49026206700012,-28.132117515999937],[153.49027147000004,-28.132112434999954],[153.49029203300006,-28.13209307099993],[153.49031028000002,-28.13207793899994],[153.49032545600005,-28.132069139999942],[153.49033275800002,-28.132070994999935],[153.4903320730001,-28.132078176999983],[153.49032554600012,-28.132088771999975],[153.49032521800007,-28.132095782999954],[153.49036509400003,-28.132072342999948],[153.49040328500007,-28.13205246499996],[153.49042270100006,-28.132044813999983],[153.49042956300002,-28.13204630399997],[153.49042927300002,-28.13205265199997],[153.49042294000003,-28.132060816999967],[153.49040976000003,-28.13207162799995],[153.49040777800008,-28.132080471999927],[153.490461169,-28.13204867299993],[153.49046683100005,-28.132028786999967],[153.4905017740001,-28.132010167999965],[153.4905120190001,-28.132011382999963],[153.49052215200004,-28.132009534999952],[153.49052909600005,-28.132012350999958],[153.49052630200003,-28.132024033999983],[153.49051576700003,-28.13203447999996],[153.4905064610001,-28.132041139999956],[153.49049734900007,-28.13205196599995],[153.49049448000005,-28.13206641299996],[153.4905103430001,-28.132055229999935],[153.4905183520001,-28.132053783999936],[153.49055286300006,-28.132033801999967],[153.49055451700008,-28.132028116999948],[153.49056267600008,-28.132023042999947],[153.49056890400004,-28.132024599999966],[153.4905708860001,-28.13203042699996],[153.4905695970001,-28.13203965799994],[153.49056449300008,-28.132050482999944],[153.49055315400005,-28.13206194199995],[153.4905397650001,-28.132071374999953],[153.49053034700012,-28.132074324999962],[153.49052657700008,-28.13208561299996],[153.49052392500005,-28.132089099999973],[153.4905235000001,-28.132093830999963],[153.49053390100005,-28.13209158099994],[153.49054115800004,-28.132084859999964],[153.490551298,-28.13208355699993],[153.49055775800002,-28.132078005999972],[153.4905689640001,-28.132076783999935],[153.49057726400008,-28.13206919199996],[153.49058295600003,-28.132067835999976],[153.49060606800003,-28.132047487999955],[153.49061390600002,-28.132048642999962],[153.49061660300003,-28.132055333999972],[153.49061547000008,-28.13206250899998],[153.49061124600007,-28.132071121999957],[153.49060433900001,-28.132077454999944],[153.49059509300002,-28.13207938399995],[153.49058427500006,-28.132087042999956],[153.49057965500003,-28.132098792999955],[153.49058294100007,-28.132103464999943],[153.4906023650001,-28.132095119999974],[153.49063388100012,-28.13208038299996],[153.4906463310001,-28.132078258999968],[153.49065440000004,-28.132073684999966],[153.49066427900004,-28.13207331999996],[153.49067609600002,-28.13207068199995],[153.49068561,-28.132070882999983],[153.49070214300002,-28.13206735899996],[153.49071611300008,-28.13206935599993],[153.49071685,-28.132074399999965],[153.49071438400006,-28.13208071799994],[153.490706949,-28.132087758999944],[153.49069079600008,-28.13209570099997],[153.49067856200008,-28.132103866999955],[153.49066222300007,-28.13211008099995],[153.49064973600002,-28.132117948999962],[153.49063910400002,-28.132128080999962],[153.4906378820001,-28.13213352799994],[153.49064012400004,-28.13213596399993],[153.49065724600007,-28.13212840899996],[153.49067801800004,-28.13211943099998],[153.49069085500003,-28.132110758999943],[153.49070797700006,-28.13210076699994],[153.49071878000007,-28.13209833899998],[153.49072998600002,-28.132092168999975],[153.49074498400012,-28.132094948999963],[153.49074593000012,-28.13210121399993],[153.49074142200004,-28.132115385999953],[153.49072476300012,-28.13212706799993],[153.49069695000003,-28.13214963599995],[153.49069663000012,-28.13215831599996],[153.49071276000006,-28.132146744999943],[153.49071977800008,-28.13214490499996],[153.49072307900008,-28.132147973999963],[153.4907202700001,-28.132155230999956],[153.49071434000007,-28.132160297999974],[153.49071418300002,-28.132166376999976],[153.49072424100007,-28.132167986999946],[153.4907352460001,-28.132163299999945],[153.49074769600008,-28.132162308999966],[153.49076764100005,-28.132155335999983],[153.49077484600002,-28.132153770999935],[153.49078024000005,-28.132155603999934],[153.49078081400012,-28.13215897899994],[153.49077886200007,-28.132164707999948],[153.49076290200003,-28.132174132999978],[153.49074756900006,-28.13218439999997],[153.49074343400002,-28.13219112799993],[153.49074315100006,-28.132195456999966],[153.49074550500006,-28.132198019999976],[153.49075550400005,-28.132195232999948],[153.49079198200002,-28.13218037699994],[153.49079975300003,-28.132179579999956],[153.49080458800006,-28.132181277999962],[153.49080726300008,-28.132186359999935],[153.49080632400012,-28.132192446999966],[153.4908020250001,-28.132197505999955],[153.49078245300007,-28.13221049999993],[153.49077194000006,-28.132224960999963],[153.49077135100003,-28.132232768999984],[153.4907765150001,-28.132234564999976],[153.49078816700012,-28.13223223999995],[153.49079456000004,-28.13223229299996],[153.4908158610001,-28.13222133299996],[153.49082208200002,-28.13222171299998],[153.49082441400003,-28.13222477499994],[153.49082159800003,-28.13223045999996],[153.4908170760001,-28.132234653999944],[153.49081541400005,-28.132240577999937],[153.49080788900005,-28.132248646999983],[153.49079715300002,-28.132253339999977],[153.49078372700012,-28.132266840999932],[153.49078480700007,-28.132271295999942],[153.49081910200005,-28.13225743099997],[153.4908522940001,-28.132241627999974],[153.49085789700007,-28.132239869999978],[153.49086304600007,-28.132240621999983],[153.49086662900004,-28.132246917999964],[153.49087547300007,-28.132248146999927],[153.49087352100003,-28.132254062999948],[153.4908560120001,-28.13226555199998],[153.49083740100002,-28.132280385999934],[153.4908261060001,-28.13229574199994],[153.4908115170001,-28.13230421299994],[153.49081294100006,-28.132308615999932],[153.49082260400007,-28.132311484999946],[153.49083379500007,-28.132308541999976],[153.49085694400003,-28.132299630999967],[153.49087029500004,-28.132292276999976],[153.49088740900004,-28.13229096599997],[153.490901118,-28.13229312699997],[153.49090626600002,-28.13229559299998],[153.49090566300004,-28.132300837999935],[153.4908999260001,-28.132304585999975],[153.49088979300006,-28.132302960999937],[153.4908782970001,-28.132307416999936],[153.49086759800002,-28.132313950999958],[153.4908601620001,-28.132322384999952],[153.49085864200003,-28.13233150399998],[153.4908712340001,-28.13232856199994],[153.49089081400007,-28.132321453999964],[153.4908984210001,-28.132316319999973],[153.49091476800004,-28.13231667799994],[153.49092984000004,-28.13231262499994],[153.490935927,-28.132314255999972],[153.4909339310001,-28.13232075299993],[153.49092633100008,-28.132327808999946],[153.4909182770001,-28.13233680899998],[153.4909136650001,-28.13234800799995],[153.49090126700003,-28.13235992099993],[153.4908832000001,-28.132366015999935],[153.49087095100003,-28.13237229599997],[153.49085122200006,-28.132376229999977],[153.49084288400002,-28.13238154299995],[153.49084468700005,-28.13238610199994],[153.4908565930001,-28.132384872999978],[153.4908762330001,-28.13237857699994],[153.49088609000012,-28.13237751899993],[153.4908933920001,-28.132379381999954],[153.4908965290001,-28.13238315899997],[153.49089854800002,-28.132398529999932],[153.49089581300007,-28.132403349999947],[153.49088969600007,-28.132406367999977],[153.49088044300004,-28.13240726899994],[153.49086953500012,-28.13241401199997],[153.49085201100002,-28.132431460999953],[153.4908489190001,-28.132436996999957],[153.49084990300003,-28.132438173999958],[153.49085558800004,-28.132436415999962],[153.49086030400008,-28.132436475999953],[153.49086209900008,-28.13243986599997],[153.49086025200006,-28.13244570699993],[153.4908554010001,-28.132453134999935],[153.49084617000005,-28.13245884199995],[153.49083534400006,-28.132463774999962],[153.49082250700008,-28.132474309999964],[153.4908216350001,-28.132481007999957],[153.49082361000012,-28.132484166999973],[153.4908484650001,-28.132472401999962],[153.4908591420001,-28.13247449599993],[153.49086058700004,-28.13247819199995],[153.49085048400002,-28.132487690999938],[153.4908360080001,-28.13249310799995],[153.49083090400006,-28.132498546999955],[153.49083233400006,-28.132505713999933],[153.49082834800004,-28.13251883399994],[153.49082307300012,-28.13252381899997],[153.49081078000006,-28.132521933999953],[153.49080265100008,-28.132516032999945],[153.4907875560001,-28.13251732899994],[153.49077684200006,-28.132521501999975],[153.49076676200002,-28.13252926499996],[153.49076367700002,-28.132534800999963],[153.49076399800003,-28.132538116999967],[153.49079108800004,-28.132538980999982],[153.49079483600008,-28.13254090299995],[153.49079473900008,-28.13254703499996],[153.49078377900003,-28.132554589999984],[153.4907646680001,-28.13256279999996],[153.49075426700006,-28.132567799999947],[153.4907404610001,-28.132576680999932],[153.49073210900008,-28.13258775199995],[153.49071455600006,-28.13259582099994],[153.49070899700007,-28.132599970999934],[153.49070682900003,-28.132604172999947],[153.49070826000002,-28.13260646799995],[153.49072401000012,-28.132605104999982],[153.49074115400003,-28.13259705799993],[153.49075304500002,-28.13259751299995],[153.49077246900004,-28.132600604999936],[153.4907704420001,-28.132610975999967],[153.49075984800004,-28.132617144999983],[153.4907515550001,-28.132616809999945],[153.49073060400008,-28.132625988999962],[153.49072717700005,-28.13263199399995],[153.49071841500006,-28.13263765599993],[153.4907145630001,-28.132650701999978],[153.4907048770001,-28.132656505999933],[153.4906915780001,-28.132658763999927],[153.49067927700003,-28.13265812999998],[153.49067076100005,-28.132662533999962],[153.49067057500008,-28.13266596099993],[153.49068262200012,-28.13266970099994],[153.49068385900011,-28.132672174999982],[153.49068146800005,-28.13268151799997],[153.4906738080001,-28.132685771999945],[153.49065609800004,-28.13268768699993],[153.4906355720001,-28.13269304399995],[153.49062704100004,-28.132693624999945],[153.4906153290001,-28.132698795999943],[153.49060643300004,-28.132698430999938],[153.49059747,-28.13270161199995],[153.490595965,-28.13270500999994],[153.49061679700003,-28.13270792999998],[153.49061502300003,-28.13271093299994],[153.49060483100004,-28.13271728099994],[153.49060228300004,-28.132725647999962],[153.49060773700012,-28.132731227999955],[153.49060626900007,-28.132739743999934],[153.49059925000006,-28.132742142999973],[153.49058083300008,-28.132739766999975],[153.4905586970001,-28.13274255999994],[153.49054829600004,-28.132741494999948],[153.49053905000005,-28.13274467599996],[153.49054342300008,-28.132746724999947],[153.49055109000005,-28.132752126999947],[153.49055334000002,-28.13275693299994],[153.4905521180001,-28.132762378999928],[153.4905477740001,-28.132766103999984],[153.49053462400002,-28.132766625999977],[153.4905240370001,-28.13276752699994],[153.49051319600005,-28.132775417999937],[153.4905094930001,-28.13278301699995],[153.49048961500012,-28.13279399199996],[153.49047843200003,-28.132797895999943],[153.49047334300008,-28.132802626999933],[153.49047415500002,-28.13280696299995],[153.49047729200004,-28.13281097199996],[153.49047615200004,-28.132816968999975],[153.4904694910001,-28.132818019999945],[153.49045828500005,-28.132816633999937],[153.49045474600007,-28.13281995699998],[153.49045717500007,-28.132828547999964],[153.4904560650001,-28.132834678999927],[153.4904504100001,-28.132842896999932],[153.4904428110001,-28.132853573999967],[153.4904331250001,-28.13286468299998],[153.49042201600002,-28.132885141999964],[153.49041388000012,-28.132910011999968],[153.49040716000002,-28.13293336199996],[153.4904021750001,-28.13296566799994],[153.49039763000007,-28.132994806999932],[153.4903910590001,-28.133035941999935],[153.49038296800006,-28.13318893199994],[153.49043816900007,-28.133334143999946],[153.4905593750001,-28.13360516599994],[153.49065836300008,-28.133789001999958],[153.49098790900007,-28.13430162399993],[153.49116343000003,-28.134523956999942],[153.4913282660001,-28.13479480799998],[153.49163608700007,-28.13532689899995],[153.49186712200003,-28.135762317999934],[153.49202110300007,-28.13604290799998],[153.49208738400011,-28.13622685499996],[153.4920989100001,-28.136362537999958],[153.49208853100004,-28.136478907999958],[153.49205630000006,-28.13658565999998],[153.4919056860001,-28.136721759999944],[153.49204063900004,-28.136799200999974],[153.4920945660001,-28.13681883399994],[153.4921394040001,-28.13684318999998],[153.49229620900007,-28.136879600999976],[153.4924539000001,-28.136956184999974],[153.49256841600004,-28.137081130999945],[153.49268289400004,-28.137196436999943],[153.492824336,-28.137277893999965],[153.49292085000002,-28.137304596999968],[153.49295465400007,-28.13731702399997],[153.49306546600008,-28.13738125599997],[153.493093175,-28.137424960999965],[153.49310604200002,-28.137471124999934],[153.49310970800002,-28.13753639199996],[153.49310811300006,-28.13758563999994],[153.49309719100006,-28.13770101999995],[153.49310350100006,-28.137823253999954],[153.49311041500005,-28.13785369699997],[153.49312001900012,-28.137900471999956],[153.49314656600006,-28.137951872999963],[153.49318858700008,-28.138005300999964],[153.4932286190001,-28.138077899999928],[153.49328257600007,-28.138198598999963],[153.4933084820001,-28.138240709999934],[153.4933780330001,-28.13831963399997],[153.49341712600005,-28.13837751799997],[153.493439329,-28.13846340799995],[153.49347617900003,-28.138527042999954],[153.4935057880001,-28.13856117399996],[153.49354094000012,-28.138616799999966],[153.49359090300004,-28.13866996799993],[153.4936627720001,-28.138769380999975],[153.49369504800006,-28.13882306199997],[153.49377901600008,-28.13893792799996],[153.49386350400005,-28.13907166599995],[153.49390050400007,-28.139159909999933],[153.49394172000007,-28.139221645999953],[153.49397197700011,-28.139330319999942],[153.49400376900007,-28.13936351999996],[153.49407653900005,-28.139443426999946],[153.49413723100008,-28.13954210999998],[153.4941868520001,-28.139593049999974],[153.49422376200005,-28.139653473999942],[153.49428970700012,-28.139766588999976],[153.49438829300004,-28.13986396799993],[153.4944379960001,-28.139942735999966],[153.49447113600002,-28.13998329599997],[153.49450204100003,-28.140029608999953],[153.4945307710001,-28.140080041999965],[153.49454698300008,-28.14011600599997],[153.49458931000004,-28.140176474999976],[153.4946627280001,-28.140298291999954],[153.49471038900003,-28.14036679299994],[153.4947494380001,-28.140429488999928],[153.4948040800001,-28.140518828999973],[153.49486441500005,-28.140616870999963],[153.4949027780001,-28.14071088999998],[153.49491859600005,-28.140785224999945],[153.4949491210001,-28.140869907999956],[153.4950044640001,-28.140956580999955],[153.49502059400004,-28.14100770699997],[153.49505803300008,-28.141086995999956],[153.49512463400004,-28.141209855999932],[153.49516496400008,-28.141284264999967],[153.49519711300002,-28.141316502999928],[153.49524632500004,-28.141371592999974],[153.49529872400012,-28.141435659999956],[153.49536575000002,-28.141514874999928],[153.49544933800007,-28.141596473999982],[153.4954872840001,-28.14162620199994],[153.4955106860001,-28.14166542199996],[153.49555428700012,-28.141707017999977],[153.49559444500005,-28.141766830999984],[153.49563111700002,-28.141849651999962],[153.49568219800005,-28.141940250999937],[153.49574091600005,-28.142012595999972],[153.4957949410001,-28.142094209999982],[153.4958356510001,-28.14214414399993],[153.49587921400007,-28.14221678699994],[153.49592171200004,-28.142295501999968],[153.49597391800012,-28.14236593299995],[153.49602540900003,-28.14244145899994],[153.49608017900005,-28.142509951999955],[153.49614324000004,-28.14257878799998],[153.49618141000008,-28.14263703699993],[153.49623474800012,-28.14268217999995],[153.49630032800007,-28.14275068099994],[153.49635618500008,-28.14281151499995],[153.49641310800007,-28.14287425599997],[153.49648481200006,-28.142947248999974],[153.49655797700007,-28.143014810999944],[153.49661240300009,-28.14306186899995],[153.49667218700006,-28.14314892899995],[153.49669342100003,-28.143201089999934],[153.49675896400004,-28.14329198799993],[153.4967726430001,-28.14331950999997],[153.49684468300006,-28.143420323999976],[153.4968597400001,-28.14349197599995],[153.49687232400004,-28.143535174999954],[153.49689647200012,-28.14356206399998],[153.49696707300006,-28.143657125999937],[153.49701317000006,-28.143721460999927],[153.49706795400004,-28.14376276699994],[153.4971414470001,-28.14385335199995],[153.49722505600005,-28.14393467499997],[153.49729496500004,-28.144004463999977],[153.4973280900001,-28.144066541999962],[153.4973528710001,-28.144157088999975],[153.49738994500012,-28.14422461399994],[153.4974389030001,-28.144321254999966],[153.4974662610001,-28.14435870999995],[153.4975087890001,-28.144407040999965],[153.49756060100003,-28.144513614999937],[153.49759623700004,-28.144591368999954],[153.49763335500006,-28.14462850299998],[153.49769781800012,-28.144715867999935],[153.4977587410001,-28.144768058999944],[153.49780053200004,-28.14480872499996],[153.49785924200012,-28.14489226799998],[153.49790609100012,-28.14494508499996],[153.49797888400008,-28.145021587999963],[153.49803762400006,-28.145079537999948],[153.49808454800007,-28.14513236299996],[153.49812338000004,-28.14518707999997],[153.49816230900012,-28.145214616999965],[153.49818717900007,-28.145234785999946],[153.4982073330001,-28.14526583299994],[153.49822102000007,-28.145299747999957],[153.49824945900002,-28.14534711799996],[153.498280431,-28.145387768999967],[153.498314294,-28.145435131999932],[153.49835753700006,-28.145491152999966],[153.49838705600007,-28.14553244399997],[153.4984526290001,-28.145616940999957],[153.4984929960001,-28.145655035999937],[153.4985246980001,-28.14569216999996],[153.49857082500012,-28.145742103999964],[153.4986054100001,-28.14578436299996],[153.49864036100007,-28.14582405999994],[153.49867710700005,-28.145868546999964],[153.49870591100012,-28.145914949999963],[153.49872932800008,-28.14595174799996],[153.49873070700005,-28.14599749499996],[153.49872521600003,-28.146059870999977],[153.49873381400005,-28.14611040799997],[153.49875644100007,-28.14618911599996],[153.4987745090001,-28.146244726999953],[153.4987984920001,-28.14630453999996],[153.49882802600007,-28.14636642499994],[153.49887305000004,-28.146449148999977],[153.49890977400003,-28.14650803099994],[153.4989418340001,-28.146553799999936],[153.49899515800007,-28.146611742999937],[153.4990437880001,-28.146672561999935],[153.49907729300003,-28.14671927699993],[153.49912557300001,-28.146777860999975],[153.49916199100005,-28.14680571899993],[153.49920922800004,-28.146827190999943],[153.49926799800005,-28.146861142999967],[153.49932708100005,-28.146940521999966],[153.49937177700008,-28.14698149299994],[153.499399121,-28.14703335599995],[153.4994427360001,-28.147075600999983],[153.49947011000006,-28.147106661999942],[153.49950506100004,-28.147157549999974],[153.4995483040001,-28.147197566999978],[153.49958507200006,-28.147232457999962],[153.4996135340001,-28.147270224999943],[153.49965423600008,-28.147332951999942],[153.4997097060001,-28.14739633399995],[153.49977060700007,-28.147474124999974],[153.4998188940001,-28.147523097999965],[153.49985240700005,-28.14756183299994],[153.49991835200012,-28.14762617699995],[153.49996195200004,-28.147679641999957],[153.50006536700005,-28.147799342999974],[153.50010412400002,-28.147839769999962],[153.50010680700007,-28.147842563999973],[153.50017239400006,-28.147909469999945],[153.50024233300007,-28.147961668999983],[153.50027156900012,-28.14798910899998],[153.50028053200003,-28.14799752099998],[153.50032342500003,-28.148036911999952],[153.5003443160001,-28.148062824999954],[153.50038937700003,-28.14810446699994],[153.50044630700006,-28.148170388999972],[153.5004733080001,-28.148210398999936],[153.50047941000003,-28.148235685999964],[153.5004948930001,-28.148277595999957],[153.50052691500002,-28.148334554999963],[153.50055646400006,-28.148375831999942],[153.50057988900005,-28.148403040999938],[153.5006440310001,-28.14846739199993],[153.50070134100008,-28.148532375999935],[153.5007543060001,-28.148592881999946],[153.5008350180001,-28.148678660999963],[153.50085808500012,-28.148694038999963],[153.5008768230001,-28.148711324999965],[153.50090025500003,-28.148730539999974],[153.50093521300005,-28.148768634999954],[153.50097985700006,-28.14884800599998],[153.5009837760001,-28.148888618999933],[153.50099783500002,-28.14890878799997],[153.50102594700002,-28.148926720999953],[153.5010537070001,-28.14894881999993],[153.50107168600005,-28.148974434999957],[153.50110590600002,-28.149025627999947],[153.5011224540001,-28.149066262999952],[153.50114698900006,-28.14909059699994],[153.5011798160001,-28.14910724899994],[153.5012050580001,-28.149121665999928],[153.50124684900004,-28.149168722999946],[153.50129617200002,-28.14924362399995],[153.50134118800008,-28.149307631999932],[153.50136856900008,-28.14935147099993],[153.50138659200002,-28.14937866599996],[153.50142368800005,-28.14941580699997],[153.50145942900008,-28.149453580999932],[153.5014867870001,-28.149484627999982],[153.50151201500012,-28.149495848999948],[153.50153617000012,-28.14951313399996],[153.50155598100002,-28.14954834499997],[153.50157105300002,-28.149598003999984],[153.50157287100012,-28.149604015999955],[153.5015926530001,-28.149639212999944],[153.5016347710001,-28.149715699999945],[153.501676889,-28.14980658299993],[153.5017471550001,-28.149891399999944],[153.5018293280001,-28.149973355999975],[153.5018682640001,-28.15002168799998],[153.50191005500005,-28.15006873899995],[153.50196663400004,-28.150121242999944],[153.50202252100007,-28.15016126699993],[153.50207551000005,-28.15018817899994],[153.50214044900008,-28.150201038999967],[153.50217940800007,-28.150220580999928],[153.5022430880001,-28.150271028999953],[153.5022924330001,-28.150315501999955],[153.50238742800002,-28.150401190999958],[153.5025415440001,-28.15051934199994],[153.50274865500012,-28.15067432899997],[153.50287931600008,-28.150767520999977],[153.50302347700006,-28.15085737499993],[153.50305784700004,-28.15089067899993],[153.5030941760001,-28.15092589099993],[153.5031287160001,-28.150959358999955],[153.5033699810001,-28.151241481999932],[153.5035602910001,-28.151480928999945],[153.50375917700012,-28.151712731999964],[153.503906281,-28.15190851099993],[153.504135506,-28.15232401399993],[153.50416729000005,-28.152381785999978],[153.50421279800003,-28.15244051199994],[153.50424839000004,-28.15249677099996],[153.50427826700002,-28.15256043599993],[153.50428126200006,-28.152566813999954],[153.50430881400007,-28.15264616999997],[153.50435304100006,-28.152728818999947],[153.5043981240001,-28.152751543999955],[153.50444571800006,-28.152786873999958],[153.50449486200012,-28.152834371999973],[153.50452904600002,-28.152872935999937],[153.50457868900003,-28.15291489799995],[153.50462719100005,-28.152957842999967],[153.50471450400005,-28.15304236999998],[153.50476363400003,-28.153088898999954],[153.50480748000007,-28.153126843999928],[153.50489011500008,-28.153202310999973],[153.50492882800006,-28.153239824999957],[153.50496871100006,-28.153276309999967],[153.50501277400008,-28.15332742099997],[153.50505267100004,-28.153367944999957],[153.50509041600003,-28.153415576999976],[153.5051431290001,-28.153473176999967],[153.5051784740001,-28.153514773999973],[153.5052102740001,-28.15354628199998],[153.50524211000004,-28.153578825999944],[153.50528946600002,-28.153621785999974],[153.50533108500008,-28.153661795999938],[153.50537207000002,-28.153696254999943],[153.50540796000007,-28.15373429799996],[153.50545010000008,-28.15377077599993],[153.5054957650001,-28.15381328099994],[153.50554189100012,-28.153849192999928],[153.50558516400008,-28.153884612999946],[153.50566369400008,-28.153954581999983],[153.50571610100008,-28.153989919999958],[153.50576858300008,-28.154032342999983],[153.50581768200004,-28.15407682299997],[153.50585761700006,-28.154118359999984],[153.50590494300002,-28.15415833999998],[153.50595294700008,-28.15420585199996],[153.50599240600002,-28.154253952999966],[153.50603827100008,-28.154304639999964],[153.50711824100006,-28.155422732999966],[153.50721698300003,-28.155463748999978],[153.50728874000004,-28.155506894999974],[153.50733979100005,-28.155539617999978],[153.50739681800007,-28.15557894999995],[153.50743375000002,-28.15560992899998],[153.5074873950001,-28.155652329999953],[153.50755496400006,-28.155712798999957],[153.50762134800004,-28.155769222999936],[153.50766524000005,-28.155808196999942],[153.50771618700003,-28.155862250999974],[153.50776718600002,-28.15592138599993],[153.50782324400006,-28.155972861999942],[153.50787166600003,-28.15601079299995],[153.50792022100006,-28.15605679999993],[153.50796476800008,-28.15610130999994],[153.50802948400008,-28.156161293999958],[153.5080838130001,-28.156212293999943],[153.50814043800005,-28.156264268999962],[153.50820001300008,-28.156323820999944],[153.50826998900004,-28.156392343999983],[153.5083277450001,-28.156445324999936],[153.50840339100012,-28.156510755999932],[153.5084641950001,-28.156577364999976],[153.50853353800005,-28.156642355999963],[153.50860512300005,-28.15670327199996],[153.50868424800012,-28.156772710999974],[153.50875019300008,-28.156839781999963],[153.50881942400008,-28.156896681999967],[153.5089020360001,-28.156971134999935],[153.5089860180001,-28.157040827999936],[153.50904747800007,-28.15709398799993],[153.50911495800005,-28.157148391999954],[153.50928162700006,-28.157278583999982],[153.5093554030001,-28.15733341999993],[153.50942011900008,-28.157393411999976],[153.50949839500004,-28.157443136999973],[153.50955373800002,-28.157484017999934],[153.50965106400008,-28.157551259999934],[153.5097243040001,-28.15760760099994],[153.50980453900002,-28.15767703299997],[153.50990365400003,-28.15772644599997],[153.50999218200002,-28.15779762899996],[153.51006901200003,-28.157855981999944],[153.5101796460001,-28.157969915999956],[153.51024075600003,-28.15804580799994],[153.5103233750001,-28.158127391999983],[153.51039131700009,-28.15819627999997],[153.51044701700005,-28.158238904999962],[153.51051257500012,-28.15829810699995],[153.51061203300003,-28.158384920999936],[153.5106614450001,-28.15842605599994],[153.5107097990001,-28.158474268999953],[153.5108138390001,-28.158565075999945],[153.51087186400002,-28.158611701999973],[153.51092641000002,-28.15865129399998],[153.5109942030001,-28.15870542999994],[153.51113940000005,-28.15880507399993],[153.5111957260001,-28.15885120799993],[153.51125139700002,-28.158890785999972],[153.51130885600003,-28.158937925999965],[153.51136854300012,-28.158977979999975],[153.5114173510001,-28.15901355699998],[153.51147238900012,-28.159044542999936],[153.51152577200003,-28.159082101999957],[153.51158265000004,-28.159127728999977],[153.51166010600002,-28.159179279999933],[153.5117083340001,-28.159213335999937],[153.51176568100004,-28.15924734099997],[153.51183227400008,-28.159295441999973],[153.5119561250001,-28.159367413999973],[153.51200893500004,-28.159403474999976],[153.51206744400008,-28.159441502999982],[153.51212023900007,-28.159476550999955],[153.5121661720001,-28.159508587999937],[153.51222126900007,-28.15954765899994],[153.51227755800005,-28.159590752999975],[153.51231887200004,-28.159617775999948],[153.5123824850001,-28.15965022399996],[153.51243703000011,-28.15969081399993],[153.51248238200003,-28.159723372999963],[153.5125483270001,-28.159761869999954],[153.5126103230001,-28.15980392199998],[153.51267457000006,-28.159844951999958],[153.51272680600005,-28.159882532999973],[153.51276981800004,-28.15990802099998],[153.51281804600012,-28.159942084999955],[153.51286454500007,-28.159974636999948],[153.512912206,-28.16001224699994],[153.51295923400005,-28.16004023199997],[153.512995444,-28.160069824999937],[153.5130413170001,-28.160096818999932],[153.51308663100008,-28.160124318999976],[153.51314003000005,-28.160162897999953],[153.51319462000004,-28.160207533999937],[153.51324399500004,-28.160243609999952],[153.51329798200004,-28.160284692999937],[153.5133536300001,-28.160320231999947],[153.51341225200008,-28.16036937599995],[153.5134668940001,-28.160421089999943],[153.513514675,-28.160467782999945],[153.51356926500011,-28.16051343299995],[153.51362382600007,-28.160555021999983],[153.5136800260001,-28.16058903399994],[153.51374142500003,-28.160630585999968],[153.51380811500007,-28.160687775999975],[153.51387356100008,-28.16073487899996],[153.51392865000003,-28.160770894999928],[153.5139705900001,-28.160806530999935],[153.51400905000003,-28.16083102099998],[153.51405657700002,-28.160851435999973],[153.51411789500003,-28.160882884999978],[153.51417409500004,-28.160915875999933],[153.51423145700005,-28.16095190699997],[153.51428647900002,-28.16098188099994],[153.51432200400006,-28.16099781799994],[153.51437134200012,-28.16102884199995],[153.51442363,-28.16107145899997],[153.51447871200003,-28.16110850299998],[153.51453200600008,-28.161134937999975],[153.51458926400005,-28.161158831999956],[153.5146522430001,-28.161183686999948],[153.51469410800007,-28.161209189999965],[153.51474293900003,-28.161247791999983],[153.51477581100005,-28.16128852399993],[153.51481379400002,-28.161325687999977],[153.51486715500005,-28.16136123399997],[153.51491815500003,-28.161385664999955],[153.5149650190001,-28.161395461999973],[153.51501765700004,-28.161411301999976],[153.51506509500007,-28.161423617999958],[153.51511315900007,-28.161438474999954],[153.51517781500002,-28.16145977599996],[153.5152567460001,-28.16148150199996],[153.51530542800003,-28.161505946999966],[153.51536218700005,-28.161535398999945],[153.51540406700008,-28.16156394999996],[153.51541981700007,-28.161602759999937],[153.5154293610001,-28.16165123299993],[153.51545085600003,-28.161693053999954],[153.51549041900012,-28.16171755099998],[153.51554834,-28.161751055999957],[153.51561710800001,-28.161785969999983],[153.515681265,-28.161815883999964],[153.51573343400003,-28.161845357999937],[153.51576670100008,-28.161863350999965],[153.51583823400006,-28.16188966699997],[153.5159734990001,-28.161960558999965],[153.51605772800008,-28.162001961999977],[153.51612660900003,-28.16205004099993],[153.51619309000012,-28.16208397099996],[153.5162887780001,-28.162131363999947],[153.51637593500004,-28.162182369999982],[153.51646031300004,-28.162237906999962],[153.51651830800006,-28.16228149999995],[153.51658433500006,-28.162330100999952],[153.51666007100005,-28.162378126999954],[153.51672547900012,-28.16241915699993],[153.51687121300006,-28.16251424199993],[153.51694628500002,-28.162551657999984],[153.51701734100004,-28.162587584999983],[153.5170951770001,-28.16263629699995],[153.51716361800004,-28.162679115999936],[153.5172347780001,-28.162718618999975],[153.51728776000004,-28.162758545999964],[153.51733910200005,-28.162801006999928],[153.5173727780001,-28.162847192999948],[153.5173939450001,-28.162896530999944],[153.51743639100005,-28.16295828099993],[153.51747699700002,-28.16301147799993],[153.51752716900012,-28.16305192799996],[153.51759662300003,-28.16308511999995],[153.51766095900007,-28.163118870999938],[153.51771962500004,-28.163154693999957],[153.51779366100004,-28.16318985999993],[153.51785356400012,-28.16323376699995],[153.51793861200008,-28.163281472999984],[153.5180249650001,-28.16334127799996],[153.51810088600007,-28.16338906599998],[153.5181653630001,-28.163432934999946],[153.51825097100004,-28.163480119999974],[153.51831415200002,-28.163512857999933],[153.51839052700007,-28.163551049999967],[153.51845142800005,-28.163584815999968],[153.51852264100012,-28.16362052599993],[153.51858121800012,-28.163651296999944],[153.51864659600005,-28.163676941999938],[153.51873905800005,-28.163723060999928],[153.51880866900012,-28.163767354999948],[153.51887698300004,-28.16380157499998],[153.5189480990001,-28.163829179999937],[153.5190236100001,-28.16384562299993],[153.51910348700005,-28.163845868999942],[153.51916813600008,-28.163859891999948],[153.51924025000005,-28.16387839899994],[153.51931304200002,-28.16390346999998],[153.5193830930001,-28.16393816799996],[153.51943431600012,-28.16397255199996],[153.51947022000002,-28.16401365699994],[153.51952567500007,-28.16406668999997],[153.51964671700011,-28.164162571999952],[153.51971464400003,-28.16420840799998],[153.5197806860001,-28.164242650999938],[153.51985543700005,-28.164287413999944],[153.51990698800012,-28.16430309699996],[153.52002540700005,-28.16437269299996],[153.5200720030001,-28.164402062999955],[153.5201259900001,-28.164429845999962],[153.52016555300008,-28.164445127999954],[153.52021071100012,-28.164451266999947],[153.52030280700012,-28.16446906599998],[153.5204064080001,-28.16449585099997],[153.52049232800005,-28.164523320999933],[153.52058209200004,-28.164538110999956],[153.52068200500003,-28.164542685999947],[153.52077396700008,-28.164551409999945],[153.5208718980001,-28.16457823999997],[153.52094122500012,-28.164601328999936],[153.52100441400012,-28.164635079999982],[153.52107737000006,-28.164673301999983],[153.5211531640001,-28.164710971999966],[153.52121406600008,-28.164743731999977],[153.52128879500003,-28.16478747399998],[153.52136120700004,-28.164827230999947],[153.52142552800012,-28.164860958999952],[153.52153525300002,-28.16492004299994],[153.5215921450001,-28.164951334999955],[153.52166684500003,-28.164992059999975],[153.52173112100002,-28.165021772999978],[153.5218701120001,-28.16509319399995],[153.521951703,-28.165136891999964],[153.52204752500006,-28.165179918999968],[153.52211655400004,-28.165222729999982],[153.52224464500011,-28.165300900999966],[153.52232538700002,-28.165358478999963],[153.5224404910001,-28.165428216999942],[153.5224824820001,-28.165459084999952],[153.5225245700001,-28.165497238999933],[153.52256832000012,-28.16553930499998],[153.52259860700008,-28.16557116399997],[153.52263331200004,-28.16562122399995],[153.52269142600005,-28.165708536999944],[153.5227463440001,-28.16577571199997],[153.5227766160001,-28.165835226999945],[153.52280624000002,-28.16587424599993],[153.52283350100004,-28.16591653499995],[153.5228826450001,-28.16594856499995],[153.52293273600003,-28.165991666999957],[153.52295087800007,-28.166026639999927],[153.52298629000006,-28.166061515999957],[153.5230166890001,-28.166100675999928],[153.52309064300005,-28.166178944999956],[153.52312075100008,-28.16621951299993],[153.52316250400008,-28.166275086999974],[153.5231951080001,-28.16633300799998],[153.52321686400012,-28.166395636999937],[153.52343205900002,-28.166443484999945],[153.52337495000006,-28.166364880999936],[153.52332309400003,-28.16628390099993],[153.52326753500006,-28.166201154999953],[153.52323660800005,-28.16614945499998],[153.52318490800008,-28.16607173799997],[153.52315319800005,-28.166031534999945],[153.52314099400007,-28.165996047999954],[153.52314111300007,-28.16594512299997],[153.52319616600005,-28.16590533699997],[153.52327728800003,-28.165884452999933],[153.52334312100004,-28.165890606999938],[153.52337123200004,-28.165911610999956],[153.52342465300012,-28.165986801999964],[153.5234712340001,-28.166066872999977],[153.52352698700008,-28.166132311999945],[153.5235783060001,-28.166183898999975],[153.52363531100002,-28.166232089999937],[153.52370396800006,-28.166260386999966],[153.52378657200006,-28.166288862999977],[153.52384523800004,-28.16629872799996],[153.5239081210001,-28.166304240999978],[153.52397161500005,-28.166306908999957],[153.52402318800011,-28.166319246999933],[153.5240761020001,-28.166340532999982],[153.52414177900005,-28.166371243999947],[153.52421710400006,-28.166399198999954],[153.52428647600004,-28.166420365999954],[153.52436137000007,-28.166438798999934],[153.52445494900007,-28.16645820699995],[153.52453142900004,-28.166476915999965],[153.52461600800007,-28.16649989299998],[153.5246847620001,-28.166520203999937],[153.5247617340001,-28.166540431999977],[153.52483363900012,-28.166561285999933],[153.52491505800003,-28.16658372699993],[153.52500297500012,-28.166606540999965],[153.52509821600006,-28.166633504999936],[153.52518814500002,-28.166650819999973],[153.5252589700001,-28.16665765999994],[153.52532335800004,-28.166671390999966],[153.5253859500001,-28.166678304999948],[153.52544687300008,-28.166692930999943],[153.52550998700008,-28.166705029999946],[153.5255590270001,-28.16671765199993],[153.5256379660001,-28.166728767999928],[153.52570798700003,-28.166735443999983],[153.52578363200007,-28.166750381999975],[153.5258536980001,-28.166760715999942],[153.5259199410001,-28.166769685999952],[153.52598842600003,-28.16677975999994],[153.52606387100002,-28.166788088999965],[153.5261459610001,-28.16679974999994],[153.52622143600001,-28.166811722999967],[153.5263025580001,-28.166820290999965],[153.52636012100004,-28.166831428999956],[153.52641115000006,-28.166838566999957],[153.52646679800011,-28.16684722499997],[153.52652284900012,-28.166865388999952],[153.5265699670001,-28.16687552199994],[153.52663061400006,-28.166879894999965],[153.52669593400003,-28.166889439999977],[153.5267602990001,-28.166899557999955],[153.52683254700003,-28.166907342999934],[153.52690876700012,-28.16691581499998],[153.52696951100006,-28.166927504999933],[153.5270608630001,-28.166930499999978],[153.5271493460001,-28.166931572999943],[153.52721677400007,-28.166931274999968],[153.5272943860001,-28.16693707099995],[153.5273535440001,-28.166933211999947],[153.527399596,-28.16693294399994],[153.52744358400003,-28.166930886999978],[153.527508129,-28.16692865899995],[153.5275630540001,-28.166929180999944],[153.52764682100008,-28.166933084999982],[153.52770742400003,-28.166945467999938],[153.52777237100008,-28.166952769999966],[153.52785146600002,-28.166963162999934],[153.5279276860001,-28.166971633999935],[153.52799181300009,-28.166975158999946],[153.52812330100005,-28.16698637199994],[153.52820060800002,-28.16699357599998],[153.52826206800012,-28.166998105999937],[153.5283520260001,-28.167003783999974],[153.52846309200004,-28.167014474999974],[153.52859035500012,-28.167030076999936],[153.5286838300001,-28.167035546999955],[153.52890634900007,-28.167093593999937],[153.5291142650001,-28.167147006999983],[153.52932975800002,-28.16719951899995],[153.52954940900008,-28.167243975999952],[153.52982572100007,-28.16728837499994],[153.53012828900012,-28.16728257099993],[153.53038317400012,-28.167253535999976],[153.5306959940001,-28.167210858999965],[153.5308377780001,-28.167184900999928],[153.53101548200004,-28.167157318999955],[153.53112915600002,-28.16712371699998],[153.5312287480001,-28.167085114999963],[153.5313338310001,-28.167037773999937],[153.53142498800003,-28.16700733899995],[153.53151005200004,-28.167014878999964],[153.5316170870001,-28.16702466099997],[153.53176918300005,-28.167046356999947],[153.5319216140001,-28.167067672999963],[153.5320280530001,-28.16708153099995],[153.5321542810001,-28.167095709999955],[153.53228699800002,-28.167098987999964],[153.5323960820001,-28.16708331199993],[153.5328555740001,-28.166976053999974],[153.53344496700004,-28.166530269999953],[153.53360686100007,-28.166413042999977],[153.53385047300003,-28.16625117199993],[153.53415426300012,-28.166057076999948],[153.53449170700003,-28.165870729999938],[153.53475960700007,-28.16574927099998],[153.53489294200006,-28.16570881399997],[153.53498550100005,-28.16569432999995],[153.53505003800012,-28.16569193899994],[153.5351036300001,-28.16569865899993],[153.53514314000006,-28.165705945999946],[153.535212311,-28.165728334999983],[153.53530544300008,-28.16571878299993],[153.5353719100001,-28.16568450999995],[153.53554293800005,-28.165551345999972],[153.53560119400004,-28.165498610999975],[153.5356742990001,-28.16544938499993],[153.5357444020001,-28.165404345999946],[153.535918701,-28.165297616999965],[153.53616498700012,-28.165125358999944],[153.53646730200012,-28.16490697499995],[153.53665521300002,-28.164776373999928],[153.5368176510001,-28.164679001999957],[153.53689638100002,-28.164639491999935],[153.53693285100007,-28.164625566999973],[153.53697345700004,-28.164618205999943],[153.53699336500006,-28.164621900999975],[153.537010591,-28.16463357599997],[153.5370096590001,-28.164653640999973],[153.53697488800003,-28.16469940199994],[153.53685430000007,-28.16482987699993],[153.53678971800002,-28.164881225999977],[153.5365234720001,-28.165068935999955],[153.53633681200006,-28.16519921699995],[153.53610020400004,-28.16536482099997],[153.5359578980001,-28.165476318999936],[153.53593536800008,-28.165499221999937],[153.53589237800009,-28.165546830999972],[153.53586381200012,-28.16559711499997],[153.53583952300005,-28.165677953999932],[153.5358327660001,-28.16576830699995],[153.53584160200012,-28.165888335999966],[153.53593284900012,-28.166272815999946],[153.5364427080001,-28.166404049999983],[153.53734396700008,-28.166608046999954],[153.538028176,-28.166757616999973],[153.53859780300002,-28.166891780999947],[153.539181578,-28.166990992999956],[153.53967215400007,-28.16705884499993],[153.5399657150001,-28.167086278999932],[153.54038456400008,-28.167122681999956],[153.540763985,-28.167143394999982],[153.54109699600008,-28.16718965499996],[153.54139415500003,-28.167220202999943],[153.54217115200004,-28.16724888699997],[153.5424788240001,-28.167234976999964],[153.5428972640001,-28.167188917999965],[153.54326909200006,-28.167127166999933],[153.5435834100001,-28.16700855399995],[153.54388693200008,-28.166838419999976],[153.5439849070001,-28.166755740999974],[153.54406820400004,-28.16665676699995],[153.54416525600004,-28.16650841099994],[153.5441917720001,-28.166362677999928],[153.54418712300003,-28.16626041099994],[153.5441688620001,-28.166204010999934],[153.54412576000004,-28.16608188099997],[153.54409735100012,-28.166026879999947],[153.5440633390001,-28.165982586999974],[153.54402487200002,-28.165936087999967],[153.54398783500005,-28.16587527599995],[153.54395201300008,-28.16582413499998],[153.54393926500006,-28.165784154999983],[153.54393347600012,-28.165746067999976],[153.54391443300005,-28.165712294999935],[153.54390561900004,-28.165684630999976],[153.5439029810001,-28.16565871699993],[153.54390238500002,-28.165619310999944],[153.54391534900003,-28.165585842999974],[153.54400167900008,-28.165434037999944],[153.5440774960001,-28.16531999199998],[153.54416681400005,-28.165184904999933],[153.5443135380001,-28.164976370999966],[153.54444282800011,-28.164823164999973],[153.54454318700004,-28.164721202999942],[153.54463988100008,-28.164628815999947],[153.5447727840001,-28.16454387999994],[153.54493958800003,-28.164508243999933],[153.54511695700012,-28.164527480999936],[153.5452529370001,-28.164563854999983],[153.5453825840001,-28.16459918499993],[153.54543364300002,-28.164641116999974],[153.54546775100005,-28.16468169999996],[153.54547464300003,-28.16477650199994],[153.54548536400011,-28.16478776699995],[153.54551489900007,-28.16479929299993],[153.54554289800012,-28.16479890599993],[153.54557562800005,-28.16479568699998],[153.5456436820001,-28.164780949999965],[153.54570966400001,-28.16476804499996],[153.5457871430001,-28.16474760099993],[153.54586576100007,-28.16472955599994],[153.54593552900008,-28.164710727999932],[153.54601570400007,-28.16469295099995],[153.54607794600008,-28.16468231899995],[153.54611127300007,-28.16467628399994],[153.54615409100006,-28.16467185099998],[153.54622236800003,-28.16466369999995],[153.54629399100008,-28.164655377999964],[153.54635723100012,-28.164651472999935],[153.54649400900007,-28.164641742999947],[153.54654614100002,-28.164635975999943],[153.54657054900008,-28.164637152999944],[153.54665012100008,-28.164637458999948],[153.5467584820001,-28.164633867999953],[153.54684688400005,-28.16463128199996],[153.5469060040001,-28.16462377199997],[153.5469780510001,-28.16461334099995],[153.54703955600007,-28.164609876999975],[153.54722549200005,-28.16458149799996],[153.54730098200002,-28.16456655199994],[153.5473822900001,-28.164547485999947],[153.54740862800008,-28.164539557999944],[153.5474777170001,-28.164519903999974],[153.54753488500012,-28.16449458699998],[153.54757890300004,-28.164480891999972],[153.54765599400002,-28.16445458399994],[153.54773564100003,-28.16442796399997],[153.5478065850001,-28.164403532999984],[153.54787037000006,-28.16437425199996],[153.5479035400001,-28.164353613999936],[153.5479583020001,-28.164312635999977],[153.54800465900007,-28.164280419999955],[153.54802939500007,-28.16425693499997],[153.5480704780001,-28.16421872899997],[153.54811828000004,-28.16417583599997],[153.54815015400004,-28.16413828499998],[153.54818515700003,-28.164097604999938],[153.54821992100005,-28.164046694999968],[153.5482679920001,-28.163971600999957],[153.5483237080001,-28.163855676999958],[153.5483416940001,-28.16379390399993],[153.54836876100012,-28.163607721999938],[153.54838001200005,-28.163496089999967],[153.54838533200007,-28.163362336999967],[153.54839149300005,-28.16323601199997],[153.54842069900008,-28.163105522999956],[153.54847144500002,-28.16302878199997],[153.54851306400008,-28.162999947999936],[153.548564563,-28.16298450399995],[153.54863331700005,-28.16298422799997],[153.5486995230001,-28.162995493999972],[153.54891336900005,-28.16303764099996],[153.54905954200012,-28.163056043999973],[153.5491714200001,-28.163051424999935],[153.5492821800001,-28.163017777999983],[153.54936247500007,-28.162989152999955],[153.54944131000002,-28.162883905999934],[153.54953450200003,-28.162703393999948],[153.5495778190001,-28.162655567999934],[153.54962259,-28.16263414799994],[153.54963790800002,-28.16262670499998],[153.5496961120001,-28.16261286899993],[153.54973744100005,-28.16255065699994],[153.55006194300006,-28.162473527999964],[153.55026377900003,-28.163140175999956],[153.5500433320001,-28.16319260599994],[153.55016733200011,-28.163602208999976],[153.55030922800006,-28.16358751699994],[153.5505991000001,-28.163576913999975],[153.55091567500006,-28.16358507299998],[153.55100348100007,-28.163589445999946],[153.5510807060001,-28.163605635999943],[153.55116328100007,-28.16363124399993],[153.55124068500004,-28.16368044799998],[153.5512914530001,-28.163725038999928],[153.55133698300006,-28.163788525999962],[153.5513691550001,-28.163837915999977],[153.55139599200004,-28.163882611999952],[153.5514253770001,-28.163908420999974],[153.55147601900012,-28.163927083999965],[153.5515293200001,-28.163945740999964],[153.5515640100001,-28.16396917299994],[153.55161222300012,-28.16403500599995],[153.5516577530001,-28.16409377599996],[153.5517032240001,-28.164143105999983],[153.55174254100007,-28.164185387999964],[153.55178004000004,-28.16423711799996],[153.5518202280001,-28.164291186999947],[153.5518335270001,-28.164323812999953],[153.5518424160001,-28.16434180599998],[153.55185845000005,-28.164359671999932],[153.55190048600002,-28.164403444999948],[153.55192546000012,-28.164437955999972],[153.55194591200006,-28.164477257999977],[153.55183840000007,-28.164523458999952],[153.5508451710001,-28.16495019799993],[153.55068019200007,-28.165021082999942],[153.55052928100008,-28.16508591799993],[153.55034526600002,-28.165164982999954],[153.55016096100007,-28.16524416799996],[153.54785150500004,-28.166236442999946],[153.5475769510001,-28.166354414999944],[153.54527127900008,-28.167344991999983],[153.54504125800008,-28.16744379499994],[153.54376379600012,-28.167992626999933],[153.54348644800007,-28.168111761999967],[153.54271495500006,-28.168443192999973],[153.54243223600008,-28.16856444399997],[153.5422500840001,-28.168642555999952],[153.54217436400006,-28.16867496599997],[153.541936705,-28.168776673999957],[153.54158017200007,-28.168929253999977],[153.54145044300003,-28.16898479799994],[153.54125911200003,-28.16928729899996],[153.54093062300012,-28.169806648999952],[153.54078498700005,-28.170036909999965],[153.54051570100012,-28.17046264299995],[153.54010790000007,-28.17111330199998],[153.53996248700003,-28.171345558999974],[153.5398644830001,-28.17150129099997],[153.53965940500007,-28.171825815999966],[153.53951525900004,-28.172053930999937],[153.53875981500005,-28.17282449199996],[153.537974576,-28.17362738199995],[153.5377089100001,-28.173899035999966],[153.5367507510001,-28.174876708999932],[153.53625282100006,-28.17548486299995],[153.53601385100012,-28.175776731999974],[153.53570319200003,-28.176156159999948],[153.53546722400006,-28.176444370999945],[153.53519323700004,-28.176778998999964],[153.53515140900004,-28.176830071999973],[153.53505745000007,-28.176981415999933],[153.5346546940001,-28.177630077999936],[153.53420830700009,-28.177085313999953],[153.53406473500002,-28.17691009899994],[153.53352713800007,-28.176691543999937],[153.53288374300007,-28.17643085499998],[153.53244526900005,-28.176253732999953],[153.53174233000004,-28.175969797999983],[153.53114796700004,-28.17572968099995],[153.53116767400002,-28.175227347999964],[153.53077420900001,-28.17506939599997],[153.52971596600003,-28.174644585999943],[153.52943856600007,-28.17453327399994],[153.52797395300001,-28.173945533999984],[153.52768900500007,-28.17383118999993],[153.52465443000006,-28.172613370999954],[153.5244399280001,-28.17252727899995],[153.52039840500004,-28.170905182999945],[153.51975711900002,-28.17064779599997],[153.51415318800002,-28.168394142999944],[153.50349109600006,-28.164105371999938],[153.50155024100002,-28.163323814999956],[153.50154849800003,-28.163323112999933],[153.49686902100007,-28.161444186999972],[153.4953907360001,-28.160850554999968],[153.49530851200007,-28.160816944999965],[153.49506901400002,-28.16072136899993],[153.48586040200007,-28.15702302699998],[153.4849925960001,-28.15759987299998],[153.48425846800012,-28.157789228999945],[153.48396954200007,-28.157863712999983],[153.4830275280001,-28.15802780399997],[153.48258243800012,-28.158303169999954],[153.48151444200005,-28.158231197999953],[153.48128009800007,-28.157700537999972],[153.48059453400003,-28.157377725999936],[153.48042668000005,-28.157386777999932],[153.48022087300012,-28.157397513999967],[153.4793785920001,-28.157441442999982],[153.4787636210001,-28.15747350299995],[153.47744356500004,-28.15692184699998],[153.4769522580001,-28.156879541999956],[153.47679824700003,-28.156967332999955],[153.47648686500008,-28.15714552099996],[153.4755854340001,-28.157661361999942],[153.47530109000002,-28.157824089999963],[153.4751813370001,-28.157892619999927],[153.4749739130001,-28.158011329999965],[153.47495938500003,-28.15807357999995],[153.47494884200012,-28.15811879699993],[153.47482636200004,-28.158643667999968],[153.47482235300004,-28.158660856999973],[153.47476725600006,-28.158897017999948],[153.4747147070001,-28.159122233999938],[153.47465210000007,-28.159390581999958],[153.47461293300012,-28.159558480999976],[153.47434845200007,-28.15969101099995],[153.47370724000007,-28.160012309999956],[153.47370982500001,-28.160094690999983],[153.47371657600002,-28.160311174999947],[153.4737236310001,-28.16053668199993],[153.47372799000004,-28.160676491999936],[153.47357896300002,-28.160804500999973],[153.47341446200005,-28.16094580099997],[153.4732645790001,-28.16107454699994],[153.473114688,-28.16120329299997],[153.47296480400007,-28.161332038999944],[153.47281492100012,-28.161460777999935],[153.4726650450001,-28.161589515999935],[153.47248974100012,-28.161740091999945],[153.47237619400005,-28.16173153899996],[153.47211240600006,-28.161711645999958],[153.4719044300001,-28.161695962999943],[153.47173311200004,-28.161683050999955],[153.4708019750001,-28.161612850999973],[153.47070973000007,-28.161651065999934],[153.47051603700004,-28.16173133099994],[153.47027478000007,-28.16181186299997],[153.46999846000006,-28.161904108999977],[153.4691671910001,-28.162181634999968],[153.46864857100002,-28.162354771999958],[153.46845588400004,-28.162419203999946],[153.46801340900004,-28.16292929399998],[153.46778665800002,-28.163190741999983],[153.46670661500002,-28.16443581599998],[153.4660117960001,-28.165635597999938],[153.46571936800012,-28.165905330999976],[153.46569538500012,-28.165953893999983],[153.46507117500005,-28.167217325999957],[153.46490405100008,-28.167555753999977],[153.46310627100002,-28.16951033899994],[153.46299004900004,-28.16979042899993],[153.46237777500005,-28.170487616999935],[153.46210835500005,-28.170794267999952],[153.46208104100003,-28.170825410999953],[153.46180019100007,-28.170976948999964],[153.46167911200007,-28.17104225299994],[153.46167210800002,-28.171052929999973],[153.46090477300004,-28.172221433999937],[153.45858610800008,-28.174933265999982],[153.4585281940001,-28.175000976999968],[153.45872711700008,-28.175756792999948],[153.45915294000008,-28.178145135999955],[153.45875641200007,-28.17846831299994],[153.4579205540001,-28.17914910199994],[153.45757594200006,-28.17942977299998],[153.45756333600002,-28.179440046999957],[153.45705534800004,-28.180505017999963],[153.45525127200005,-28.181203085999982],[153.4526294430001,-28.181027385999982],[153.45017050600006,-28.18184297099998],[153.44946439900002,-28.182353156999966],[153.44880680400001,-28.182828271999938],[153.44825065500004,-28.183230096999978],[153.44797796400007,-28.183423983999944],[153.44792339600008,-28.183462770999938],[153.447285157,-28.18369987099993],[153.44686409400003,-28.183856526999932],[153.44666490300006,-28.183930630999953],[153.44642553100005,-28.18401968699993],[153.4458444820001,-28.18423615599994],[153.4447471090001,-28.18401533599996],[153.44451295200008,-28.18396821099998],[153.44293651300006,-28.184624398999972],[153.44167698500007,-28.185148889999937],[153.44014558600009,-28.185756],[153.43889306100004,-28.18625244699996],[153.438570786,-28.186289125999963],[153.43766921500003,-28.186391742999945],[153.43576249900002,-28.18715975599997],[153.434723576,-28.188031056999932],[153.43238430200006,-28.189993106999964],[153.43146521300002,-28.19076395899998],[153.43129915500003,-28.190903336999952],[153.4304964590001,-28.191801958999974],[153.42895337700008,-28.19352989799995],[153.42863113900012,-28.194333754999946],[153.4273058220001,-28.194762699999956],[153.426902261,-28.194893389999947],[153.42679487600003,-28.19492816999997],[153.42672756000002,-28.195008240999982],[153.42613289200006,-28.195715338999946],[153.4259031160001,-28.19598854399993],[153.42559608500005,-28.19617922699996],[153.4250987370001,-28.196488045999956],[153.42433495500006,-28.197835207999958],[153.42283741100005,-28.198700197999983],[153.42200637300004,-28.199181228999976],[153.4213621890001,-28.19955398899998],[153.419607949,-28.199677690999977],[153.41947616400012,-28.199686974999963],[153.41782126300006,-28.20054481899996],[153.41824400100006,-28.202460265999946],[153.41696513800002,-28.204817592999973],[153.4156687740001,-28.20645607199998],[153.4149170180001,-28.207406184999968],[153.41212334800002,-28.20913270799997],[153.41127106200008,-28.209243155999957],[153.40754826800003,-28.210428027999967],[153.40734756500012,-28.210491893999972],[153.4057192030001,-28.211010126999952],[153.40389529300012,-28.21298307799998],[153.40012801900002,-28.21705794199994],[153.39925446100006,-28.217696359999934],[153.39755720400012,-28.21893670999998],[153.3909119110001,-28.227874164999946],[153.38944957,-28.230962072999944],[153.39051875100006,-28.232720007999944],[153.38972933200012,-28.234819029999983],[153.38774058600006,-28.23621974599996],[153.38753102300007,-28.236367334999954],[153.38433611000005,-28.237290169999937],[153.38251001000003,-28.237435284999947],[153.38222568800006,-28.237660448999975],[153.3818129110001,-28.238057579999975],[153.381251592,-28.238560285999938],[153.38084963300003,-28.238981816999967],[153.3804342630001,-28.239351648999957],[153.37971443300012,-28.239675800999976],[153.37923732800004,-28.240017782999928],[153.37892958100008,-28.24029821599993],[153.37845481500005,-28.240395169999942],[153.3782042900001,-28.240457128999935],[153.37812661700002,-28.24047670899995],[153.37764623400005,-28.240597743999956],[153.37731416100007,-28.240677233999975],[153.37695140800008,-28.24076878699998],[153.37346036300005,-28.24220665799993],[153.37279213600004,-28.24248186799997],[153.37219022600004,-28.242729770999972],[153.369576294,-28.245064678999938],[153.36472867100008,-28.247341597999934],[153.3632736400001,-28.247692392999966],[153.360578862,-28.24834201699997],[153.35963304100005,-28.248240002999978],[153.3572892740001,-28.24926083699995],[153.35528068100007,-28.248549752999963],[153.35402247900004,-28.24835748299995],[153.353063388,-28.24881695299996],[153.351036979,-28.24907805899994],[153.34749650000003,-28.249017857999945],[153.3458557570001,-28.248441256999968],[153.34235980300002,-28.25012265099997],[153.34034041200005,-28.249956741999938],[153.3391100010001,-28.25053354399995],[153.3376740660001,-28.249557144999983],[153.33632827600002,-28.248999200999947],[153.33471231900012,-28.248329257999956],[153.33395545200005,-28.24678739799998],[153.33189540400008,-28.24611417099993],[153.33136692800008,-28.24420066099998],[153.33090549100007,-28.240534095999976],[153.3310371880001,-28.23886237199997],[153.3306923230001,-28.237988246999976],[153.33015600800002,-28.23738703799995],[153.3297713940001,-28.236861398999963],[153.32572268900003,-28.235923213999968],[153.32405447500003,-28.236138453999956],[153.3230474620001,-28.236702178999963],[153.322263087,-28.237424803999943],[153.32186802,-28.237788749999936],[153.31685471100002,-28.238519434999944],[153.31609039300008,-28.238049734999947],[153.31530969200003,-28.237768996999932],[153.3145680770001,-28.23717008999995],[153.313885,-28.237208273999954],[153.31347406300006,-28.23739993299995],[153.31331122300003,-28.237475883999934],[153.31204145800007,-28.237308439999936],[153.31056257000012,-28.23799962199996],[153.30790110300006,-28.23824739899993],[153.30694483600007,-28.23875866399993],[153.30476654000006,-28.23968261799996],[153.30037239700005,-28.238013799999976],[153.29898146300002,-28.236311125999976],[153.29838737700004,-28.23554199499995],[153.29802093500007,-28.235134708999965],[153.29723877300012,-28.234561139999983],[153.296194269,-28.23379499699996],[153.293154812,-28.233605051999973],[153.2915152160001,-28.23374586799997],[153.28974574000006,-28.234312536999937],[153.28984069000012,-28.23447058599993],[153.28983528100002,-28.234471188999976],[153.2892345560001,-28.23453895199998],[153.28887088600004,-28.234937729999956],[153.28879911400008,-28.23501641499996],[153.28817991100004,-28.23528876399996],[153.28755668500003,-28.235178084999973],[153.28660966400003,-28.235416286999964],[153.28401394200012,-28.23444195999997],[153.28343907700003,-28.234461144999955],[153.2819927270001,-28.23377943899993],[153.2803317910001,-28.233501152999963],[153.27960379500007,-28.233480618999977],[153.27794405100008,-28.23383943799996],[153.27720673500005,-28.23419221499995],[153.2771958190001,-28.234784178999973],[153.2766959820001,-28.235576435999974],[153.27549630500005,-28.23639797499993],[153.27499032800006,-28.236908204999963],[153.27473750000001,-28.23766010999998],[153.27424167200002,-28.237996488999954],[153.27354198800003,-28.238106496999933],[153.27330420200008,-28.238143883999953],[153.27243553900007,-28.238159708999945],[153.26996625300012,-28.238761894999982],[153.26906000100007,-28.23859848099994],[153.26807014000008,-28.23949268499996],[153.26729826000008,-28.239987543999973],[153.26534381600004,-28.241240515999948],[153.26522683400003,-28.24188883499994],[153.26401130200009,-28.243465303999983],[153.26114231500003,-28.243576227999938],[153.25478514500003,-28.245311809999976],[153.25408125100012,-28.245672790999947],[153.2527431640001,-28.246079703999953],[153.25244564000002,-28.246205216999954],[153.2522831430001,-28.246310336999954],[153.25146059100007,-28.246558448999963],[153.2509442060001,-28.246547391999968],[153.2504066020001,-28.246509713999956],[153.25028204300008,-28.24687149199997],[153.249736825,-28.24748069599997],[153.24889106600006,-28.247360197999967],[153.248605321,-28.24718212199997],[153.24772542200003,-28.247014259999958],[153.24734482400004,-28.246984985999973],[153.24652729500008,-28.246669296999983],[153.2460672510001,-28.246748623999963],[153.24505378600008,-28.246830557999942],[153.24422574300002,-28.24721625899997],[153.24393088600004,-28.247286994999968],[153.24377674900006,-28.247540560999937],[153.24384379700007,-28.24797732099995],[153.243625435,-28.24830203199997],[153.24318777300005,-28.24846351599996],[153.24281244200006,-28.248643991999984],[153.24272641100004,-28.24882679899997],[153.242568451,-28.24899597999996],[153.24244500200007,-28.249075215999937],[153.24083751000012,-28.250501704999976],[153.23907105900003,-28.251838472999964],[153.23870473600005,-28.25245739999997],[153.23842780600012,-28.252787445999957],[153.23806367300006,-28.253288005999934],[153.2369360350001,-28.254504505999932],[153.23651739500008,-28.255226153999956],[153.2362453820001,-28.25556709999995],[153.235620755,-28.256625551999946],[153.23581660800005,-28.257341723999957],[153.23538330500003,-28.25877968599997],[153.23549494300005,-28.259250376999944],[153.235316301,-28.259912345999965],[153.23509077900007,-28.26057628199993],[153.2349555730001,-28.261116739999977],[153.23471165600006,-28.261949475999984],[153.23451291900005,-28.262846599999932],[153.23336347400004,-28.264331530999982],[153.23284375100002,-28.26506293999995],[153.23164545200007,-28.265113439999936],[153.23121018900008,-28.26506150199998],[153.23001252300003,-28.264855842999964],[153.22909714600007,-28.264456],[153.22791692900012,-28.264265592999948],[153.22710129900008,-28.264195706999942],[153.22679946800008,-28.26412195399996],[153.22626698300007,-28.26398963799994],[153.22554667600002,-28.26412370299994],[153.22471651000012,-28.263962382999978],[153.22410498800002,-28.263827102999983],[153.2237283390001,-28.263769323999952],[153.22309925700006,-28.263590181999973],[153.22276790700005,-28.26350949199997],[153.22216089300002,-28.26341636799998],[153.22197746000006,-28.263394894999976],[153.2211789900001,-28.26336119599995],[153.21993578600006,-28.26332829399996],[153.2193219180001,-28.26323615299998],[153.21884544600005,-28.263373250999962],[153.21854873400002,-28.263365360999956],[153.21822307600007,-28.26321162599993],[153.21793094600002,-28.26276258699994],[153.21766853700012,-28.262164051999946],[153.21625514000004,-28.26108386599998],[153.21531810300007,-28.260227979999968],[153.2147806040001,-28.26017690599997],[153.21418675500001,-28.25962876699998],[153.21396016800009,-28.259455294999952],[153.21364847300003,-28.25916607099998],[153.21341184300002,-28.25878948899998],[153.21318474100008,-28.258519956999976],[153.213081804,-28.25838188299997],[153.2125012030001,-28.257757501999947],[153.21195979900006,-28.25747665199998],[153.21139082800005,-28.25746897099998],[153.2083326710001,-28.253799082999933],[153.20778369000004,-28.25361222199996],[153.2073841230001,-28.25294882099996],[153.20724159300005,-28.252720505999946],[153.20739173100003,-28.25205255399993],[153.20742256900007,-28.25001251799995],[153.2071711640001,-28.249601774999974],[153.20700054500003,-28.24852326599995],[153.20711552300008,-28.246590219999973],[153.2064862320001,-28.24621351199994],[153.20560928500004,-28.24452583599998],[153.20359512400012,-28.24312936599995],[153.2030932980001,-28.242402822999964],[153.202563875,-28.24146068899995],[153.2016688230001,-28.24126209399998],[153.19997386800003,-28.239501230999963],[153.19977511600007,-28.238613784999984],[153.19972173200006,-28.236407407999934],[153.19914822500004,-28.235307656999964],[153.19906295300007,-28.235009558999934],[153.1988818520001,-28.23378649299997],[153.19785595200005,-28.232188298999972],[153.19763526500003,-28.231304190999936],[153.1978201290001,-28.229813090999983],[153.19812434400012,-28.229282311999953],[153.1982663230001,-28.228829040999983],[153.1982754500001,-28.227941192999936],[153.1985643170001,-28.227366506999942],[153.19861751400003,-28.226695656999937],[153.19833107600004,-28.225924498999973],[153.1980664460001,-28.224751613999956],[153.197458449,-28.22421668499993],[153.19725352800003,-28.223664946999975],[153.1968262900001,-28.223157211999933],[153.19634862700002,-28.22203800099993],[153.19548588700002,-28.221092461999945],[153.19511051900008,-28.220267757999977],[153.1947001630001,-28.217671140999983],[153.19503376300008,-28.217382244999953],[153.1952602980001,-28.216477982999947],[153.19487080500005,-28.214291698999943],[153.19412354200006,-28.213763981999932],[153.19354152500011,-28.213108680999937],[153.19301310700007,-28.211664586999973],[153.1918365570001,-28.210351645999935],[153.19144191500004,-28.21027847399995],[153.19069513600004,-28.209741553999947],[153.19063023400008,-28.20635717999994],[153.19041469600006,-28.20579057799995],[153.18980015800003,-28.20509231699998],[153.18857637000008,-28.20328419499998],[153.1885138230001,-28.202888204999965],[153.18948233100002,-28.200499339999965],[153.18883052400008,-28.199701151999932],[153.19264471500003,-28.20113575399995],[153.19429364000007,-28.200649692999946],[153.19416163100004,-28.199545159999957],[153.19349338100005,-28.198357879999946],[153.1926951480001,-28.196510820999947],[153.19270452800004,-28.195506773999966],[153.1924391550001,-28.194516784999962],[153.1924455840001,-28.193913176999956],[153.19256150800004,-28.193733080999948],[153.19254966200003,-28.192974998999944],[153.1934530740001,-28.191589243999942],[153.19121619400005,-28.19204813099998],[153.18990554000004,-28.192124022999963],[153.18982621400005,-28.19212861999995],[153.18903705600007,-28.19234388999996],[153.18856743100002,-28.19203849799993],[153.18812675100003,-28.19221412299993],[153.1866499350001,-28.192482894999955],[153.184295678,-28.192902146999984],[153.1841412880001,-28.192448472999956],[153.18454774600002,-28.19139603399998],[153.18523729800006,-28.189939504999984],[153.18596622500002,-28.18845691399997],[153.1860685140001,-28.18818349999998],[153.18660210300004,-28.18705632399997],[153.18675008600007,-28.186539618999973],[153.18679359700002,-28.18654271099996],[153.18693352700006,-28.18604744099997],[153.18689709300008,-28.186020275999965],[153.18706103600005,-28.184967322999967],[153.18708348500002,-28.184527209999942],[153.18716505400005,-28.184178343999974],[153.18715393800005,-28.18343787499998],[153.18711794400008,-28.18299955799995],[153.1871680050001,-28.182752689999973],[153.1871609860001,-28.182437060999973],[153.18727638100006,-28.181865236999954],[153.1874195370001,-28.18139906899995],[153.18766405700012,-28.180102585999975],[153.18786171400006,-28.179744063999976],[153.18824065800004,-28.17913298899998],[153.18849823200003,-28.178970610999954],[153.1890265300001,-28.17888007199997],[153.19106138000006,-28.179102635999982],[153.19174602900011,-28.179027272999974],[153.1931140370001,-28.17983364199995],[153.19323242600012,-28.17974831799995],[153.19297862300004,-28.179220346999955],[153.1929195250001,-28.178992791999974],[153.19237134900004,-28.178916124999944],[153.19231828600005,-28.178908711999952],[153.19194064600003,-28.178605085999948],[153.1927735160001,-28.177785134999965],[153.1928782340001,-28.177581092999958],[153.19288073000007,-28.17756534299997],[153.19288235400006,-28.177555052999935],[153.19286982200003,-28.177531210999973],[153.19284466200008,-28.177517256999977],[153.19278062400008,-28.177313698999967],[153.192813988,-28.17731476499995],[153.19284424500006,-28.177302276999967],[153.1928647860001,-28.177278956999942],[153.19296823700006,-28.177077388999976],[153.1930174040001,-28.17694108099994],[153.193148005,-28.176580367999975],[153.19332584300003,-28.17608740099996],[153.1933304470001,-28.176022527999976],[153.1930509760001,-28.175566708999952],[153.19285676200002,-28.175249537999946],[153.19266220500003,-28.17493227799997],[153.19251636700005,-28.174694461999934],[153.19246758100007,-28.17461491299997],[153.19246574800002,-28.174434563999966],[153.19246492800005,-28.17434438999993],[153.1924615380001,-28.173970682999936],[153.1924612030001,-28.173934130999953],[153.19245939200005,-28.173734320999984],[153.19245764100003,-28.17354499399994],[153.19251954100002,-28.173441319999938],[153.19277224200005,-28.17301808899998],[153.1929015920001,-28.173078766999936],[153.19290608400001,-28.173080874999982],[153.193624805,-28.171877434999942],[153.19369924300008,-28.171761421999975],[153.19384841900012,-28.171525066999948],[153.19426513700012,-28.170894957999963],[153.19440677300008,-28.17070174899993],[153.19443875800005,-28.170658125999978],[153.1946427030001,-28.17044111299998],[153.19480025300004,-28.170308939999984],[153.19487414800005,-28.170246943999928],[153.1949730990001,-28.17003194199998],[153.19500022700004,-28.16997300099996],[153.19508017200008,-28.169685758999947],[153.19511228400006,-28.169391273999963],[153.19512233500006,-28.16901461799995],[153.19513485200002,-28.16854534299995],[153.19513742300012,-28.168448782999974],[153.1951900680001,-28.168250910999973],[153.19518641800005,-28.16815853099996],[153.19530369000006,-28.16771916299996],[153.19535370500012,-28.167635768999958],[153.19542474700006,-28.16736870999995],[153.19554812800004,-28.166904918999933],[153.19564833900006,-28.16692134699997],[153.19676030800008,-28.165551550999965],[153.19766311000012,-28.164404093999963],[153.19801313800008,-28.164437844999952],[153.198310729,-28.164174831999958],[153.19856565800012,-28.163304238999956],[153.19851913700006,-28.162758983999936],[153.19790452400002,-28.16203544299998],[153.19680390100007,-28.161649375999957],[153.19627955200008,-28.16155843399997],[153.19527005100008,-28.160632050999936],[153.19499955800006,-28.160383834999948],[153.1953356020001,-28.160291507999943],[153.19533772500006,-28.15939861499993],[153.1948472910001,-28.158030150999934],[153.1940635940001,-28.15800666699994],[153.19410333500002,-28.15796013099998],[153.1942376390001,-28.15780286399996],[153.19454499800008,-28.15744294899997],[153.1946528300001,-28.156721053999945],[153.19486193800003,-28.155920898999966],[153.19477754600007,-28.154856866999978],[153.194976246,-28.154275281999958],[153.1952335210001,-28.154318427999954],[153.1957996100001,-28.15195641699995],[153.19579928400003,-28.15176404999994],[153.1957984400001,-28.15126097899997],[153.19600319100005,-28.151129708999974],[153.19626589000006,-28.15096127199996],[153.19655656600003,-28.150774940999952],[153.19664768000007,-28.150347858999965],[153.1973249,-28.14716619999996],[153.19868282900006,-28.139588705999984],[153.1993407970001,-28.135879620999958],[153.20008977500004,-28.13168560699995],[153.20039621000012,-28.129982992999942],[153.1995053820001,-28.129848464999952],[153.1999130480001,-28.127727731999983],[153.20013409900002,-28.126628681999932],[153.20054885100012,-28.124576806999983],[153.20123626400004,-28.12126883899998],[153.200687753,-28.121180272999936],[153.20038842500003,-28.12113194899996],[153.20041725900012,-28.121008596999957],[153.20031591600002,-28.120745442999976],[153.20033624200005,-28.120696365999947],[153.20027625700004,-28.12058497199996],[153.20047883100005,-28.120138905999966],[153.20073029500008,-28.119672566999952],[153.2008597570001,-28.119181155999968],[153.2013918990001,-28.118342026999983],[153.2016925380001,-28.11786275299994],[153.20216442800006,-28.11744596799997],[153.20246928300003,-28.117111466999972],[153.20270533200005,-28.117281384999956],[153.2028206970001,-28.11715539499994],[153.20578993200002,-28.117842576999976],[153.20604363200005,-28.11628950399995],[153.20986433500002,-28.11683090899993],[153.21407584100007,-28.11741929599998],[153.2142413260001,-28.116495274999977],[153.21464070700006,-28.11426513699996],[153.2156574810001,-28.108587161999935],[153.21576622300006,-28.10833171099995],[153.21786477600006,-28.108881011999983],[153.21954648200006,-28.11032078599993],[153.22053720100007,-28.11089114999993],[153.22096139200005,-28.11096523899994],[153.2213116810001,-28.111218804999965],[153.22180155,-28.108470463999936],[153.2220317660001,-28.107178801999964],[153.22278734400004,-28.102939323999976],[153.22371611900007,-28.10307503699994],[153.22912991900012,-28.10048206299996],[153.2298935220001,-28.099967929999934],[153.22832738700004,-28.09740217999996],[153.22753053300005,-28.097249956999974],[153.22842337400004,-28.09324184199994],[153.2288769060001,-28.09331151999993],[153.22961284500002,-28.08956788699993],[153.2315466350001,-28.08986347499996],[153.23243996700012,-28.085314238999956],[153.22942986700002,-28.08485099099994],[153.22924597200006,-28.084023164999962],[153.2294518530001,-28.082968608999977],[153.22948677400007,-28.082789787999957],[153.22209150800006,-28.081663274999983],[153.22161774800009,-28.081590974999983],[153.22114183400004,-28.08151847299996],[153.21688173500002,-28.080869295999946],[153.216859719,-28.080865994999954],[153.2166579200001,-28.080835253999965],[153.21335959200007,-28.08033257099993],[153.2143751740001,-28.075077154999974],[153.2144101770001,-28.07489600899993],[153.21474343400007,-28.07317128899996],[153.21619410100004,-28.065669715999945],[153.21995899700005,-28.066235967999944],[153.2199981430001,-28.066078812999933],[153.2201602890001,-28.06487642299993],[153.2199103900001,-28.064139001999933],[153.2198747540001,-28.062935941999967],[153.21943438800008,-28.06182216899998],[153.21897652000007,-28.061291836999942],[153.21598825600006,-28.06002094699994],[153.21609863600008,-28.059866518999968],[153.2200845630001,-28.06045367699994],[153.22512833700011,-28.061196499999937],[153.22578524000005,-28.057659202999957],[153.22632684500002,-28.05475300699993],[153.22875529500004,-28.055107721999946],[153.22941672000002,-28.051558399999976],[153.22969853900008,-28.05004602899993],[153.23008497000012,-28.04797220399996],[153.23070211100003,-28.044660092999948],[153.23076225900002,-28.04433963599996],[153.23060390400008,-28.044316524999942],[153.22922275300004,-28.04005669999998],[153.22868718400002,-28.03959896599997],[153.22881537900003,-28.03945596699998],[153.22886339000001,-28.039462672999946],[153.2292675760001,-28.03951918499996],[153.2300961850001,-28.039635011999962],[153.2306087930001,-28.036748127999942],[153.23122157300008,-28.033297003999962],[153.23157555800003,-28.031303280999964],[153.23257805000003,-28.025656589999983],[153.23398625400011,-28.025364690999936],[153.23628466000002,-28.025950843999965],[153.2368032810001,-28.022992844999976],[153.23707164400003,-28.021462137999947],[153.23776187300007,-28.017524974999958],[153.23844413100005,-28.013641985999982],[153.23888246400008,-28.011155108999958],[153.21870238300005,-28.008334674999958],[153.2186396410001,-28.008325897999953],[153.21840727300003,-28.008295216999954],[153.21773009700007,-28.00820467699998],[153.21764788000007,-28.008193493999954],[153.21778868800004,-28.00757217499995],[153.21791346300006,-28.006956883999976],[153.21810056200002,-28.006005995999942],[153.21841410500008,-28.00527856599996],[153.21885365900005,-28.00455093499994],[153.21916764200012,-28.00404717899994],[153.2194189800001,-28.00371127699998],[153.21973329700006,-28.003375269999935],[153.21992105900006,-28.00275987499998],[153.220234021,-28.001752861999933],[153.22042211100006,-28.001305222999974],[153.220700748,-28.00041449899993],[153.22089929900005,-27.999692894999953],[153.22097193500008,-27.998623744999975],[153.22101391900003,-27.99753982699997],[153.22087866100003,-27.996779285999935],[153.22047242600001,-27.995848715999955],[153.22037752800009,-27.99516756199995],[153.22058668800003,-27.99455852899996],[153.22053401200003,-27.99437058099994],[153.2204746010001,-27.994362071999944],[153.21066884200002,-27.99295701799997],[153.21123744800002,-27.98982865399995],[153.2079341220001,-27.985768003999965],[153.20161534500005,-27.982637195999928],[153.20132669500003,-27.982683321999957],[153.20100267700002,-27.98179649399998],[153.20081177800012,-27.981565414999977],[153.20071738700005,-27.98094925199996],[153.20077386900005,-27.980541235999965],[153.2010433790001,-27.980182094999975],[153.20134512800007,-27.979882000999964],[153.20164803900002,-27.979733212999975],[153.20180055900005,-27.979330105999964],[153.20212506200005,-27.97905784699998],[153.2030602220001,-27.978722093999977],[153.20352951900009,-27.97835795499998],[153.20653988100003,-27.97878990199996],[153.21676817000002,-27.980257018999964],[153.21901762700008,-27.98076326499995],[153.22512209600006,-27.981638379999936],[153.22593447100007,-27.977172464999967],[153.22015657600002,-27.976240359999963],[153.22062080000012,-27.97386634399993],[153.220788125,-27.973043643999972],[153.22094928100012,-27.972250551999934],[153.2210224900001,-27.97189022699996],[153.2211521150001,-27.971252240999945],[153.22119788400005,-27.97102525899993],[153.2212144770001,-27.970943011999964],[153.22139436400005,-27.970059655999933],[153.22153038900012,-27.969393641999943],[153.22177354600012,-27.968115464999983],[153.22222148200012,-27.968127765999952],[153.2225241100001,-27.967956096999956],[153.22272491800004,-27.967774376999955],[153.22298641800012,-27.967325225999957],[153.22311714600005,-27.96710068799996],[153.2231308480001,-27.96699701299997],[153.2231855660001,-27.966582827999957],[153.22319308400006,-27.966547340999966],[153.2232597510001,-27.96623283699995],[153.223002908,-27.965713926999967],[153.22257184700004,-27.965964742999972],[153.22214786400002,-27.966263674999936],[153.22225678400002,-27.965724818999945],[153.22251943900005,-27.965567216999943],[153.22298075700007,-27.96520133399997],[153.223133576,-27.964995012999964],[153.22331794000002,-27.96474610399997],[153.22334419600008,-27.964345254999955],[153.22336366500008,-27.964048169999955],[153.2235008450001,-27.963794976999964],[153.223589,-27.963632278999967],[153.22365339500004,-27.963459410999974],[153.22371724700008,-27.963287994999973],[153.22404525100012,-27.962847091999947],[153.2236568080001,-27.962543756999935],[153.22332963000008,-27.962253347999933],[153.22301230300002,-27.96226459099995],[153.2227479930001,-27.96229167399997],[153.2227635800001,-27.961929984999983],[153.22277737100012,-27.96160992299997],[153.22280204700007,-27.961037114999954],[153.22288164200006,-27.95919504799997],[153.22316300700004,-27.95889914099996],[153.2232011010001,-27.95828910299997],[153.22160538800006,-27.958042890999934],[153.2218995820001,-27.957972430999973],[153.22218426100005,-27.957904257999928],[153.22229137800002,-27.95787859799998],[153.22238193300007,-27.957889557999977],[153.22276934,-27.95793645899994],[153.22289366100006,-27.957951501999958],[153.22320660000003,-27.957895003999965],[153.22392166200007,-27.95754507999993],[153.22404318100007,-27.957554676999962],[153.2243605760001,-27.957579717999977],[153.22458716200003,-27.95778555499993],[153.2249602270001,-27.95764263799998],[153.22471507400007,-27.95714210099993],[153.22447498700012,-27.957121856999947],[153.22402781800008,-27.957024358999945],[153.2240331150001,-27.956997499999943],[153.22404999100002,-27.956911117999937],[153.22411598100007,-27.956556097999965],[153.22420305600008,-27.956506312999977],[153.2242901310001,-27.956456534999973],[153.22520077800004,-27.956105865999973],[153.2249665910001,-27.955715157999975],[153.2247157820001,-27.955296703999977],[153.2244457280001,-27.954846136999947],[153.22425463600007,-27.954527303999953],[153.22423038400007,-27.954299167999977],[153.22420556600002,-27.954065643999968],[153.2239797620001,-27.953753665999955],[153.22376663800003,-27.95345923399998],[153.22354727000004,-27.953156143999934],[153.22337297100012,-27.952915341999983],[153.22235806100002,-27.95292390999998],[153.22234789800007,-27.952014893999944],[153.22204034700007,-27.951778933999947],[153.222444794,-27.95136366899993],[153.22208250200003,-27.95108591899998],[153.222125537,-27.950817950999976],[153.2221585200001,-27.95063870499996],[153.2217221850001,-27.950583301999927],[153.22116015000006,-27.95005611399995],[153.2210741030001,-27.949446319999936],[153.22033370200006,-27.948581136999962],[153.22002848900001,-27.947585038999932],[153.21983004300012,-27.947629071999984],[153.21913332400004,-27.951229437999928],[153.20659895300003,-27.94923271899995],[153.20823573400003,-27.94113221699996],[153.21058994600003,-27.94147474999994],[153.21101400400005,-27.93940407699995],[153.2122353410001,-27.933439960999976],[153.21374850300003,-27.92585292399997],[153.21375154300006,-27.92585338599997],[153.2147903990001,-27.92601269499994],[153.21506034100003,-27.924829415999966],[153.21520579200012,-27.924191906999965],[153.21533408300002,-27.923629611999957],[153.21553454800005,-27.92275075599997],[153.21567190000007,-27.922148577999963],[153.2157133180001,-27.921967103999975],[153.2153818490001,-27.921412631999942],[153.21514009200007,-27.921007938999935],[153.21488937300012,-27.92058835199998],[153.21477906000007,-27.920403688999954],[153.21424728300008,-27.919513336999955],[153.21332862600002,-27.919374993999952],[153.2135823110001,-27.918048059999933],[153.21283749100007,-27.91792606499996],[153.21257051500004,-27.91788550399997],[153.21297198900004,-27.91576614099995],[153.21330500800002,-27.914008064999962],[153.21360973000003,-27.912399342999947],[153.21364866700003,-27.912193781999974],[153.21373759000005,-27.911724342999946],[153.2154402120001,-27.902734711999983],[153.21169397100005,-27.902165381999964],[153.21184129900007,-27.901416024999946],[153.21209760600004,-27.900112373999946],[153.2104597450001,-27.89985263999995],[153.20852600000012,-27.89954593699997],[153.20832482700007,-27.89951410799995],[153.206362269,-27.899203641999975],[153.2060389290001,-27.899152485999934],[153.2053728840001,-27.899047112999938],[153.20503868100002,-27.898994331999972],[153.2049381500001,-27.898978454999963],[153.2041019720001,-27.89884696699994],[153.20316212600005,-27.898699161999957],[153.1982653970001,-27.89795244299995],[153.1979970640001,-27.897911516999955],[153.1949938240001,-27.897453438999946],[153.19505108200008,-27.89716367899996],[153.19023972200011,-27.89640497099998],[153.18453759200008,-27.89560918099994],[153.18363442500004,-27.895481790999952],[153.1832777290001,-27.89543146999995],[153.18068917300002,-27.895066286999963],[153.18168972700005,-27.89383943699994],[153.18229775400005,-27.89259256799994],[153.18334537400006,-27.89134589899993],[153.18334483700005,-27.890990528999964],[153.18334383900003,-27.890313143999947],[153.183726717,-27.889146636999953],[153.1846993150001,-27.887655335999966],[153.18477611600008,-27.88602760799995],[153.18468887000006,-27.884941655999967],[153.18583795000006,-27.882718342999965],[153.1862743160001,-27.881227965999983],[153.1863471690001,-27.87910764999998],[153.18574046800006,-27.878014433999965],[153.1862976750001,-27.876783701999955],[153.18632286500008,-27.876728105999973],[153.18637101800005,-27.875189620999947],[153.18542414,-27.87374621999993],[153.18894587500006,-27.855091164999976],[153.18107810000004,-27.85391727399997],[153.18202345200007,-27.84853986199994],[153.180634746,-27.84832412299994],[153.18145440000012,-27.84415594799998],[153.18149835100007,-27.84398164199996],[153.18115078900007,-27.84365252699996],[153.18096561900006,-27.84346495899996],[153.18078035300005,-27.84323044499996],[153.1806215370001,-27.84301936999998],[153.180489028,-27.842737841999963],[153.1804355480001,-27.842338810999934],[153.18054040700008,-27.841869163999945],[153.18064538600004,-27.84146993899998],[153.18064488700008,-27.841164748999972],[153.1805123260001,-27.84085972899993],[153.18035355400002,-27.840672130999963],[153.18000980700003,-27.840414347999968],[153.17969266500006,-27.840273903999957],[153.1793776400001,-27.840238006999982],[153.17920691100005,-27.840241963999972],[153.17902577200005,-27.84024712699994],[153.17890017000002,-27.840210230999958],[153.17882472600002,-27.840196119999973],[153.1783992600001,-27.840083250999953],[153.17822903,-27.84000786599995],[153.17809062800006,-27.839894631999982],[153.17787749600006,-27.83959247399997],[153.17766468500008,-27.839479351999955],[153.17732440200007,-27.839441979999947],[153.17701615700003,-27.83948963399996],[153.17646343600006,-27.83956594999995],[153.17612309300011,-27.839490773999955],[153.17569769500005,-27.839415693999968],[153.17556993200003,-27.839302459999942],[153.17552716600005,-27.839151302999937],[153.1755375150001,-27.83897172099995],[153.17557974500005,-27.838792102999946],[153.17566442800012,-27.83856518799996],[153.17574925300005,-27.838413858999957],[153.1758338090001,-27.838111327999968],[153.1759609610001,-27.837846541999966],[153.17604565200008,-27.83761961199997],[153.17604528700008,-27.837392786999942],[153.17595986600008,-27.837166087999947],[153.1757306710001,-27.836837911999964],[153.1754649610001,-27.836581328999955],[153.17526772200006,-27.836434425999983],[153.175076041,-27.83628829099996],[153.17486311200003,-27.836099544999968],[153.174479839,-27.83575979099993],[153.17362827500006,-27.835099311999954],[153.1731522350001,-27.83476097399995],[153.17290749100005,-27.834403866999935],[153.17309350200003,-27.83404822899996],[153.17330632000005,-27.83378733199993],[153.1735190490001,-27.833479041999965],[153.1737585180001,-27.833218106999936],[153.17421085800004,-27.832743661999928],[153.17442370600008,-27.832506457999955],[153.17466294400003,-27.832103365999956],[153.17478718300003,-27.831813262999958],[153.17488939700002,-27.831460358999948],[153.1750451370001,-27.83092652499994],[153.17527898100002,-27.830276587999947],[153.17551308500003,-27.829789051999967],[153.17566907800006,-27.82941761799998],[153.17608453000003,-27.82883893899998],[153.17640408500006,-27.828431853999973],[153.17724881000004,-27.82747508799997],[153.1776140300001,-27.827027270999963],[153.17818476700006,-27.82637585899994],[153.17851838900003,-27.82606509599998],[153.1790264660001,-27.825527111999975],[153.18004265100012,-27.824479432999965],[153.18051885500006,-27.82391320399995],[153.1809313560001,-27.823290506999967],[153.18175678500006,-27.822327907999977],[153.18255830300006,-27.82138615399998],[153.1831873330001,-27.820322277999935],[153.1833458000001,-27.820011111999975],[153.1832810620001,-27.819332714999973],[153.1830579760001,-27.819022054999948],[153.18267523300005,-27.81831582199993],[153.18216583600008,-27.817920717999982],[153.18172037400007,-27.817723417999957],[153.181530779,-27.817568534999964],[153.18153875100006,-27.817415581999967],[153.1814444040001,-27.817082116999984],[153.18120907800005,-27.816582048999976],[153.18102072700003,-27.816123628999947],[153.18078519900007,-27.81549847399998],[153.180550239,-27.81520689499996],[153.1791893830001,-27.814708286999974],[153.178579441,-27.814542287999927],[153.1778286760001,-27.814293073999977],[153.177593655,-27.81395978699993],[153.1774524210001,-27.813626388999978],[153.17717002900008,-27.813001284999928],[153.17684127300004,-27.812709825999946],[153.17674694100003,-27.812376366999956],[153.1768870940001,-27.81204260399994],[153.17749627500007,-27.811749936999945],[153.17787102500006,-27.811499262999973],[153.17803202400012,-27.81126498699996],[153.1778868130001,-27.810694517999934],[153.17775528700008,-27.810393096999974],[153.1775342520001,-27.81005294099998],[153.17718479000007,-27.80963107399998],[153.17680183000004,-27.809149915999967],[153.17648269900008,-27.808753685999932],[153.17617633200007,-27.808363096999983],[153.17573592000008,-27.80799976199995],[153.17546194800002,-27.80775770799994],[153.1751545510001,-27.80746139799993],[153.17474133500002,-27.807198101999973],[153.1742247640001,-27.80683169699995],[153.17391488700002,-27.806648569999936],[153.17381146500009,-27.80651105399994],[153.17350157300007,-27.806327911999972],[153.172881812,-27.805961639999964],[153.17210703400008,-27.80545790599996],[153.17174534600008,-27.805137188999936],[153.17076413400002,-27.804587841999933],[153.17036064800004,-27.804209344999947],[153.16996356900006,-27.803898663999973],[153.16944989600006,-27.803629600999955],[153.169248239,-27.803285547999963],[153.16912890300011,-27.803014994999955],[153.16903696300005,-27.802659132999963],[153.16897975000006,-27.802342460999967],[153.1689269860001,-27.80191220499995],[153.168935271,-27.801506035999978],[153.1689161820001,-27.801210203999972],[153.1689503880001,-27.80084345599994],[153.16901266700006,-27.800569222999968],[153.16914047500006,-27.80037114199996],[153.1695209830001,-27.79989818599995],[153.17006278200006,-27.79940445099993],[153.17094658500002,-27.799010426999928],[153.1719794290001,-27.798662484999966],[153.17253922800012,-27.798415527999964],[153.17322610500003,-27.798050031999935],[153.17415987800007,-27.797648997999943],[153.1751045960001,-27.797300228999973],[153.1758855810001,-27.797024549999946],[153.17658480300008,-27.796844260999933],[153.17712111100002,-27.796739155999944],[153.17756123900006,-27.79663111499997],[153.17820579600004,-27.796412156999963],[153.1788229130001,-27.796131061999972],[153.17951554100011,-27.795788200999937],[153.18010965100007,-27.79547566399998],[153.18041822400005,-27.795346328999983],[153.18074580300004,-27.79527862599997],[153.1810482080001,-27.795233378999967],[153.1814198950001,-27.795165622999946],[153.18172852800012,-27.79507551599994],[153.1819362870001,-27.79495191799998],[153.18210622000004,-27.79482835799996],[153.18225091800002,-27.79468240799997],[153.182351508,-27.79454213599996],[153.1824191070001,-27.794331150999938],[153.18255692800005,-27.793843248999963],[153.18273868500012,-27.79324317199996],[153.18286951700009,-27.792695978999973],[153.1830262100001,-27.792191231999936],[153.1833202250001,-27.79140953999996],[153.1836601430001,-27.790372082999966],[153.1840023630001,-27.78941618899995],[153.18424087900007,-27.788860890999956],[153.1844483110001,-27.788557882999953],[153.18486336000012,-27.788064005999956],[153.18549669000004,-27.78741043399998],[153.18599977500003,-27.78680990999993],[153.18630791600003,-27.78645071699998],[153.18691058600007,-27.785874615999944],[153.18733203600004,-27.78544799599996],[153.18794007000008,-27.784906427999942],[153.1884056870001,-27.78451898299994],[153.18886428500002,-27.78404837399995],[153.18948690800005,-27.78336919399993],[153.19002789400008,-27.782852704999982],[153.1905613780001,-27.782321500999956],[153.19103202400004,-27.781851287999928],[153.19138961400006,-27.781530621999934],[153.1920688020001,-27.781022037999946],[153.19243930400012,-27.780736918999935],[153.1926758310001,-27.78051568899997],[153.19285438400004,-27.78025865099994],[153.19298650500002,-27.78002222999993],[153.19301962300005,-27.779624427999977],[153.19301242500012,-27.779389339999966],[153.19285894300003,-27.77904387199993],[153.1927199380001,-27.778825427999948],[153.1925494090001,-27.778595822999932],[153.192272225,-27.77827817499997],[153.19196282500002,-27.777903008999942],[153.19158288300002,-27.77748904699996],[153.1912254780001,-27.777221250999958],[153.19087501800004,-27.77712308899993],[153.1905645820001,-27.77708997899998],[153.1901725770001,-27.77703842099993],[153.18985748500006,-27.77699961099995],[153.18959917300003,-27.777011181999967],[153.1888999670001,-27.777113045999954],[153.1886237660001,-27.777134674999957],[153.18819947800012,-27.777098844999955],[153.1878458440001,-27.77707214999998],[153.18751783200003,-27.77692974699994],[153.18723991800005,-27.776745605999963],[153.18694182000002,-27.77649005799998],[153.18678091700008,-27.776276002999964],[153.18661047800003,-27.776014695999947],[153.186484123,-27.77581305399997],[153.18640812700005,-27.775588910999943],[153.18637008500002,-27.77544321499994],[153.18638880800006,-27.775342273999968],[153.1864514450001,-27.775123554999936],[153.18651154200006,-27.774959991999935],[153.18672501600008,-27.774575556999935],[153.18690099800006,-27.774323049999964],[153.18707077500005,-27.774120996999955],[153.18727220900007,-27.77401982599997],[153.18744860900006,-27.774008373999948],[153.1877826330001,-27.77406398499994],[153.18833268000003,-27.774116362999962],[153.18874626900003,-27.774073864999934],[153.18945449900002,-27.774081829999943],[153.19054439900003,-27.774057994999964],[153.19147833700004,-27.773886877999928],[153.19221121300006,-27.773635583999976],[153.19281335400012,-27.773295092999945],[153.19334160800008,-27.772904428999936],[153.19357292600012,-27.77267204599997],[153.19369314100004,-27.772484171999963],[153.19376292300012,-27.77218017299998],[153.1937825860001,-27.771938818999956],[153.19365088200004,-27.771313319999933],[153.19353919000002,-27.770634169999937],[153.19349824900007,-27.77020519599995],[153.19348705800007,-27.76960999099998],[153.19342589600012,-27.769109535999974],[153.19330448900007,-27.768618102999937],[153.1932739120001,-27.768367874999967],[153.19330344600007,-27.768028180999977],[153.19339337500003,-27.76775990799996],[153.19358284300006,-27.767487007999932],[153.19394326500003,-27.766816134999942],[153.1946375020001,-27.76635069699995],[153.19510276900007,-27.766281033999974],[153.19599823200008,-27.766126562999943],[153.19652005500006,-27.76584873799993],[153.19689118400004,-27.76555325499993],[153.19730229900006,-27.76515044699994],[153.19764383400002,-27.764730360999977],[153.19797215100004,-27.764099422999948],[153.1980502780001,-27.76364893899995],[153.19810065900003,-27.762967553999943],[153.19812588700006,-27.762645993999968],[153.1983278570001,-27.761955168999975],[153.19858646800003,-27.76045976299997],[153.19876540100006,-27.75951791199998],[153.19885050100004,-27.759008716999972],[153.19878907100008,-27.758342798999934],[153.19866779100005,-27.757876005999947],[153.19843426700004,-27.75717971199998],[153.19801047800001,-27.755921032999936],[153.19766498700005,-27.755140695999955],[153.19747472900008,-27.75457830399995],[153.19726722400003,-27.75399680099997],[153.19721469,-27.753483969999934],[153.19723965700007,-27.75301696799994],[153.19726332000005,-27.751826536999943],[153.19740742200008,-27.750647429999958],[153.1975265420001,-27.74992766699995],[153.19755090500007,-27.74912765299996],[153.19747181000002,-27.748193826999966],[153.19744468200008,-27.74745896099995],[153.19746959700012,-27.74696898899998],[153.19753773200011,-27.74659378499996],[153.1976833550001,-27.746260579999955],[153.1979922710001,-27.74585441199997],[153.19838720400003,-27.745448116999967],[153.19900538600007,-27.74483480699996],[153.199487491,-27.744391393999933],[153.19974388000003,-27.74417156399994],[153.20004926400009,-27.743861030999938],[153.2002243080001,-27.743577595999966],[153.2004781270001,-27.743189770999948],[153.20072170900005,-27.74257973999994],[153.2008812780001,-27.74193872199993],[153.20093056400003,-27.74142005699997],[153.20104681500004,-27.740895327999965],[153.20114418700007,-27.74030112899993],[153.2012500520001,-27.740008745999944],[153.20154210700002,-27.739801626999963],[153.20189450500004,-27.73967098099996],[153.20235024200008,-27.73961672599995],[153.20302993600012,-27.73965186299995],[153.20365603800008,-27.739630464999948],[153.20437348500002,-27.73956334299993],[153.2049423510001,-27.739430356999947],[153.2056099680001,-27.739176098999963],[153.206105029,-27.739039961999936],[153.20695813500004,-27.73897587199997],[153.20732927000006,-27.73896981499996],[153.207614002,-27.73905747799995],[153.207935979,-27.739222173999963],[153.2084807870001,-27.73945260599993],[153.208938804,-27.739584048999973],[153.2094214750001,-27.739671421999958],[153.21007708900004,-27.739615370999957],[153.21085618200004,-27.739437987999963],[153.21163497600003,-27.73910094599995],[153.2127185810001,-27.738619317999962],[153.21408315500003,-27.738348377999955],[153.2151960550001,-27.73806033799997],[153.2159504340001,-27.737905000999945],[153.21654395500002,-27.737738897999975],[153.21747100700009,-27.73731898999995],[153.21833622100007,-27.736910199999954],[153.21858641900008,-27.736751115999937],[153.21875608300002,-27.736524118999967],[153.21886685900006,-27.73623764399997],[153.21902718,-27.73598412299998],[153.2191876590001,-27.73580216499994],[153.2195827490001,-27.735405123999954],[153.21977994300005,-27.73503040399993],[153.21982885600005,-27.734744018999947],[153.21965481100005,-27.73432584699998],[153.21923207200007,-27.73326938499997],[153.2186847900001,-27.731794676999982],[153.21834877600008,-27.730793123999945],[153.2180132320001,-27.73002283099993],[153.2176780520001,-27.729439732999936],[153.21724407200008,-27.728933875999928],[153.2166240790001,-27.728197057999978],[153.2162889220001,-27.72761945999997],[153.2162295710001,-27.72738560099998],[153.21643623500006,-27.72704661399996],[153.216646297,-27.726925154999947],[153.21711644300012,-27.726957460999984],[153.2176485120001,-27.727022689999956],[153.21845288400004,-27.727164578999975],[153.21909617500012,-27.727174571999967],[153.21947948500008,-27.727085871999975],[153.2199239790001,-27.726904554999976],[153.22006727600012,-27.726850597999942],[153.22046860900002,-27.72668526999996],[153.22098899500008,-27.726174405999927],[153.2211838500001,-27.72592519099993],[153.22133549900002,-27.72568437299998],[153.221620066,-27.72523348699997],[153.2220469770001,-27.724859571999957],[153.2224153410001,-27.72456039399998],[153.2229094930001,-27.72426847299994],[153.22345398200002,-27.72399140799996],[153.22419179000008,-27.723716458999945],[153.2251215330001,-27.723425118999955],[153.22561611700007,-27.72334966699998],[153.2260521400001,-27.72334148599998],[153.22647139900005,-27.72333333499995],[153.22699143500006,-27.723399667999956],[153.22738591300003,-27.72357070299995],[153.2275790540001,-27.723708493999936],[153.22768857800008,-27.723954638999942],[153.22768929300003,-27.72429801399994],[153.22754059500005,-27.725380635999954],[153.22749172600004,-27.72607867299996],[153.22753461900004,-27.726541405999967],[153.2277113990001,-27.726869559999955],[153.22799706900003,-27.727137824999943],[153.2283160060001,-27.727271652999946],[153.2287269950001,-27.727308295999933],[153.22913761200005,-27.72717326099996],[153.22938880000004,-27.726993686999947],[153.2296565590001,-27.726709588999938],[153.2300497860001,-27.726287282999976],[153.23058552800012,-27.725838533999934],[153.23112139600005,-27.725449494999964],[153.2316405670001,-27.72510527099996],[153.2319751430001,-27.724701634999974],[153.23235983100005,-27.724208354999973],[153.23260044800008,-27.723836048999942],[153.23261000700006,-27.72355106499998],[153.23252557700005,-27.72328250099997],[153.23220608100007,-27.722879960999933],[153.23170175100006,-27.72231352299997],[153.23118091800006,-27.721866532999968],[153.23059333600008,-27.72157641499996],[153.22958647200005,-27.721279523999954],[153.22834495900008,-27.721042713999964],[153.22705328300003,-27.72088062699993],[153.22621424300007,-27.720628215999966],[153.22532457700004,-27.72022659199996],[153.22480562900012,-27.719985595999958],[153.22408796700006,-27.719611620999956],[153.2229338200001,-27.71913634899994],[153.22162451400004,-27.71863799399995],[153.221373437,-27.718560492999984],[153.22075592600004,-27.71840242899998],[153.21965117700006,-27.718245132999982],[153.2187901650001,-27.71814528599998],[153.2180430510001,-27.718146470999955],[153.2172149490001,-27.718263444999934],[153.21661423800003,-27.718380053999965],[153.21612695500005,-27.718366352999965],[153.21546065000007,-27.718164977999947],[153.2149076380001,-27.717760977999944],[153.2143056010001,-27.717198019999955],[153.21359234300007,-27.716438059999973],[153.21287603700011,-27.71557163199998],[153.2127359960001,-27.71528374199994],[153.21282579800004,-27.714790930999982],[153.2130689920001,-27.714573663999943],[153.21363695700006,-27.714326997999933],[153.21440009000003,-27.71422459699994],[153.21509845600008,-27.714223516999937],[153.2160567940001,-27.71427985799994],[153.2171126070001,-27.71435050499997],[153.21787603100006,-27.71439990899995],[153.2184498150001,-27.714369830999942],[153.219440318,-27.71426704299995],[153.220236085,-27.714236868999933],[153.22108875100002,-27.714242739999975],[153.22192043000007,-27.71435645899993],[153.2230576190001,-27.714506445999973],[153.2239837190001,-27.714678464999963],[153.22486112900003,-27.71486500499998],[153.22567448600012,-27.715128956999934],[153.22658599700003,-27.71530944699998],[153.2269596740001,-27.715373901999953],[153.22726826200005,-27.71537339599996],[153.22762541300006,-27.715300513999978],[153.22787688500011,-27.715169964999973],[153.22815250400004,-27.714938169999982],[153.22832237700004,-27.71461979199995],[153.22846750700012,-27.71412072199996],[153.22870138100006,-27.713343171999952],[153.228871023,-27.712916365999945],[153.2291624830001,-27.712496569999928],[153.22963271100002,-27.71213432299993],[153.23010317800004,-27.711887738999962],[153.23085792900008,-27.71168043499995],[153.23192930000005,-27.711432851999973],[153.2327572910001,-27.711301326999944],[153.23332539800003,-27.711155779999956],[153.23353618900012,-27.710996381999962],[153.23373049300005,-27.710721328999966],[153.23376189700002,-27.710215217999973],[153.23364720300003,-27.709738261999973],[153.23354910900002,-27.70943479999994],[153.23336960900008,-27.709030247999976],[153.23319030400012,-27.708719685999938],[153.2328147510001,-27.70814903799993],[153.23246108700005,-27.707783094999968],[153.23210980700003,-27.707277722999947],[153.2319545890001,-27.706905021999944],[153.23187461400005,-27.70664785799994],[153.23193411400007,-27.706217437999953],[153.23211674300012,-27.70578513299995],[153.23257839600012,-27.705372526999952],[153.23323956800004,-27.70515731699993],[153.2336290400001,-27.70502652199997],[153.23452160400007,-27.70473584499996],[153.23539785200012,-27.704409032999934],[153.23606748100008,-27.704080402999978],[153.23623868700008,-27.703809476999936],[153.2362776020001,-27.70346818099995],[153.23620418400003,-27.703127085999938],[153.2360278660001,-27.702860861999966],[153.2356820020001,-27.702461316999972],[153.23518840100007,-27.701831176999974],[153.23461838700007,-27.70099672699996],[153.23414085700006,-27.700148872999932],[153.23359226500008,-27.698559812999974],[153.2335616800001,-27.69821769699996],[153.23348656300004,-27.697753533999958],[153.23337692000007,-27.695994436999968],[153.2334516200001,-27.695202782999957],[153.23358939600007,-27.69467693599995],[153.23381349500005,-27.694246343999964],[153.23412132300007,-27.693985349999934],[153.23461331400006,-27.693956240999967],[153.235359699,-27.69419389199993],[153.23659498300003,-27.694741226999952],[153.23747233300003,-27.69497106999995],[153.2384640130001,-27.69510755699997],[153.23941514600006,-27.695330954999974],[153.2408140440001,-27.695939175999968],[153.2416091030001,-27.696164504999956],[153.24156523400006,-27.69623848899994],[153.24154516200008,-27.696342975999983],[153.24154386600003,-27.696504094999966],[153.24160521400006,-27.69664783099995],[153.2417004030001,-27.69676983399995],[153.2418820250001,-27.696904965999977],[153.2420398580001,-27.69700960199998],[153.2421789010001,-27.697057620999942],[153.24237558200002,-27.697114386999942],[153.2425672480001,-27.69719727399996],[153.24276893500007,-27.697227917999953],[153.2429079850001,-27.697275929999932],[153.24304704300005,-27.69732394199997],[153.24324373100012,-27.69738071499995],[153.24344541800008,-27.69741135199996],[153.24368094600004,-27.697420247999958],[153.2438876550001,-27.69742476999994],[153.24404176200005,-27.69739442399998],[153.24428230400008,-27.69737719799997],[153.24449403500012,-27.69735559199995],[153.24467694700002,-27.69732961899996],[153.2448260330001,-27.69732537999994],[153.2449901770001,-27.697242781999933],[153.2451931600001,-27.69711230799993],[153.2453623030001,-27.697003588999962],[153.2457577880001,-27.696935475999965],[153.24583465500007,-27.69701854999994],[153.24595308200003,-27.697042115999977],[153.24608191000004,-27.697047338999937],[153.24621080500003,-27.697043382999937],[153.2463603760001,-27.697025739999958],[153.24649959700002,-27.697017237999944],[153.24664915200003,-27.69700419199995],[153.24678824700004,-27.697018653999976],[153.24688089500012,-27.697042085999954],[153.2469941810001,-27.697065607999946],[153.24710740000012,-27.69709833099995],[153.2472155370001,-27.697117239999955],[153.24735979600007,-27.69713173899993],[153.2475039940001,-27.69715542399996],[153.24769454300008,-27.69718851199997],[153.24792633000004,-27.697217226999953],[153.24801381500004,-27.697245218999967],[153.24813224900004,-27.697268776999977],[153.24825055000008,-27.697315298999968],[153.2483688430001,-27.69736182799994],[153.24848719500005,-27.697399169999983],[153.2486262530001,-27.69742281799995],[153.24880654900005,-27.697442084999977],[153.24896101500008,-27.697475001999976],[153.2490897980001,-27.69748941199998],[153.24928567400002,-27.697490379999977],[153.2494041530001,-27.69750475199993],[153.2495072910001,-27.697496056999967],[153.249615682,-27.697469026999954],[153.24974968800007,-27.697469681999962],[153.24988889500003,-27.69746576299997],[153.25000767200004,-27.697425000999942],[153.25011617500002,-27.697374992999983],[153.2502606050001,-27.697357327999953],[153.25034310500007,-27.69735313299998],[153.25045163000004,-27.697303124999962],[153.25057028800006,-27.697280735999982],[153.2506734860001,-27.697262862999935],[153.25080239600004,-27.697254294999937],[153.25092617200005,-27.697241128999963],[153.25104477800005,-27.69723251599993],[153.2511479090001,-27.697223836999967],[153.25127164100002,-27.69721983599993],[153.25137308800004,-27.697203786999978],[153.25147362600012,-27.697180466999953],[153.2515435800001,-27.697173343999964],[153.25168249600006,-27.697144770999955],[153.25183162700012,-27.69710692999996],[153.2519495990001,-27.697037206999937],[153.25202119200003,-27.696967789999974],[153.2521651290001,-27.696925403999956],[153.25231943100005,-27.696887539999977],[153.2524737550001,-27.696854264999956],[153.25260742600005,-27.696816542999954],[153.25275149000004,-27.69678793299994],[153.25289520400008,-27.696718008999937],[153.25300794700001,-27.696639107999943],[153.25314133400002,-27.696564660999968],[153.2532231340001,-27.696485997999957],[153.25332567700002,-27.696420961999934],[153.25346436200005,-27.69636485199993],[153.2535154730001,-27.696313956999973],[153.25356128600004,-27.69624474799997],[153.25357586000007,-27.69613444199996],[153.25358516500012,-27.69601040499998],[153.2535687740001,-27.69589574099996],[153.25353688600012,-27.69577660599998],[153.25348979800003,-27.69568970199998],[153.2533643380001,-27.695470237999928],[153.25334776800003,-27.69533261099997],[153.25336699000002,-27.695162595999932],[153.25341781800012,-27.695074976999933],[153.25340164300007,-27.694987864999973],[153.25336986600007,-27.694882483999947],[153.25330209600008,-27.69478657299993],[153.25326984200012,-27.69462151299996],[153.2532736940001,-27.694460780999975],[153.2532567070001,-27.694272653999974],[153.25325035100002,-27.69412577299994],[153.25323363200005,-27.693969787999947],[153.25321735300008,-27.693868891999955],[153.25321593700005,-27.693694421999965],[153.2532248550001,-27.693524473999958],[153.2531927880001,-27.693382376999978],[153.25315571400006,-27.693258681999964],[153.25313450200008,-27.693185368999934],[153.2531697810001,-27.693088689999968],[153.25327591400003,-27.69283078099994],[153.2533578330001,-27.692765892999944],[153.2535062940001,-27.69264543199995],[153.25360338200005,-27.692543694999983],[153.25364889800005,-27.692437754999958],[153.25367353700005,-27.692299829999968],[153.2536829170001,-27.69218497199995],[153.25362515300003,-27.692052239999953],[153.25356758200007,-27.691942469999958],[153.25345836400004,-27.69181931999998],[153.25334396000005,-27.691691593999963],[153.25569029000008,-27.690382824999972],[153.25584517200002,-27.69048448799998],[153.25599995800007,-27.69057471499997],[153.25616757400007,-27.69066483699993],[153.25632226300002,-27.69074361199995],[153.2564639210001,-27.690799625999944],[153.25665721100006,-27.690889501999948],[153.25676057300007,-27.69096873099994],[153.25679945800005,-27.691014179999968],[153.25686430700011,-27.691093744999932],[153.25692867300006,-27.691116088999934],[153.25703182600012,-27.691172407999943],[153.25719935300003,-27.691251085999966],[153.25731603600002,-27.691387438999982],[153.25739411100005,-27.691512668999962],[153.25753597000005,-27.691591562999974],[153.25765243700005,-27.691705019999972],[153.25779478800007,-27.69184114999996],[153.257911271,-27.691954606999957],[153.2580403820001,-27.692045056999973],[153.25822104300005,-27.692157940999948],[153.25833356900011,-27.692264759999944],[153.2585142680001,-27.69236205699997]]]}}]}
