{
"type": "FeatureCollection",
"name": "boundary",
"crs": { "type": "name", "properties": { "name": "urn:ogc:def:crs:OGC:1.3:CRS84" } },
"features": [
{ "type": "Feature", "properties": { "objectid": 29, "lga": "Gold Coast City", "abbrev_name": "GOLD COAST", "lga_code": "3430", "ca_area_sqkm": 1376.56555 }, "geometry": { "type": "Polygon", "coordinates": [ [ [ 153.258514268000113, -27.692362056999968 ], [ 153.258695481000018, -27.692379423999967 ], [ 153.258896587000095, -27.692370639999979 ], [ 153.259009210000045, -27.692376868999929 ], [ 153.259132965000049, -27.692384505999939 ], [ 153.259216903000038, -27.69237648099994 ], [ 153.259304157000088, -27.692378120999933 ], [ 153.259385912000084, -27.692377970999928 ], [ 153.259447781000063, -27.692377851999936 ], [ 153.259571513000083, -27.692377613999952 ], [ 153.259655444000032, -27.692369596999981 ], [ 153.259931592000044, -27.692355306999957 ], [ 153.260125978000019, -27.692339205999929 ], [ 153.260322569000095, -27.692317204999938 ], [ 153.260455100000058, -27.692301222999959 ], [ 153.260578802000055, -27.692293131999975 ], [ 153.260680890000117, -27.692296819999967 ], [ 153.260789229000011, -27.692300373999956 ], [ 153.260888843000089, -27.692308494999963 ], [ 153.26098817400009, -27.692325192999931 ], [ 153.261393456000064, -27.692232260999958 ], [ 153.261897643000111, -27.692158530999961 ], [ 153.262381923000021, -27.691913174999968 ], [ 153.262688418000039, -27.691903250999928 ], [ 153.26336885000012, -27.691887902999952 ], [ 153.263861422000105, -27.691897372999961 ], [ 153.264033441000038, -27.691910358999962 ], [ 153.264174652000065, -27.691899853999928 ], [ 153.264337224000087, -27.69191780999995 ], [ 153.264514011000074, -27.691944154999931 ], [ 153.26460824600008, -27.691948148999984 ], [ 153.264709701000015, -27.69195614299997 ], [ 153.264879805000078, -27.691979112999945 ], [ 153.264997561000087, -27.691996353999969 ], [ 153.265121867000062, -27.69201357999998 ], [ 153.265252736000093, -27.692036616999928 ], [ 153.265390133000096, -27.692059638999979 ], [ 153.26546862400005, -27.692065308999929 ], [ 153.265481708000038, -27.692065278999962 ], [ 153.265497764000088, -27.692071201999966 ], [ 153.26554059700004, -27.692076812999971 ], [ 153.265585256000122, -27.692086095999969 ], [ 153.26561580300006, -27.692090245999964 ], [ 153.265680176000046, -27.692091191999964 ], [ 153.265763250000077, -27.692101592999961 ], [ 153.26589630300009, -27.692147831999932 ], [ 153.266076666000117, -27.692226375999951 ], [ 153.266205204000016, -27.692248138999958 ], [ 153.266308268000103, -27.692293020999955 ], [ 153.26641113800008, -27.69231500799998 ], [ 153.266507638000121, -27.692313584999965 ], [ 153.266605643000048, -27.692328179999947 ], [ 153.266619262000063, -27.69232926799998 ], [ 153.266646613000034, -27.692333857999984 ], [ 153.266690110000013, -27.692341479999982 ], [ 153.266711702000066, -27.692341441999929 ], [ 153.266744119000123, -27.69235099399998 ], [ 153.266768415000115, -27.692353347999983 ], [ 153.266808283000046, -27.692357572999981 ], [ 153.266831663000062, -27.692371020999929 ], [ 153.266862762000073, -27.692379849999952 ], [ 153.266899724000041, -27.692387680999957 ], [ 153.266934817000106, -27.692404928999963 ], [ 153.266976279000119, -27.69243 ], [ 153.267012459000057, -27.692447411999979 ], [ 153.267054562000112, -27.692452172999936 ], [ 153.267078345000073, -27.692457894999961 ], [ 153.267125485000065, -27.69248289199993 ], [ 153.267178443000034, -27.692518534999977 ], [ 153.267240216000118, -27.69254975299998 ], [ 153.267304023000065, -27.692576433999932 ], [ 153.2673520190001, -27.692614200999969 ], [ 153.267402460000085, -27.692639725999982 ], [ 153.26744683600009, -27.692667196999935 ], [ 153.267489959000045, -27.692705141999966 ], [ 153.267522392000046, -27.692724297999973 ], [ 153.267563415000041, -27.692739332999963 ], [ 153.267641273000095, -27.692772122999941 ], [ 153.267695327000069, -27.692800844999965 ], [ 153.267743734000078, -27.692832069999952 ], [ 153.267792103000033, -27.692867951999972 ], [ 153.267860544000087, -27.692922587999931 ], [ 153.26789446600003, -27.692957150999973 ], [ 153.267935921000117, -27.692982214999972 ], [ 153.267964055000107, -27.693000296999969 ], [ 153.268015404000039, -27.693026932999942 ], [ 153.26807352600008, -27.693053672999952 ], [ 153.268134375000045, -27.693083772999955 ], [ 153.268193205000102, -27.693118403999961 ], [ 153.268248026000037, -27.693144636999932 ], [ 153.268299756000033, -27.693169387999944 ], [ 153.268355464000024, -27.693202557999939 ], [ 153.268465844000048, -27.693282293999971 ], [ 153.268497703000094, -27.693321178999952 ], [ 153.268668381000111, -27.693519400999946 ], [ 153.268815746000087, -27.693698490999964 ], [ 153.268989090000105, -27.693869459999974 ], [ 153.269154522000122, -27.693991819999951 ], [ 153.269301791000089, -27.69413041599995 ], [ 153.26946728300004, -27.694277080999939 ], [ 153.269650962000014, -27.694415608999975 ], [ 153.269787867000105, -27.694570431999978 ], [ 153.269971665000071, -27.694757575999972 ], [ 153.270202193000046, -27.69491220599997 ], [ 153.270375486000034, -27.695058862999929 ], [ 153.270550106000087, -27.695213610999929 ], [ 153.270761210000046, -27.695400695999979 ], [ 153.270990442000084, -27.695555325999976 ], [ 153.271146733000023, -27.695660348999979 ], [ 153.271292578000043, -27.695763405999969 ], [ 153.271370280000042, -27.69584283599994 ], [ 153.271422502000064, -27.69594540099996 ], [ 153.271500204000063, -27.696024853999972 ], [ 153.271616410000092, -27.696103963999974 ], [ 153.271732513000075, -27.696171607999929 ], [ 153.271784153000112, -27.696205492999979 ], [ 153.271874580000031, -27.696273382999948 ], [ 153.271939348000046, -27.696341488999963 ], [ 153.271977950000064, -27.69635259699993 ], [ 153.272000100000014, -27.696367118999945 ], [ 153.272070523000025, -27.696394491999968 ], [ 153.272115830000075, -27.696444790999976 ], [ 153.272207942000023, -27.696534741999983 ], [ 153.272265505000064, -27.696606736999968 ], [ 153.27231625100012, -27.696648720999974 ], [ 153.272387314000071, -27.696711685999958 ], [ 153.272455010000044, -27.69678367299997 ], [ 153.272553038000069, -27.696834552999974 ], [ 153.272652220000055, -27.69686889999997 ], [ 153.272753004000037, -27.696905370999957 ], [ 153.272835072000021, -27.696942161999971 ], [ 153.273168106000071, -27.697029139999984 ], [ 153.273398917000122, -27.697019543999943 ], [ 153.273609694000015, -27.697039033999943 ], [ 153.273785215000089, -27.696985322999979 ], [ 153.273958381000057, -27.696916635999969 ], [ 153.274150807000069, -27.696869466999942 ], [ 153.27433154400012, -27.69685530299995 ], [ 153.274516936000055, -27.69677547799995 ], [ 153.274679276000029, -27.696767303999934 ], [ 153.274800259000017, -27.696695167999962 ], [ 153.275022204000038, -27.696622829999967 ], [ 153.275163467000084, -27.696586604999936 ], [ 153.275304782000035, -27.696568350999939 ], [ 153.275422248000041, -27.69653164999994 ], [ 153.275680910000119, -27.696362096999962 ], [ 153.275932136000051, -27.696197349999977 ], [ 153.276133056000049, -27.696047629999953 ], [ 153.276367503000074, -27.695882904999962 ], [ 153.276652264000063, -27.695718083999964 ], [ 153.276819783000064, -27.695628162999981 ], [ 153.276987391000034, -27.695568102999971 ], [ 153.27717172600012, -27.695493075999934 ], [ 153.277423131000091, -27.695402983999941 ], [ 153.277585524000074, -27.695343177999973 ], [ 153.27766612400012, -27.695319879999943 ], [ 153.277791898000032, -27.695290255999964 ], [ 153.277942809000024, -27.69526755499993 ], [ 153.278165775000048, -27.695244121999963 ], [ 153.278254884000035, -27.695230718999937 ], [ 153.278357471000049, -27.695220376999941 ], [ 153.27853712700005, -27.695203695999965 ], [ 153.278655919000016, -27.695177014999956 ], [ 153.278804469000079, -27.695163491999949 ], [ 153.278923328000019, -27.695163253999965 ], [ 153.279057014000045, -27.695149760999982 ], [ 153.279177564000065, -27.695150430999945 ], [ 153.279309603000115, -27.695149253999944 ], [ 153.279484267000043, -27.695146966999971 ], [ 153.279591936000088, -27.695161904999964 ], [ 153.279740545000095, -27.695174831999964 ], [ 153.279874335000045, -27.695201005999934 ], [ 153.280079367000099, -27.695214878999934 ], [ 153.280219401000068, -27.695224981999957 ], [ 153.280359435000037, -27.695235084999979 ], [ 153.280440475000091, -27.695203353999943 ], [ 153.280498306000027, -27.695173297999929 ], [ 153.280660542000078, -27.695148420999942 ], [ 153.280837010000027, -27.695090901999947 ], [ 153.281158062000031, -27.69506167399993 ], [ 153.281334678000121, -27.695061308999982 ], [ 153.281511302000013, -27.695060950999959 ], [ 153.28168787300001, -27.69504630299997 ], [ 153.281816254000091, -27.695017453999981 ], [ 153.281976770000028, -27.695002835999958 ], [ 153.282153393000044, -27.695002478999982 ], [ 153.282362084000056, -27.694987755999932 ], [ 153.282586905000016, -27.695001591999983 ], [ 153.282747480000012, -27.695001263999927 ], [ 153.282903875000102, -27.695008915999949 ], [ 153.282931710000071, -27.695003543999974 ], [ 153.282992477000107, -27.694988657999943 ], [ 153.283174711000015, -27.694919404999951 ], [ 153.283362361000059, -27.694805849999966 ], [ 153.283472727000117, -27.694731821999937 ], [ 153.283579665000047, -27.694704082999976 ], [ 153.283694665000098, -27.694645804999936 ], [ 153.283822420000092, -27.694575984999972 ], [ 153.283988553000086, -27.694494371999951 ], [ 153.284154895000029, -27.694435652999971 ], [ 153.284270006000042, -27.694388826999955 ], [ 153.284423622000077, -27.69434167199995 ], [ 153.284487697000031, -27.694329646999961 ], [ 153.284577335000108, -27.694305945999929 ], [ 153.284820269000079, -27.694200743999943 ], [ 153.285254638000083, -27.693967920999967 ], [ 153.285433608000062, -27.693886187999965 ], [ 153.28567664600007, -27.693792436999956 ], [ 153.285817030000089, -27.69369960299997 ], [ 153.285932141000103, -27.693652783999937 ], [ 153.28620034700009, -27.693501558999969 ], [ 153.286284040000055, -27.69344306499994 ], [ 153.286348241000042, -27.693385642999942 ], [ 153.286444629000016, -27.693328153999971 ], [ 153.286580990000061, -27.693268117999935 ], [ 153.286679903000049, -27.694341596999948 ], [ 153.289463961000024, -27.692422811999961 ], [ 153.291356334000056, -27.691823823999982 ], [ 153.292526657000053, -27.692019698999957 ], [ 153.293031106000058, -27.693183874999932 ], [ 153.293043413000078, -27.697795232999965 ], [ 153.294024461000049, -27.700098847999982 ], [ 153.295169153000074, -27.701088113999958 ], [ 153.297087684000076, -27.703236287999971 ], [ 153.30103387500003, -27.70872905799996 ], [ 153.30462198500004, -27.710433921999936 ], [ 153.308869315000038, -27.710542619999956 ], [ 153.312913542000047, -27.709234237999965 ], [ 153.317141425000045, -27.707673884999963 ], [ 153.320673753000051, -27.705110364999939 ], [ 153.320711177000021, -27.70505260799996 ], [ 153.322513936000064, -27.702270657999975 ], [ 153.322582012000112, -27.702170700999943 ], [ 153.322738012000059, -27.701941655999974 ], [ 153.324534153000059, -27.69930424699993 ], [ 153.325489563000019, -27.697748013999956 ], [ 153.326509160000114, -27.696765460999927 ], [ 153.327764807000108, -27.695817359999978 ], [ 153.328944189000026, -27.695674546999953 ], [ 153.330438805000085, -27.695740992999959 ], [ 153.331540283000095, -27.695843378999939 ], [ 153.332559739000089, -27.696025246999966 ], [ 153.333278541000027, -27.695825191999973 ], [ 153.334260043000086, -27.695708835999937 ], [ 153.335410174000117, -27.695865536999975 ], [ 153.335876692000056, -27.696010017999981 ], [ 153.336457190000033, -27.696167672999934 ], [ 153.337076944000046, -27.696428308999941 ], [ 153.337451462000104, -27.69659841999993 ], [ 153.338032160000012, -27.696790451999959 ], [ 153.338702660000081, -27.696924680999928 ], [ 153.339385058000062, -27.696898328999964 ], [ 153.340079959000036, -27.696814569999958 ], [ 153.340838271000052, -27.696569959999977 ], [ 153.341414738000026, -27.696073996999928 ], [ 153.342004481000117, -27.695646780999937 ], [ 153.3425050190001, -27.695369045999939 ], [ 153.343405190000112, -27.695158111999945 ], [ 153.344318803000078, -27.695038828999941 ], [ 153.345128092000095, -27.694713684999954 ], [ 153.345603357000073, -27.694516326999974 ], [ 153.346142869000118, -27.694295744999977 ], [ 153.34789172100011, -27.693885545999933 ], [ 153.348405379000042, -27.693653601999983 ], [ 153.349022012000091, -27.693409669999937 ], [ 153.34975380800006, -27.69305049299993 ], [ 153.350395742000046, -27.692737620999935 ], [ 153.351166155000101, -27.692378226999949 ], [ 153.351898018000043, -27.692030493999937 ], [ 153.352758418000121, -27.69164770499998 ], [ 153.353399898000021, -27.691266033999966 ], [ 153.354479078000054, -27.690859157999967 ], [ 153.355481896000015, -27.690601762999961 ], [ 153.35624078100011, -27.690460261999931 ], [ 153.357490594000069, -27.690568503999941 ], [ 153.358186269000043, -27.690610792999962 ], [ 153.358844439000109, -27.69083672499994 ], [ 153.359207185000059, -27.691178854999976 ], [ 153.359844143000032, -27.692115788999956 ], [ 153.360169718000066, -27.692687434999982 ], [ 153.36034200500012, -27.693454806999966 ], [ 153.360602992000054, -27.693992381999976 ], [ 153.360735842000054, -27.694633801999942 ], [ 153.36078016600004, -27.695527968999954 ], [ 153.360731797000085, -27.696021278999979 ], [ 153.360801944000059, -27.696926762999965 ], [ 153.361064457000111, -27.69770512499997 ], [ 153.36127380400012, -27.698220034999963 ], [ 153.361561061000089, -27.698837732999948 ], [ 153.361743481000076, -27.69916931299997 ], [ 153.361915776000046, -27.699936677999972 ], [ 153.361971022000034, -27.700521168999956 ], [ 153.361962237000057, -27.701163341999973 ], [ 153.361976549000019, -27.703410675999976 ], [ 153.361942887000055, -27.704190572999948 ], [ 153.361869037000019, -27.70472988299997 ], [ 153.361872338000012, -27.705245849999983 ], [ 153.361749970000119, -27.706255522999982 ], [ 153.361728013000061, -27.706851897999968 ], [ 153.361782298000094, -27.707287338999947 ], [ 153.361798614000122, -27.707826172999944 ], [ 153.361969620000082, -27.708387148999975 ], [ 153.362191199000108, -27.708798778999949 ], [ 153.362554966000062, -27.709289958999932 ], [ 153.362840361000053, -27.709609528999977 ], [ 153.363267726000117, -27.70997424199993 ], [ 153.363629892000063, -27.710213137999972 ], [ 153.364018104000024, -27.710497801999963 ], [ 153.364741116000118, -27.71076923399994 ], [ 153.365155763000075, -27.711156931999938 ], [ 153.365712374000054, -27.711589751999952 ], [ 153.366061955000077, -27.711874594999983 ], [ 153.366425312000047, -27.712296952999964 ], [ 153.366838492000056, -27.712455329999955 ], [ 153.367779305000113, -27.712542144999929 ], [ 153.368627375000074, -27.71222813299994 ], [ 153.369062563000057, -27.71180159499994 ], [ 153.369420079000065, -27.71131812699997 ], [ 153.369838832000028, -27.710341288999928 ], [ 153.369976073000089, -27.709652593999976 ], [ 153.370435066000027, -27.708927801999948 ], [ 153.371037296000054, -27.708443058999933 ], [ 153.371525518000112, -27.708257032999938 ], [ 153.372323586000107, -27.708184039999935 ], [ 153.373276358000112, -27.708133159999932 ], [ 153.374371825000026, -27.708242049999967 ], [ 153.375339476000022, -27.708500666999953 ], [ 153.375946371000055, -27.708738265999955 ], [ 153.376580236000109, -27.708917869999937 ], [ 153.377055203000054, -27.709254464999958 ], [ 153.377697734000094, -27.709638214999984 ], [ 153.378431192000107, -27.709976680999944 ], [ 153.378853884000023, -27.710370316999956 ], [ 153.379316610000046, -27.710637881999958 ], [ 153.379921277000108, -27.710929460999978 ], [ 153.380539556000031, -27.711152210999956 ], [ 153.381107730000053, -27.711213752999981 ], [ 153.381688711000038, -27.711286894999944 ], [ 153.382322860000045, -27.711211069999933 ], [ 153.383125630000109, -27.711079045999952 ], [ 153.38374830500004, -27.710853807999968 ], [ 153.384397645000035, -27.710548348999964 ], [ 153.38481385700004, -27.710287145999928 ], [ 153.385451835000026, -27.709820776999948 ], [ 153.385986735000074, -27.709319203999939 ], [ 153.38645658400003, -27.708863108999935 ], [ 153.386862111000028, -27.708372078999957 ], [ 153.387256172000093, -27.707731641999942 ], [ 153.387646858000039, -27.707435786999952 ], [ 153.388463405000039, -27.707211927999936 ], [ 153.388840143000039, -27.707019351999975 ], [ 153.38947448600004, -27.706920534999938 ], [ 153.389990468000065, -27.70702762999997 ], [ 153.390455921000012, -27.707019478999939 ], [ 153.391240534000076, -27.707415685999933 ], [ 153.391728896000018, -27.707706347999931 ], [ 153.391984161000096, -27.708041303999948 ], [ 153.392106909000063, -27.708708458999979 ], [ 153.392284285000073, -27.709077343999979 ], [ 153.392479989000094, -27.710215971999958 ], [ 153.392461937000121, -27.710744254999952 ], [ 153.392430033000096, -27.711364344999936 ], [ 153.392500516000041, -27.712088495999978 ], [ 153.392389733000073, -27.712845884999979 ], [ 153.392447758000117, -27.713524051999968 ], [ 153.392736527000011, -27.714399107999952 ], [ 153.393117944000096, -27.715056650999941 ], [ 153.393553528000098, -27.715461820999963 ], [ 153.394015412000044, -27.715821236999943 ], [ 153.394619691000116, -27.71615868899994 ], [ 153.395276489000025, -27.716416098999957 ], [ 153.396023201000048, -27.716731593999953 ], [ 153.396872776, -27.717105248999928 ], [ 153.397550748000072, -27.717845262999958 ], [ 153.398282991000087, -27.718321458999981 ], [ 153.399142624000092, -27.718993844999943 ], [ 153.39988612500008, -27.719642417999978 ], [ 153.400461504000077, -27.720301279999944 ], [ 153.400932902000022, -27.721016833999954 ], [ 153.40139260300009, -27.721605943999975 ], [ 153.40170945300008, -27.72226296599996 ], [ 153.402116351000018, -27.722966568999936 ], [ 153.402370118000022, -27.723462329999961 ], [ 153.402649634000113, -27.723969706999981 ], [ 153.402991809000014, -27.724684344999957 ], [ 153.403321364000021, -27.725364433999971 ], [ 153.403727852000088, -27.726113976999955 ], [ 153.404029251000111, -27.727035054999931 ], [ 153.404384143000016, -27.727772758999947 ], [ 153.40459670100006, -27.728520961999948 ], [ 153.404667735000089, -27.729199187999939 ], [ 153.404685944000107, -27.729991921999954 ], [ 153.404640756000049, -27.730657832999952 ], [ 153.404636226000093, -27.731128790999946 ], [ 153.404693871000063, -27.731852905999972 ], [ 153.404778279000084, -27.732485280999981 ], [ 153.404927685000075, -27.733083659999977 ], [ 153.405075505000013, -27.733842866999964 ], [ 153.405301809000093, -27.734510729999954 ], [ 153.40555439000002, -27.735132815999975 ], [ 153.405921257000045, -27.735973979999983 ], [ 153.406059055000014, -27.736434462999966 ], [ 153.406389011000101, -27.737080017999972 ], [ 153.406629248000058, -27.737644615999955 ], [ 153.407036124000115, -27.73835969299995 ], [ 153.407442561000039, -27.739120724999964 ], [ 153.407861261000107, -27.739950748999945 ], [ 153.408266512000068, -27.740838120999967 ], [ 153.409074200000077, -27.741555998999957 ], [ 153.409701472000052, -27.742215181999939 ], [ 153.410536935000096, -27.742737958999953 ], [ 153.411567767000065, -27.743112804999953 ], [ 153.412495402000104, -27.74346391399996 ], [ 153.413347435000105, -27.743607784999938 ], [ 153.414471332000062, -27.743719037999938 ], [ 153.415634770000111, -27.743750128999977 ], [ 153.41652823600009, -27.743618521999963 ], [ 153.417822618000059, -27.743478212999946 ], [ 153.418586556000037, -27.743368711999949 ], [ 153.419661235000035, -27.743215370999962 ], [ 153.420967769000072, -27.743155542999943 ], [ 153.421874155000069, -27.743024017999971 ], [ 153.423039113000073, -27.742894250999939 ], [ 153.424165826000035, -27.742706808999969 ], [ 153.425252545000035, -27.742645394999954 ], [ 153.426873828000112, -27.742116738999982 ], [ 153.42797685000005, -27.741699334999964 ], [ 153.429714347000072, -27.741182920999961 ], [ 153.430324937000023, -27.740876962999948 ], [ 153.43118258100003, -27.74042340099993 ], [ 153.432066727000119, -27.739901062999934 ], [ 153.433092977000115, -27.739391197999964 ], [ 153.43393788000003, -27.73891453899995 ], [ 153.434756930000049, -27.738437702999931 ], [ 153.435745004000069, -27.737858651999943 ], [ 153.436576973000115, -27.737381866999954 ], [ 153.437785569000084, -27.736723882999968 ], [ 153.439294624000013, -27.735734810999929 ], [ 153.439954738000097, -27.735658949999959 ], [ 153.44103016300005, -27.735413564999931 ], [ 153.442181619000053, -27.735249189999934 ], [ 153.443269702000066, -27.735118640999929 ], [ 153.444692152000016, -27.735093793999965 ], [ 153.445338370000059, -27.735121204999928 ], [ 153.446747044000062, -27.735188170999947 ], [ 153.44559520700011, -27.738899960999959 ], [ 153.446213537000062, -27.739266223999948 ], [ 153.446620666000058, -27.739637128999959 ], [ 153.447040462000018, -27.740007980999962 ], [ 153.447429092000107, -27.740503012999966 ], [ 153.447899708000023, -27.741244054999981 ], [ 153.448056453000049, -27.741494907999936 ], [ 153.448209980000115, -27.741839236999965 ], [ 153.44836001900012, -27.742219022999961 ], [ 153.448425681000117, -27.74233481999994 ], [ 153.448480756000095, -27.742518334999943 ], [ 153.44906491100005, -27.743784337999955 ], [ 153.449120604000086, -27.744132450999928 ], [ 153.449180588000104, -27.74462854799998 ], [ 153.449241877000077, -27.745443670999975 ], [ 153.449332416000061, -27.745920865999949 ], [ 153.449333049000074, -27.746958545999973 ], [ 153.449346334000097, -27.747458725999934 ], [ 153.449253745000078, -27.748063876999936 ], [ 153.44907171300008, -27.748498714999982 ], [ 153.448769890000108, -27.749086207999937 ], [ 153.44854314600002, -27.749436593999974 ], [ 153.448278606000031, -27.749843507999969 ], [ 153.44761075800011, -27.750910378999947 ], [ 153.447119415000088, -27.751656404999949 ], [ 153.446861625000111, -27.752164795999931 ], [ 153.446729384000037, -27.75247602099995 ], [ 153.446679808000113, -27.752752519999945 ], [ 153.446492046000117, -27.753339639999979 ], [ 153.446496210000078, -27.754360399999939 ], [ 153.446437991000039, -27.755409902999929 ], [ 153.446249745000046, -27.755878589999952 ], [ 153.445696196000085, -27.756923696999934 ], [ 153.445416204000026, -27.757240428999978 ], [ 153.445347070000025, -27.757387272999949 ], [ 153.445303692000039, -27.757629915999928 ], [ 153.445185452000032, -27.758171698999945 ], [ 153.445022813000037, -27.758702344999961 ], [ 153.444777525000063, -27.759176856999943 ], [ 153.444714955000109, -27.759380086999954 ], [ 153.444684281000036, -27.759630582999932 ], [ 153.444453045000046, -27.760443425999938 ], [ 153.444246977000034, -27.761211066999977 ], [ 153.444173223000121, -27.761780901999941 ], [ 153.444131001000073, -27.76231116799994 ], [ 153.444078564000051, -27.762618369999927 ], [ 153.443970880000052, -27.762863627999934 ], [ 153.443823620000103, -27.763170248999984 ], [ 153.443715840000095, -27.763389735999965 ], [ 153.44363918800002, -27.76391723699993 ], [ 153.443566038000085, -27.764254524999956 ], [ 153.443335613000045, -27.765026836999937 ], [ 153.443138791000024, -27.765858477999927 ], [ 153.442843979000031, -27.767209744999946 ], [ 153.442663273000107, -27.767892970999981 ], [ 153.442532388000018, -27.768531388999975 ], [ 153.44238452400009, -27.769313282999974 ], [ 153.44239476100006, -27.769609271999968 ], [ 153.442372149000107, -27.769976048999979 ], [ 153.44231388500009, -27.77045825099998 ], [ 153.442240631000118, -27.770953870999961 ], [ 153.442107214000089, -27.771463110999946 ], [ 153.441978244000097, -27.771751551999955 ], [ 153.441943517000027, -27.771932213999946 ], [ 153.441922469000019, -27.772313862999965 ], [ 153.441889739000089, -27.772775596999963 ], [ 153.441902658000117, -27.772996730999978 ], [ 153.44191072700005, -27.773489474999963 ], [ 153.441863519000094, -27.774129762999962 ], [ 153.441797499000018, -27.774754977999976 ], [ 153.441766416000064, -27.775547689999939 ], [ 153.441650388000085, -27.776523581999982 ], [ 153.441618760000097, -27.777179120999961 ], [ 153.441568647000054, -27.777717045999964 ], [ 153.441558544000031, -27.777780874999962 ], [ 153.441468608000037, -27.778170607999982 ], [ 153.441383791000021, -27.778564943999982 ], [ 153.441320118000021, -27.778872146999959 ], [ 153.441261505000057, -27.779197781999983 ], [ 153.441176560000031, -27.779615073999935 ], [ 153.441045587000076, -27.779958671999964 ], [ 153.440946077000035, -27.780215209999938 ], [ 153.440846455000042, -27.780490158999953 ], [ 153.440803115000108, -27.780852554999967 ], [ 153.440749441000094, -27.781214920999957 ], [ 153.440654014000074, -27.781659683999976 ], [ 153.440553901000044, -27.78202179699997 ], [ 153.440469657000108, -27.782315177999976 ], [ 153.440380101000073, -27.782636036999975 ], [ 153.440352175000044, -27.783007694999981 ], [ 153.44029863500009, -27.783347060999972 ], [ 153.44024949900006, -27.783819606999941 ], [ 153.440216493000094, -27.784177495999984 ], [ 153.440105196000104, -27.784690996999927 ], [ 153.440000456000121, -27.784956758999954 ], [ 153.439920749000066, -27.785360282999932 ], [ 153.439919147000069, -27.785640237999928 ], [ 153.439886849000118, -27.785874171999978 ], [ 153.439797874000078, -27.786094074999937 ], [ 153.439781334000031, -27.786277605999942 ], [ 153.439743716000066, -27.786539060999928 ], [ 153.439679850000061, -27.786878390999959 ], [ 153.43963175600004, -27.787167345999933 ], [ 153.439567577000048, -27.787561757999981 ], [ 153.439488437000023, -27.787864318999937 ], [ 153.439439315000072, -27.788332244999935 ], [ 153.439391639000064, -27.78854774499996 ], [ 153.43937556000003, -27.788653237999938 ], [ 153.439264457000036, -27.789130067999963 ], [ 153.439206216000116, -27.789386844999967 ], [ 153.439137060000121, -27.789749098999948 ], [ 153.439056914000048, -27.790226077999932 ], [ 153.438945394000029, -27.790776340999969 ], [ 153.438823539000055, -27.791326550999941 ], [ 153.438733469000113, -27.791734641999938 ], [ 153.438669922000031, -27.792018903999974 ], [ 153.43859116200008, -27.792252598999937 ], [ 153.438533137000036, -27.79247266699997 ], [ 153.438469576000102, -27.79275692899995 ], [ 153.438437345000011, -27.792977092999934 ], [ 153.438369388000069, -27.793128212999932 ], [ 153.438305395000043, -27.793490534999933 ], [ 153.438257361000069, -27.793765706999977 ], [ 153.438208888000077, -27.794118879999928 ], [ 153.438150446000122, -27.79441236599996 ], [ 153.438086855000051, -27.794701231999966 ], [ 153.43809072900001, -27.794926149999981 ], [ 153.438074852000113, -27.794994925999958 ], [ 153.438032779000082, -27.795132404999947 ], [ 153.43799057800004, -27.795292867999933 ], [ 153.437946501000056, -27.795779196999945 ], [ 153.437866482000118, -27.796233212999937 ], [ 153.43777082400004, -27.796714683999937 ], [ 153.437732155000049, -27.797159744999931 ], [ 153.437642756000059, -27.797448476999932 ], [ 153.437537114000065, -27.797870261999947 ], [ 153.43749953300005, -27.79812252399995 ], [ 153.437487851000014, -27.798361135999983 ], [ 153.43748779800012, -27.79837030799996 ], [ 153.437465983000038, -27.798576732999948 ], [ 153.43743835600003, -27.798893323999948 ], [ 153.437284100000056, -27.799691213999949 ], [ 153.437256316000116, -27.799907570999949 ], [ 153.437251697000079, -27.799943497999948 ], [ 153.437229256000023, -27.80025552799998 ], [ 153.437176394000062, -27.800475595999956 ], [ 153.437086838000027, -27.80079187299998 ], [ 153.437012473000095, -27.801158701999952 ], [ 153.436964044000092, -27.801502717999938 ], [ 153.436889769000118, -27.801855778999936 ], [ 153.436749251000037, -27.802057063999939 ], [ 153.436649160000115, -27.802410011999939 ], [ 153.436554225000123, -27.802762990999952 ], [ 153.43649882200009, -27.803113398999983 ], [ 153.436484607000011, -27.803203275999977 ], [ 153.43640567500006, -27.803464529999928 ], [ 153.436357015000112, -27.803849836999973 ], [ 153.436283255000035, -27.804111121999938 ], [ 153.43627665300005, -27.804363524999928 ], [ 153.436264993000123, -27.804597562999959 ], [ 153.436248505000094, -27.804771883999933 ], [ 153.436221199000101, -27.805033413999979 ], [ 153.436172345000045, -27.805450854999947 ], [ 153.436155343000109, -27.805716959999984 ], [ 153.436117494000086, -27.806015139999943 ], [ 153.436058992000085, -27.806317796999963 ], [ 153.435994522000101, -27.806758118999937 ], [ 153.435974838000107, -27.806829979999975 ], [ 153.43591544200001, -27.807046888999935 ], [ 153.435852224000087, -27.80726690399996 ], [ 153.435824478000086, -27.80760644999998 ], [ 153.435775937000017, -27.807968800999959 ], [ 153.43568585200012, -27.808376869999961 ], [ 153.435606675000031, -27.808679429999984 ], [ 153.435543270000039, -27.80893614699994 ], [ 153.435511434000091, -27.809087475999945 ], [ 153.435489179000115, -27.809367356999928 ], [ 153.435470635000115, -27.809522224999967 ], [ 153.435445794000088, -27.809729752999942 ], [ 153.435441086000083, -27.809887854999943 ], [ 153.435441949000051, -27.810103779999963 ], [ 153.435453900000084, -27.810289768999951 ], [ 153.43545843000004, -27.810489063999967 ], [ 153.435436808000077, -27.810688456999969 ], [ 153.435415030000058, -27.810847965999983 ], [ 153.435352244000114, -27.81103087799994 ], [ 153.43531770300001, -27.811194008999962 ], [ 153.435286232000067, -27.811393519999967 ], [ 153.435232588000076, -27.811779050999974 ], [ 153.435188383000082, -27.812054445999934 ], [ 153.435113110000088, -27.812316281999983 ], [ 153.435063519000096, -27.812564214999952 ], [ 153.434992955000098, -27.81277098399994 ], [ 153.434927620000053, -27.812986893999948 ], [ 153.434882798000103, -27.813184371999967 ], [ 153.434863680000035, -27.813372505999951 ], [ 153.434793331000037, -27.813606766999953 ], [ 153.434770056000048, -27.813918745999956 ], [ 153.434731007000096, -27.814194125999961 ], [ 153.434696891000044, -27.81444195499995 ], [ 153.434647553000104, -27.814721977999966 ], [ 153.434603610000067, -27.815029485999958 ], [ 153.434575126000027, -27.815336910999974 ], [ 153.434561968000025, -27.815625896999961 ], [ 153.43453833500007, -27.815892008999981 ], [ 153.434508637000022, -27.816048106999972 ], [ 153.434489690000078, -27.816259143999957 ], [ 153.434475698000028, -27.81644265999995 ], [ 153.434456833000013, -27.816662920999931 ], [ 153.434458428000084, -27.816860070999951 ], [ 153.434445054000093, -27.817121533999966 ], [ 153.434446760000014, -27.817332489999956 ], [ 153.434470021000038, -27.817657915999973 ], [ 153.434435279000013, -27.817827818999945 ], [ 153.434334048000096, -27.818071460999931 ], [ 153.434258320000026, -27.818278251999971 ], [ 153.434187472000076, -27.818448355999976 ], [ 153.434091509000041, -27.818705757999965 ], [ 153.434036352000021, -27.818903228999943 ], [ 153.433976247000032, -27.819128302999957 ], [ 153.433926284000108, -27.819330362999949 ], [ 153.433886378000011, -27.819500302999984 ], [ 153.433836564000103, -27.819720683999947 ], [ 153.433812282000076, -27.819908855999984 ], [ 153.433767884000076, -27.820161318999965 ], [ 153.433749422000119, -27.820432005999976 ], [ 153.433730423000043, -27.820633886999929 ], [ 153.43372204800005, -27.820876961999943 ], [ 153.433718450000015, -27.821069596999962 ], [ 153.43369520400006, -27.821386178999944 ], [ 153.433681532000037, -27.821610947999943 ], [ 153.43365231100006, -27.821826642999952 ], [ 153.433632962000047, -27.821987269999966 ], [ 153.433623909000062, -27.822143232999963 ], [ 153.433578647000104, -27.822290247999945 ], [ 153.433548949000055, -27.822446344999946 ], [ 153.433529533000069, -27.822597777999931 ], [ 153.43347261800011, -27.822876004999955 ], [ 153.433460369000045, -27.822978800999977 ], [ 153.433447062000027, -27.823056248999933 ], [ 153.433421090000024, -27.823226680999937 ], [ 153.433381251000014, -27.823405755999943 ], [ 153.43334131600011, -27.82357108399998 ], [ 153.433363571000086, -27.823772719999965 ], [ 153.433350242000074, -27.824038786999949 ], [ 153.433320902000105, -27.82424072799995 ], [ 153.433306910000056, -27.824424242999953 ], [ 153.433324299000105, -27.824662608999972 ], [ 153.433291070000109, -27.825020497999958 ], [ 153.433225214000117, -27.82517220699998 ], [ 153.433154396000077, -27.82534689299996 ], [ 153.433088794000014, -27.825530698999955 ], [ 153.433018222000101, -27.82573750499995 ], [ 153.432943195000121, -27.826031414999932 ], [ 153.432888604000027, -27.826302295999938 ], [ 153.432833746000028, -27.826536489999967 ], [ 153.43278361800003, -27.826720228999932 ], [ 153.432754300000056, -27.826922168999943 ], [ 153.432745784000076, -27.827146915999947 ], [ 153.432784296000023, -27.827444767999964 ], [ 153.432817727000042, -27.827751820999936 ], [ 153.432814410000105, -27.827981134999959 ], [ 153.432800664000069, -27.828196739999953 ], [ 153.432786769000018, -27.828394023999977 ], [ 153.43276891000005, -27.828738046999945 ], [ 153.432760096000038, -27.828926099999933 ], [ 153.432736105000117, -27.829150957999957 ], [ 153.432660973000111, -27.829431151999984 ], [ 153.432580298000062, -27.829665487999932 ], [ 153.432468890000109, -27.82992752499996 ], [ 153.432403287000056, -27.830111345999967 ], [ 153.43237384300005, -27.830299546999981 ], [ 153.432395777000011, -27.830459928999971 ], [ 153.432398616000114, -27.830576648999966 ], [ 153.432397096000045, -27.830624988999944 ], [ 153.432341678000057, -27.830790405999949 ], [ 153.432291029000112, -27.83090991399996 ], [ 153.432292333000078, -27.831070443999977 ], [ 153.432273126000041, -27.831249384999978 ], [ 153.432233585000063, -27.831465123999976 ], [ 153.432173847000058, -27.831736078999938 ], [ 153.432103781000023, -27.832007026999975 ], [ 153.43206516500004, -27.832337437999968 ], [ 153.432020566000119, -27.832566996999958 ], [ 153.43199694000009, -27.832837721999965 ], [ 153.4319678600001, -27.833071758999949 ], [ 153.43171415300003, -27.833605198999976 ], [ 153.431653781000023, -27.833798138999953 ], [ 153.431644609000045, -27.833940354999982 ], [ 153.431661045000055, -27.834059497999931 ], [ 153.43163649600001, -27.834215542999971 ], [ 153.431623122000019, -27.834477020999941 ], [ 153.431624642000088, -27.834665020999978 ], [ 153.431590325000116, -27.834889946999965 ], [ 153.431566036000049, -27.835078081999939 ], [ 153.431541859000049, -27.83528 ], [ 153.43147681500011, -27.835532618999935 ], [ 153.43140603400002, -27.835716454999954 ], [ 153.431341393000025, -27.836019506999946 ], [ 153.431311323000045, -27.836129723999932 ], [ 153.431292592000091, -27.836368320999952 ], [ 153.431268787000022, -27.836616044999971 ], [ 153.431244714000059, -27.836831753999945 ], [ 153.431230639000091, -27.837006082999949 ], [ 153.431185705000075, -27.837194373999978 ], [ 153.431171966000079, -27.837409978999972 ], [ 153.431091686000059, -27.83769478499994 ], [ 153.43103669300001, -27.837915209999949 ], [ 153.430966263000073, -27.83814033699997 ], [ 153.430910935000043, -27.838319500999944 ], [ 153.43085587500002, -27.838530784999932 ], [ 153.430795503000013, -27.838723754999933 ], [ 153.430740212000046, -27.83890747099997 ], [ 153.430705567000018, -27.839091105999955 ], [ 153.430732538000029, -27.839237695999941 ], [ 153.430754428000114, -27.839393472999973 ], [ 153.430746225000121, -27.839654957999983 ], [ 153.430722033000052, -27.839856875999942 ], [ 153.43067768700007, -27.840118525999969 ], [ 153.43064938200007, -27.840448869999932 ], [ 153.4306, -27.840724265999938 ], [ 153.430545409000047, -27.840995145999955 ], [ 153.430516643000033, -27.841270444999964 ], [ 153.430509401000108, -27.841651132999971 ], [ 153.430515093000054, -27.842361910999955 ], [ 153.430522290000113, -27.842614067999932 ], [ 153.430508715000087, -27.842852605999951 ], [ 153.430513208000093, -27.843412039999976 ], [ 153.430473362000043, -27.843591121999964 ], [ 153.430387479000046, -27.843820935999929 ], [ 153.43031644600012, -27.843972666999946 ], [ 153.430271362000099, -27.844142613999963 ], [ 153.430288767000093, -27.844380972999943 ], [ 153.43025466500012, -27.844633361999968 ], [ 153.430236158000071, -27.844899458999976 ], [ 153.430211974000031, -27.84510136199998 ], [ 153.430146729000057, -27.845331041999941 ], [ 153.430102137000063, -27.845560600999931 ], [ 153.430073220000054, -27.845817556999975 ], [ 153.430039201000113, -27.846079161999967 ], [ 153.430009645000041, -27.846253594999951 ], [ 153.42994469000007, -27.846519959999966 ], [ 153.429885525000032, -27.846864236999977 ], [ 153.429836285000079, -27.847158020999927 ], [ 153.429796506000116, -27.84734627499995 ], [ 153.429772835000108, -27.847612371999958 ], [ 153.429671657000085, -27.847865184999932 ], [ 153.429627117000109, -27.848103893999962 ], [ 153.429654841000115, -27.84834220099998 ], [ 153.429656934000036, -27.848603604999937 ], [ 153.42962766100004, -27.848814686999958 ], [ 153.429603856000085, -27.84906248599998 ], [ 153.429595877000111, -27.849356030999957 ], [ 153.429582652000022, -27.849635815999932 ], [ 153.429573979000111, -27.849842218999981 ], [ 153.429483410000103, -27.850131651999959 ], [ 153.42936692000012, -27.850407486999984 ], [ 153.429302443000097, -27.850733464999962 ], [ 153.429282945000068, -27.85087572599997 ], [ 153.429239001000042, -27.851187830999947 ], [ 153.429179575000035, -27.85150002499995 ], [ 153.42915025700006, -27.851706540999942 ], [ 153.429116424000085, -27.851991062999957 ], [ 153.429098200000112, -27.852293817999964 ], [ 153.429080326000076, -27.852637870999956 ], [ 153.429061990000037, -27.852926855999954 ], [ 153.429059122000012, -27.853211207999948 ], [ 153.429009896000025, -27.853509580999969 ], [ 153.42892960100005, -27.853794379999954 ], [ 153.428885367000021, -27.854069782999943 ], [ 153.428887795000037, -27.854372402999957 ], [ 153.428925241000115, -27.854537261999951 ], [ 153.428936663000059, -27.854674784999929 ], [ 153.42891734400007, -27.854839993999974 ], [ 153.428919259000054, -27.855078434999939 ], [ 153.428946721000102, -27.855284621999942 ], [ 153.428980108000019, -27.855587107999952 ], [ 153.429002780000019, -27.855839168999978 ], [ 153.428989391000073, -27.856100669999933 ], [ 153.428950082000028, -27.856348527999955 ], [ 153.428926493000063, -27.856623796999941 ], [ 153.428939174000107, -27.856917185999976 ], [ 153.428962167000122, -27.857210537999947 ], [ 153.428948346000084, -27.857416992999958 ], [ 153.428877878000094, -27.857642097999928 ], [ 153.428807545000041, -27.857881015999965 ], [ 153.428732964000119, -27.858234507999953 ], [ 153.428704019000065, -27.858486926999944 ], [ 153.428664605000108, -27.858721030999959 ], [ 153.428620289000037, -27.858987247999949 ], [ 153.42855101400005, -27.85935909899996 ], [ 153.428501058000052, -27.859565747999966 ], [ 153.428472730000067, -27.85989610699994 ], [ 153.428423698000074, -27.86021737599998 ], [ 153.428374040000108, -27.860460718999946 ], [ 153.428308713000092, -27.86068122699993 ], [ 153.4283312660001, -27.860919555999942 ], [ 153.428358871000114, -27.86114409399994 ], [ 153.42831444300009, -27.861396571999933 ], [ 153.428235243000017, -27.861818930999959 ], [ 153.428175698000018, -27.862117355999942 ], [ 153.428131494000013, -27.862397355999974 ], [ 153.428081828000018, -27.862640676999945 ], [ 153.42800657600003, -27.862911691999955 ], [ 153.427921111000046, -27.86319649099994 ], [ 153.427788729000099, -27.863421982999967 ], [ 153.427744621000102, -27.863715721999938 ], [ 153.427725481000039, -27.863903848999939 ], [ 153.427711764000037, -27.864124057999959 ], [ 153.427693503000114, -27.864422229999946 ], [ 153.427680070000065, -27.864679125999942 ], [ 153.427661130000047, -27.864890141999979 ], [ 153.427590812000062, -27.865133656999944 ], [ 153.427609088000054, -27.865482052999937 ], [ 153.427621314000021, -27.86572044199994 ], [ 153.427608343000088, -27.866032322999956 ], [ 153.427569168000105, -27.866298554999958 ], [ 153.427514309000117, -27.866537330999961 ], [ 153.427515889000119, -27.866734495999935 ], [ 153.427501986000038, -27.866931749999935 ], [ 153.427482957000052, -27.867133637999927 ], [ 153.427454600000033, -27.86745942999994 ], [ 153.427379156000029, -27.867707474999975 ], [ 153.427376339000034, -27.868000952999978 ], [ 153.427352631000076, -27.868262519999973 ], [ 153.42728748400009, -27.868505930999959 ], [ 153.427258598000094, -27.868767505999983 ], [ 153.427193889000023, -27.869065923999983 ], [ 153.427183697000032, -27.869193090999943 ], [ 153.427208068000027, -27.869346855999936 ], [ 153.427259984000102, -27.869634015999964 ], [ 153.427346507000038, -27.870033537999973 ], [ 153.427306110000018, -27.870487337999975 ], [ 153.427118363000091, -27.870846381999968 ], [ 153.426963592000106, -27.871248258999969 ], [ 153.426880144000052, -27.87198876399998 ], [ 153.426679843000102, -27.872711283999934 ], [ 153.426418678000118, -27.873605346999966 ], [ 153.426345163000065, -27.873923716999968 ], [ 153.426436887000023, -27.874506136999969 ], [ 153.426358254000093, -27.874731933999954 ], [ 153.426330329000052, -27.874898990999952 ], [ 153.426279695000062, -27.875151863999974 ], [ 153.426322998000046, -27.875499462999983 ], [ 153.426287652000042, -27.875896772999965 ], [ 153.426237152000112, -27.876499621999983 ], [ 153.426128381000012, -27.877413956999931 ], [ 153.426032060000011, -27.877845143999934 ], [ 153.42604494200009, -27.878228930999967 ], [ 153.425976501000036, -27.878544991999945 ], [ 153.425938622000103, -27.879066487999978 ], [ 153.425840043000107, -27.880039570999941 ], [ 153.425832562000096, -27.880369124999959 ], [ 153.425784491000059, -27.880730396999979 ], [ 153.425776973000097, -27.880960626999979 ], [ 153.425711058000047, -27.881152516999975 ], [ 153.425711073000116, -27.881258642999967 ], [ 153.425690837000047, -27.881437009999956 ], [ 153.425647870000034, -27.881829833999973 ], [ 153.425686143000121, -27.882200075999947 ], [ 153.425699055000109, -27.882651505999945 ], [ 153.425633058000017, -27.882836697999949 ], [ 153.425579771000116, -27.882967634999943 ], [ 153.425625659000048, -27.88333561099995 ], [ 153.425590262000014, -27.883622316999947 ], [ 153.425638668000033, -27.883911287999979 ], [ 153.425732888000084, -27.884421413999974 ], [ 153.425753206000081, -27.884722953999983 ], [ 153.425751477000063, -27.884861705999981 ], [ 153.425753020000116, -27.884951120999972 ], [ 153.425721072000101, -27.885103708999964 ], [ 153.425708070000042, -27.88519163999996 ], [ 153.42570640100007, -27.885253144999979 ], [ 153.425726399000041, -27.885336672999983 ], [ 153.425733045000015, -27.885412549999955 ], [ 153.425723471000083, -27.885513527999933 ], [ 153.425708756000063, -27.885649187999945 ], [ 153.425702728000033, -27.885779870999954 ], [ 153.425701924000123, -27.885892396999964 ], [ 153.425691523000069, -27.886060690999955 ], [ 153.425694935000024, -27.88620304899996 ], [ 153.42570605100002, -27.886408230999962 ], [ 153.4256891980001, -27.886615058999951 ], [ 153.425691940000092, -27.886816752999948 ], [ 153.42568583000002, -27.886989703999973 ], [ 153.42568089800011, -27.887170283999978 ], [ 153.425684959000023, -27.887326402999975 ], [ 153.425693720000027, -27.887446625999928 ], [ 153.425701186000083, -27.887587776999965 ], [ 153.425679602000059, -27.887764243999982 ], [ 153.42565500000012, -27.887894457999948 ], [ 153.425630778000027, -27.888057341999968 ], [ 153.425613201000033, -27.888166887999944 ], [ 153.425605788000098, -27.888332782999953 ], [ 153.42560005100006, -27.888458317999948 ], [ 153.425595118000047, -27.888547954999979 ], [ 153.425580806000085, -27.888684874999967 ], [ 153.425549469000089, -27.88879925599997 ], [ 153.425516440000024, -27.888887619999934 ], [ 153.425501554000107, -27.888958116999959 ], [ 153.425494975000106, -27.889112694999938 ], [ 153.425501606000012, -27.889226874999963 ], [ 153.425508960000116, -27.889340644999947 ], [ 153.42551203000005, -27.889505756999938 ], [ 153.425502985000094, -27.889617649999934 ], [ 153.425491101000034, -27.889713710999956 ], [ 153.425508163000018, -27.889827122999975 ], [ 153.425530626000068, -27.889928785999928 ], [ 153.425542190000101, -27.890044255999953 ], [ 153.425541586000122, -27.890173388999983 ], [ 153.425533852000058, -27.890327228999979 ], [ 153.425531714000044, -27.89047846099993 ], [ 153.425517618000072, -27.890628529999958 ], [ 153.425517230000082, -27.890735393999933 ], [ 153.425527199000044, -27.890848962999939 ], [ 153.425503402000118, -27.891103966999935 ], [ 153.425498552000022, -27.891245631999936 ], [ 153.425482086000102, -27.891387333999944 ], [ 153.42547443400008, -27.891593223999962 ], [ 153.425483188000044, -27.891710040999953 ], [ 153.425454913000067, -27.891908919999935 ], [ 153.425438977000113, -27.892016416999979 ], [ 153.425435311000115, -27.892144543999962 ], [ 153.425413786000036, -27.892261488999964 ], [ 153.425384811000072, -27.892474567999955 ], [ 153.425357229000042, -27.892659304999938 ], [ 153.425344392000056, -27.892784951999943 ], [ 153.42530759300007, -27.892995176999932 ], [ 153.425299599000027, -27.893104961999938 ], [ 153.425303488000054, -27.89326561799993 ], [ 153.425295702000085, -27.893388038999944 ], [ 153.425273537000066, -27.893532877999974 ], [ 153.425229139000066, -27.893749495999941 ], [ 153.425220295000031, -27.893825387999982 ], [ 153.425224199000013, -27.893989523999949 ], [ 153.425233065000043, -27.894116019999956 ], [ 153.42523145600012, -27.894201574999954 ], [ 153.425222768000026, -27.894357001999936 ], [ 153.425208366000106, -27.894540203999952 ], [ 153.425206869000021, -27.894625192999968 ], [ 153.425203218000092, -27.894756732999952 ], [ 153.425172864000047, -27.894949642999961 ], [ 153.425167209000051, -27.895046574999981 ], [ 153.425126887000033, -27.895230589999983 ], [ 153.425093449000087, -27.895349232999934 ], [ 153.425060316000099, -27.895501105999983 ], [ 153.425045698000076, -27.895622489999937 ], [ 153.425009779000106, -27.895754514999965 ], [ 153.424983560000101, -27.895879393999962 ], [ 153.424952424000026, -27.896037815999932 ], [ 153.424934565000058, -27.89615929699994 ], [ 153.424906387000078, -27.896423993999974 ], [ 153.424887141000113, -27.896640231999982 ], [ 153.42486821600005, -27.896844459999954 ], [ 153.424855819000072, -27.896985059999963 ], [ 153.424834994000094, -27.897180741999932 ], [ 153.424807442000088, -27.897331436999934 ], [ 153.424809759000027, -27.89748672199994 ], [ 153.424814051000112, -27.897589167999968 ], [ 153.424820101000023, -27.897675244999959 ], [ 153.424820659000034, -27.897818868999934 ], [ 153.424801251000076, -27.897980144999963 ], [ 153.42479882900011, -27.898073581999938 ], [ 153.42481190500007, -27.898198438999941 ], [ 153.424826508000024, -27.898318333999953 ], [ 153.424831262000112, -27.898407680999981 ], [ 153.424818037000023, -27.89853898299998 ], [ 153.424811003000059, -27.898688940999932 ], [ 153.424809685000014, -27.898832289999973 ], [ 153.424835583000117, -27.898957265999968 ], [ 153.424872963000098, -27.89908623499997 ], [ 153.424905931000012, -27.899193948999937 ], [ 153.424933476000092, -27.899313455999959 ], [ 153.42495869600009, -27.899452647999965 ], [ 153.424987716000032, -27.899616425999966 ], [ 153.42501254900003, -27.899733280999953 ], [ 153.425022227000113, -27.899845017999951 ], [ 153.425025744000095, -27.899993656999982 ], [ 153.425019389000113, -27.900132840999959 ], [ 153.425021922000042, -27.900265892999982 ], [ 153.425027167000053, -27.900398148999955 ], [ 153.425032144000056, -27.900482920999934 ], [ 153.425024366000116, -27.900584747999972 ], [ 153.425034543000038, -27.900641118999943 ], [ 153.425032502000022, -27.900687148999964 ], [ 153.42502821800008, -27.900748869999973 ], [ 153.42502029000002, -27.900781443999961 ], [ 153.424965938000014, -27.901587707999965 ], [ 153.424923314000011, -27.902218369999957 ], [ 153.424879690000012, -27.903446948999942 ], [ 153.424822797000047, -27.905132507999951 ], [ 153.424877074000051, -27.906200541999965 ], [ 153.425026935000119, -27.907794980999938 ], [ 153.425248746000079, -27.910277908999944 ], [ 153.425765734000038, -27.912647126999957 ], [ 153.426283929000078, -27.915316035999979 ], [ 153.426632870000049, -27.917837133999967 ], [ 153.427234667000107, -27.920091858999967 ], [ 153.427920605000054, -27.922497643999975 ], [ 153.428350645000023, -27.923963596999954 ], [ 153.428781257000082, -27.925206212999967 ], [ 153.429833353000049, -27.933070867999959 ], [ 153.430008136000083, -27.933194755999978 ], [ 153.429645092000101, -27.934831074999977 ], [ 153.429428704000088, -27.936078517999931 ], [ 153.431012623000015, -27.935689962999959 ], [ 153.432667308000077, -27.935297249999962 ], [ 153.433323682000037, -27.935076116999937 ], [ 153.433571421000011, -27.935056208999981 ], [ 153.433691502000102, -27.935258804999933 ], [ 153.433686570000077, -27.935327148999932 ], [ 153.433587209000052, -27.935396141999945 ], [ 153.433028587000081, -27.935512675999973 ], [ 153.431531728000095, -27.935868053999968 ], [ 153.43019343200001, -27.93621221099994 ], [ 153.429039158000023, -27.936486787999968 ], [ 153.42910879100009, -27.936522594999929 ], [ 153.429117509000093, -27.936702980999939 ], [ 153.429102809000028, -27.936883068999975 ], [ 153.429106787000023, -27.937063588999933 ], [ 153.429107555000087, -27.937424703999966 ], [ 153.429085024000074, -27.937604158999932 ], [ 153.429047108000077, -27.937781556999937 ], [ 153.429026470000053, -27.93796118299997 ], [ 153.428991579000012, -27.938097118999963 ], [ 153.429206252000085, -27.938098601999968 ], [ 153.432916328000033, -27.938098876999959 ], [ 153.43291625300003, -27.939001589999975 ], [ 153.430397592000077, -27.939001425999948 ], [ 153.43037933800008, -27.939302927999961 ], [ 153.430337294000083, -27.939943729999982 ], [ 153.430345028000033, -27.940654299999949 ], [ 153.430387131000089, -27.941115706999938 ], [ 153.430424511000069, -27.941407627999979 ], [ 153.430413342000065, -27.942821464999952 ], [ 153.430365197000015, -27.943147330999977 ], [ 153.430296838000118, -27.944791800999951 ], [ 153.430224075000069, -27.945039003999966 ], [ 153.430201232000059, -27.945938429999956 ], [ 153.43017080300001, -27.946612744999982 ], [ 153.430238938000116, -27.947071193999932 ], [ 153.430248356000106, -27.949842086999979 ], [ 153.430192193000039, -27.951006150999945 ], [ 153.430202684000051, -27.951975456999946 ], [ 153.430212056000073, -27.952841839999962 ], [ 153.43025035200003, -27.953428766999934 ], [ 153.430286502000058, -27.955146371999945 ], [ 153.430234422000012, -27.956672779999963 ], [ 153.430239682000092, -27.957513569999946 ], [ 153.430189205000033, -27.958453937999934 ], [ 153.430170265000015, -27.959199509999962 ], [ 153.430139166000117, -27.960423274999982 ], [ 153.430114974000048, -27.961317441999938 ], [ 153.430105571000013, -27.962269729999946 ], [ 153.430096146000096, -27.963123775999975 ], [ 153.429267045000074, -27.963093689999937 ], [ 153.429272015000038, -27.963242403999971 ], [ 153.429231722000054, -27.963940299999933 ], [ 153.42922356400004, -27.964458725999975 ], [ 153.429241102000105, -27.964864185999943 ], [ 153.429273572000056, -27.965042210999968 ], [ 153.429244321000056, -27.965156509999929 ], [ 153.429256629000065, -27.965232371999946 ], [ 153.429252017000067, -27.965525395999975 ], [ 153.429202754000016, -27.965588330999935 ], [ 153.429223042000103, -27.965754165999954 ], [ 153.429223623000098, -27.965902945999972 ], [ 153.429245826000056, -27.965962908999984 ], [ 153.429237139000065, -27.966233304999946 ], [ 153.429244679000021, -27.966336785999943 ], [ 153.429188300000078, -27.967029279999963 ], [ 153.429219771000021, -27.96718457999998 ], [ 153.429228488000035, -27.96755419599998 ], [ 153.429197993000116, -27.967845990999933 ], [ 153.429243211000085, -27.967951311999968 ], [ 153.429240812000103, -27.968212789999939 ], [ 153.429256428000031, -27.968401639999968 ], [ 153.429247495000027, -27.96856374999993 ], [ 153.429218758000047, -27.968616514999951 ], [ 153.429211903, -27.968810281999936 ], [ 153.429188553000017, -27.968888743999969 ], [ 153.429213729000026, -27.969012989999953 ], [ 153.429226976000109, -27.969319335999955 ], [ 153.42927455500012, -27.969447827999943 ], [ 153.429273035000051, -27.969961791999935 ], [ 153.429224659000056, -27.970056167999928 ], [ 153.429241228000024, -27.970217808999962 ], [ 153.429215002000092, -27.970593086999941 ], [ 153.429222318000029, -27.970953701999974 ], [ 153.429618577000042, -27.971014 ], [ 153.429574343000013, -27.971267654999963 ], [ 153.42953982500012, -27.971672042999955 ], [ 153.429505180000092, -27.972045338999976 ], [ 153.429506804000084, -27.972457385999974 ], [ 153.429481062000036, -27.972799538999936 ], [ 153.429467450000061, -27.973205721999932 ], [ 153.429461780000111, -27.973339109999984 ], [ 153.429463903000055, -27.973496145999945 ], [ 153.429469722000022, -27.973663887999976 ], [ 153.429474163000123, -27.973860434999949 ], [ 153.429483849000121, -27.974003358999937 ], [ 153.429484922000029, -27.974161690999949 ], [ 153.429486359000066, -27.974313556999959 ], [ 153.429500419000078, -27.974468006999928 ], [ 153.429510306000111, -27.974677166999982 ], [ 153.429512198000111, -27.974796622999975 ], [ 153.429518680000115, -27.974878116999946 ], [ 153.42952966200005, -27.97493663399996 ], [ 153.429528202000029, -27.975013247999982 ], [ 153.429539370000043, -27.97509372899998 ], [ 153.429542291000075, -27.975137836999977 ], [ 153.429545316000031, -27.975236958999972 ], [ 153.429548564000015, -27.975330888999963 ], [ 153.429554219000011, -27.975418440999931 ], [ 153.42955758700009, -27.975500612999951 ], [ 153.429564941000081, -27.975573106999946 ], [ 153.42956894200006, -27.975669822999976 ], [ 153.429575841000087, -27.975749759999928 ], [ 153.429579164000074, -27.975859089999972 ], [ 153.429578128000117, -27.975952475999975 ], [ 153.429574030000026, -27.976019381999947 ], [ 153.429562728000064, -27.976105465999979 ], [ 153.429568673000063, -27.976181938999957 ], [ 153.429565276000062, -27.976278773999979 ], [ 153.429560932000072, -27.976372159999983 ], [ 153.429545383000118, -27.976476020999939 ], [ 153.429531704000055, -27.976568489999977 ], [ 153.429516117000048, -27.976675285999931 ], [ 153.429500411000049, -27.976796804999935 ], [ 153.42950018800002, -27.976865812999961 ], [ 153.429494190000014, -27.976992568999947 ], [ 153.429486419000114, -27.977097681999965 ], [ 153.429489817000103, -27.977219461999937 ], [ 153.42949111300004, -27.977315290999968 ], [ 153.429497096000091, -27.977410091999957 ], [ 153.429500679000057, -27.977511285999981 ], [ 153.429500240000039, -27.977582550999955 ], [ 153.429502869000089, -27.977680279999959 ], [ 153.429509642000085, -27.977796188999946 ], [ 153.429523567000047, -27.977913952999984 ], [ 153.429535272000066, -27.978024898999934 ], [ 153.429538438000122, -27.978056854999977 ], [ 153.429541448000123, -27.978094688999931 ], [ 153.429743716000075, -27.978084496999941 ], [ 153.429759474000093, -27.978336683999942 ], [ 153.429782541000122, -27.978502436999975 ], [ 153.429783078000014, -27.978638402999934 ], [ 153.429813506000073, -27.978777586999968 ], [ 153.429829003000123, -27.978916830999935 ], [ 153.429829569000049, -27.979059427999971 ], [ 153.429837296000073, -27.979125729999964 ], [ 153.429841587000055, -27.979265621999957 ], [ 153.429857323000078, -27.979464552999957 ], [ 153.429865466000024, -27.979636973999959 ], [ 153.429875957000036, -27.979914723999968 ], [ 153.429877991000012, -27.979968569999983 ], [ 153.429874772000062, -27.980097911999962 ], [ 153.429864013000042, -27.98021069899994 ], [ 153.429853739, -27.980446188999963 ], [ 153.429865943000095, -27.980698189999941 ], [ 153.429870071000096, -27.980797662999976 ], [ 153.429863753000063, -27.981086834999928 ], [ 153.429856988000097, -27.981265938999968 ], [ 153.429850342000123, -27.981474882999976 ], [ 153.429858142000057, -27.981557763999945 ], [ 153.429862091000018, -27.981610811999929 ], [ 153.429897698000104, -27.981677970999954 ], [ 153.429909544000111, -27.981769680999946 ], [ 153.429929303000108, -27.981925933999946 ], [ 153.429929705000063, -27.982027872999936 ], [ 153.429949613000076, -27.982224895999934 ], [ 153.42995777200008, -27.98235060199994 ], [ 153.429977151000116, -27.982411703999958 ], [ 153.429973813000061, -27.98253404299993 ], [ 153.42996254000002, -27.982588446999955 ], [ 153.429993385000103, -27.982646121999949 ], [ 153.43000500100004, -27.982680058999961 ], [ 153.430016847000047, -27.982771775999936 ], [ 153.430017183000018, -27.982856719999972 ], [ 153.430020811000077, -27.982935986999962 ], [ 153.429751137000039, -27.982942937999951 ], [ 153.42972673700001, -27.982943563999982 ], [ 153.429728674000103, -27.98294912199998 ], [ 153.429731185000037, -27.982991008999932 ], [ 153.429736266000077, -27.983040510999956 ], [ 153.429747360000079, -27.983127593999939 ], [ 153.429745907000097, -27.983220285999948 ], [ 153.429748522000068, -27.983297458999971 ], [ 153.429756725000061, -27.983380003999969 ], [ 153.429771358000039, -27.983480251999936 ], [ 153.429773087000058, -27.983550994999973 ], [ 153.429768199000023, -27.983637100999943 ], [ 153.429766478000033, -27.98370125799994 ], [ 153.429762008000012, -27.983767478999937 ], [ 153.429761538000093, -27.983876085999952 ], [ 153.429759042000114, -27.983955807999962 ], [ 153.429758804000016, -27.98402843599996 ], [ 153.429768281000065, -27.984085059999984 ], [ 153.429785209000102, -27.984156972999983 ], [ 153.429808507000075, -27.984249486999943 ], [ 153.429829152000025, -27.984319857999935 ], [ 153.429855930000031, -27.98439770899995 ], [ 153.429892259000098, -27.984461783999961 ], [ 153.42994021800007, -27.984529226999939 ], [ 153.429985644000112, -27.984581096999932 ], [ 153.430015856000068, -27.984650163999959 ], [ 153.430038499000034, -27.98471567699994 ], [ 153.430051954000078, -27.984799324999983 ], [ 153.430062422000105, -27.984890184999983 ], [ 153.430072919000054, -27.984993523999947 ], [ 153.430076354000107, -27.985101296999972 ], [ 153.430089601000077, -27.985220900999934 ], [ 153.43010029300001, -27.985324940999931 ], [ 153.430110262000085, -27.985441586999968 ], [ 153.430118353000012, -27.985551289999933 ], [ 153.430134640000119, -27.985694437999939 ], [ 153.430139252000117, -27.985818839999979 ], [ 153.43014051800003, -27.985912411999948 ], [ 153.430144639000105, -27.986010490999945 ], [ 153.430149720000031, -27.986112064999929 ], [ 153.430153810000093, -27.986213094999982 ], [ 153.430148319000068, -27.986300065999956 ], [ 153.430149280000023, -27.986386372999959 ], [ 153.430150748000074, -27.986462331999974 ], [ 153.430151992000106, -27.986540502999958 ], [ 153.430144631000076, -27.986586808999959 ], [ 153.430138991000035, -27.986636421999947 ], [ 153.430148096000039, -27.98669164599994 ], [ 153.430143596000107, -27.986760809999964 ], [ 153.430138894000038, -27.986829250999961 ], [ 153.430137993000017, -27.98690862899997 ], [ 153.430141718000073, -27.986974551999936 ], [ 153.430130982000037, -27.987042113999962 ], [ 153.430140504000065, -27.987129523999954 ], [ 153.430142463000038, -27.987247145999959 ], [ 153.430151337000098, -27.987375027999974 ], [ 153.430156083000043, -27.987487657999964 ], [ 153.430165314000078, -27.987616918999947 ], [ 153.430170805000103, -27.987732320999953 ], [ 153.43017790500005, -27.987826130999963 ], [ 153.430177980000053, -27.987921415999949 ], [ 153.430185676000065, -27.988014354999962 ], [ 153.43018543800008, -27.988102382999955 ], [ 153.430189521000102, -27.98820402399997 ], [ 153.430189685000073, -27.988317756999948 ], [ 153.430192591000036, -27.988406791999978 ], [ 153.430184395000083, -27.988535395999975 ], [ 153.430167832000052, -27.988646700999936 ], [ 153.430142910000086, -27.988760470999978 ], [ 153.430109636000111, -27.988879217999965 ], [ 153.430068032000122, -27.98901527299995 ], [ 153.430034757000044, -27.98913153999996 ], [ 153.430022747000066, -27.98923505099998 ], [ 153.430024334000109, -27.989324278999959 ], [ 153.430025586000056, -27.989439262999952 ], [ 153.430023731000119, -27.989502786999935 ], [ 153.430020259000116, -27.989598258999933 ], [ 153.430028380000067, -27.989798060999931 ], [ 153.430031122000059, -27.989853247999974 ], [ 153.430037075000087, -27.989923401999931 ], [ 153.430042595000032, -27.990000701999975 ], [ 153.430050605000019, -27.990053555999964 ], [ 153.430060156000081, -27.990137881999942 ], [ 153.430072934000123, -27.990226156999938 ], [ 153.430086502000108, -27.990316494999945 ], [ 153.43010536700001, -27.990424714999961 ], [ 153.430119173000094, -27.990510283999981 ], [ 153.430139557000075, -27.990608110999972 ], [ 153.430174195000063, -27.990763484999945 ], [ 153.430206136000038, -27.990902989999938 ], [ 153.430225924000069, -27.990989900999978 ], [ 153.43022836800003, -27.991006194999954 ], [ 153.430232071000091, -27.991021296999975 ], [ 153.430256025000062, -27.991134888999966 ], [ 153.430265301000077, -27.991182460999937 ], [ 153.430269533000114, -27.991218156999935 ], [ 153.430278920000092, -27.991291812999975 ], [ 153.43028579700001, -27.991349144999958 ], [ 153.430311651000011, -27.991474321999931 ], [ 153.430325382000092, -27.991597912999964 ], [ 153.430333913000027, -27.991715325999962 ], [ 153.430347458000028, -27.991779974999929 ], [ 153.430347034000079, -27.991825773999949 ], [ 153.430356362000111, -27.991931959999931 ], [ 153.430372977000047, -27.992065190999938 ], [ 153.43039064200002, -27.99222692099994 ], [ 153.430388079000068, -27.992335132999983 ], [ 153.430393286000026, -27.99239141399994 ], [ 153.430394627000055, -27.992534837999983 ], [ 153.43039198200006, -27.99256493799993 ], [ 153.430395134000037, -27.992639384999961 ], [ 153.430397399000071, -27.99271919499995 ], [ 153.430404052000085, -27.992816424999944 ], [ 153.430404946000067, -27.992872229999932 ], [ 153.430420778000098, -27.992969526999957 ], [ 153.430420428000048, -27.992996140999935 ], [ 153.430414729000063, -27.993091075999928 ], [ 153.430420287000061, -27.993192977999968 ], [ 153.430428095000025, -27.993277399999954 ], [ 153.430426404000059, -27.993330120999929 ], [ 153.430441156000029, -27.993457152999952 ], [ 153.430450409000059, -27.993546402999982 ], [ 153.430456303000028, -27.993632740999942 ], [ 153.430466786000011, -27.993701047999934 ], [ 153.430484466000053, -27.99381561499996 ], [ 153.430486232000021, -27.993877119999979 ], [ 153.430497132000028, -27.993982939999967 ], [ 153.430498503000081, -27.994032002999973 ], [ 153.430511884000111, -27.99410996499995 ], [ 153.43052990700005, -27.994197896999935 ], [ 153.430532284000037, -27.994247465999933 ], [ 153.430526949000068, -27.994340850999947 ], [ 153.430521659000078, -27.994401044999961 ], [ 153.43051343400009, -27.994448660999979 ], [ 153.430511743000011, -27.994501388999936 ], [ 153.430521212000031, -27.994555211999966 ], [ 153.430533111000045, -27.994614354999953 ], [ 153.430551082000079, -27.994674294999982 ], [ 153.430561155000078, -27.994741230999978 ], [ 153.43056067100008, -27.994784093999954 ], [ 153.430570766000073, -27.994865036999954 ], [ 153.430587403000118, -27.994951083999979 ], [ 153.43058695600007, -27.994971818999943 ], [ 153.43059073400002, -27.995012222999947 ], [ 153.430593416000079, -27.995057298999939 ], [ 153.430585116000088, -27.995087980999983 ], [ 153.430565566000041, -27.99513675999998 ], [ 153.430554248000021, -27.995185098999968 ], [ 153.430554278000045, -27.995224147999977 ], [ 153.430561788000091, -27.995302013999947 ], [ 153.430571385000121, -27.995375699999954 ], [ 153.430602394000061, -27.995529151999961 ], [ 153.430606849000014, -27.995599604999938 ], [ 153.43060360100003, -27.995688817999962 ], [ 153.430600256000048, -27.995772152999962 ], [ 153.430597044000024, -27.995828180999979 ], [ 153.430604815000038, -27.995909667999967 ], [ 153.430623561000061, -27.995969421999973 ], [ 153.43065304300012, -27.996039948999965 ], [ 153.430665500000032, -27.996073170999978 ], [ 153.430677973000115, -27.996131441999978 ], [ 153.43069390200003, -27.996270730999981 ], [ 153.430705420000095, -27.996342494999965 ], [ 153.430712700000072, -27.996405660999983 ], [ 153.43072397200001, -27.996534972999939 ], [ 153.430738590000033, -27.996714367999971 ], [ 153.430759273000035, -27.99686950399996 ], [ 153.430769175000023, -27.996974809999983 ], [ 153.430774018000079, -27.997068761999969 ], [ 153.430779710000024, -27.997179469999935 ], [ 153.430781282000112, -27.997265352999932 ], [ 153.430792786000097, -27.997384293999971 ], [ 153.430796578000013, -27.997485867999956 ], [ 153.430816263000111, -27.99757931299996 ], [ 153.430825144000096, -27.997645056999943 ], [ 153.430826708000041, -27.997705868999958 ], [ 153.430820808000021, -27.997825181999929 ], [ 153.430833846000041, -27.997918694999953 ], [ 153.430845618000035, -27.997994079999955 ], [ 153.430858180000087, -27.998094349999974 ], [ 153.430870287000062, -27.998190305999969 ], [ 153.430882200000042, -27.998274504999983 ], [ 153.430891223000117, -27.998349069999961 ], [ 153.430892236000091, -27.998399688999939 ], [ 153.430905320000079, -27.998460023999939 ], [ 153.430913895000117, -27.998530267999968 ], [ 153.43091928900003, -27.99859829899998 ], [ 153.430920176000086, -27.998629054999981 ], [ 153.430924818000108, -27.998686193999959 ], [ 153.430931866000037, -27.998784801999932 ], [ 153.43094386100006, -27.998885936999955 ], [ 153.430953018000082, -27.998980357999983 ], [ 153.430951640000103, -27.999028584999962 ], [ 153.430954776000021, -27.99907798299995 ], [ 153.430954709000048, -27.999122223999962 ], [ 153.430958427000064, -27.999170741999933 ], [ 153.430964179000057, -27.999212152999974 ], [ 153.430972867000037, -27.999266146999958 ], [ 153.430980086000091, -27.999326384999961 ], [ 153.43098292500008, -27.999405323999952 ], [ 153.430986620000112, -27.99946491399993 ], [ 153.430989139000076, -27.999523288999967 ], [ 153.431003212000064, -27.99958412999996 ], [ 153.431019879000019, -27.999648063999928 ], [ 153.431029348000038, -27.999701878999929 ], [ 153.431041843000116, -27.999785206999945 ], [ 153.431047923000051, -27.999872251999932 ], [ 153.431057556000042, -27.999959922999949 ], [ 153.43105778000006, -28.000046855999983 ], [ 153.431062347000079, -28.000087066999981 ], [ 153.431074417000104, -28.000169022999955 ], [ 153.431084736000116, -28.000239587999943 ], [ 153.431096813000067, -28.00028541599994 ], [ 153.431112311000106, -28.000373213999978 ], [ 153.431116960000054, -28.000419302999944 ], [ 153.431125140000063, -28.000502160999929 ], [ 153.431125476000034, -28.00058390199996 ], [ 153.431125185000042, -28.000638513999945 ], [ 153.431124939000028, -28.000696062999964 ], [ 153.431132889000082, -28.000764242999935 ], [ 153.431139922000057, -28.000812723999957 ], [ 153.431150405000039, -28.000881037999932 ], [ 153.431152022000106, -28.000908679999952 ], [ 153.431162900000118, -28.00098943699993 ], [ 153.431164807000073, -28.001034690999973 ], [ 153.431161142000065, -28.001086390999944 ], [ 153.431162431000075, -28.001129596999931 ], [ 153.431178174000024, -28.001221007999959 ], [ 153.431190989000015, -28.00132489899994 ], [ 153.431195943000034, -28.001377551999951 ], [ 153.431204810000054, -28.001454352999929 ], [ 153.431209168, -28.001518941999961 ], [ 153.431216187000018, -28.001578479999978 ], [ 153.431217878000098, -28.001634097999954 ], [ 153.431223145000104, -28.001718386999983 ], [ 153.431235297000057, -28.001817270999936 ], [ 153.431250541000054, -28.001918799999942 ], [ 153.431281171000023, -28.002128696999932 ], [ 153.431287310000016, -28.002157471999965 ], [ 153.431301004000034, -28.002194835999944 ], [ 153.431312508000019, -28.002241535999929 ], [ 153.43132626900001, -28.002306885999928 ], [ 153.431337229000064, -28.002368300999933 ], [ 153.431337780000035, -28.002371414999971 ], [ 153.431344076000073, -28.002405188999944 ], [ 153.431348047000029, -28.002434051999955 ], [ 153.431357837000064, -28.002486354999974 ], [ 153.4313706370001, -28.002551256999936 ], [ 153.431375219000074, -28.00259645999995 ], [ 153.431379481000022, -28.002638666999928 ], [ 153.431381984000041, -28.00269117199997 ], [ 153.431384182000102, -28.002737506999949 ], [ 153.431377447000045, -28.002781434999974 ], [ 153.431376262000072, -28.002818032999983 ], [ 153.431374668000103, -28.002878247999945 ], [ 153.431381887000043, -28.002921341999979 ], [ 153.43138938300001, -28.00296502499998 ], [ 153.431398659000024, -28.003005496999947 ], [ 153.431412144000092, -28.003070219999984 ], [ 153.431423387000109, -28.00311185399994 ], [ 153.431429877000028, -28.003152689999979 ], [ 153.431435204000081, -28.003195895999966 ], [ 153.431440561000045, -28.003246313999966 ], [ 153.431443250000029, -28.003299071999948 ], [ 153.431442699000058, -28.003325319999931 ], [ 153.431441008000093, -28.003359212999953 ], [ 153.431438184000058, -28.003435685999932 ], [ 153.431446380000011, -28.003483972999959 ], [ 153.431446104000088, -28.00348392799998 ], [ 153.43145018700011, -28.00350726299996 ], [ 153.431460402000084, -28.003567165999982 ], [ 153.43146454400005, -28.003624251999952 ], [ 153.431474036000054, -28.003694049999979 ], [ 153.431483290000074, -28.003763153999955 ], [ 153.431489586000112, -28.003802477999955 ], [ 153.431504070000074, -28.003876856999966 ], [ 153.431513331000019, -28.003934024999978 ], [ 153.431519790000038, -28.003990470999952 ], [ 153.431523113000026, -28.004038072999947 ], [ 153.431537180000078, -28.004096901999958 ], [ 153.431550010000024, -28.004140390999964 ], [ 153.43156112600002, -28.004181376999952 ], [ 153.431570208000039, -28.004239580999979 ], [ 153.431569463000073, -28.004267445999972 ], [ 153.431567817000087, -28.004294483999956 ], [ 153.431566923000105, -28.004323958999976 ], [ 153.431564300000105, -28.004360145999954 ], [ 153.431564442000081, -28.004395431999967 ], [ 153.431568979000076, -28.00442325299997 ], [ 153.431647314000088, -28.005171864999966 ], [ 153.431652202, -28.005203804999951 ], [ 153.431656270000076, -28.005252002999953 ], [ 153.431661754000061, -28.005288026999949 ], [ 153.431665091000013, -28.005322157999956 ], [ 153.431670329000099, -28.005359902999942 ], [ 153.431692644000123, -28.005574486999933 ], [ 153.431744328000036, -28.006068236999965 ], [ 153.431749022000076, -28.00612474899998 ], [ 153.431745386000102, -28.006172343999935 ], [ 153.43174019300011, -28.006227186999979 ], [ 153.431732571000111, -28.006274363999978 ], [ 153.431731834000061, -28.006313606999981 ], [ 153.431729844000074, -28.006359762999978 ], [ 153.43173640800012, -28.006440049999981 ], [ 153.431750453000063, -28.006559140999968 ], [ 153.431763431000036, -28.006660780999937 ], [ 153.431762820000017, -28.006719886999974 ], [ 153.431760354000062, -28.006772792999982 ], [ 153.431773206000116, -28.006890675999955 ], [ 153.431786401000068, -28.006981953999968 ], [ 153.431786505000105, -28.00702395199994 ], [ 153.43178746600006, -28.007071635999978 ], [ 153.431815197000105, -28.007214083999941 ], [ 153.431826053000123, -28.007269768999947 ], [ 153.431826634000117, -28.007293960999959 ], [ 153.431828087000099, -28.007323845999963 ], [ 153.431834189000028, -28.007374755999933 ], [ 153.431836253000029, -28.007417759999953 ], [ 153.431833831000063, -28.007458089999943 ], [ 153.431827930000054, -28.007499306999932 ], [ 153.431830970000078, -28.007542408999939 ], [ 153.431845193000072, -28.007624140999951 ], [ 153.431857964000073, -28.007749087999969 ], [ 153.431870525000022, -28.007852121999974 ], [ 153.431878371000039, -28.00792974899997 ], [ 153.431883370000037, -28.007980867999947 ], [ 153.43190207900011, -28.008111468999971 ], [ 153.431905826000047, -28.008152387999928 ], [ 153.431920400000081, -28.008248641999955 ], [ 153.431936485000051, -28.008395574999952 ], [ 153.431958241000075, -28.008555426999976 ], [ 153.431984340000099, -28.00872116499994 ], [ 153.431988408000052, -28.008825301999934 ], [ 153.431988349000108, -28.008869118999939 ], [ 153.431996083000058, -28.00901513499997 ], [ 153.43199792300004, -28.009061588999941 ], [ 153.432002468000064, -28.009175813999946 ], [ 153.432009397000115, -28.009330614999953 ], [ 153.432024507000051, -28.009485653999945 ], [ 153.432044906000101, -28.009673236999959 ], [ 153.432069955000088, -28.009894221999957 ], [ 153.432096472000012, -28.010044678999975 ], [ 153.43211580600007, -28.010203002999958 ], [ 153.432138761000033, -28.010384558999931 ], [ 153.43216261800012, -28.010598770999934 ], [ 153.432217305000108, -28.011034971999948 ], [ 153.432243092000022, -28.011227815999973 ], [ 153.432252084000083, -28.01129509499998 ], [ 153.432253746000015, -28.011408618999951 ], [ 153.432277789000068, -28.011506556999962 ], [ 153.432294530000036, -28.011635265999928 ], [ 153.432316294000088, -28.01178641599995 ], [ 153.432340173000057, -28.012008524999942 ], [ 153.432364201000041, -28.012187725999979 ], [ 153.432391015000121, -28.01236460299998 ], [ 153.432407124000065, -28.012428908999937 ], [ 153.432441106000056, -28.012549280999963 ], [ 153.432483567000077, -28.012640855999962 ], [ 153.432524314000034, -28.012736312999948 ], [ 153.432563601000084, -28.01281966199997 ], [ 153.432601152000075, -28.012911221999957 ], [ 153.432624293000117, -28.012982464999936 ], [ 153.432654706000108, -28.013079441999935 ], [ 153.432680471000026, -28.013177826999936 ], [ 153.432701362000103, -28.013271442999951 ], [ 153.432715376000033, -28.013353734999953 ], [ 153.432735389000072, -28.013472950999983 ], [ 153.432753336000019, -28.013584538999964 ], [ 153.432781261000059, -28.013807966999934 ], [ 153.432820436000043, -28.014043517999937 ], [ 153.432856400000105, -28.014300256999945 ], [ 153.432883513000093, -28.014437176999934 ], [ 153.432912801000043, -28.014624193999964 ], [ 153.432966393000015, -28.014940984999953 ], [ 153.432983917000115, -28.015069566999955 ], [ 153.433013868000103, -28.01526445899998 ], [ 153.43303629400009, -28.015414789999966 ], [ 153.433060553000018, -28.015575006999939 ], [ 153.433086698000011, -28.015753798999981 ], [ 153.433119011000031, -28.015948325999943 ], [ 153.433155541000019, -28.016174130999957 ], [ 153.433188860000087, -28.016417041999944 ], [ 153.433207896000113, -28.016562834999945 ], [ 153.433256966000044, -28.016912177999927 ], [ 153.433283601000085, -28.017072029999952 ], [ 153.433324006000021, -28.017296545999955 ], [ 153.43335933700007, -28.017546437999954 ], [ 153.433388908000097, -28.017721824999967 ], [ 153.433419776000051, -28.017925992999949 ], [ 153.433446300000014, -28.018098183999939 ], [ 153.433467527000062, -28.018229134999956 ], [ 153.433505755000056, -28.018324226999937 ], [ 153.433563684000092, -28.018480919999945 ], [ 153.433633384000018, -28.018665596999938 ], [ 153.433680062000121, -28.018805824999959 ], [ 153.433728215000087, -28.018927730999962 ], [ 153.433770951000042, -28.019001066999977 ], [ 153.433791977000055, -28.019037172999958 ], [ 153.433814791000032, -28.019099667999967 ], [ 153.433826235000083, -28.019145913999978 ], [ 153.433846932000051, -28.019287064999958 ], [ 153.433861267000111, -28.019455276999963 ], [ 153.433877882000047, -28.019587636999972 ], [ 153.433907766000061, -28.019690483999966 ], [ 153.433931519000112, -28.019817434999936 ], [ 153.433944699000108, -28.019927091999932 ], [ 153.433969785000045, -28.020056754999928 ], [ 153.433994484000095, -28.020171239999968 ], [ 153.434009727000102, -28.020353063999949 ], [ 153.434027295000078, -28.020459912999968 ], [ 153.434051994000015, -28.020591802999945 ], [ 153.434074800000076, -28.020748607999963 ], [ 153.434115502000054, -28.02091798999993 ], [ 153.434150639000109, -28.021066442999938 ], [ 153.434179153000059, -28.021240532999968 ], [ 153.434189934000074, -28.021367944999952 ], [ 153.434239584000011, -28.021611370999949 ], [ 153.434248115000059, -28.021739847999982 ], [ 153.434249114000067, -28.021832481999979 ], [ 153.434264685000016, -28.021928742999933 ], [ 153.434272985000121, -28.022012315999973 ], [ 153.434267226000088, -28.022090703999936 ], [ 153.43426811300003, -28.022178277999956 ], [ 153.434278916000039, -28.022270895999952 ], [ 153.434271458000012, -28.02234786799994 ], [ 153.434286367000027, -28.022449359999939 ], [ 153.434289779000096, -28.022500365999974 ], [ 153.43430494800009, -28.022565528999962 ], [ 153.434296008000047, -28.022632949999945 ], [ 153.434298727000055, -28.022697113999982 ], [ 153.434289898000088, -28.022760890999962 ], [ 153.434288013000014, -28.022830858999953 ], [ 153.43429509900011, -28.022896550999974 ], [ 153.43431630300006, -28.022988364999946 ], [ 153.434348266000029, -28.023068361999947 ], [ 153.434396673000037, -28.023148737999975 ], [ 153.434424933000059, -28.023209713999961 ], [ 153.434436645000119, -28.023273967999955 ], [ 153.434439275000045, -28.023346133999951 ], [ 153.434421453000027, -28.023426540999935 ], [ 153.434403512000017, -28.023531623999929 ], [ 153.434399712000072, -28.023612782999976 ], [ 153.434402022000086, -28.023695886999974 ], [ 153.434419240000011, -28.023750573999962 ], [ 153.434425678000025, -28.023817084999962 ], [ 153.434417907000011, -28.023898832999976 ], [ 153.434415783000077, -28.023971743999937 ], [ 153.434410315000036, -28.024040088999982 ], [ 153.434418048000111, -28.024121634999972 ], [ 153.434423368000012, -28.024199195999984 ], [ 153.434441637000077, -28.024309612999957 ], [ 153.434451628000033, -28.024379268999951 ], [ 153.434455294000031, -28.024404756999957 ], [ 153.434489216000088, -28.02449463399995 ], [ 153.434524755000098, -28.024576261999982 ], [ 153.434556510000107, -28.024663552999982 ], [ 153.434578854000051, -28.024748668999962 ], [ 153.434591520000026, -28.024834536999947 ], [ 153.434606116000054, -28.024930276999953 ], [ 153.434636477000026, -28.025043912999934 ], [ 153.434639643000082, -28.025097854999956 ], [ 153.434659641000053, -28.025208726999949 ], [ 153.434672977000105, -28.025277078999977 ], [ 153.434709619000046, -28.025397725999937 ], [ 153.4347220840001, -28.025474198999973 ], [ 153.434739965000063, -28.025565795999967 ], [ 153.434760157000028, -28.025665037999943 ], [ 153.434767138000097, -28.025751061999983 ], [ 153.434780899000089, -28.025863602999948 ], [ 153.43479181400005, -28.02594466599993 ], [ 153.434808667000084, -28.02607708499994 ], [ 153.43482808300007, -28.026180781999983 ], [ 153.434844668000096, -28.026295080999944 ], [ 153.434860069000024, -28.02637400499998 ], [ 153.434878263000087, -28.026433631999964 ], [ 153.434883307000064, -28.026455350999981 ], [ 153.434891249000088, -28.026546306999933 ], [ 153.434903990000066, -28.026624180999931 ], [ 153.434924501000069, -28.026695787999984 ], [ 153.434930626000096, -28.026718802999937 ], [ 153.434942502000013, -28.02682148699995 ], [ 153.434956233000094, -28.026925332999951 ], [ 153.434968981000111, -28.027003213999933 ], [ 153.434981781000033, -28.027089782999951 ], [ 153.435001525000075, -28.027165859999968 ], [ 153.435026901000015, -28.027228742999966 ], [ 153.43503820400008, -28.027311906999955 ], [ 153.43505329900006, -28.027385070999969 ], [ 153.435067239000091, -28.02744390099997 ], [ 153.435094202000073, -28.027582012999972 ], [ 153.435103039000069, -28.027631446999976 ], [ 153.435107032000019, -28.027727350999953 ], [ 153.435114639000062, -28.027808196999956 ], [ 153.435129250000045, -28.02785384699996 ], [ 153.435138004, -28.027890235999962 ], [ 153.435150886000088, -28.027952142999936 ], [ 153.435156087000109, -28.028045691999978 ], [ 153.435167494000098, -28.02810418699994 ], [ 153.435183334000044, -28.028151825999942 ], [ 153.435190047000106, -28.028219744999944 ], [ 153.435199621000038, -28.028298102999941 ], [ 153.435213017000024, -28.028375156999971 ], [ 153.435233677000042, -28.02844745699997 ], [ 153.43524925600002, -28.028531439999938 ], [ 153.435264999000083, -28.028603769999961 ], [ 153.435279379000121, -28.028706796999984 ], [ 153.435293133000073, -28.028760574999978 ], [ 153.435308056000054, -28.028845362999959 ], [ 153.43533741900012, -28.029004164999947 ], [ 153.435351337000043, -28.029062986999975 ], [ 153.435365925000042, -28.029137678999973 ], [ 153.43538731600006, -28.02923887999998 ], [ 153.43540512200002, -28.029338501999973 ], [ 153.435419733000117, -28.029423795999946 ], [ 153.435428622000018, -28.029475674999958 ], [ 153.435448910000105, -28.029587961999937 ], [ 153.435477483000113, -28.029692433999969 ], [ 153.43550790300003, -28.029798090999975 ], [ 153.43553433000011, -28.03000885299997 ], [ 153.435565206000092, -28.030120968999938 ], [ 153.435616838000101, -28.030339457999958 ], [ 153.435631523000097, -28.030464924999933 ], [ 153.435663449000117, -28.030611723999982 ], [ 153.435690316000091, -28.03075782999997 ], [ 153.435726570000043, -28.030935153999962 ], [ 153.435761976000094, -28.031087204999949 ], [ 153.435776310000051, -28.031219266999983 ], [ 153.435788365000121, -28.031369112999982 ], [ 153.435800651000022, -28.031473919999939 ], [ 153.435824732000015, -28.031618267999932 ], [ 153.435854415000108, -28.031766124999933 ], [ 153.435894827000084, -28.031914494999967 ], [ 153.435924502000034, -28.032062359999941 ], [ 153.435957680000115, -28.032182082999952 ], [ 153.435985783000092, -28.032330177999938 ], [ 153.436016987000016, -28.032469093999964 ], [ 153.436036969000043, -28.032596655999953 ], [ 153.436040299000069, -28.032655663999947 ], [ 153.436064179000027, -28.032731823999939 ], [ 153.436090866000086, -28.032851837999942 ], [ 153.436110946000099, -28.032954715999949 ], [ 153.436125065000056, -28.033094063999954 ], [ 153.436148951000064, -28.033191286999966 ], [ 153.43616966400009, -28.033255592999978 ], [ 153.436195651000048, -28.033405452999943 ], [ 153.43621465800004, -28.033507049999969 ], [ 153.436240452000106, -28.033647522999956 ], [ 153.43625965800004, -28.03377521799996 ], [ 153.436273099000118, -28.033839918999945 ], [ 153.436293596000041, -28.033944897999959 ], [ 153.436328897000067, -28.034083917999965 ], [ 153.43636867500004, -28.034216418999961 ], [ 153.436393083000098, -28.03429540999997 ], [ 153.436420144000067, -28.034522041999935 ], [ 153.436438904000056, -28.034626573999958 ], [ 153.436468729000012, -28.034829556999966 ], [ 153.436512241000059, -28.035039879999943 ], [ 153.436556028000041, -28.03528936999993 ], [ 153.436586508000119, -28.035474836999981 ], [ 153.436632873000121, -28.035678893999943 ], [ 153.436674931000084, -28.035923555999943 ], [ 153.436689207000086, -28.035996839999939 ], [ 153.436704607000024, -28.036016970999981 ], [ 153.43672967100008, -28.036170639999966 ], [ 153.436772638000093, -28.036378130999935 ], [ 153.436793038000019, -28.036507807999953 ], [ 153.436832995000032, -28.036720849999938 ], [ 153.436863498000093, -28.036927357999957 ], [ 153.436897972000111, -28.037104025999952 ], [ 153.436925941000027, -28.037247270999956 ], [ 153.436953911000046, -28.037361264999959 ], [ 153.436980837000078, -28.037461638999957 ], [ 153.437008457000047, -28.037541657999952 ], [ 153.437033178000092, -28.037628509999934 ], [ 153.437047870000015, -28.037676975999943 ], [ 153.437083365000035, -28.03773199799997 ], [ 153.437129171000038, -28.037779800999942 ], [ 153.437170194000032, -28.037822552999955 ], [ 153.437191473000098, -28.037861809999981 ], [ 153.437194781000017, -28.037910111999963 ], [ 153.437181943000041, -28.037961937999967 ], [ 153.437190631000021, -28.038042902999962 ], [ 153.437203461000081, -28.038088202999973 ], [ 153.437199504000091, -28.038144908999982 ], [ 153.437190206000082, -28.03823056899995 ], [ 153.437196062000112, -28.038291566999931 ], [ 153.437221409000017, -28.038366183999983 ], [ 153.437247061000107, -28.038452439999958 ], [ 153.437273466000079, -28.038525752999931 ], [ 153.437299290000055, -28.038580149999973 ], [ 153.437331417000109, -28.038613669999961 ], [ 153.437360184000113, -28.038678623999942 ], [ 153.437368290000109, -28.038740657999938 ], [ 153.437400536000041, -28.038817703999939 ], [ 153.437412181000013, -28.038865007999959 ], [ 153.437419773000101, -28.038929864999943 ], [ 153.437425071000121, -28.038984976999927 ], [ 153.437417851000077, -28.039059348999956 ], [ 153.437408910000045, -28.039129838999941 ], [ 153.437404448000052, -28.03919807099993 ], [ 153.43742230700002, -28.039291203999937 ], [ 153.437443466000104, -28.039384067999947 ], [ 153.437445314000115, -28.039427094999951 ], [ 153.437452534000045, -28.039502769999956 ], [ 153.437464805000104, -28.03958640999997 ], [ 153.437487633000046, -28.03970996299995 ], [ 153.437512384000115, -28.039809867999963 ], [ 153.437524998000072, -28.039922557999944 ], [ 153.437551038000038, -28.040006682999945 ], [ 153.437570163000032, -28.040079697999943 ], [ 153.437602901000105, -28.040189422999958 ], [ 153.437623383000073, -28.040277130999982 ], [ 153.437638775000096, -28.040343813999982 ], [ 153.43764373700003, -28.040418446999979 ], [ 153.437658571000043, -28.040519125999936 ], [ 153.43766547000007, -28.040574461999938 ], [ 153.437677860000122, -28.040604487999929 ], [ 153.43768116900003, -28.040652789999967 ], [ 153.437705033000043, -28.040713429999983 ], [ 153.43772760100012, -28.040789827999959 ], [ 153.43775804400002, -28.040885463999928 ], [ 153.437805735000097, -28.040993668999931 ], [ 153.437828250000052, -28.04104831099994 ], [ 153.437832780000122, -28.041059099999984 ], [ 153.437840976000075, -28.041103020999969 ], [ 153.437858701000096, -28.041148297999939 ], [ 153.437889554000094, -28.041250504999937 ], [ 153.437905118000117, -28.041325189999952 ], [ 153.437926911000091, -28.041405826999949 ], [ 153.437968806000072, -28.04152772599997 ], [ 153.437977284000112, -28.041578933999972 ], [ 153.437986486000113, -28.04165706799995 ], [ 153.438001, -28.04173740799996 ], [ 153.438018978000059, -28.04182547399995 ], [ 153.438026309000065, -28.041896097999938 ], [ 153.438040406000027, -28.041969850999976 ], [ 153.438054614000066, -28.042034193999939 ], [ 153.438071072000071, -28.042103931999975 ], [ 153.438084409000112, -28.042186267999966 ], [ 153.43809623300001, -28.042254634999949 ], [ 153.438111969000033, -28.042346008999971 ], [ 153.438132771000028, -28.04240114299995 ], [ 153.438136742000097, -28.04245461599993 ], [ 153.438150861000054, -28.042532712999957 ], [ 153.438163877000079, -28.04259471599994 ], [ 153.438177683000049, -28.042661175999967 ], [ 153.438209959000119, -28.042746916999931 ], [ 153.438235410000061, -28.042807787999948 ], [ 153.438252881000039, -28.042858809999927 ], [ 153.438273080000045, -28.042934872999979 ], [ 153.438283846000104, -28.043000176999954 ], [ 153.438299783000048, -28.04307274599995 ], [ 153.438314840000089, -28.043154597999944 ], [ 153.43833144000007, -28.043223626999975 ], [ 153.4383586350001, -28.043297052999947 ], [ 153.438382402000116, -28.043371453999953 ], [ 153.438402273000065, -28.043427169999973 ], [ 153.438418068000033, -28.043491743999937 ], [ 153.438444339000057, -28.04356140699997 ], [ 153.438461706000112, -28.04362185399998 ], [ 153.43848540700003, -28.04372305499993 ], [ 153.438516319000087, -28.043794117999937 ], [ 153.43853664400001, -28.043820910999955 ], [ 153.438553334000062, -28.043871819999936 ], [ 153.43855153800007, -28.043894767999973 ], [ 153.438545607000037, -28.043953366999972 ], [ 153.438548982000043, -28.04402777599995 ], [ 153.438555375000078, -28.044094637999933 ], [ 153.438594975000115, -28.044198088999963 ], [ 153.438604161000058, -28.044267520999938 ], [ 153.438621246000025, -28.044316336999941 ], [ 153.438628853000068, -28.044341318999955 ], [ 153.438635081000029, -28.044391490999942 ], [ 153.438639350000017, -28.044452257999978 ], [ 153.438649602000055, -28.044524736999961 ], [ 153.438664340000059, -28.044590607999965 ], [ 153.438673504000121, -28.044651336999948 ], [ 153.438692384000092, -28.044730111999968 ], [ 153.438702345000024, -28.044790960999933 ], [ 153.438717731000111, -28.04485329299996 ], [ 153.438736990000052, -28.044925592999959 ], [ 153.438759327000071, -28.045012109999959 ], [ 153.438782186000026, -28.045091442999933 ], [ 153.438802533000057, -28.045126937999953 ], [ 153.438822374000097, -28.045169606999934 ], [ 153.438836970000011, -28.045231826999952 ], [ 153.438849449000031, -28.04529230299994 ], [ 153.438854508000077, -28.045353189999958 ], [ 153.438851662000047, -28.045425988999966 ], [ 153.438852787000087, -28.045503705999977 ], [ 153.438853756000071, -28.045569077999971 ], [ 153.438857451000104, -28.045615263999935 ], [ 153.438872077000042, -28.045686192999938 ], [ 153.438900076000095, -28.045759737999958 ], [ 153.438935764000121, -28.045835807999936 ], [ 153.438969143000122, -28.04589343899994 ], [ 153.438966587000095, -28.04592496999993 ], [ 153.438977942000065, -28.045964986999934 ], [ 153.43897529700007, -28.046014636999928 ], [ 153.438982405000047, -28.046046800999932 ], [ 153.438980930000071, -28.046090081999978 ], [ 153.438991778000059, -28.046137295999984 ], [ 153.43901285600009, -28.046199701999967 ], [ 153.439022184, -28.046268425999983 ], [ 153.439040937000073, -28.046352267999964 ], [ 153.439056151000045, -28.046397902999956 ], [ 153.439065978000031, -28.046455107999975 ], [ 153.439076342000021, -28.046522527999969 ], [ 153.439087831000052, -28.046557493999956 ], [ 153.43910943000003, -28.046617083999934 ], [ 153.439122513000029, -28.04670518699993 ], [ 153.439139723000039, -28.046806201999971 ], [ 153.439149781000083, -28.046906195999952 ], [ 153.439168199000051, -28.047009557999957 ], [ 153.439176946000089, -28.047107920999963 ], [ 153.439206838000018, -28.047197669999946 ], [ 153.439226537000081, -28.047285258999977 ], [ 153.439252502000045, -28.047338932999935 ], [ 153.43929593900009, -28.047395087999973 ], [ 153.439318701000047, -28.047439619999977 ], [ 153.439315303000058, -28.047502197999961 ], [ 153.43931408900005, -28.047596983999938 ], [ 153.439320616000032, -28.047711707999952 ], [ 153.439309686000115, -28.047784097999966 ], [ 153.439324758000112, -28.047874659999934 ], [ 153.439343198000074, -28.047938145999979 ], [ 153.439368210000112, -28.04798372099998 ], [ 153.439416952000101, -28.048037730999965 ], [ 153.439433738000048, -28.04807924499994 ], [ 153.439440637000075, -28.04813457299997 ], [ 153.439439974000038, -28.048182323999981 ], [ 153.439435757000069, -28.048240438999983 ], [ 153.439448766000055, -28.048302434999982 ], [ 153.439469329000076, -28.048367679999956 ], [ 153.439487673000031, -28.048444926999935 ], [ 153.439499504000082, -28.048508934999973 ], [ 153.439507782000078, -28.048534743999937 ], [ 153.439528152000094, -28.04857894099996 ], [ 153.439533918000052, -28.048605129999942 ], [ 153.439545243000111, -28.048632100999953 ], [ 153.439562253000076, -28.048707708999927 ], [ 153.43957174500008, -28.048740223999971 ], [ 153.439596302000041, -28.048810377999928 ], [ 153.439612723000096, -28.04886271099997 ], [ 153.439626484000087, -28.048960335999936 ], [ 153.439637250000033, -28.049025639999968 ], [ 153.439639717000091, -28.04909629399998 ], [ 153.439644410000028, -28.049172341999963 ], [ 153.439655132000098, -28.049224600999935 ], [ 153.439679629000011, -28.049273 ], [ 153.439713291000089, -28.049333564999984 ], [ 153.43973121700003, -28.049404226999968 ], [ 153.439745746000085, -28.04948890299994 ], [ 153.439752220000059, -28.049537673999964 ], [ 153.439760088000071, -28.049556896999945 ], [ 153.43977639000002, -28.049609944999929 ], [ 153.439792416000046, -28.049660041999971 ], [ 153.439795084000025, -28.049720585999978 ], [ 153.439796656000112, -28.049813583999935 ], [ 153.43980319700006, -28.049835532999964 ], [ 153.43982531100005, -28.049883597999951 ], [ 153.439841702000081, -28.049922877999961 ], [ 153.439846671000055, -28.049948946999962 ], [ 153.439865305000012, -28.049984925999979 ], [ 153.439865007000094, -28.050021843999957 ], [ 153.439869366000039, -28.050068848999956 ], [ 153.439870796000037, -28.050109648999978 ], [ 153.439870670000118, -28.050158918999955 ], [ 153.43987461100005, -28.05019933899996 ], [ 153.439890332000118, -28.050237805999927 ], [ 153.439918167000087, -28.05034322399996 ], [ 153.439941704000034, -28.050383509999961 ], [ 153.439963943000066, -28.050430865999942 ], [ 153.439980007000031, -28.050498367999978 ], [ 153.439984678000087, -28.050561369999969 ], [ 153.440010130000019, -28.050622218999933 ], [ 153.440023950000068, -28.050640122999937 ], [ 153.440036847000101, -28.050658614999975 ], [ 153.44004845500001, -28.050692879999929 ], [ 153.440063819000102, -28.050742165999964 ], [ 153.440068542000063, -28.050778345999959 ], [ 153.440075538000087, -28.050819919999981 ], [ 153.440077349000035, -28.050854244999982 ], [ 153.440082370000027, -28.05090206999995 ], [ 153.440095454000016, -28.050941609999938 ], [ 153.440109349000068, -28.050985612999966 ], [ 153.440126672000019, -28.051028655999971 ], [ 153.440142668000021, -28.051065699999981 ], [ 153.440149664000046, -28.051107288999958 ], [ 153.440157711000097, -28.05114756699993 ], [ 153.44017594200011, -28.051181302999964 ], [ 153.440199620000044, -28.051220894999972 ], [ 153.440213374000109, -28.051265605999959 ], [ 153.440226174000031, -28.051297851999948 ], [ 153.440248779000058, -28.051334382999983 ], [ 153.440249770000037, -28.051359892999983 ], [ 153.440255835000016, -28.051397719999954 ], [ 153.440255954000122, -28.051445574999946 ], [ 153.440267681000023, -28.051474780999968 ], [ 153.440270453000039, -28.051517204999982 ], [ 153.44028323800012, -28.051549458999943 ], [ 153.440300956000101, -28.051586032999978 ], [ 153.440307527000073, -28.051622324999983 ], [ 153.440421454000102, -28.051600017999931 ], [ 153.440425112000071, -28.051620231999948 ], [ 153.440440281000065, -28.051697046999948 ], [ 153.440458059000093, -28.051808276999964 ], [ 153.440476067000077, -28.051909395999928 ], [ 153.44050108600004, -28.052007884999966 ], [ 153.440515950000076, -28.052068718999976 ], [ 153.440529510000033, -28.05213658699995 ], [ 153.440546363000067, -28.052199841999936 ], [ 153.440557747000071, -28.052248575999954 ], [ 153.440569519000064, -28.052295164999975 ], [ 153.440600283000094, -28.052406796999946 ], [ 153.440634123000109, -28.052536965999934 ], [ 153.440663456000038, -28.052660719999949 ], [ 153.44069627600004, -28.052805245999934 ], [ 153.440700269000104, -28.052834072999929 ], [ 153.440709918000039, -28.052903571999934 ], [ 153.440741494000122, -28.053024017999974 ], [ 153.440770803000078, -28.053143390999935 ], [ 153.440789720000112, -28.05323521899993 ], [ 153.440794570000094, -28.053314910999973 ], [ 153.44081415800008, -28.053411909999966 ], [ 153.440834923000011, -28.053498194999975 ], [ 153.440863488000105, -28.053666302999943 ], [ 153.440882860000102, -28.053715550999982 ], [ 153.44090144900008, -28.053786375999948 ], [ 153.440923600000019, -28.053833843999939 ], [ 153.440948008000078, -28.05389540799996 ], [ 153.440961516000016, -28.053950266999948 ], [ 153.4409768270001, -28.054003254999941 ], [ 153.440991035000025, -28.05405389699996 ], [ 153.441009877000056, -28.054114633999973 ], [ 153.441018654000118, -28.054163740999968 ], [ 153.441022260000068, -28.054209903999947 ], [ 153.441028504000087, -28.054241971999943 ], [ 153.441034770000101, -28.054300115999979 ], [ 153.441047935000029, -28.054386803999932 ], [ 153.44104995400005, -28.05444143099993 ], [ 153.441054223000037, -28.054492757999981 ], [ 153.441062858, -28.054529526999943 ], [ 153.441084994000107, -28.054550924999944 ], [ 153.441102376000117, -28.054593340999929 ], [ 153.441114714000037, -28.054627762999928 ], [ 153.441127462000054, -28.054677450999975 ], [ 153.441144316000077, -28.054709651999929 ], [ 153.441157190000013, -28.05475863199996 ], [ 153.441167561000043, -28.054821015999948 ], [ 153.44116654100003, -28.054883145999952 ], [ 153.441160997000111, -28.054925778999973 ], [ 153.44116009600009, -28.05496981899995 ], [ 153.4411602670001, -28.055025615999966 ], [ 153.441163471000095, -28.055073895999953 ], [ 153.441169461000072, -28.055124760999945 ], [ 153.441187626000101, -28.055158601999949 ], [ 153.441214433000027, -28.055216164999933 ], [ 153.441238975000033, -28.055272684999977 ], [ 153.44125569400012, -28.055322961999934 ], [ 153.441272942000069, -28.055361741999945 ], [ 153.441283694000049, -28.055400268999961 ], [ 153.441288626000073, -28.055448078999973 ], [ 153.441303885000025, -28.055484385999932 ], [ 153.441314390000116, -28.05555039799998 ], [ 153.441317735000098, -28.055602320999981 ], [ 153.441320716000064, -28.055634618999932 ], [ 153.441343097000072, -28.05569806099993 ], [ 153.441363005000085, -28.055757516999961 ], [ 153.44139192800003, -28.055838585999936 ], [ 153.44141383300007, -28.055896149999967 ], [ 153.441434128000083, -28.055953488999933 ], [ 153.441451406000056, -28.056040064999934 ], [ 153.441460436000057, -28.056079068999964 ], [ 153.44146270900012, -28.056101859999956 ], [ 153.441472402000045, -28.056141682999964 ], [ 153.441487810000012, -28.056216389999975 ], [ 153.441494597000087, -28.056258679999928 ], [ 153.44150697300006, -28.056349606999959 ], [ 153.441515995000032, -28.056388610999932 ], [ 153.441528766000033, -28.056460023999932 ], [ 153.441548279000017, -28.056525946999955 ], [ 153.441560900000013, -28.056576334999932 ], [ 153.441572046000033, -28.056604066999967 ], [ 153.441583460000061, -28.05663038199998 ], [ 153.441601126000023, -28.056697459999953 ], [ 153.441618910000102, -28.056768179999949 ], [ 153.441636710000012, -28.056834564999974 ], [ 153.441649838000103, -28.056860410999946 ], [ 153.441657147000114, -28.05689554099996 ], [ 153.441656379000051, -28.056951918999971 ], [ 153.441658465000046, -28.057029479999983 ], [ 153.441667339000105, -28.057069384999977 ], [ 153.441690965000021, -28.057148211999959 ], [ 153.44171364400006, -28.057179831999974 ], [ 153.441743216000077, -28.05722259099997 ], [ 153.441768168000067, -28.057303072999957 ], [ 153.441781728000024, -28.057392002999961 ], [ 153.441798201000097, -28.057456725999941 ], [ 153.441817185000104, -28.05752545699994 ], [ 153.441830604000074, -28.057584659999975 ], [ 153.441844789000015, -28.057604872999946 ], [ 153.441854877000083, -28.057638236999935 ], [ 153.441857828000025, -28.057696619999945 ], [ 153.441873415000032, -28.057831467999961 ], [ 153.441883093000115, -28.057853915999942 ], [ 153.441899819000014, -28.057908536999946 ], [ 153.441914288000021, -28.057957769999973 ], [ 153.441919750000011, -28.05799406899996 ], [ 153.441923348000046, -28.058040225999946 ], [ 153.441926165000041, -28.058090620999963 ], [ 153.441931827000076, -28.058143594999933 ], [ 153.441931522000118, -28.058201500999928 ], [ 153.441932140000063, -28.058237084999973 ], [ 153.441929197000036, -28.058292404999975 ], [ 153.441924302000075, -28.058309794999957 ], [ 153.441931998000086, -28.058329762999961 ], [ 153.441937452000047, -28.058361717999958 ], [ 153.441937773000063, -28.058399410999982 ], [ 153.441960437000034, -28.058474489999981 ], [ 153.441964580000104, -28.058526524999934 ], [ 153.441979593000042, -28.058590316999982 ], [ 153.441987967000046, -28.058637187999977 ], [ 153.442007346000082, -28.058703796999964 ], [ 153.442022359000021, -28.058758893999936 ], [ 153.442040263000081, -28.058794782999939 ], [ 153.442049680000082, -28.058813654999938 ], [ 153.442108972000028, -28.058924579999939 ], [ 153.442140138000013, -28.058963240999958 ], [ 153.442158563000021, -28.058986985999979 ], [ 153.442176750000044, -28.059038207999947 ], [ 153.442181466000079, -28.059083768999983 ], [ 153.442188835000024, -28.059124776999965 ], [ 153.44220542700009, -28.059162729999969 ], [ 153.442221878000055, -28.059197039999958 ], [ 153.44223832900002, -28.059240036999938 ], [ 153.442245251000031, -28.059285962999979 ], [ 153.442253633000064, -28.059350215999928 ], [ 153.442255644000056, -28.059391797999979 ], [ 153.442271468000058, -28.059494816999972 ], [ 153.442297501000098, -28.059600078999949 ], [ 153.442316745000085, -28.059650012999953 ], [ 153.44232962000001, -28.059690312999976 ], [ 153.442337741000074, -28.059751623999944 ], [ 153.442375188000028, -28.059891902999937 ], [ 153.442391236000049, -28.059923977999972 ], [ 153.442405579000024, -28.059969560999946 ], [ 153.442427081000119, -28.060033598999951 ], [ 153.442433995000101, -28.060075179999956 ], [ 153.442452465000088, -28.06015975899993 ], [ 153.442476881000061, -28.06023001799997 ], [ 153.44249547000004, -28.060305201999938 ], [ 153.442517889000101, -28.060346917999937 ], [ 153.442540181000027, -28.060398020999969 ], [ 153.442549867000025, -28.060433500999977 ], [ 153.4425598360001, -28.060476266999956 ], [ 153.442570222000086, -28.060560376999945 ], [ 153.442570117000059, -28.060604536999961 ], [ 153.442569231000107, -28.06067900499994 ], [ 153.442573790000097, -28.060776733999944 ], [ 153.442576480000071, -28.060825363999982 ], [ 153.442579177000084, -28.060873993999962 ], [ 153.442581651000069, -28.060903609999968 ], [ 153.442586375000019, -28.060935244999939 ], [ 153.442617421000023, -28.061054074999959 ], [ 153.442655531000014, -28.061173447999977 ], [ 153.442703237000046, -28.061315947999958 ], [ 153.442750444000012, -28.061482296999941 ], [ 153.442785759000117, -28.061603420999973 ], [ 153.442827840000064, -28.061732062999965 ], [ 153.442875859000083, -28.061824658999967 ], [ 153.442917009000098, -28.061936506999928 ], [ 153.44296306800004, -28.062074438999957 ], [ 153.443008331000101, -28.062216595999928 ], [ 153.443039422000084, -28.062360257999956 ], [ 153.443064933000073, -28.062477030999958 ], [ 153.443085422000081, -28.062611886999946 ], [ 153.443116617000101, -28.062715740999977 ], [ 153.443154168000092, -28.062803150999969 ], [ 153.443187353000098, -28.062909484999977 ], [ 153.443227586000035, -28.063039296999932 ], [ 153.443257746000086, -28.063179210999976 ], [ 153.443304759000057, -28.063364350999962 ], [ 153.443345514000043, -28.063482658999931 ], [ 153.443385740000053, -28.063603782999962 ], [ 153.443413240000041, -28.063731716999939 ], [ 153.443451357000072, -28.063881502999948 ], [ 153.443493714000056, -28.064026118999948 ], [ 153.44352265200007, -28.06411587599996 ], [ 153.443575610000039, -28.064264969999954 ], [ 153.4436253880001, -28.064413593999973 ], [ 153.443662201000052, -28.064587802999938 ], [ 153.443679621000115, -28.06467801499997 ], [ 153.443694499000117, -28.064751208999951 ], [ 153.443713379000087, -28.064842374999955 ], [ 153.443729599000108, -28.064938926999957 ], [ 153.443762247000109, -28.065039374999969 ], [ 153.443804842000077, -28.065134779999937 ], [ 153.443819870000084, -28.065220297999929 ], [ 153.443820176000031, -28.065301456999975 ], [ 153.443804984000053, -28.065365106999934 ], [ 153.443798390000097, -28.065422066999929 ], [ 153.443806795000114, -28.065503710999963 ], [ 153.443832812000096, -28.065600277999977 ], [ 153.443859373, -28.065694027999939 ], [ 153.443890576000058, -28.06579353099994 ], [ 153.443932515000029, -28.065905490999967 ], [ 153.443968344000041, -28.065989040999966 ], [ 153.443999808000058, -28.066082791999975 ], [ 153.444035906000067, -28.066177957999969 ], [ 153.444078643000012, -28.066298724999967 ], [ 153.444113027000071, -28.066398718999949 ], [ 153.444148328000097, -28.066498109999941 ], [ 153.444174226000086, -28.066586689999951 ], [ 153.444220278000103, -28.066711583999961 ], [ 153.444266725000034, -28.06681696499993 ], [ 153.444304544000033, -28.066920355999969 ], [ 153.444346350000046, -28.067028672999982 ], [ 153.444365729000083, -28.067086600999971 ], [ 153.444389503000025, -28.067169063999984 ], [ 153.44441380000012, -28.067235679999953 ], [ 153.444433976000028, -28.067306757999972 ], [ 153.444450986000106, -28.067390398999976 ], [ 153.444468800000095, -28.067474157999982 ], [ 153.444486741000105, -28.067557209999961 ], [ 153.444505747000107, -28.06764332399996 ], [ 153.444525946000113, -28.067731783999932 ], [ 153.44454931100006, -28.067803331999983 ], [ 153.444581564000032, -28.067901537999944 ], [ 153.444587845000115, -28.067990110999972 ], [ 153.444593739000084, -28.068089486999952 ], [ 153.444602679000013, -28.068190039999934 ], [ 153.444613982000078, -28.068269209999983 ], [ 153.444631260000051, -28.068342746999974 ], [ 153.444658596000068, -28.068414882999946 ], [ 153.444686364000063, -28.068519682999977 ], [ 153.444717552000043, -28.068597451999949 ], [ 153.444750976000023, -28.068663255999979 ], [ 153.444773700000042, -28.068751365999958 ], [ 153.444796141000097, -28.068836533999956 ], [ 153.444806118000088, -28.068890937999981 ], [ 153.444828834000077, -28.06899782399995 ], [ 153.444865216000039, -28.069117651999932 ], [ 153.444891658000074, -28.069220797999947 ], [ 153.444914233000077, -28.069313951999959 ], [ 153.444933642000024, -28.069410988999948 ], [ 153.444951195000044, -28.069513538999956 ], [ 153.444962781000072, -28.069608689999939 ], [ 153.444990169000107, -28.069754705999969 ], [ 153.445014093000054, -28.06986689699994 ], [ 153.445046622000064, -28.069972396999958 ], [ 153.445064556000034, -28.070042410999974 ], [ 153.445096407000051, -28.070125357999927 ], [ 153.445157971000071, -28.070241683999939 ], [ 153.445214484000076, -28.070350014999974 ], [ 153.445277896000107, -28.070469514999957 ], [ 153.445328828000015, -28.070542262999936 ], [ 153.445392359000039, -28.07063063399994 ], [ 153.445460919000084, -28.070713953999928 ], [ 153.445519682000054, -28.070819006999955 ], [ 153.445582818000048, -28.070913837999967 ], [ 153.445633877000091, -28.070972831999939 ], [ 153.445698839000102, -28.071027384999979 ], [ 153.445799056000055, -28.071090065999954 ], [ 153.445910018000063, -28.071156502999941 ], [ 153.446030114000109, -28.071226478999961 ], [ 153.446133364000048, -28.071281642999963 ], [ 153.446224708000045, -28.071339377999948 ], [ 153.446346272000028, -28.071418979999976 ], [ 153.446470099000067, -28.071508334999976 ], [ 153.446610744000054, -28.071590774999947 ], [ 153.44678095300003, -28.071689904999971 ], [ 153.446883957000068, -28.071759522999969 ], [ 153.446976895000034, -28.071821839999927 ], [ 153.447032052000054, -28.071876370999973 ], [ 153.44705263000003, -28.071932301999936 ], [ 153.447059172000081, -28.072010764999959 ], [ 153.447058159000107, -28.072085925999943 ], [ 153.447050634000107, -28.072139137999955 ], [ 153.44703689500011, -28.072195031999968 ], [ 153.44698948700011, -28.072264769999947 ], [ 153.446941431000027, -28.072311961999958 ], [ 153.446913871000106, -28.072332487999972 ], [ 153.446836899000118, -28.072359443999972 ], [ 153.446769322000023, -28.072362453999972 ], [ 153.446692052000117, -28.072343015999934 ], [ 153.446627627000112, -28.072311722999927 ], [ 153.446521315000041, -28.072251045999963 ], [ 153.446461405000036, -28.072221861999935 ], [ 153.446396592000042, -28.07220573099994 ], [ 153.446328874000073, -28.072209441999973 ], [ 153.446246470000119, -28.072239221999951 ], [ 153.446196663000023, -28.072269485999982 ], [ 153.446171897000113, -28.072292604999973 ], [ 153.446155752000095, -28.072317720999933 ], [ 153.446136567000053, -28.072363407999944 ], [ 153.446142885000086, -28.072434582999961 ], [ 153.44615559500005, -28.07248862199998 ], [ 153.446163858000091, -28.072557934999963 ], [ 153.44617185300001, -28.072619945999975 ], [ 153.446185405000051, -28.072682791999966 ], [ 153.446207981000043, -28.072762915999931 ], [ 153.446237313000097, -28.072824486999934 ], [ 153.446271266000053, -28.07288312299994 ], [ 153.446284334000097, -28.072931409999967 ], [ 153.446299280000062, -28.072960429999966 ], [ 153.446338150000088, -28.073027760999935 ], [ 153.446439857000087, -28.073206015999972 ], [ 153.4465279530001, -28.073388473999955 ], [ 153.446607101000041, -28.073558093999964 ], [ 153.446674297000072, -28.073726781999937 ], [ 153.446738268000104, -28.073920124999972 ], [ 153.44679794700005, -28.074122668999962 ], [ 153.446816596000076, -28.074266561999934 ], [ 153.446835223000107, -28.074429364999958 ], [ 153.446849349000104, -28.074520551999967 ], [ 153.446904707000044, -28.07470834399993 ], [ 153.446958634000111, -28.074865953999961 ], [ 153.447021457000119, -28.075029277999931 ], [ 153.447077992000118, -28.075199485999974 ], [ 153.447126347000108, -28.075342060999958 ], [ 153.447149421000063, -28.075450309999951 ], [ 153.447177167000063, -28.075584211999967 ], [ 153.447253111000123, -28.075773702999982 ], [ 153.447332273000029, -28.075961046999964 ], [ 153.447377871000072, -28.076121733999969 ], [ 153.447477969000033, -28.07637559799997 ], [ 153.447534109000117, -28.076577463999968 ], [ 153.44760485300003, -28.076814400999979 ], [ 153.447663749000071, -28.077024297999969 ], [ 153.447737749000112, -28.077269816999944 ], [ 153.447795878000079, -28.077491881999947 ], [ 153.44787218700003, -28.077693702999966 ], [ 153.447953941000037, -28.077886479999961 ], [ 153.448008077000054, -28.07806099499993 ], [ 153.448073709000028, -28.078253822999955 ], [ 153.448134402000051, -28.078466998999943 ], [ 153.448199728000077, -28.078661831999966 ], [ 153.448251465000112, -28.078847805999942 ], [ 153.448320227000067, -28.079060973999958 ], [ 153.448376315000019, -28.079241337999974 ], [ 153.448439674000042, -28.079426722999983 ], [ 153.448515685000075, -28.079641299999935 ], [ 153.448589036000044, -28.079821767999931 ], [ 153.448661798000103, -28.079962277999982 ], [ 153.448728176000031, -28.080125013999975 ], [ 153.448764169000015, -28.080265047999944 ], [ 153.448848443000088, -28.080492923999941 ], [ 153.448917070000107, -28.080659518999937 ], [ 153.44897797100009, -28.080827700999976 ], [ 153.449054235000062, -28.081008026999939 ], [ 153.44913555100004, -28.081218147999948 ], [ 153.449196311000037, -28.081390919999933 ], [ 153.449259305000055, -28.081560390999982 ], [ 153.449320206000039, -28.081725003999964 ], [ 153.449402580000083, -28.08190302099996 ], [ 153.449509719000048, -28.082113782999954 ], [ 153.449584858000094, -28.082301134999966 ], [ 153.449639970000021, -28.082473198999935 ], [ 153.449708635000093, -28.08265053699995 ], [ 153.449768955000081, -28.08284423799995 ], [ 153.449823292000019, -28.083032073999959 ], [ 153.449870648000115, -28.083133103999955 ], [ 153.449935974000027, -28.083266029999947 ], [ 153.450009825000052, -28.083454245999974 ], [ 153.45009093200008, -28.083633134999957 ], [ 153.450175219000016, -28.083802687999935 ], [ 153.450257362000116, -28.083949471999972 ], [ 153.450357944000075, -28.084117980999963 ], [ 153.450467997000032, -28.084332185999983 ], [ 153.450570115000119, -28.084531070999958 ], [ 153.450637788000108, -28.084696518999976 ], [ 153.450714857000094, -28.084882574999938 ], [ 153.45078224800011, -28.084998885999937 ], [ 153.450879135000037, -28.085172558999943 ], [ 153.450954527000022, -28.085325667999939 ], [ 153.451024466000035, -28.085491391999938 ], [ 153.451105066000082, -28.085666122999953 ], [ 153.451180638000096, -28.085832560999961 ], [ 153.451244109000072, -28.085995430999958 ], [ 153.451322757000071, -28.086160706999976 ], [ 153.451395401000013, -28.086312966999969 ], [ 153.45148486700009, -28.086486237999964 ], [ 153.451584019000052, -28.086656609999977 ], [ 153.451673568000047, -28.086800227999959 ], [ 153.451769949000095, -28.08689710799996 ], [ 153.45195319600009, -28.087030874999982 ], [ 153.452058875000034, -28.087101804999975 ], [ 153.452193499000032, -28.087146150999956 ], [ 153.452337340000099, -28.08719419199997 ], [ 153.452450284000065, -28.087273704999973 ], [ 153.452483163000011, -28.087324338999963 ], [ 153.452484444000106, -28.087385358999938 ], [ 153.452493802000049, -28.087453538999966 ], [ 153.452513882000062, -28.087545039999952 ], [ 153.452538729000025, -28.087613599999941 ], [ 153.452562288000081, -28.087683031999973 ], [ 153.452595704000032, -28.087759310999957 ], [ 153.452629738000041, -28.087820822999959 ], [ 153.452659503000064, -28.087858284999982 ], [ 153.452721343000121, -28.087940642999968 ], [ 153.452765384000031, -28.088008010999943 ], [ 153.452810854000063, -28.088069932999929 ], [ 153.452907913000104, -28.088177124999959 ], [ 153.452956789000041, -28.088243054999964 ], [ 153.453012817000058, -28.088329302999966 ], [ 153.453080171000011, -28.088427702999979 ], [ 153.453120158000047, -28.088487910999959 ], [ 153.453151637000019, -28.088552573999948 ], [ 153.453186870000081, -28.088632920999942 ], [ 153.453203694000081, -28.088662358999954 ], [ 153.453287393000096, -28.088800693999929 ], [ 153.45328724400008, -28.088763380999978 ], [ 153.453341365000028, -28.088681513999973 ], [ 153.453592129000072, -28.089035870999965 ], [ 153.453619852000088, -28.08911076399994 ], [ 153.453693941000097, -28.08914040999997 ], [ 153.453744501000074, -28.089173058999961 ], [ 153.453777373000094, -28.089205550999964 ], [ 153.4538115040001, -28.089237289999971 ], [ 153.453855283000053, -28.089269096999942 ], [ 153.45390244500004, -28.089294510999935 ], [ 153.453942269000095, -28.089313225999945 ], [ 153.454004541000018, -28.089341649999938 ], [ 153.45407148400011, -28.089380087999928 ], [ 153.454222314000049, -28.089429589999952 ], [ 153.45435227400003, -28.089433068999938 ], [ 153.454419978000033, -28.089435884999943 ], [ 153.454496540000036, -28.089440772999978 ], [ 153.454565212000034, -28.089438582999946 ], [ 153.454613015000064, -28.089436302999957 ], [ 153.454630412000029, -28.089435467999976 ], [ 153.454664908000041, -28.089436056999944 ], [ 153.454695068000092, -28.08927973599998 ], [ 153.455300562000048, -28.08937158699996 ], [ 153.455272957000034, -28.089514779999945 ], [ 153.455460064000022, -28.089513400999977 ], [ 153.455534823000107, -28.089521916999956 ], [ 153.455721646000029, -28.089572498999928 ], [ 153.455908104000059, -28.089608797999972 ], [ 153.45609924200005, -28.089650506999931 ], [ 153.456338957000071, -28.089685039999949 ], [ 153.456443116000059, -28.089692215999946 ], [ 153.456607729000098, -28.089678774999982 ], [ 153.456811018000053, -28.089650179999978 ], [ 153.45693334200007, -28.089619199999959 ], [ 153.457074143000114, -28.089539128999945 ], [ 153.457320302000085, -28.08941660399995 ], [ 153.457421280000062, -28.089407059999928 ], [ 153.457548380000048, -28.089439611999978 ], [ 153.457635156000038, -28.089507441999956 ], [ 153.45766789400011, -28.089561338999943 ], [ 153.457676433000074, -28.089615929999979 ], [ 153.457722775000093, -28.089664074999973 ], [ 153.457838088000017, -28.089727158999949 ], [ 153.458027281000113, -28.089811037999937 ], [ 153.458130397000104, -28.089878763999934 ], [ 153.458227366000074, -28.08991896699996 ], [ 153.458309397000107, -28.089956830999938 ], [ 153.458274603000064, -28.090137283999979 ], [ 153.458307132000073, -28.090171600999952 ], [ 153.458330773000057, -28.090207438999983 ], [ 153.458355926000081, -28.090249265999944 ], [ 153.458384998000042, -28.090276333999952 ], [ 153.458430715000077, -28.090290013999947 ], [ 153.458494715000029, -28.090281899999979 ], [ 153.458569288000035, -28.090274240999975 ], [ 153.458622172000105, -28.090270105999934 ], [ 153.458694242000092, -28.090268912999932 ], [ 153.458769992000043, -28.090275573999975 ], [ 153.458809554000027, -28.090281869999956 ], [ 153.458850771000016, -28.090283702999955 ], [ 153.458865240000023, -28.09028266699994 ], [ 153.458876341000064, -28.090275715999951 ], [ 153.458884097, -28.090265314999954 ], [ 153.458901338000032, -28.090259823999929 ], [ 153.458920270000021, -28.090259756999956 ], [ 153.458951801000012, -28.090276199999948 ], [ 153.458978578000028, -28.090289662999965 ], [ 153.459027312000103, -28.09030050399997 ], [ 153.459069974000045, -28.090305443999966 ], [ 153.459117509000066, -28.090317900999935 ], [ 153.459195025000099, -28.090344305999963 ], [ 153.459259160000101, -28.090368296999941 ], [ 153.459316365000063, -28.090408171999968 ], [ 153.459381729000029, -28.090459826999961 ], [ 153.459442042000092, -28.090500611999971 ], [ 153.459524870000109, -28.090548749999982 ], [ 153.459579065000071, -28.090593512999931 ], [ 153.459634281000035, -28.090613584999971 ], [ 153.459667667000076, -28.090609024999935 ], [ 153.459711194000079, -28.090630616999931 ], [ 153.459761552000032, -28.09068922299997 ], [ 153.459789626000088, -28.090743954999937 ], [ 153.459825515000034, -28.090802612999937 ], [ 153.459867536000047, -28.090862239999979 ], [ 153.45992960600006, -28.090935024999965 ], [ 153.45999719800011, -28.091019506999942 ], [ 153.460036329000104, -28.091055679999954 ], [ 153.460079542000017, -28.091134186999966 ], [ 153.460087648000012, -28.091206769999928 ], [ 153.460118017000013, -28.091244700999937 ], [ 153.460140547000037, -28.091274018999968 ], [ 153.460160299000108, -28.091334457999949 ], [ 153.460192046000088, -28.091382163999981 ], [ 153.460227473000032, -28.091461572999947 ], [ 153.460245250000071, -28.091518561999976 ], [ 153.460275783000043, -28.091596256999935 ], [ 153.460295594000058, -28.09166965999998 ], [ 153.4603143920001, -28.09173616399994 ], [ 153.46032609700012, -28.09178074099998 ], [ 153.460343948000059, -28.09185415099995 ], [ 153.460368587000062, -28.091919767999968 ], [ 153.460400073000073, -28.091993133999949 ], [ 153.46041419200003, -28.092031280999947 ], [ 153.460407099000122, -28.092064882999978 ], [ 153.46040791900009, -28.092125642999974 ], [ 153.460416562000091, -28.092192295999951 ], [ 153.460426761000122, -28.092235754999933 ], [ 153.460457525000038, -28.092266778999942 ], [ 153.4604632920001, -28.092312681999942 ], [ 153.460471904000087, -28.09237539399993 ], [ 153.460474624000085, -28.09242452999996 ], [ 153.460480413000028, -28.092476370999975 ], [ 153.460501245000046, -28.09253014199993 ], [ 153.460516243000029, -28.092587198999979 ], [ 153.460517502000016, -28.092653761999941 ], [ 153.460507995000057, -28.092708240999968 ], [ 153.460493638000116, -28.092768798999941 ], [ 153.460472448000019, -28.092827658999965 ], [ 153.460471755000071, -28.092894214999944 ], [ 153.460462129000121, -28.092947650999974 ], [ 153.460464633000015, -28.093012343999931 ], [ 153.460454895000112, -28.093077081999979 ], [ 153.460450693000098, -28.093136380999965 ], [ 153.460449009000058, -28.093200723999928 ], [ 153.460445447000097, -28.093276794999952 ], [ 153.46041647200002, -28.093338269999947 ], [ 153.460385657000074, -28.093424814999935 ], [ 153.460361628000101, -28.093502688999934 ], [ 153.460337630000026, -28.09357364799996 ], [ 153.460318333000032, -28.093618649999939 ], [ 153.460310883000034, -28.095740813999953 ], [ 153.460589221000077, -28.096203844999934 ], [ 153.460707164000041, -28.096049714999936 ], [ 153.460814288000051, -28.09583577899997 ], [ 153.460955566000052, -28.095633494999959 ], [ 153.461113407000084, -28.095481182999947 ], [ 153.461252569000067, -28.095266442999957 ], [ 153.46137086900012, -28.095071929999961 ], [ 153.461504793000017, -28.094865153999933 ], [ 153.461606971000037, -28.094698566999966 ], [ 153.461706838000055, -28.094470593999972 ], [ 153.461756213000058, -28.094440180999982 ], [ 153.461777924000103, -28.09445452999995 ], [ 153.461791074000075, -28.09448907899997 ], [ 153.461784764000072, -28.094535227999984 ], [ 153.461698829000056, -28.094698886999936 ], [ 153.461592390000078, -28.094880867999962 ], [ 153.461510836000116, -28.09505700699998 ], [ 153.461247122000032, -28.095520439999973 ], [ 153.461066170000095, -28.095865379999964 ], [ 153.460924833000036, -28.096127975999934 ], [ 153.460907950000092, -28.096354144999964 ], [ 153.461131042000034, -28.096453468999982 ], [ 153.461362122000082, -28.096767666999938 ], [ 153.461761666000029, -28.097411933999979 ], [ 153.462108215000057, -28.097955445999958 ], [ 153.462330473000065, -28.098511244999941 ], [ 153.462527280000018, -28.098769570999934 ], [ 153.462650721000045, -28.09893690399997 ], [ 153.462714752000011, -28.099172125999928 ], [ 153.462794063000047, -28.099608811999929 ], [ 153.462864277000108, -28.09981806899998 ], [ 153.463132342000108, -28.100293892999957 ], [ 153.463236508000023, -28.100605505999965 ], [ 153.463463297000089, -28.10089315099998 ], [ 153.463600693000103, -28.101219359999959 ], [ 153.463623656000095, -28.101468029999978 ], [ 153.463936468000043, -28.102125051999963 ], [ 153.464078044000075, -28.102407287999938 ], [ 153.464168859000097, -28.102554883999971 ], [ 153.464431961000059, -28.103158812999936 ], [ 153.464500580000049, -28.103321853999944 ], [ 153.464729023000018, -28.103864665999936 ], [ 153.464828823000062, -28.104104417999963 ], [ 153.465134982000109, -28.104832690999956 ], [ 153.465510767000069, -28.105547834999982 ], [ 153.465585385000054, -28.105798464999964 ], [ 153.465828825000017, -28.106226321999941 ], [ 153.466066506000061, -28.106728766999936 ], [ 153.466253769000105, -28.107078355999931 ], [ 153.466361154000083, -28.107315901999982 ], [ 153.466426123000019, -28.107309911999948 ], [ 153.466483418000053, -28.107284736999929 ], [ 153.466583897000078, -28.107226733999937 ], [ 153.46665413300002, -28.107187096999951 ], [ 153.466723305000073, -28.10715322599998 ], [ 153.466798936000032, -28.107108760999949 ], [ 153.466872458000012, -28.107077766999964 ], [ 153.466908258000103, -28.107088204999968 ], [ 153.466917005000028, -28.107109327999979 ], [ 153.466888939000114, -28.107134405999943 ], [ 153.466827322000086, -28.107161518999931 ], [ 153.466784094000104, -28.107183773999964 ], [ 153.466702987000076, -28.107212882999931 ], [ 153.466621910000072, -28.107250627999974 ], [ 153.46652356200002, -28.107300933999966 ], [ 153.466444720000027, -28.107352134999928 ], [ 153.466390808000028, -28.107409980999932 ], [ 153.466372636000074, -28.10746775299998 ], [ 153.46658762200002, -28.10783891799997 ], [ 153.466927345000045, -28.10855931499998 ], [ 153.467107634000058, -28.108894471999974 ], [ 153.467193175000034, -28.109140534999938 ], [ 153.467503797000063, -28.109845634999942 ], [ 153.467745792000073, -28.110370178999972 ], [ 153.467861357000061, -28.110595714999931 ], [ 153.467973526000037, -28.110830772999975 ], [ 153.468096684000102, -28.111043084999949 ], [ 153.468324903000052, -28.111419271999978 ], [ 153.468449015000033, -28.111626316999946 ], [ 153.468703564000066, -28.112088050999944 ], [ 153.46875573300008, -28.112232249999977 ], [ 153.468875992000108, -28.112462695999966 ], [ 153.469002749000083, -28.112662855999929 ], [ 153.469172622000087, -28.112974781999981 ], [ 153.4694347410001, -28.113442827999961 ], [ 153.469655948000081, -28.113859195999964 ], [ 153.469784329000049, -28.11408579099998 ], [ 153.469902033000039, -28.114307571999973 ], [ 153.470001782000054, -28.114471484999967 ], [ 153.470146427000032, -28.11472873799994 ], [ 153.470266672000093, -28.114919420999968 ], [ 153.470397400000024, -28.115137216999983 ], [ 153.470638121000093, -28.115514520999966 ], [ 153.470704893000061, -28.115523327999938 ], [ 153.470823000000109, -28.115495469999928 ], [ 153.470911326000078, -28.115452882999932 ], [ 153.471000852000088, -28.115402054999947 ], [ 153.471095348000063, -28.115353692999975 ], [ 153.471185530000071, -28.115310263999959 ], [ 153.471215325000117, -28.115329932999941 ], [ 153.471211719000053, -28.115354109999942 ], [ 153.471115986000086, -28.115402754999934 ], [ 153.471053647000076, -28.11544306299993 ], [ 153.470960381000054, -28.115487855999959 ], [ 153.470822582000096, -28.115542147999975 ], [ 153.47073973900001, -28.115567144999943 ], [ 153.470723117000034, -28.115586418999953 ], [ 153.470712001000038, -28.115640569999982 ], [ 153.47080014900007, -28.115802247999966 ], [ 153.471060956000088, -28.116246376999982 ], [ 153.471374275000016, -28.116806973999928 ], [ 153.471537018000049, -28.117083933999936 ], [ 153.471662285000093, -28.117307152999956 ], [ 153.471779796000078, -28.117484893999972 ], [ 153.47191198400003, -28.117680218999965 ], [ 153.471993232000045, -28.117796447999979 ], [ 153.472257996000053, -28.118173498999965 ], [ 153.472456912000098, -28.118426841999963 ], [ 153.472637438000106, -28.118665051999983 ], [ 153.47274875800008, -28.118818458999954 ], [ 153.472793170000045, -28.118873138999959 ], [ 153.472891429000015, -28.118994724999936 ], [ 153.473337309000044, -28.119551156999933 ], [ 153.473467552000102, -28.119717117999983 ], [ 153.47376177600006, -28.120153685999981 ], [ 153.473958918000108, -28.120451619999983 ], [ 153.474275434000106, -28.120904346999964 ], [ 153.474574478000022, -28.121283610999967 ], [ 153.474876271000085, -28.121686173999933 ], [ 153.474922211000035, -28.121768948999943 ], [ 153.474952483000038, -28.121847731999935 ], [ 153.475039573000117, -28.12194436599998 ], [ 153.475090587000068, -28.121978034999984 ], [ 153.475211674000093, -28.122125332999929 ], [ 153.475340576000121, -28.122305383999958 ], [ 153.475530298000081, -28.122553234999941 ], [ 153.475571358000025, -28.122604047999971 ], [ 153.475424149000105, -28.122669776999942 ], [ 153.47543646500003, -28.122690518999946 ], [ 153.475454093000053, -28.122702573999959 ], [ 153.475479634000067, -28.122723845999928 ], [ 153.475498335000111, -28.122745787999975 ], [ 153.475521320000098, -28.122781743999951 ], [ 153.47555224000007, -28.122818936999977 ], [ 153.475572028000101, -28.122833219999961 ], [ 153.475601145000041, -28.122867231999976 ], [ 153.475621642000078, -28.122892354999976 ], [ 153.475651459000119, -28.122935627999937 ], [ 153.47568165600012, -28.122977947999971 ], [ 153.475717583000119, -28.123030444999984 ], [ 153.475760379000121, -28.123074298999938 ], [ 153.475789868000106, -28.123102580999955 ], [ 153.475826570000095, -28.123124440999959 ], [ 153.475858943000048, -28.123151419999942 ], [ 153.475892031000058, -28.123184469999956 ], [ 153.475927987000091, -28.123222609999971 ], [ 153.47595315500007, -28.123251219999929 ], [ 153.475970769000014, -28.123276037999972 ], [ 153.475999893000107, -28.123306875999958 ], [ 153.476032235000048, -28.123348211999939 ], [ 153.476067476000026, -28.123385091999978 ], [ 153.476082213000041, -28.123404798999957 ], [ 153.476091899000039, -28.123428364999938 ], [ 153.476109497000039, -28.123459560999947 ], [ 153.476132482000025, -28.123503511999957 ], [ 153.476160139000058, -28.123552528999937 ], [ 153.476204358000018, -28.123610099999951 ], [ 153.476220518000105, -28.123641935999956 ], [ 153.476246759000105, -28.12367086699993 ], [ 153.47626545300011, -28.12369599699997 ], [ 153.476284132000046, -28.123722722999958 ], [ 153.476320781000027, -28.123782878999975 ], [ 153.476349540000115, -28.123821040999928 ], [ 153.476371125000014, -28.123838519999936 ], [ 153.476390891000051, -28.123860759999957 ], [ 153.476414628000043, -28.123888423999972 ], [ 153.476440489000083, -28.123932672999956 ], [ 153.476466, -28.123969902999931 ], [ 153.476492599000039, -28.124009033999982 ], [ 153.476517044000047, -28.124033187999942 ], [ 153.47652637200008, -28.124057715999982 ], [ 153.476553701000057, -28.124091741999962 ], [ 153.47657417500011, -28.124124844999983 ], [ 153.476584591000119, -28.12414649699997 ], [ 153.476620503000049, -28.12421016199994 ], [ 153.476636671000051, -28.124237222999966 ], [ 153.476656795000054, -28.124263291999966 ], [ 153.476667211000063, -28.124286537999978 ], [ 153.476679057000069, -28.124313933999929 ], [ 153.476701327000114, -28.124350210999978 ], [ 153.476726107000104, -28.124395740999944 ], [ 153.476745859000062, -28.12443554999993 ], [ 153.476765268000122, -28.124465150999981 ], [ 153.47678501900009, -28.12450016799994 ], [ 153.476803683000071, -28.12453804699993 ], [ 153.476820104000012, -28.124586594999982 ], [ 153.476833709000061, -28.124622528999964 ], [ 153.476912558000095, -28.124587317999953 ], [ 153.476947285000051, -28.124659602999941 ], [ 153.476993643000014, -28.124718931999951 ], [ 153.477037788000075, -28.124781814999949 ], [ 153.477088086000094, -28.124859777999973 ], [ 153.477122247000011, -28.124899519999929 ], [ 153.477153860000044, -28.124952343999951 ], [ 153.477188006000119, -28.124996883999984 ], [ 153.477224291000084, -28.125057992999928 ], [ 153.477260441000112, -28.125115831999949 ], [ 153.477289781000081, -28.12515839699995 ], [ 153.47732777900012, -28.125215825999931 ], [ 153.477362625000069, -28.12527119899994 ], [ 153.477396414000054, -28.125319880999939 ], [ 153.477424801000097, -28.125357416999975 ], [ 153.477452114000016, -28.125405808999972 ], [ 153.477487683000049, -28.12545926699994 ], [ 153.47751426700006, -28.125501593999957 ], [ 153.477546238000059, -28.12555825499993 ], [ 153.477584340000021, -28.125608188999934 ], [ 153.477638528000057, -28.125688423999975 ], [ 153.477830261000122, -28.125378673999933 ], [ 153.477841824000052, -28.125386272999947 ], [ 153.477885001000118, -28.125421193999955 ], [ 153.477918804000069, -28.125455511999974 ], [ 153.477960155000119, -28.125504811999974 ], [ 153.478000783000084, -28.125552808999942 ], [ 153.478041411000049, -28.125596051999935 ], [ 153.478079893000086, -28.125632246999942 ], [ 153.478111893000118, -28.125668173999941 ], [ 153.478151456000091, -28.125706312999966 ], [ 153.478201457000068, -28.125746925999977 ], [ 153.478240311000036, -28.125778993999972 ], [ 153.47828203500012, -28.125812960999951 ], [ 153.478318013000035, -28.12583673599994 ], [ 153.478358321000087, -28.125860189999969 ], [ 153.478413008000075, -28.125901115999966 ], [ 153.478470206000111, -28.125941706999981 ], [ 153.478548661000104, -28.125989576999928 ], [ 153.478622802000018, -28.126028177999956 ], [ 153.478696220000074, -28.126063918999932 ], [ 153.478747673000044, -28.126100716999929 ], [ 153.478810273000022, -28.126136516999964 ], [ 153.478868939000108, -28.126163718999976 ], [ 153.478951730000063, -28.126195256999949 ], [ 153.479019404000042, -28.126227205999953 ], [ 153.479084544000102, -28.126257886999952 ], [ 153.479133494000052, -28.12628383699996 ], [ 153.479184590000045, -28.126312015999929 ], [ 153.479249001000085, -28.126352590999943 ], [ 153.47932025800003, -28.126394090999952 ], [ 153.479378559000111, -28.126425427999948 ], [ 153.479445867000095, -28.126455155999963 ], [ 153.479505986000049, -28.126480092999941 ], [ 153.479564294000056, -28.126501863999977 ], [ 153.479630523000083, -28.126528074999953 ], [ 153.479705379000052, -28.126564753999958 ], [ 153.479768016000094, -28.12658459499994 ], [ 153.479831740000122, -28.126606335999952 ], [ 153.479886823000015, -28.126622383999972 ], [ 153.479948744000012, -28.126644139999939 ], [ 153.480013907000057, -28.126657260999934 ], [ 153.480091676000029, -28.12667511199993 ], [ 153.480163336000032, -28.126691726999979 ], [ 153.480238959000076, -28.126699370999972 ], [ 153.480314590000035, -28.126705435999952 ], [ 153.480394147000084, -28.126728062999973 ], [ 153.480467223000119, -28.12675361099997 ], [ 153.480525173000046, -28.126774740999963 ], [ 153.480592854000065, -28.126798701999974 ], [ 153.480663061000087, -28.126820733999978 ], [ 153.480721370000083, -28.126848896999945 ], [ 153.480774634000113, -28.126872917999947 ], [ 153.480864607000058, -28.126925175999929 ], [ 153.480927951000012, -28.126954277999971 ], [ 153.480989500000078, -28.126976979999938 ], [ 153.481054670000049, -28.126993288999984 ], [ 153.481115884000019, -28.127005805999943 ], [ 153.481185383000025, -28.127016988999969 ], [ 153.481249101000117, -28.127030757999933 ], [ 153.481329023000058, -28.127058831999932 ], [ 153.481386258000043, -28.127083463999952 ], [ 153.481445625000106, -28.127124694999964 ], [ 153.481490604000101, -28.127154809999979 ], [ 153.481539539000096, -28.127188739999951 ], [ 153.481598190000113, -28.127227117999951 ], [ 153.481653958000038, -28.127261964999946 ], [ 153.48172738300002, -28.12730249599997 ], [ 153.481802954000045, -28.127345254999966 ], [ 153.481868452000072, -28.127386135999927 ], [ 153.481940775000112, -28.127431151999929 ], [ 153.482013091000113, -28.127484118999973 ], [ 153.482074603000115, -28.127540332999956 ], [ 153.482126049000044, -28.127580334999948 ], [ 153.482172809000076, -28.12761682799993 ], [ 153.482215970000084, -28.127653343999953 ], [ 153.482273175000046, -28.127698717999976 ], [ 153.482311643000116, -28.127746110999965 ], [ 153.483265727000116, -28.127774281999962 ], [ 153.485449261000099, -28.12739496599994 ], [ 153.485091715000067, -28.12595874699997 ], [ 153.485924198000021, -28.124802707999947 ], [ 153.48698765000006, -28.124594612999942 ], [ 153.487187265000102, -28.125396429999967 ], [ 153.486185013000068, -28.126788249999947 ], [ 153.486285909000117, -28.127193553999973 ], [ 153.486849076000112, -28.127845457999967 ], [ 153.486982404000059, -28.128322629999957 ], [ 153.487031630000047, -28.128438530999972 ], [ 153.487067259000014, -28.128483659999972 ], [ 153.487159028000065, -28.128595261999976 ], [ 153.48733001100004, -28.12886433999995 ], [ 153.487878619000071, -28.129758602999971 ], [ 153.488395838000088, -28.130703499999981 ], [ 153.488762891000079, -28.131374052999945 ], [ 153.489140822000081, -28.131835168999942 ], [ 153.489385499000036, -28.13203208799996 ], [ 153.489402516000041, -28.132053560999964 ], [ 153.489478802000122, -28.132139077999966 ], [ 153.489555908000057, -28.132218672999954 ], [ 153.489579698000057, -28.132240569999965 ], [ 153.489604821000057, -28.132254479999972 ], [ 153.48963457900004, -28.13227128099993 ], [ 153.489673590000052, -28.132284908999964 ], [ 153.489704160000088, -28.132288543999948 ], [ 153.4897422250001, -28.132284751999975 ], [ 153.489827802000036, -28.13228466299995 ], [ 153.489844760000096, -28.132282941999961 ], [ 153.489866046000088, -28.13227541699996 ], [ 153.489883890000101, -28.132263211999941 ], [ 153.48989830700009, -28.132250046999957 ], [ 153.489917679000087, -28.132232321999936 ], [ 153.489923058000045, -28.132216429999971 ], [ 153.48993021800004, -28.132216407999977 ], [ 153.489931358000035, -28.132227024999963 ], [ 153.489953412000091, -28.132219074999966 ], [ 153.48996008000006, -28.132213538999963 ], [ 153.489956899000049, -28.132206632999953 ], [ 153.4899623230001, -28.132185584999945 ], [ 153.489970392000032, -28.13217971399996 ], [ 153.489975994000019, -28.132178990999932 ], [ 153.489984890000073, -28.132181322999941 ], [ 153.489999620000049, -28.132193727999947 ], [ 153.490006341000026, -28.132197266999981 ], [ 153.490017368000053, -28.132198175999974 ], [ 153.490030495000042, -28.13219079299995 ], [ 153.490038110000114, -28.132184533999975 ], [ 153.49004208100007, -28.13216906699995 ], [ 153.490049807000105, -28.132165490999967 ], [ 153.490059307000024, -28.132163888999969 ], [ 153.490069507000044, -28.132157778999954 ], [ 153.490076890000068, -28.132157436999933 ], [ 153.490080541000111, -28.132158836999963 ], [ 153.490078105000066, -28.132170683999959 ], [ 153.490081770000074, -28.13217396899995 ], [ 153.490095025000073, -28.13217558599996 ], [ 153.490106529000059, -28.132173596999962 ], [ 153.490121720000047, -28.132167546999938 ], [ 153.490130937000117, -28.132161049999979 ], [ 153.490133649000086, -28.13215196799996 ], [ 153.49013522100006, -28.132145097999967 ], [ 153.490138939000076, -28.132140441999979 ], [ 153.490143379000074, -28.132139197999948 ], [ 153.490150949000054, -28.132140344999982 ], [ 153.490153810000038, -28.132141819999958 ], [ 153.49015392900003, -28.13214600699996 ], [ 153.490169486000013, -28.13213658199993 ], [ 153.490179284000078, -28.132134354999948 ], [ 153.490182264000055, -28.132130017999941 ], [ 153.490170179000074, -28.132121583999947 ], [ 153.490170812000088, -28.132115273999943 ], [ 153.490192404000027, -28.132105177999961 ], [ 153.490203252000015, -28.132091230999947 ], [ 153.490218503000051, -28.132081551999931 ], [ 153.490231207000079, -28.132078109999952 ], [ 153.490237167000032, -28.132079272999931 ], [ 153.490237711000077, -28.132083451999961 ], [ 153.490230469000039, -28.132092936999982 ], [ 153.490226379000092, -28.132093830999963 ], [ 153.490220530000101, -28.132098099999951 ], [ 153.490220381000086, -28.132105825999929 ], [ 153.490226185000097, -28.132109282999977 ], [ 153.490229061000036, -28.132115817999932 ], [ 153.490240691000054, -28.132110415999932 ], [ 153.490250459000094, -28.132109431999936 ], [ 153.490255749000085, -28.13211737499995 ], [ 153.490262067000117, -28.132117515999937 ], [ 153.490271470000039, -28.132112434999954 ], [ 153.49029203300006, -28.132093070999929 ], [ 153.490310280000017, -28.132077938999942 ], [ 153.490325456000051, -28.132069139999942 ], [ 153.490332758000022, -28.132070994999935 ], [ 153.490332073000104, -28.132078176999983 ], [ 153.490325546000122, -28.132088771999975 ], [ 153.490325218000066, -28.132095782999954 ], [ 153.490365094000026, -28.132072342999948 ], [ 153.49040328500007, -28.132052464999958 ], [ 153.490422701000057, -28.132044813999983 ], [ 153.490429563000021, -28.132046303999971 ], [ 153.490429273000018, -28.13205265199997 ], [ 153.49042294000003, -28.132060816999967 ], [ 153.490409760000034, -28.132071627999949 ], [ 153.490407778000076, -28.132080471999927 ], [ 153.490461169000014, -28.132048672999929 ], [ 153.490466831000049, -28.132028786999967 ], [ 153.490501774000109, -28.132010167999965 ], [ 153.490512019000107, -28.132011382999963 ], [ 153.49052215200004, -28.132009534999952 ], [ 153.490529096000046, -28.132012350999958 ], [ 153.490526302000035, -28.132024033999983 ], [ 153.490515767000034, -28.132034479999959 ], [ 153.490506461000109, -28.132041139999956 ], [ 153.490497349000066, -28.132051965999949 ], [ 153.490494480000052, -28.132066412999961 ], [ 153.490510343000096, -28.132055229999935 ], [ 153.490518352000095, -28.132053783999936 ], [ 153.490552863000062, -28.132033801999967 ], [ 153.490554517000078, -28.132028116999948 ], [ 153.490562676000081, -28.132023042999947 ], [ 153.490568904000042, -28.132024599999966 ], [ 153.490570886000114, -28.132030426999961 ], [ 153.490569597000103, -28.13203965799994 ], [ 153.490564493000079, -28.132050482999944 ], [ 153.490553154000054, -28.13206194199995 ], [ 153.490539765000108, -28.132071374999953 ], [ 153.490530347000117, -28.132074324999962 ], [ 153.490526577000082, -28.132085612999958 ], [ 153.490523925000048, -28.132089099999973 ], [ 153.490523500000108, -28.132093830999963 ], [ 153.490533901000049, -28.132091580999941 ], [ 153.490541158000042, -28.132084859999964 ], [ 153.490551298000014, -28.13208355699993 ], [ 153.490557758000023, -28.132078005999972 ], [ 153.49056896400009, -28.132076783999935 ], [ 153.490577264000081, -28.13206919199996 ], [ 153.490582956000026, -28.132067835999976 ], [ 153.490606068000034, -28.132047487999955 ], [ 153.490613906000021, -28.132048642999962 ], [ 153.490616603000035, -28.132055333999972 ], [ 153.49061547000008, -28.132062508999979 ], [ 153.490611246000071, -28.132071121999957 ], [ 153.490604339000015, -28.132077454999944 ], [ 153.490595093000024, -28.132079383999951 ], [ 153.49058427500006, -28.132087042999956 ], [ 153.490579655000033, -28.132098792999955 ], [ 153.490582941000071, -28.132103464999943 ], [ 153.490602365000086, -28.132095119999974 ], [ 153.490633881000122, -28.132080382999959 ], [ 153.490646331000107, -28.132078258999968 ], [ 153.490654400000039, -28.132073684999966 ], [ 153.490664279000043, -28.132073319999961 ], [ 153.490676096000016, -28.132070681999949 ], [ 153.490685610000014, -28.132070882999983 ], [ 153.490702143000021, -28.132067358999961 ], [ 153.490716113000076, -28.132069355999931 ], [ 153.490716850000013, -28.132074399999965 ], [ 153.490714384000057, -28.132080717999941 ], [ 153.490706949000014, -28.132087758999944 ], [ 153.490690796000081, -28.132095700999969 ], [ 153.490678562000085, -28.132103866999955 ], [ 153.490662223000072, -28.132110080999951 ], [ 153.490649736000023, -28.132117948999962 ], [ 153.490639104000024, -28.132128080999962 ], [ 153.490637882000101, -28.13213352799994 ], [ 153.490640124000038, -28.132135963999929 ], [ 153.490657246000069, -28.132128408999961 ], [ 153.49067801800004, -28.132119430999978 ], [ 153.490690855000025, -28.132110758999943 ], [ 153.490707977000056, -28.13210076699994 ], [ 153.490718780000066, -28.132098338999981 ], [ 153.490729986000019, -28.132092168999975 ], [ 153.490744984000116, -28.132094948999963 ], [ 153.490745930000116, -28.132101213999931 ], [ 153.490741422000042, -28.132115385999953 ], [ 153.490724763000117, -28.132127067999932 ], [ 153.490696950000029, -28.132149635999951 ], [ 153.490696630000116, -28.132158315999959 ], [ 153.490712760000065, -28.132146744999943 ], [ 153.490719778000084, -28.132144904999961 ], [ 153.490723079000077, -28.132147973999963 ], [ 153.490720270000111, -28.132155230999956 ], [ 153.490714340000068, -28.132160297999974 ], [ 153.490714183000023, -28.132166376999976 ], [ 153.490724241000066, -28.132167986999946 ], [ 153.490735246000099, -28.132163299999945 ], [ 153.490747696000085, -28.132162308999966 ], [ 153.490767641000048, -28.132155335999983 ], [ 153.490774846000022, -28.132153770999935 ], [ 153.490780240000049, -28.132155603999934 ], [ 153.490780814000118, -28.132158978999939 ], [ 153.49077886200007, -28.132164707999948 ], [ 153.490762902000029, -28.132174132999978 ], [ 153.490747569000064, -28.132184399999971 ], [ 153.490743434000024, -28.132191127999931 ], [ 153.490743151000061, -28.132195456999966 ], [ 153.490745505000064, -28.132198019999976 ], [ 153.490755504000049, -28.132195232999948 ], [ 153.490791982000019, -28.132180376999941 ], [ 153.490799753000033, -28.132179579999956 ], [ 153.49080458800006, -28.132181277999962 ], [ 153.490807263000079, -28.132186359999935 ], [ 153.490806324000118, -28.132192446999966 ], [ 153.490802025000107, -28.132197505999955 ], [ 153.490782453000065, -28.132210499999928 ], [ 153.490771940000059, -28.132224960999963 ], [ 153.490771351000035, -28.132232768999984 ], [ 153.490776515000107, -28.132234564999976 ], [ 153.490788167000119, -28.132232239999951 ], [ 153.49079456000004, -28.132232292999959 ], [ 153.490815861000101, -28.132221332999961 ], [ 153.490822082000022, -28.132221712999979 ], [ 153.490824414000031, -28.132224774999941 ], [ 153.490821598000025, -28.13223045999996 ], [ 153.490817076000098, -28.132234653999944 ], [ 153.490815414000053, -28.132240577999937 ], [ 153.490807889000052, -28.132248646999983 ], [ 153.490797153000017, -28.132253339999977 ], [ 153.490783727000121, -28.132266840999932 ], [ 153.490784807000068, -28.132271295999942 ], [ 153.490819102000046, -28.132257430999971 ], [ 153.490852294000092, -28.132241627999974 ], [ 153.490857897000069, -28.132239869999978 ], [ 153.490863046000072, -28.132240621999983 ], [ 153.490866629000038, -28.132246917999964 ], [ 153.490875473000074, -28.132248146999927 ], [ 153.490873521000026, -28.132254062999948 ], [ 153.490856012000108, -28.132265551999978 ], [ 153.490837401000022, -28.132280385999934 ], [ 153.4908261060001, -28.13229574199994 ], [ 153.490811517000111, -28.132304212999941 ], [ 153.490812941000058, -28.132308615999932 ], [ 153.490822604000073, -28.132311484999946 ], [ 153.490833795000071, -28.132308541999976 ], [ 153.490856944000029, -28.132299630999967 ], [ 153.490870295000036, -28.132292276999976 ], [ 153.490887409000038, -28.132290965999971 ], [ 153.490901118000011, -28.132293126999969 ], [ 153.490906266000025, -28.132295592999981 ], [ 153.490905663000035, -28.132300837999935 ], [ 153.490899926000111, -28.132304585999975 ], [ 153.490889793000065, -28.132302960999937 ], [ 153.490878297000108, -28.132307416999936 ], [ 153.490867598000023, -28.132313950999958 ], [ 153.490860162000104, -28.132322384999952 ], [ 153.490858642000035, -28.132331503999978 ], [ 153.49087123400011, -28.132328561999941 ], [ 153.490890814000068, -28.132321453999964 ], [ 153.490898421000111, -28.132316319999973 ], [ 153.490914768000039, -28.132316677999938 ], [ 153.490929840000035, -28.13231262499994 ], [ 153.49093592700001, -28.132314255999972 ], [ 153.490933931000086, -28.132320752999931 ], [ 153.490926331000082, -28.132327808999946 ], [ 153.490918277000105, -28.13233680899998 ], [ 153.490913665000107, -28.132348007999951 ], [ 153.490901267000027, -28.132359920999932 ], [ 153.490883200000098, -28.132366015999935 ], [ 153.490870951000034, -28.132372295999971 ], [ 153.49085122200006, -28.132376229999977 ], [ 153.490842884000017, -28.132381542999951 ], [ 153.490844687000049, -28.132386101999941 ], [ 153.490856593000103, -28.132384872999978 ], [ 153.490876233000108, -28.13237857699994 ], [ 153.490886090000117, -28.132377518999931 ], [ 153.490893392000089, -28.132379381999954 ], [ 153.490896529000111, -28.132383158999971 ], [ 153.490898548000018, -28.132398529999932 ], [ 153.490895813000066, -28.132403349999947 ], [ 153.490889696000067, -28.132406367999977 ], [ 153.490880443000037, -28.132407268999941 ], [ 153.490869535000115, -28.13241401199997 ], [ 153.490852011000015, -28.132431460999953 ], [ 153.490848919000086, -28.132436996999957 ], [ 153.490849903000026, -28.132438173999958 ], [ 153.490855588000045, -28.132436415999962 ], [ 153.49086030400008, -28.132436475999953 ], [ 153.490862099000083, -28.13243986599997 ], [ 153.490860252000061, -28.132445706999931 ], [ 153.49085540100009, -28.132453134999935 ], [ 153.490846170000054, -28.132458841999949 ], [ 153.490835344000061, -28.132463774999962 ], [ 153.490822507000075, -28.132474309999964 ], [ 153.490821635000088, -28.132481007999957 ], [ 153.49082361000012, -28.132484166999973 ], [ 153.490848465000113, -28.132472401999962 ], [ 153.49085914200009, -28.132474495999929 ], [ 153.490860587000043, -28.132478191999951 ], [ 153.490850484000021, -28.132487690999938 ], [ 153.490836008000088, -28.132493107999949 ], [ 153.490830904000063, -28.132498546999955 ], [ 153.490832334000061, -28.132505713999933 ], [ 153.490828348000036, -28.132518833999939 ], [ 153.490823073000115, -28.132523818999971 ], [ 153.490810780000061, -28.132521933999953 ], [ 153.490802651000081, -28.132516032999945 ], [ 153.4907875560001, -28.132517328999938 ], [ 153.490776842000059, -28.132521501999975 ], [ 153.490766762000021, -28.13252926499996 ], [ 153.490763677000018, -28.132534800999963 ], [ 153.490763998000034, -28.132538116999967 ], [ 153.490791088000037, -28.132538980999982 ], [ 153.490794836000077, -28.132540902999949 ], [ 153.49079473900008, -28.132547034999959 ], [ 153.490783779000026, -28.132554589999984 ], [ 153.490764668000111, -28.13256279999996 ], [ 153.490754267000057, -28.132567799999947 ], [ 153.490740461000087, -28.132576680999932 ], [ 153.490732109000078, -28.132587751999949 ], [ 153.490714556000057, -28.132595820999938 ], [ 153.49070899700007, -28.132599970999934 ], [ 153.490706829000032, -28.132604172999947 ], [ 153.490708260000019, -28.132606467999949 ], [ 153.490724010000122, -28.132605104999982 ], [ 153.490741154000034, -28.132597057999931 ], [ 153.490753045000019, -28.132597512999951 ], [ 153.490772469000035, -28.132600604999936 ], [ 153.490770442000098, -28.132610975999967 ], [ 153.490759848000039, -28.132617144999983 ], [ 153.490751555000088, -28.132616809999945 ], [ 153.490730604000078, -28.132625988999962 ], [ 153.490727177000053, -28.132631993999951 ], [ 153.49071841500006, -28.132637655999929 ], [ 153.490714563000097, -28.132650701999978 ], [ 153.490704877000098, -28.132656505999933 ], [ 153.49069157800011, -28.132658763999927 ], [ 153.490679277000027, -28.132658129999982 ], [ 153.490670761000047, -28.132662533999962 ], [ 153.490670575000081, -28.13266596099993 ], [ 153.490682622000122, -28.132669700999941 ], [ 153.490683859000114, -28.132672174999982 ], [ 153.490681468000048, -28.13268151799997 ], [ 153.490673808000111, -28.132685771999945 ], [ 153.490656098000045, -28.13268768699993 ], [ 153.490635572000087, -28.13269304399995 ], [ 153.490627041000039, -28.132693624999945 ], [ 153.490615329000093, -28.132698795999943 ], [ 153.490606433000039, -28.132698430999938 ], [ 153.490597470000012, -28.132701611999948 ], [ 153.490595965000011, -28.132705009999938 ], [ 153.49061679700003, -28.132707929999981 ], [ 153.490615023000032, -28.132710932999942 ], [ 153.490604831000041, -28.132717280999941 ], [ 153.490602283000044, -28.132725647999962 ], [ 153.490607737000119, -28.132731227999955 ], [ 153.490606269000068, -28.132739743999934 ], [ 153.490599250000059, -28.132742142999973 ], [ 153.490580833000081, -28.132739766999975 ], [ 153.490558697000097, -28.13274255999994 ], [ 153.490548296000043, -28.132741494999948 ], [ 153.490539050000052, -28.132744675999959 ], [ 153.490543423000076, -28.132746724999947 ], [ 153.490551090000054, -28.132752126999947 ], [ 153.490553340000019, -28.132756932999939 ], [ 153.490552118000096, -28.132762378999928 ], [ 153.490547774000106, -28.132766103999984 ], [ 153.49053462400002, -28.132766625999977 ], [ 153.490524037000114, -28.132767526999942 ], [ 153.490513196000052, -28.132775417999937 ], [ 153.490509493000104, -28.132783016999952 ], [ 153.490489615000115, -28.132793991999961 ], [ 153.490478432000032, -28.132797895999943 ], [ 153.490473343000076, -28.132802626999933 ], [ 153.490474155000015, -28.13280696299995 ], [ 153.490477292000037, -28.132810971999959 ], [ 153.490476152000042, -28.132816968999975 ], [ 153.490469491000113, -28.132818019999945 ], [ 153.490458285000045, -28.132816633999937 ], [ 153.490454746000069, -28.132819956999981 ], [ 153.490457175000074, -28.132828547999964 ], [ 153.490456065000103, -28.132834678999927 ], [ 153.490450410000108, -28.132842896999932 ], [ 153.490442811000094, -28.132853573999967 ], [ 153.490433125000095, -28.13286468299998 ], [ 153.490422016000025, -28.132885141999964 ], [ 153.490413880000119, -28.132910011999968 ], [ 153.490407160000018, -28.13293336199996 ], [ 153.490402175000099, -28.13296566799994 ], [ 153.490397630000075, -28.132994806999932 ], [ 153.490391059000103, -28.133035941999935 ], [ 153.490382968000063, -28.133188931999939 ], [ 153.490438169000072, -28.133334143999946 ], [ 153.490559375000089, -28.133605165999938 ], [ 153.49065836300008, -28.133789001999958 ], [ 153.490987909000069, -28.134301623999932 ], [ 153.491163430000029, -28.134523956999942 ], [ 153.491328266000096, -28.134794807999981 ], [ 153.491636087000074, -28.135326898999949 ], [ 153.491867122000031, -28.135762317999934 ], [ 153.49202110300007, -28.136042907999979 ], [ 153.492087384000115, -28.136226854999961 ], [ 153.492098910000095, -28.136362537999958 ], [ 153.492088531000036, -28.136478907999958 ], [ 153.492056300000058, -28.13658565999998 ], [ 153.491905686000109, -28.136721759999944 ], [ 153.492040639000038, -28.136799200999974 ], [ 153.492094566000105, -28.136818833999939 ], [ 153.492139404000113, -28.136843189999979 ], [ 153.492296209000074, -28.136879600999976 ], [ 153.4924539000001, -28.136956184999974 ], [ 153.49256841600004, -28.137081130999945 ], [ 153.492682894000041, -28.137196436999943 ], [ 153.492824336000012, -28.137277893999965 ], [ 153.492920850000019, -28.137304596999968 ], [ 153.492954654000073, -28.137317023999969 ], [ 153.493065466000076, -28.137381255999969 ], [ 153.493093175000013, -28.137424960999965 ], [ 153.493106042000022, -28.137471124999934 ], [ 153.49310970800002, -28.137536391999959 ], [ 153.493108113000062, -28.137585639999941 ], [ 153.493097191000061, -28.137701019999952 ], [ 153.493103501000064, -28.137823253999954 ], [ 153.493110415000046, -28.137853696999969 ], [ 153.493120019000116, -28.137900471999956 ], [ 153.493146566000064, -28.137951872999963 ], [ 153.493188587000077, -28.138005300999964 ], [ 153.493228619000092, -28.138077899999928 ], [ 153.49328257600007, -28.138198598999963 ], [ 153.493308482000089, -28.138240709999934 ], [ 153.493378033000113, -28.13831963399997 ], [ 153.493417126000054, -28.13837751799997 ], [ 153.493439329000012, -28.13846340799995 ], [ 153.493476179000027, -28.138527042999954 ], [ 153.493505788000107, -28.13856117399996 ], [ 153.493540940000116, -28.138616799999966 ], [ 153.49359090300004, -28.138669967999931 ], [ 153.493662772000107, -28.138769380999975 ], [ 153.493695048000063, -28.138823061999972 ], [ 153.493779016000076, -28.138937927999962 ], [ 153.493863504000046, -28.13907166599995 ], [ 153.493900504000067, -28.139159909999933 ], [ 153.493941720000066, -28.139221645999953 ], [ 153.493971977000115, -28.139330319999942 ], [ 153.494003769000074, -28.139363519999961 ], [ 153.494076539000048, -28.139443426999946 ], [ 153.494137231000082, -28.139542109999979 ], [ 153.494186852000098, -28.139593049999974 ], [ 153.494223762000047, -28.139653473999942 ], [ 153.494289707000121, -28.139766588999976 ], [ 153.494388293000043, -28.139863967999929 ], [ 153.494437996000102, -28.139942735999966 ], [ 153.494471136000016, -28.139983295999969 ], [ 153.494502041000032, -28.140029608999953 ], [ 153.494530771000086, -28.140080041999965 ], [ 153.494546983000077, -28.140116005999971 ], [ 153.494589310000038, -28.140176474999976 ], [ 153.494662728000094, -28.140298291999954 ], [ 153.494710389000034, -28.140366792999941 ], [ 153.494749438000099, -28.140429488999928 ], [ 153.494804080000108, -28.140518828999973 ], [ 153.494864415000052, -28.140616870999963 ], [ 153.494902778000096, -28.14071088999998 ], [ 153.494918596000048, -28.140785224999945 ], [ 153.494949121000104, -28.140869907999956 ], [ 153.49500446400009, -28.140956580999955 ], [ 153.495020594000039, -28.141007706999972 ], [ 153.495058033000078, -28.141086995999956 ], [ 153.495124634000035, -28.141209855999932 ], [ 153.495164964000082, -28.141284264999967 ], [ 153.495197113000017, -28.141316502999928 ], [ 153.495246325000039, -28.141371592999974 ], [ 153.495298724000122, -28.141435659999956 ], [ 153.495365750000019, -28.141514874999928 ], [ 153.495449338000071, -28.141596473999982 ], [ 153.495487284000092, -28.141626201999941 ], [ 153.495510686000102, -28.14166542199996 ], [ 153.495554287000118, -28.141707017999977 ], [ 153.495594445000052, -28.141766830999984 ], [ 153.495631117000016, -28.141849651999962 ], [ 153.495682198000054, -28.141940250999937 ], [ 153.495740916000045, -28.142012595999972 ], [ 153.495794941000099, -28.142094209999982 ], [ 153.495835651000107, -28.142144143999928 ], [ 153.49587921400007, -28.142216786999938 ], [ 153.49592171200004, -28.142295501999968 ], [ 153.495973918000118, -28.142365932999951 ], [ 153.496025409000026, -28.14244145899994 ], [ 153.496080179000046, -28.142509951999955 ], [ 153.496143240000038, -28.14257878799998 ], [ 153.496181410000077, -28.142637036999929 ], [ 153.49623474800012, -28.142682179999952 ], [ 153.496300328000075, -28.142750680999939 ], [ 153.496356185000081, -28.142811514999948 ], [ 153.49641310800007, -28.142874255999971 ], [ 153.496484812000062, -28.142947248999974 ], [ 153.496557977000066, -28.143014810999944 ], [ 153.496612403000086, -28.143061868999951 ], [ 153.496672187000058, -28.143148928999949 ], [ 153.496693421000032, -28.143201089999934 ], [ 153.496758964000037, -28.14329198799993 ], [ 153.496772643000099, -28.143319509999969 ], [ 153.496844683000063, -28.143420323999976 ], [ 153.496859740000104, -28.14349197599995 ], [ 153.496872324000037, -28.143535174999954 ], [ 153.496896472000117, -28.14356206399998 ], [ 153.496967073000064, -28.143657125999937 ], [ 153.497013170000059, -28.143721460999927 ], [ 153.497067954000045, -28.143762766999942 ], [ 153.497141447000104, -28.143853351999951 ], [ 153.497225056000048, -28.143934674999969 ], [ 153.497294965000037, -28.144004463999977 ], [ 153.49732809000011, -28.144066541999962 ], [ 153.497352871000089, -28.144157088999975 ], [ 153.497389945000123, -28.144224613999938 ], [ 153.497438903000102, -28.144321254999966 ], [ 153.497466261000113, -28.144358709999949 ], [ 153.497508789000108, -28.144407040999965 ], [ 153.497560601000032, -28.144513614999937 ], [ 153.497596237000039, -28.144591368999954 ], [ 153.497633355000062, -28.144628502999979 ], [ 153.49769781800012, -28.144715867999935 ], [ 153.497758741000098, -28.144768058999944 ], [ 153.497800532000042, -28.144808724999962 ], [ 153.497859242000118, -28.144892267999978 ], [ 153.497906091000118, -28.144945084999961 ], [ 153.497978884000077, -28.145021587999963 ], [ 153.498037624000062, -28.145079537999948 ], [ 153.498084548000065, -28.145132362999959 ], [ 153.498123380000038, -28.145187079999971 ], [ 153.498162309000122, -28.145214616999965 ], [ 153.49818717900007, -28.145234785999946 ], [ 153.498207333000096, -28.145265832999939 ], [ 153.498221020000074, -28.145299747999957 ], [ 153.498249459000021, -28.145347117999961 ], [ 153.498280431000012, -28.145387768999967 ], [ 153.498314294000011, -28.145435131999932 ], [ 153.498357537000061, -28.145491152999966 ], [ 153.49838705600007, -28.145532443999969 ], [ 153.498452629000099, -28.145616940999957 ], [ 153.498492996000095, -28.145655035999937 ], [ 153.498524698000097, -28.145692169999961 ], [ 153.498570825000115, -28.145742103999964 ], [ 153.498605410000096, -28.145784362999962 ], [ 153.498640361000071, -28.145824059999939 ], [ 153.498677107000049, -28.145868546999964 ], [ 153.498705911000116, -28.145914949999963 ], [ 153.498729328000081, -28.145951747999959 ], [ 153.49873070700005, -28.145997494999961 ], [ 153.498725216000025, -28.146059870999977 ], [ 153.498733814000047, -28.14611040799997 ], [ 153.498756441000069, -28.14618911599996 ], [ 153.4987745090001, -28.146244726999953 ], [ 153.498798492000105, -28.14630453999996 ], [ 153.498828026000069, -28.14636642499994 ], [ 153.498873050000043, -28.146449148999977 ], [ 153.498909774000026, -28.146508030999939 ], [ 153.498941834000107, -28.146553799999936 ], [ 153.498995158000071, -28.146611742999937 ], [ 153.499043788000108, -28.146672561999935 ], [ 153.499077293000028, -28.146719276999931 ], [ 153.499125573000015, -28.146777860999975 ], [ 153.499161991000051, -28.146805718999929 ], [ 153.499209228000041, -28.146827190999943 ], [ 153.49926799800005, -28.146861142999967 ], [ 153.499327081000047, -28.146940521999966 ], [ 153.499371777000079, -28.146981492999942 ], [ 153.49939912100001, -28.147033355999952 ], [ 153.499442736000105, -28.147075600999983 ], [ 153.499470110000061, -28.147106661999942 ], [ 153.499505061000036, -28.147157549999974 ], [ 153.499548304000086, -28.147197566999978 ], [ 153.499585072000059, -28.147232457999962 ], [ 153.499613534000105, -28.147270224999943 ], [ 153.499654236000083, -28.147332951999942 ], [ 153.49970970600009, -28.14739633399995 ], [ 153.499770607000073, -28.147474124999974 ], [ 153.4998188940001, -28.147523097999965 ], [ 153.499852407000049, -28.147561832999941 ], [ 153.499918352000122, -28.14762617699995 ], [ 153.499961952000035, -28.147679641999957 ], [ 153.500065367000047, -28.147799342999974 ], [ 153.500104124000018, -28.147839769999962 ], [ 153.500106807000066, -28.147842563999973 ], [ 153.50017239400006, -28.147909469999945 ], [ 153.500242333000074, -28.147961668999983 ], [ 153.50027156900012, -28.14798910899998 ], [ 153.500280532000033, -28.147997520999979 ], [ 153.500323425000033, -28.148036911999952 ], [ 153.50034431600011, -28.148062824999954 ], [ 153.500389377000033, -28.148104466999939 ], [ 153.500446307000061, -28.148170388999972 ], [ 153.500473308000096, -28.148210398999936 ], [ 153.500479410000025, -28.148235685999964 ], [ 153.500494893000109, -28.148277595999957 ], [ 153.500526915000023, -28.148334554999963 ], [ 153.500556464000056, -28.148375831999942 ], [ 153.500579889000051, -28.148403040999938 ], [ 153.500644031000093, -28.14846739199993 ], [ 153.500701341000081, -28.148532375999935 ], [ 153.50075430600009, -28.148592881999946 ], [ 153.500835018000089, -28.148678660999963 ], [ 153.500858085000118, -28.148694038999963 ], [ 153.500876823000112, -28.148711324999965 ], [ 153.500900255000033, -28.148730539999974 ], [ 153.500935213000048, -28.148768634999954 ], [ 153.500979857000061, -28.14884800599998 ], [ 153.500983776000112, -28.148888618999933 ], [ 153.500997835000021, -28.148908787999972 ], [ 153.501025947000016, -28.148926720999953 ], [ 153.501053707000096, -28.14894881999993 ], [ 153.501071686000046, -28.148974434999957 ], [ 153.501105906000021, -28.149025627999947 ], [ 153.501122454000097, -28.149066262999952 ], [ 153.501146989000063, -28.14909059699994 ], [ 153.501179816000104, -28.14910724899994 ], [ 153.501205058000096, -28.149121665999928 ], [ 153.50124684900004, -28.149168722999946 ], [ 153.501296172000025, -28.149243623999951 ], [ 153.501341188000083, -28.149307631999932 ], [ 153.501368569000078, -28.149351470999932 ], [ 153.501386592000017, -28.149378665999961 ], [ 153.501423688000045, -28.149415806999968 ], [ 153.501459429000079, -28.149453580999932 ], [ 153.50148678700009, -28.149484627999982 ], [ 153.501512015000117, -28.149495848999948 ], [ 153.501536170000122, -28.14951313399996 ], [ 153.501555981000024, -28.149548344999971 ], [ 153.501571053000021, -28.149598003999984 ], [ 153.501572871000121, -28.149604015999955 ], [ 153.501592653000102, -28.149639212999944 ], [ 153.501634771000113, -28.149715699999945 ], [ 153.501676889, -28.149806582999929 ], [ 153.501747155000089, -28.149891399999944 ], [ 153.501829328000099, -28.149973355999975 ], [ 153.501868264000109, -28.150021687999981 ], [ 153.501910055000053, -28.150068738999948 ], [ 153.501966634000041, -28.150121242999944 ], [ 153.502022521000072, -28.15016126699993 ], [ 153.502075510000054, -28.15018817899994 ], [ 153.50214044900008, -28.150201038999967 ], [ 153.502179408000075, -28.150220580999928 ], [ 153.502243088000114, -28.150271028999953 ], [ 153.502292433000093, -28.150315501999955 ], [ 153.50238742800002, -28.150401190999958 ], [ 153.50254154400011, -28.150519341999939 ], [ 153.502748655000119, -28.150674328999969 ], [ 153.502879316000076, -28.150767520999977 ], [ 153.503023477000056, -28.15085737499993 ], [ 153.503057847000036, -28.150890678999929 ], [ 153.503094176000104, -28.150925890999929 ], [ 153.503128716000106, -28.150959358999955 ], [ 153.503369981000105, -28.151241481999932 ], [ 153.503560291000099, -28.151480928999945 ], [ 153.50375917700012, -28.151712731999964 ], [ 153.503906281000013, -28.151908510999931 ], [ 153.504135506000011, -28.15232401399993 ], [ 153.504167290000055, -28.152381785999978 ], [ 153.504212798000026, -28.152440511999941 ], [ 153.504248390000043, -28.15249677099996 ], [ 153.504278267000018, -28.152560435999931 ], [ 153.504281262000063, -28.152566813999954 ], [ 153.504308814000069, -28.152646169999969 ], [ 153.504353041000059, -28.152728818999947 ], [ 153.50439812400009, -28.152751543999955 ], [ 153.504445718000056, -28.152786873999958 ], [ 153.504494862000115, -28.152834371999973 ], [ 153.504529046000016, -28.152872935999937 ], [ 153.504578689000027, -28.152914897999949 ], [ 153.504627191000054, -28.152957842999967 ], [ 153.504714504000049, -28.15304236999998 ], [ 153.504763634000028, -28.153088898999954 ], [ 153.504807480000068, -28.153126843999928 ], [ 153.50489011500008, -28.153202310999973 ], [ 153.504928828000061, -28.153239824999957 ], [ 153.50496871100006, -28.153276309999967 ], [ 153.505012774000079, -28.153327420999972 ], [ 153.505052671000044, -28.153367944999957 ], [ 153.50509041600003, -28.153415576999976 ], [ 153.505143129000089, -28.153473176999967 ], [ 153.505178474000104, -28.153514773999973 ], [ 153.505210274000092, -28.153546281999979 ], [ 153.50524211000004, -28.153578825999944 ], [ 153.505289466000022, -28.153621785999974 ], [ 153.50533108500008, -28.153661795999938 ], [ 153.505372070000021, -28.153696254999943 ], [ 153.50540796000007, -28.153734297999961 ], [ 153.505450100000076, -28.153770775999931 ], [ 153.505495765000092, -28.153813280999941 ], [ 153.505541891000121, -28.153849192999928 ], [ 153.505585164000081, -28.153884612999946 ], [ 153.505663694000077, -28.153954581999983 ], [ 153.505716101000075, -28.153989919999958 ], [ 153.505768583000076, -28.154032342999983 ], [ 153.505817682000043, -28.154076822999968 ], [ 153.505857617000061, -28.154118359999984 ], [ 153.505904943000019, -28.154158339999981 ], [ 153.505952947000083, -28.154205851999961 ], [ 153.505992406000018, -28.154253952999966 ], [ 153.506038271000079, -28.154304639999964 ], [ 153.507118241000057, -28.155422732999966 ], [ 153.507216983000035, -28.155463748999978 ], [ 153.507288740000035, -28.155506894999974 ], [ 153.507339791000049, -28.155539617999978 ], [ 153.507396818000075, -28.155578949999949 ], [ 153.507433750000018, -28.155609928999979 ], [ 153.507487395000112, -28.155652329999953 ], [ 153.507554964000065, -28.155712798999957 ], [ 153.507621348000043, -28.155769222999936 ], [ 153.507665240000051, -28.155808196999942 ], [ 153.507716187000028, -28.155862250999974 ], [ 153.507767186000024, -28.155921385999932 ], [ 153.507823244000065, -28.155972861999942 ], [ 153.507871666000028, -28.15601079299995 ], [ 153.507920221000063, -28.156056799999931 ], [ 153.507964768000079, -28.15610130999994 ], [ 153.508029484000076, -28.156161293999958 ], [ 153.508083813000098, -28.156212293999943 ], [ 153.508140438000055, -28.156264268999962 ], [ 153.508200013000078, -28.156323820999944 ], [ 153.508269989000041, -28.156392343999983 ], [ 153.508327745000088, -28.156445324999936 ], [ 153.508403391000115, -28.156510755999932 ], [ 153.508464195000101, -28.156577364999976 ], [ 153.508533538000052, -28.156642355999963 ], [ 153.508605123000052, -28.156703271999959 ], [ 153.508684248000122, -28.156772710999974 ], [ 153.508750193000083, -28.156839781999963 ], [ 153.50881942400008, -28.156896681999967 ], [ 153.508902036000109, -28.156971134999935 ], [ 153.508986018000087, -28.157040827999936 ], [ 153.50904747800007, -28.157093987999929 ], [ 153.509114958000055, -28.157148391999954 ], [ 153.509281627000064, -28.157278583999982 ], [ 153.509355403000086, -28.157333419999929 ], [ 153.509420119000083, -28.157393411999976 ], [ 153.509498395000037, -28.157443136999973 ], [ 153.509553738000022, -28.157484017999934 ], [ 153.509651064000082, -28.157551259999934 ], [ 153.509724304000088, -28.157607600999938 ], [ 153.509804539000015, -28.15767703299997 ], [ 153.509903654000027, -28.15772644599997 ], [ 153.509992182000019, -28.157797628999958 ], [ 153.510069012000031, -28.157855981999944 ], [ 153.510179646000097, -28.157969915999956 ], [ 153.51024075600003, -28.15804580799994 ], [ 153.510323375000098, -28.158127391999983 ], [ 153.510391317000085, -28.15819627999997 ], [ 153.510447017000047, -28.158238904999962 ], [ 153.510512575000121, -28.158298106999951 ], [ 153.510612033000029, -28.158384920999936 ], [ 153.510661445000096, -28.158426055999939 ], [ 153.510709799000097, -28.158474268999953 ], [ 153.510813839000093, -28.158565075999945 ], [ 153.510871864000023, -28.158611701999973 ], [ 153.510926410000025, -28.158651293999981 ], [ 153.510994203000109, -28.158705429999941 ], [ 153.511139400000047, -28.158805073999929 ], [ 153.511195726000096, -28.15885120799993 ], [ 153.511251397000024, -28.158890785999972 ], [ 153.511308856000028, -28.158937925999965 ], [ 153.511368543000117, -28.158977979999975 ], [ 153.511417351000091, -28.15901355699998 ], [ 153.511472389000119, -28.159044542999936 ], [ 153.511525772000027, -28.159082101999957 ], [ 153.511582650000037, -28.159127728999977 ], [ 153.511660106000022, -28.159179279999933 ], [ 153.511708334000105, -28.159213335999937 ], [ 153.511765681000043, -28.159247340999968 ], [ 153.511832274000085, -28.159295441999973 ], [ 153.511956125000097, -28.159367413999973 ], [ 153.51200893500004, -28.159403474999976 ], [ 153.512067444000081, -28.159441502999982 ], [ 153.512120239000069, -28.159476550999955 ], [ 153.512166172000093, -28.159508587999937 ], [ 153.512221269000065, -28.159547658999941 ], [ 153.512277558000051, -28.159590752999975 ], [ 153.512318872000037, -28.159617775999948 ], [ 153.512382485000103, -28.159650223999961 ], [ 153.512437030000115, -28.15969081399993 ], [ 153.51248238200003, -28.159723372999963 ], [ 153.512548327000104, -28.159761869999954 ], [ 153.512610323000104, -28.159803921999981 ], [ 153.512674570000058, -28.159844951999958 ], [ 153.512726806000046, -28.159882532999973 ], [ 153.512769818000038, -28.159908020999978 ], [ 153.51281804600012, -28.159942084999955 ], [ 153.51286454500007, -28.159974636999948 ], [ 153.51291220600001, -28.160012246999941 ], [ 153.51295923400005, -28.160040231999972 ], [ 153.512995444000012, -28.160069824999937 ], [ 153.513041317000102, -28.160096818999932 ], [ 153.513086631000078, -28.160124318999976 ], [ 153.513140030000045, -28.160162897999953 ], [ 153.513194620000036, -28.160207533999937 ], [ 153.513243995000039, -28.160243609999952 ], [ 153.51329798200004, -28.160284692999937 ], [ 153.513353630000097, -28.160320231999947 ], [ 153.51341225200008, -28.160369375999949 ], [ 153.513466894000089, -28.160421089999943 ], [ 153.51351467500001, -28.160467782999945 ], [ 153.513569265000115, -28.160513432999949 ], [ 153.513623826000071, -28.160555021999983 ], [ 153.513680026000088, -28.160589033999941 ], [ 153.513741425000035, -28.160630585999968 ], [ 153.513808115000074, -28.160687775999975 ], [ 153.513873561000082, -28.160734878999961 ], [ 153.513928650000025, -28.160770894999928 ], [ 153.513970590000099, -28.160806530999935 ], [ 153.514009050000027, -28.160831020999979 ], [ 153.514056577000019, -28.160851435999973 ], [ 153.514117895000027, -28.160882884999978 ], [ 153.514174095000044, -28.160915875999933 ], [ 153.514231457000051, -28.160951906999969 ], [ 153.51428647900002, -28.160981880999941 ], [ 153.514322004000064, -28.160997817999942 ], [ 153.514371342000118, -28.161028841999951 ], [ 153.51442363000001, -28.16107145899997 ], [ 153.514478712000027, -28.16110850299998 ], [ 153.514532006000081, -28.161134937999975 ], [ 153.514589264000051, -28.161158831999956 ], [ 153.514652243000114, -28.161183686999948 ], [ 153.514694108000072, -28.161209189999965 ], [ 153.51474293900003, -28.161247791999983 ], [ 153.51477581100005, -28.161288523999929 ], [ 153.51481379400002, -28.161325687999977 ], [ 153.514867155000047, -28.161361233999969 ], [ 153.514918155000032, -28.161385664999955 ], [ 153.514965019000101, -28.161395461999973 ], [ 153.515017657000044, -28.161411301999976 ], [ 153.515065095000068, -28.161423617999958 ], [ 153.515113159000066, -28.161438474999954 ], [ 153.515177815000015, -28.161459775999958 ], [ 153.515256746000091, -28.161481501999958 ], [ 153.515305428000033, -28.161505946999966 ], [ 153.515362187000051, -28.161535398999945 ], [ 153.515404067000077, -28.161563949999959 ], [ 153.515419817000065, -28.161602759999937 ], [ 153.515429361000088, -28.16165123299993 ], [ 153.515450856000029, -28.161693053999954 ], [ 153.515490419000116, -28.161717550999981 ], [ 153.51554834, -28.161751055999957 ], [ 153.515617108000015, -28.161785969999983 ], [ 153.515681265000012, -28.161815883999964 ], [ 153.515733434000026, -28.161845357999937 ], [ 153.515766701000075, -28.161863350999965 ], [ 153.515838234000057, -28.161889666999969 ], [ 153.515973499000097, -28.161960558999965 ], [ 153.516057728000078, -28.162001961999977 ], [ 153.516126609000025, -28.162050040999929 ], [ 153.516193090000115, -28.162083970999959 ], [ 153.516288778000103, -28.162131363999947 ], [ 153.516375935000042, -28.162182369999982 ], [ 153.516460313000039, -28.162237906999962 ], [ 153.516518308000059, -28.162281499999949 ], [ 153.516584335000061, -28.162330100999952 ], [ 153.516660071000047, -28.162378126999954 ], [ 153.516725479000115, -28.162419156999931 ], [ 153.516871213000059, -28.162514241999929 ], [ 153.516946285000017, -28.162551657999984 ], [ 153.517017341000042, -28.162587584999983 ], [ 153.517095177000101, -28.162636296999949 ], [ 153.517163618000041, -28.162679115999936 ], [ 153.517234778000102, -28.162718618999975 ], [ 153.517287760000045, -28.162758545999964 ], [ 153.517339102000051, -28.162801006999928 ], [ 153.517372778000095, -28.162847192999948 ], [ 153.517393945000094, -28.162896530999944 ], [ 153.517436391000047, -28.162958280999931 ], [ 153.517476997000017, -28.16301147799993 ], [ 153.517527169000118, -28.163051927999959 ], [ 153.517596623000031, -28.163085119999948 ], [ 153.517660959000068, -28.163118870999938 ], [ 153.517719625000041, -28.163154693999957 ], [ 153.517793661000042, -28.163189859999932 ], [ 153.51785356400012, -28.163233766999952 ], [ 153.51793861200008, -28.163281472999984 ], [ 153.518024965000109, -28.163341277999962 ], [ 153.51810088600007, -28.163389065999979 ], [ 153.518165363000094, -28.163432934999946 ], [ 153.518250971000043, -28.163480119999974 ], [ 153.518314152000016, -28.163512857999933 ], [ 153.518390527000065, -28.163551049999967 ], [ 153.518451428000049, -28.163584815999968 ], [ 153.518522641000118, -28.163620525999931 ], [ 153.518581218000122, -28.163651296999944 ], [ 153.518646596000053, -28.163676941999938 ], [ 153.518739058000051, -28.163723060999928 ], [ 153.518808669000123, -28.163767354999948 ], [ 153.518876983000041, -28.163801574999979 ], [ 153.518948099000113, -28.163829179999937 ], [ 153.51902361000009, -28.163845622999929 ], [ 153.519103487000052, -28.163845868999942 ], [ 153.519168136000076, -28.163859891999948 ], [ 153.519240250000053, -28.163878398999941 ], [ 153.519313042000022, -28.16390346999998 ], [ 153.519383093000101, -28.163938167999959 ], [ 153.519434316000115, -28.163972551999962 ], [ 153.519470220000017, -28.164013656999941 ], [ 153.519525675000068, -28.16406668999997 ], [ 153.519646717000114, -28.164162571999952 ], [ 153.519714644000032, -28.164208407999979 ], [ 153.519780686000104, -28.164242650999938 ], [ 153.519855437000047, -28.164287413999944 ], [ 153.519906988000116, -28.164303096999959 ], [ 153.520025407000048, -28.164372692999962 ], [ 153.520072003000109, -28.164402062999955 ], [ 153.520125990000111, -28.164429845999962 ], [ 153.520165553000083, -28.164445127999954 ], [ 153.520210711000118, -28.164451266999947 ], [ 153.520302807000121, -28.164469065999981 ], [ 153.520406408000099, -28.16449585099997 ], [ 153.520492328000046, -28.164523320999933 ], [ 153.520582092000041, -28.164538110999956 ], [ 153.520682005000026, -28.164542685999947 ], [ 153.520773967000082, -28.164551409999945 ], [ 153.520871898000109, -28.164578239999969 ], [ 153.520941225000115, -28.164601328999936 ], [ 153.521004414000117, -28.164635079999982 ], [ 153.521077370000057, -28.164673301999983 ], [ 153.521153164000111, -28.164710971999966 ], [ 153.521214066000084, -28.164743731999977 ], [ 153.521288795000032, -28.164787473999979 ], [ 153.521361207000041, -28.164827230999947 ], [ 153.521425528000123, -28.164860958999952 ], [ 153.521535253000025, -28.164920042999938 ], [ 153.521592145000113, -28.164951334999955 ], [ 153.521666845000027, -28.164992059999975 ], [ 153.521731121000016, -28.165021772999978 ], [ 153.521870112000101, -28.165093193999951 ], [ 153.521951703000013, -28.165136891999964 ], [ 153.522047525000062, -28.165179918999968 ], [ 153.522116554000036, -28.165222729999982 ], [ 153.522244645000114, -28.165300900999966 ], [ 153.522325387000024, -28.165358478999963 ], [ 153.522440491000111, -28.165428216999942 ], [ 153.5224824820001, -28.165459084999952 ], [ 153.522524570000087, -28.165497238999933 ], [ 153.522568320000119, -28.165539304999982 ], [ 153.522598607000077, -28.165571163999971 ], [ 153.522633312000039, -28.165621223999949 ], [ 153.522691426000051, -28.165708536999944 ], [ 153.522746344000097, -28.16577571199997 ], [ 153.522776616000101, -28.165835226999945 ], [ 153.522806240000023, -28.16587424599993 ], [ 153.522833501000036, -28.165916534999951 ], [ 153.522882645000095, -28.165948564999951 ], [ 153.52293273600003, -28.165991666999957 ], [ 153.522950878000074, -28.166026639999927 ], [ 153.522986290000063, -28.166061515999957 ], [ 153.523016689000087, -28.166100675999928 ], [ 153.523090643000046, -28.166178944999956 ], [ 153.523120751000079, -28.16621951299993 ], [ 153.523162504000084, -28.166275086999974 ], [ 153.523195108000095, -28.166333007999981 ], [ 153.523216864000119, -28.166395636999937 ], [ 153.523432059000015, -28.166443484999945 ], [ 153.523374950000061, -28.166364880999936 ], [ 153.523323094000034, -28.166283900999929 ], [ 153.523267535000059, -28.166201154999953 ], [ 153.523236608000047, -28.166149454999982 ], [ 153.523184908000076, -28.166071737999971 ], [ 153.523153198000045, -28.166031534999945 ], [ 153.523140994000073, -28.165996047999954 ], [ 153.523141113000065, -28.165945122999972 ], [ 153.523196166000048, -28.16590533699997 ], [ 153.523277288000031, -28.165884452999933 ], [ 153.523343121000039, -28.165890606999938 ], [ 153.523371232000045, -28.165911610999956 ], [ 153.52342465300012, -28.165986801999964 ], [ 153.523471234000112, -28.166066872999977 ], [ 153.523526987000082, -28.166132311999945 ], [ 153.523578306000104, -28.166183898999975 ], [ 153.523635311000021, -28.166232089999937 ], [ 153.523703968000063, -28.166260386999966 ], [ 153.523786572000063, -28.166288862999977 ], [ 153.523845238000035, -28.166298727999958 ], [ 153.52390812100009, -28.166304240999978 ], [ 153.52397161500005, -28.166306908999957 ], [ 153.524023188000115, -28.166319246999933 ], [ 153.524076102000095, -28.166340532999982 ], [ 153.524141779000047, -28.166371243999947 ], [ 153.524217104000058, -28.166399198999954 ], [ 153.524286476000043, -28.166420365999954 ], [ 153.524361370000065, -28.166438798999934 ], [ 153.524454949000074, -28.166458206999948 ], [ 153.524531429000035, -28.166476915999965 ], [ 153.524616008000066, -28.16649989299998 ], [ 153.524684762000106, -28.166520203999937 ], [ 153.524761734000094, -28.166540431999977 ], [ 153.524833639000121, -28.166561285999933 ], [ 153.524915058000033, -28.166583726999932 ], [ 153.52500297500012, -28.166606540999965 ], [ 153.52509821600006, -28.166633504999936 ], [ 153.525188145000016, -28.166650819999973 ], [ 153.525258970000095, -28.166657659999942 ], [ 153.525323358000037, -28.166671390999966 ], [ 153.5253859500001, -28.166678304999948 ], [ 153.525446873000078, -28.166692930999943 ], [ 153.525509987000078, -28.166705029999946 ], [ 153.525559027000099, -28.166717651999932 ], [ 153.52563796600009, -28.166728767999928 ], [ 153.525707987000033, -28.166735443999983 ], [ 153.525783632000071, -28.166750381999975 ], [ 153.525853698000105, -28.166760715999942 ], [ 153.525919941000097, -28.166769685999952 ], [ 153.525988426000026, -28.16677975999994 ], [ 153.526063871000019, -28.166788088999965 ], [ 153.526145961000111, -28.166799749999939 ], [ 153.526221436000014, -28.166811722999967 ], [ 153.526302558000111, -28.166820290999965 ], [ 153.526360121000039, -28.166831428999956 ], [ 153.526411150000058, -28.166838566999957 ], [ 153.526466798000115, -28.16684722499997 ], [ 153.526522849000116, -28.166865388999952 ], [ 153.526569967000114, -28.166875521999941 ], [ 153.526630614000055, -28.166879894999965 ], [ 153.526695934000031, -28.166889439999977 ], [ 153.526760299000102, -28.166899557999955 ], [ 153.526832547000026, -28.166907342999934 ], [ 153.526908767000123, -28.166915814999982 ], [ 153.526969511000061, -28.166927504999933 ], [ 153.527060863000088, -28.166930499999978 ], [ 153.527149346000101, -28.166931572999943 ], [ 153.527216774000067, -28.166931274999968 ], [ 153.527294386000108, -28.16693707099995 ], [ 153.527353544000107, -28.166933211999947 ], [ 153.527399596, -28.166932943999939 ], [ 153.527443584000025, -28.166930886999978 ], [ 153.527508129000012, -28.16692865899995 ], [ 153.527563054000098, -28.166929180999944 ], [ 153.527646821000076, -28.166933084999982 ], [ 153.527707424000027, -28.166945467999938 ], [ 153.527772371000083, -28.166952769999966 ], [ 153.527851466000016, -28.166963162999934 ], [ 153.527927686000112, -28.166971633999935 ], [ 153.527991813000085, -28.166975158999946 ], [ 153.528123301000051, -28.16698637199994 ], [ 153.52820060800002, -28.166993575999982 ], [ 153.528262068000117, -28.166998105999937 ], [ 153.528352026000107, -28.167003783999974 ], [ 153.528463092000038, -28.167014474999974 ], [ 153.528590355000119, -28.167030076999936 ], [ 153.528683830000091, -28.167035546999955 ], [ 153.528906349000067, -28.167093593999937 ], [ 153.529114265000089, -28.167147006999983 ], [ 153.529329758000017, -28.167199518999951 ], [ 153.529549409000083, -28.167243975999952 ], [ 153.529825721000066, -28.167288374999941 ], [ 153.530128289000118, -28.16728257099993 ], [ 153.530383174000121, -28.167253535999976 ], [ 153.530695994000098, -28.167210858999965 ], [ 153.530837778000091, -28.167184900999928 ], [ 153.531015482000043, -28.167157318999955 ], [ 153.53112915600002, -28.167123716999981 ], [ 153.531228748000103, -28.167085114999963 ], [ 153.531333831000097, -28.167037773999937 ], [ 153.531424988000026, -28.167007338999952 ], [ 153.531510052000044, -28.167014878999964 ], [ 153.531617087000086, -28.167024660999971 ], [ 153.531769183000051, -28.167046356999947 ], [ 153.531921614000112, -28.167067672999963 ], [ 153.53202805300009, -28.167081530999951 ], [ 153.532154281000089, -28.167095709999955 ], [ 153.532286998000018, -28.167098987999964 ], [ 153.532396082000105, -28.167083311999932 ], [ 153.532855574000109, -28.166976053999974 ], [ 153.533444967000037, -28.166530269999953 ], [ 153.533606861000067, -28.166413042999977 ], [ 153.53385047300003, -28.166251171999932 ], [ 153.534154263000119, -28.166057076999948 ], [ 153.534491707000029, -28.165870729999938 ], [ 153.534759607000069, -28.165749270999981 ], [ 153.534892942000056, -28.16570881399997 ], [ 153.534985501000051, -28.165694329999951 ], [ 153.535050038000122, -28.165691938999942 ], [ 153.535103630000094, -28.165698658999929 ], [ 153.535143140000059, -28.165705945999946 ], [ 153.535212311, -28.165728334999983 ], [ 153.535305443000084, -28.165718782999932 ], [ 153.535371910000094, -28.165684509999949 ], [ 153.535542938000049, -28.165551345999972 ], [ 153.535601194000037, -28.165498610999975 ], [ 153.535674299000107, -28.165449384999931 ], [ 153.535744402000091, -28.165404345999946 ], [ 153.535918701000014, -28.165297616999965 ], [ 153.53616498700012, -28.165125358999944 ], [ 153.536467302000119, -28.164906974999951 ], [ 153.536655213000017, -28.164776373999928 ], [ 153.536817651000092, -28.164679001999957 ], [ 153.53689638100002, -28.164639491999935 ], [ 153.536932851000074, -28.164625566999973 ], [ 153.536973457000045, -28.164618205999943 ], [ 153.536993365000058, -28.164621900999975 ], [ 153.537010591000012, -28.164633575999972 ], [ 153.537009659000091, -28.164653640999973 ], [ 153.536974888000032, -28.16469940199994 ], [ 153.536854300000073, -28.164829876999931 ], [ 153.536789718000023, -28.164881225999977 ], [ 153.536523472000113, -28.165068935999955 ], [ 153.536336812000059, -28.165199216999952 ], [ 153.536100204000036, -28.165364820999969 ], [ 153.535957898000106, -28.165476318999936 ], [ 153.535935368000082, -28.165499221999937 ], [ 153.535892378000085, -28.165546830999972 ], [ 153.535863812000116, -28.165597114999969 ], [ 153.53583952300005, -28.165677953999932 ], [ 153.535832766000112, -28.165768306999951 ], [ 153.535841602000119, -28.165888335999966 ], [ 153.535932849000119, -28.166272815999946 ], [ 153.536442708000095, -28.166404049999983 ], [ 153.537343967000083, -28.166608046999954 ], [ 153.538028176000012, -28.166757616999973 ], [ 153.538597803000016, -28.166891780999947 ], [ 153.539181578000012, -28.166990992999956 ], [ 153.539672154000073, -28.167058844999929 ], [ 153.539965715000108, -28.167086278999932 ], [ 153.540384564000078, -28.167122681999956 ], [ 153.540763985000012, -28.167143394999982 ], [ 153.541096996000078, -28.167189654999959 ], [ 153.541394155000035, -28.167220202999943 ], [ 153.542171152000037, -28.167248886999971 ], [ 153.542478824000113, -28.167234976999964 ], [ 153.542897264000089, -28.167188917999965 ], [ 153.54326909200006, -28.167127166999933 ], [ 153.54358341000011, -28.167008553999949 ], [ 153.543886932000078, -28.166838419999976 ], [ 153.543984907000095, -28.166755740999974 ], [ 153.544068204000041, -28.166656766999949 ], [ 153.544165256000042, -28.166508410999938 ], [ 153.54419177200009, -28.166362677999928 ], [ 153.544187123000029, -28.166260410999939 ], [ 153.544168862000106, -28.166204010999934 ], [ 153.544125760000043, -28.166081880999968 ], [ 153.544097351000119, -28.166026879999947 ], [ 153.544063339000104, -28.165982586999974 ], [ 153.544024872000023, -28.165936087999967 ], [ 153.543987835000053, -28.165875275999952 ], [ 153.54395201300008, -28.16582413499998 ], [ 153.543939265000063, -28.165784154999983 ], [ 153.54393347600012, -28.165746067999976 ], [ 153.543914433000054, -28.165712294999935 ], [ 153.543905619000043, -28.165684630999976 ], [ 153.543902981000087, -28.165658716999928 ], [ 153.543902385000024, -28.165619310999944 ], [ 153.543915349000031, -28.165585842999974 ], [ 153.544001679000075, -28.165434037999944 ], [ 153.544077496000114, -28.165319991999979 ], [ 153.54416681400005, -28.165184904999933 ], [ 153.544313538000097, -28.164976370999966 ], [ 153.544442828000115, -28.164823164999973 ], [ 153.544543187000045, -28.164721202999942 ], [ 153.54463988100008, -28.164628815999947 ], [ 153.544772784000088, -28.16454387999994 ], [ 153.544939588000034, -28.164508243999933 ], [ 153.545116957000118, -28.164527480999936 ], [ 153.5452529370001, -28.164563854999983 ], [ 153.545382584000095, -28.164599184999929 ], [ 153.545433643000024, -28.164641116999974 ], [ 153.545467751000047, -28.16468169999996 ], [ 153.545474643000034, -28.164776501999938 ], [ 153.545485364000115, -28.16478776699995 ], [ 153.545514899000068, -28.16479929299993 ], [ 153.545542898000122, -28.16479890599993 ], [ 153.545575628000051, -28.16479568699998 ], [ 153.545643682000104, -28.164780949999965 ], [ 153.545709664000015, -28.16476804499996 ], [ 153.545787143000098, -28.164747600999931 ], [ 153.545865761000073, -28.164729555999941 ], [ 153.545935529000076, -28.164710727999932 ], [ 153.546015704000069, -28.16469295099995 ], [ 153.546077946000082, -28.164682318999951 ], [ 153.546111273000065, -28.164676283999938 ], [ 153.546154091000062, -28.16467185099998 ], [ 153.546222368000031, -28.164663699999949 ], [ 153.546293991000084, -28.164655377999964 ], [ 153.546357231000115, -28.164651472999935 ], [ 153.546494009000071, -28.164641742999947 ], [ 153.546546141000022, -28.164635975999943 ], [ 153.54657054900008, -28.164637152999944 ], [ 153.546650121000084, -28.164637458999948 ], [ 153.546758482000087, -28.164633867999953 ], [ 153.546846884000047, -28.164631281999959 ], [ 153.546906004000107, -28.16462377199997 ], [ 153.54697805100011, -28.164613340999949 ], [ 153.547039556000072, -28.164609876999975 ], [ 153.547225492000052, -28.164581497999961 ], [ 153.547300982000024, -28.16456655199994 ], [ 153.547382290000087, -28.164547485999947 ], [ 153.547408628000085, -28.164539557999944 ], [ 153.547477717000106, -28.164519903999974 ], [ 153.547534885000118, -28.164494586999979 ], [ 153.547578903000044, -28.164480891999972 ], [ 153.547655994000024, -28.164454583999941 ], [ 153.547735641000031, -28.16442796399997 ], [ 153.547806585000103, -28.164403532999984 ], [ 153.547870370000055, -28.164374251999959 ], [ 153.547903540000107, -28.164353613999936 ], [ 153.547958302000097, -28.164312635999977 ], [ 153.548004659000071, -28.164280419999955 ], [ 153.548029395000071, -28.164256934999969 ], [ 153.548070478000113, -28.16421872899997 ], [ 153.54811828000004, -28.16417583599997 ], [ 153.548150154000041, -28.164138284999979 ], [ 153.548185157000034, -28.164097604999938 ], [ 153.548219921000054, -28.164046694999968 ], [ 153.548267992000092, -28.163971600999957 ], [ 153.548323708000112, -28.163855676999958 ], [ 153.548341694000101, -28.163793903999931 ], [ 153.54836876100012, -28.163607721999938 ], [ 153.548380012000052, -28.163496089999967 ], [ 153.548385332000066, -28.163362336999967 ], [ 153.548391493000054, -28.16323601199997 ], [ 153.548420699000076, -28.163105522999956 ], [ 153.548471445000018, -28.163028781999969 ], [ 153.548513064000076, -28.162999947999936 ], [ 153.548564563000014, -28.162984503999951 ], [ 153.548633317000053, -28.162984227999971 ], [ 153.548699523000096, -28.162995493999972 ], [ 153.548913369000047, -28.16303764099996 ], [ 153.549059542000123, -28.163056043999973 ], [ 153.549171420000107, -28.163051424999935 ], [ 153.549282180000091, -28.163017777999983 ], [ 153.549362475000066, -28.162989152999955 ], [ 153.54944131000002, -28.162883905999934 ], [ 153.549534502000029, -28.162703393999948 ], [ 153.549577819000092, -28.162655567999934 ], [ 153.549622590000013, -28.162634147999938 ], [ 153.549637908000022, -28.16262670499998 ], [ 153.549696112000106, -28.162612868999929 ], [ 153.549737441000048, -28.16255065699994 ], [ 153.55006194300006, -28.162473527999964 ], [ 153.550263779000034, -28.163140175999956 ], [ 153.550043332000087, -28.163192605999939 ], [ 153.550167332000115, -28.163602208999976 ], [ 153.55030922800006, -28.163587516999939 ], [ 153.550599100000113, -28.163576913999975 ], [ 153.550915675000056, -28.163585072999979 ], [ 153.551003481000066, -28.163589445999946 ], [ 153.551080706000107, -28.163605635999943 ], [ 153.551163281000072, -28.16363124399993 ], [ 153.551240685000039, -28.16368044799998 ], [ 153.55129145300009, -28.163725038999928 ], [ 153.551336983000056, -28.163788525999962 ], [ 153.551369155000089, -28.163837915999977 ], [ 153.551395992000039, -28.163882611999952 ], [ 153.551425377000101, -28.163908420999974 ], [ 153.55147601900012, -28.163927083999965 ], [ 153.5515293200001, -28.163945740999964 ], [ 153.551564010000106, -28.163969172999941 ], [ 153.55161222300012, -28.164035005999949 ], [ 153.551657753000086, -28.164093775999959 ], [ 153.551703224000107, -28.164143105999983 ], [ 153.551742541000067, -28.164185387999964 ], [ 153.55178004000004, -28.16423711799996 ], [ 153.551820228000111, -28.164291186999947 ], [ 153.551833527000099, -28.164323812999953 ], [ 153.551842416000113, -28.164341805999982 ], [ 153.551858450000054, -28.164359671999932 ], [ 153.551900486000022, -28.164403444999948 ], [ 153.55192546000012, -28.164437955999972 ], [ 153.551945912000065, -28.164477257999977 ], [ 153.551838400000065, -28.164523458999952 ], [ 153.550845171000105, -28.164950197999929 ], [ 153.550680192000073, -28.165021082999942 ], [ 153.550529281000081, -28.165085917999932 ], [ 153.550345266000022, -28.165164982999954 ], [ 153.550160961000074, -28.165244167999958 ], [ 153.54785150500004, -28.166236442999946 ], [ 153.54757695100011, -28.166354414999944 ], [ 153.545271279000076, -28.167344991999983 ], [ 153.545041258000083, -28.16744379499994 ], [ 153.543763796000121, -28.167992626999933 ], [ 153.543486448000067, -28.168111761999967 ], [ 153.542714955000065, -28.168443192999973 ], [ 153.542432236000082, -28.168564443999969 ], [ 153.542250084000102, -28.168642555999952 ], [ 153.542174364000061, -28.168674965999969 ], [ 153.541936705000012, -28.168776673999957 ], [ 153.541580172000067, -28.168929253999977 ], [ 153.541450443000031, -28.16898479799994 ], [ 153.541259112000034, -28.169287298999961 ], [ 153.540930623000122, -28.169806648999952 ], [ 153.540784987000052, -28.170036909999965 ], [ 153.540515701000118, -28.170462642999951 ], [ 153.540107900000066, -28.171113301999981 ], [ 153.539962487000025, -28.171345558999974 ], [ 153.539864483000088, -28.17150129099997 ], [ 153.539659405000066, -28.171825815999966 ], [ 153.539515259000041, -28.172053930999937 ], [ 153.538759815000049, -28.172824491999961 ], [ 153.537974576000011, -28.17362738199995 ], [ 153.537708910000106, -28.173899035999966 ], [ 153.536750751000113, -28.174876708999932 ], [ 153.536252821000062, -28.175484862999951 ], [ 153.536013851000121, -28.175776731999974 ], [ 153.535703192000028, -28.176156159999948 ], [ 153.535467224000058, -28.176444370999945 ], [ 153.535193237000044, -28.176778998999964 ], [ 153.535151409000036, -28.176830071999973 ], [ 153.535057450000068, -28.176981415999933 ], [ 153.534654694000096, -28.177630077999936 ], [ 153.534208307000085, -28.177085313999953 ], [ 153.534064735000015, -28.17691009899994 ], [ 153.533527138000068, -28.176691543999937 ], [ 153.53288374300007, -28.176430854999978 ], [ 153.53244526900005, -28.176253732999953 ], [ 153.531742330000043, -28.175969797999983 ], [ 153.531147967000038, -28.17572968099995 ], [ 153.531167674000017, -28.175227347999964 ], [ 153.530774209000015, -28.175069395999969 ], [ 153.529715966000026, -28.174644585999943 ], [ 153.529438566000067, -28.174533273999941 ], [ 153.527973953000014, -28.173945533999984 ], [ 153.52768900500007, -28.17383118999993 ], [ 153.524654430000055, -28.172613370999954 ], [ 153.524439928000106, -28.172527278999951 ], [ 153.520398405000037, -28.170905182999945 ], [ 153.519757119000019, -28.170647795999969 ], [ 153.514153188000023, -28.168394142999944 ], [ 153.503491096000062, -28.164105371999938 ], [ 153.501550241000018, -28.163323814999956 ], [ 153.501548498000034, -28.163323112999933 ], [ 153.496869021000066, -28.161444186999972 ], [ 153.495390736000104, -28.160850554999968 ], [ 153.495308512000065, -28.160816944999965 ], [ 153.495069014000023, -28.16072136899993 ], [ 153.485860402000071, -28.15702302699998 ], [ 153.484992596000097, -28.157599872999981 ], [ 153.484258468000121, -28.157789228999945 ], [ 153.483969542000068, -28.157863712999983 ], [ 153.483027528000093, -28.158027803999971 ], [ 153.482582438000122, -28.158303169999954 ], [ 153.481514442000048, -28.158231197999953 ], [ 153.48128009800007, -28.157700537999972 ], [ 153.480594534000033, -28.157377725999936 ], [ 153.480426680000051, -28.157386777999932 ], [ 153.480220873000121, -28.157397513999967 ], [ 153.479378592000103, -28.157441442999982 ], [ 153.478763621000098, -28.157473502999949 ], [ 153.477443565000044, -28.156921846999978 ], [ 153.476952258000097, -28.156879541999956 ], [ 153.476798247000033, -28.156967332999955 ], [ 153.476486865000084, -28.157145520999961 ], [ 153.475585434000095, -28.157661361999942 ], [ 153.475301090000016, -28.157824089999963 ], [ 153.475181337000095, -28.157892619999927 ], [ 153.474973913000099, -28.158011329999965 ], [ 153.474959385000034, -28.15807357999995 ], [ 153.474948842000117, -28.158118796999929 ], [ 153.474826362000044, -28.158643667999968 ], [ 153.474822353000036, -28.158660856999973 ], [ 153.474767256000064, -28.158897017999948 ], [ 153.474714707000089, -28.159122233999938 ], [ 153.474652100000071, -28.159390581999958 ], [ 153.474612933000117, -28.159558480999976 ], [ 153.474348452000072, -28.15969101099995 ], [ 153.473707240000067, -28.160012309999956 ], [ 153.473709825000014, -28.160094690999983 ], [ 153.473716576000015, -28.160311174999947 ], [ 153.473723631000098, -28.160536681999929 ], [ 153.473727990000043, -28.160676491999936 ], [ 153.473578963000023, -28.160804500999973 ], [ 153.473414462000051, -28.160945800999968 ], [ 153.473264579000102, -28.161074546999942 ], [ 153.47311468800001, -28.161203292999971 ], [ 153.472964804000071, -28.161332038999944 ], [ 153.472814921000122, -28.161460777999935 ], [ 153.472665045000099, -28.161589515999935 ], [ 153.472489741000118, -28.161740091999945 ], [ 153.472376194000049, -28.161731538999959 ], [ 153.472112406000065, -28.161711645999958 ], [ 153.471904430000109, -28.161695962999943 ], [ 153.471733112000038, -28.161683050999955 ], [ 153.470801975000086, -28.161612850999973 ], [ 153.470709730000067, -28.161651065999934 ], [ 153.470516037000039, -28.161731330999942 ], [ 153.470274780000068, -28.161811862999969 ], [ 153.469998460000056, -28.161904108999977 ], [ 153.469167191000111, -28.162181634999968 ], [ 153.468648571000017, -28.162354771999958 ], [ 153.468455884000036, -28.162419203999946 ], [ 153.468013409000037, -28.16292929399998 ], [ 153.467786658000023, -28.163190741999983 ], [ 153.466706615000021, -28.16443581599998 ], [ 153.466011796000089, -28.165635597999938 ], [ 153.465719368000123, -28.165905330999976 ], [ 153.465695385000117, -28.165953893999983 ], [ 153.465071175000048, -28.167217325999957 ], [ 153.464904051000076, -28.167555753999977 ], [ 153.463106271000015, -28.169510338999942 ], [ 153.462990049000041, -28.169790428999931 ], [ 153.46237777500005, -28.170487616999935 ], [ 153.462108355000055, -28.170794267999952 ], [ 153.462081041000033, -28.170825410999953 ], [ 153.461800191000066, -28.170976948999964 ], [ 153.46167911200007, -28.171042252999939 ], [ 153.461672108000016, -28.171052929999973 ], [ 153.460904773000038, -28.172221433999937 ], [ 153.458586108000077, -28.174933265999982 ], [ 153.45852819400011, -28.175000976999968 ], [ 153.45872711700008, -28.175756792999948 ], [ 153.459152940000081, -28.178145135999955 ], [ 153.458756412000071, -28.178468312999939 ], [ 153.457920554000111, -28.17914910199994 ], [ 153.457575942000062, -28.179429772999981 ], [ 153.457563336000021, -28.179440046999957 ], [ 153.45705534800004, -28.180505017999963 ], [ 153.455251272000055, -28.181203085999982 ], [ 153.452629443000092, -28.181027385999982 ], [ 153.450170506000063, -28.18184297099998 ], [ 153.449464399000021, -28.182353156999966 ], [ 153.448806804000014, -28.182828271999938 ], [ 153.448250655000038, -28.183230096999978 ], [ 153.447977964000074, -28.183423983999944 ], [ 153.447923396000078, -28.183462770999938 ], [ 153.44728515700001, -28.183699870999931 ], [ 153.446864094000034, -28.183856526999932 ], [ 153.446664903000055, -28.183930630999953 ], [ 153.446425531000045, -28.184019686999932 ], [ 153.445844482000098, -28.18423615599994 ], [ 153.444747109000105, -28.184015335999959 ], [ 153.444512952000082, -28.183968210999979 ], [ 153.442936513000063, -28.184624398999972 ], [ 153.441676985000072, -28.185148889999937 ], [ 153.440145586000085, -28.185756 ], [ 153.438893061000044, -28.186252446999958 ], [ 153.438570786000014, -28.186289125999963 ], [ 153.437669215000028, -28.186391742999945 ], [ 153.43576249900002, -28.187159755999971 ], [ 153.43472357600001, -28.188031056999932 ], [ 153.43238430200006, -28.189993106999964 ], [ 153.431465213000024, -28.19076395899998 ], [ 153.431299155000033, -28.190903336999952 ], [ 153.430496459000096, -28.191801958999974 ], [ 153.428953377000084, -28.193529897999952 ], [ 153.428631139000117, -28.194333754999946 ], [ 153.427305822000108, -28.194762699999956 ], [ 153.426902261, -28.194893389999947 ], [ 153.426794876000031, -28.194928169999969 ], [ 153.426727560000018, -28.195008240999982 ], [ 153.426132892000055, -28.195715338999946 ], [ 153.425903116000086, -28.195988543999931 ], [ 153.425596085000052, -28.196179226999959 ], [ 153.425098737000098, -28.196488045999956 ], [ 153.424334955000063, -28.197835207999958 ], [ 153.422837411000046, -28.198700197999983 ], [ 153.422006373000045, -28.199181228999976 ], [ 153.421362189000092, -28.19955398899998 ], [ 153.41960794900001, -28.199677690999977 ], [ 153.419476164000116, -28.199686974999963 ], [ 153.417821263000064, -28.200544818999958 ], [ 153.418244001000062, -28.202460265999946 ], [ 153.416965138000023, -28.204817592999973 ], [ 153.415668774000096, -28.20645607199998 ], [ 153.414917018000097, -28.207406184999968 ], [ 153.412123348000023, -28.20913270799997 ], [ 153.411271062000083, -28.209243155999957 ], [ 153.407548268000028, -28.210428027999967 ], [ 153.407347565000123, -28.210491893999972 ], [ 153.405719203000103, -28.211010126999952 ], [ 153.403895293000119, -28.212983077999979 ], [ 153.400128019000022, -28.21705794199994 ], [ 153.399254461000055, -28.217696359999934 ], [ 153.397557204000123, -28.21893670999998 ], [ 153.390911911000103, -28.227874164999946 ], [ 153.389449570000011, -28.230962072999944 ], [ 153.390518751000059, -28.232720007999944 ], [ 153.389729332000115, -28.234819029999983 ], [ 153.387740586000064, -28.236219745999961 ], [ 153.387531023000065, -28.236367334999954 ], [ 153.384336110000049, -28.237290169999937 ], [ 153.382510010000033, -28.237435284999947 ], [ 153.382225688000062, -28.237660448999975 ], [ 153.381812911000111, -28.238057579999975 ], [ 153.381251592000012, -28.238560285999938 ], [ 153.380849633000025, -28.238981816999967 ], [ 153.380434263000097, -28.239351648999957 ], [ 153.379714433000117, -28.239675800999976 ], [ 153.379237328000045, -28.240017782999928 ], [ 153.378929581000079, -28.240298215999928 ], [ 153.378454815000055, -28.240395169999942 ], [ 153.378204290000099, -28.240457128999935 ], [ 153.378126617000021, -28.24047670899995 ], [ 153.377646234000053, -28.240597743999956 ], [ 153.377314161000072, -28.240677233999975 ], [ 153.376951408000082, -28.240768786999979 ], [ 153.373460363000049, -28.24220665799993 ], [ 153.372792136000044, -28.24248186799997 ], [ 153.372190226000043, -28.242729770999972 ], [ 153.369576294000012, -28.245064678999938 ], [ 153.36472867100008, -28.247341597999934 ], [ 153.363273640000102, -28.247692392999966 ], [ 153.360578862000011, -28.24834201699997 ], [ 153.359633041000052, -28.248240002999978 ], [ 153.357289274000095, -28.249260836999952 ], [ 153.355280681000067, -28.248549752999963 ], [ 153.354022479000037, -28.24835748299995 ], [ 153.35306338800001, -28.24881695299996 ], [ 153.351036979000014, -28.249078058999942 ], [ 153.347496500000034, -28.249017857999945 ], [ 153.345855757000095, -28.248441256999968 ], [ 153.342359803000022, -28.25012265099997 ], [ 153.340340412000046, -28.249956741999938 ], [ 153.339110001000108, -28.25053354399995 ], [ 153.337674066000091, -28.249557144999983 ], [ 153.336328276000017, -28.248999200999947 ], [ 153.334712319000118, -28.248329257999956 ], [ 153.333955452000055, -28.246787397999981 ], [ 153.331895404000079, -28.246114170999931 ], [ 153.331366928000079, -28.244200660999979 ], [ 153.330905491000067, -28.240534095999976 ], [ 153.331037188000096, -28.238862371999971 ], [ 153.330692323000108, -28.237988246999976 ], [ 153.330156008000017, -28.237387037999952 ], [ 153.32977139400009, -28.236861398999963 ], [ 153.325722689000031, -28.235923213999968 ], [ 153.324054475000025, -28.236138453999956 ], [ 153.32304746200009, -28.236702178999963 ], [ 153.32226308700001, -28.237424803999943 ], [ 153.321868020000011, -28.237788749999936 ], [ 153.316854711000019, -28.238519434999944 ], [ 153.316090393000081, -28.238049734999947 ], [ 153.315309692000028, -28.237768996999932 ], [ 153.314568077000104, -28.23717008999995 ], [ 153.313885, -28.237208273999954 ], [ 153.313474063000058, -28.237399932999949 ], [ 153.313311223000028, -28.237475883999934 ], [ 153.312041458000067, -28.237308439999936 ], [ 153.310562570000116, -28.237999621999961 ], [ 153.307901103000063, -28.238247398999931 ], [ 153.306944836000071, -28.238758663999931 ], [ 153.30476654000006, -28.239682617999961 ], [ 153.300372397000046, -28.238013799999976 ], [ 153.298981463000018, -28.236311125999976 ], [ 153.29838737700004, -28.235541994999949 ], [ 153.298020935000068, -28.235134708999965 ], [ 153.297238773000117, -28.234561139999983 ], [ 153.296194269000011, -28.233794996999961 ], [ 153.293154812000012, -28.233605051999973 ], [ 153.291515216000107, -28.233745867999971 ], [ 153.289745740000058, -28.234312536999937 ], [ 153.289840690000119, -28.234470585999929 ], [ 153.289835281000023, -28.234471188999976 ], [ 153.28923455600011, -28.23453895199998 ], [ 153.288870886000041, -28.234937729999956 ], [ 153.288799114000085, -28.235016414999961 ], [ 153.288179911000043, -28.235288763999961 ], [ 153.287556685000027, -28.235178084999973 ], [ 153.286609664000025, -28.235416286999964 ], [ 153.284013942000115, -28.23444195999997 ], [ 153.283439077000025, -28.234461144999955 ], [ 153.281992727000102, -28.233779438999932 ], [ 153.280331791000094, -28.233501152999963 ], [ 153.279603795000071, -28.233480618999977 ], [ 153.277944051000077, -28.233839437999961 ], [ 153.27720673500005, -28.23419221499995 ], [ 153.277195819000099, -28.234784178999973 ], [ 153.276695982000092, -28.235576435999974 ], [ 153.275496305000047, -28.236397974999932 ], [ 153.274990328000058, -28.236908204999963 ], [ 153.274737500000015, -28.237660109999979 ], [ 153.274241672000016, -28.237996488999954 ], [ 153.273541988000034, -28.238106496999933 ], [ 153.273304202000077, -28.238143883999953 ], [ 153.272435539000071, -28.238159708999945 ], [ 153.269966253000121, -28.238761894999982 ], [ 153.269060001000071, -28.23859848099994 ], [ 153.268070140000077, -28.239492684999959 ], [ 153.267298260000075, -28.239987543999973 ], [ 153.265343816000041, -28.241240515999948 ], [ 153.265226834000032, -28.241888834999941 ], [ 153.264011302000085, -28.243465303999983 ], [ 153.261142315000029, -28.243576227999938 ], [ 153.254785145000028, -28.245311809999976 ], [ 153.254081251000116, -28.245672790999947 ], [ 153.252743164000094, -28.246079703999953 ], [ 153.252445640000019, -28.246205216999954 ], [ 153.252283143000113, -28.246310336999954 ], [ 153.251460591000068, -28.246558448999963 ], [ 153.250944206000099, -28.246547391999968 ], [ 153.250406602000112, -28.246509713999956 ], [ 153.250282043000084, -28.246871491999968 ], [ 153.249736825000014, -28.247480695999968 ], [ 153.248891066000056, -28.247360197999967 ], [ 153.248605321000014, -28.24718212199997 ], [ 153.24772542200003, -28.247014259999958 ], [ 153.247344824000038, -28.246984985999973 ], [ 153.246527295000078, -28.246669296999983 ], [ 153.246067251000113, -28.246748623999963 ], [ 153.245053786000085, -28.246830557999942 ], [ 153.244225743000015, -28.24721625899997 ], [ 153.243930886000044, -28.247286994999968 ], [ 153.243776749000062, -28.247540560999937 ], [ 153.243843797000068, -28.247977320999951 ], [ 153.243625435000013, -28.24830203199997 ], [ 153.243187773000045, -28.248463515999958 ], [ 153.242812442000059, -28.248643991999984 ], [ 153.242726411000035, -28.248826798999971 ], [ 153.242568451000011, -28.248995979999961 ], [ 153.242445002000068, -28.249075215999937 ], [ 153.240837510000119, -28.250501704999976 ], [ 153.239071059000025, -28.251838472999964 ], [ 153.238704736000045, -28.252457399999969 ], [ 153.238427806000118, -28.252787445999957 ], [ 153.238063673000056, -28.253288005999934 ], [ 153.236936035000099, -28.254504505999932 ], [ 153.236517395000078, -28.255226153999956 ], [ 153.236245382000106, -28.255567099999951 ], [ 153.235620755000014, -28.256625551999946 ], [ 153.23581660800005, -28.257341723999957 ], [ 153.235383305000028, -28.258779685999968 ], [ 153.235494943000049, -28.259250376999944 ], [ 153.235316301000012, -28.259912345999965 ], [ 153.235090779000075, -28.260576281999931 ], [ 153.234955573000093, -28.261116739999977 ], [ 153.234711656000059, -28.261949475999984 ], [ 153.234512919000053, -28.262846599999932 ], [ 153.233363474000043, -28.264331530999982 ], [ 153.232843751000019, -28.26506293999995 ], [ 153.231645452000066, -28.265113439999936 ], [ 153.23121018900008, -28.26506150199998 ], [ 153.230012523000028, -28.264855842999964 ], [ 153.229097146000072, -28.264456 ], [ 153.227916929000116, -28.264265592999948 ], [ 153.227101299000083, -28.264195706999942 ], [ 153.226799468000081, -28.264121953999961 ], [ 153.226266983000073, -28.263989637999941 ], [ 153.225546676000022, -28.264123702999939 ], [ 153.224716510000121, -28.263962382999978 ], [ 153.224104988000022, -28.263827102999983 ], [ 153.223728339000104, -28.263769323999952 ], [ 153.223099257000058, -28.263590181999973 ], [ 153.222767907000048, -28.263509491999969 ], [ 153.222160893000023, -28.26341636799998 ], [ 153.221977460000062, -28.263394894999976 ], [ 153.221178990000112, -28.263361195999948 ], [ 153.219935786000065, -28.263328293999962 ], [ 153.219321918000105, -28.26323615299998 ], [ 153.218845446000046, -28.263373250999962 ], [ 153.218548734000024, -28.263365360999956 ], [ 153.218223076000072, -28.263211625999929 ], [ 153.217930946000024, -28.262762586999941 ], [ 153.217668537000122, -28.262164051999946 ], [ 153.216255140000044, -28.261083865999979 ], [ 153.215318103000072, -28.260227979999968 ], [ 153.214780604000111, -28.26017690599997 ], [ 153.214186755000014, -28.259628766999981 ], [ 153.213960168000085, -28.259455294999952 ], [ 153.213648473000035, -28.259166070999981 ], [ 153.213411843000017, -28.25878948899998 ], [ 153.213184741000077, -28.258519956999976 ], [ 153.213081804000012, -28.25838188299997 ], [ 153.212501203000102, -28.257757501999947 ], [ 153.211959799000056, -28.25747665199998 ], [ 153.211390828000049, -28.25746897099998 ], [ 153.208332671000107, -28.253799082999933 ], [ 153.207783690000042, -28.253612221999958 ], [ 153.207384123000111, -28.252948820999961 ], [ 153.207241593000049, -28.252720505999946 ], [ 153.20739173100003, -28.252052553999931 ], [ 153.207422569000073, -28.250012517999949 ], [ 153.207171164000101, -28.249601774999974 ], [ 153.207000545000028, -28.24852326599995 ], [ 153.207115523000084, -28.246590219999973 ], [ 153.206486232000088, -28.24621351199994 ], [ 153.205609285000037, -28.24452583599998 ], [ 153.203595124000117, -28.243129365999948 ], [ 153.203093298000113, -28.242402822999964 ], [ 153.20256387500001, -28.24146068899995 ], [ 153.201668823000091, -28.241262093999978 ], [ 153.199973868000029, -28.239501230999963 ], [ 153.199775116000069, -28.238613784999984 ], [ 153.199721732000057, -28.236407407999934 ], [ 153.199148225000044, -28.235307656999964 ], [ 153.199062953000066, -28.235009558999934 ], [ 153.198881852000113, -28.233786492999968 ], [ 153.197855952000054, -28.232188298999972 ], [ 153.197635265000031, -28.231304190999936 ], [ 153.197820129000092, -28.229813090999983 ], [ 153.198124344000121, -28.229282311999953 ], [ 153.198266323000098, -28.228829040999983 ], [ 153.198275450000096, -28.227941192999936 ], [ 153.198564317000091, -28.227366506999942 ], [ 153.198617514000034, -28.226695656999937 ], [ 153.198331076000045, -28.225924498999973 ], [ 153.198066446000098, -28.224751613999956 ], [ 153.19745844900001, -28.224216684999931 ], [ 153.197253528000033, -28.223664946999975 ], [ 153.196826290000104, -28.223157211999933 ], [ 153.19634862700002, -28.22203800099993 ], [ 153.195485887000018, -28.221092461999945 ], [ 153.195110519000082, -28.220267757999977 ], [ 153.194700163000107, -28.217671140999983 ], [ 153.195033763000083, -28.217382244999953 ], [ 153.195260298000107, -28.216477982999947 ], [ 153.19487080500005, -28.214291698999943 ], [ 153.194123542000057, -28.213763981999932 ], [ 153.193541525000114, -28.213108680999937 ], [ 153.19301310700007, -28.211664586999973 ], [ 153.191836557000101, -28.210351645999935 ], [ 153.191441915000041, -28.210278473999949 ], [ 153.190695136000045, -28.209741553999947 ], [ 153.190630234000082, -28.206357179999941 ], [ 153.190414696000062, -28.205790577999949 ], [ 153.189800158000025, -28.205092316999981 ], [ 153.188576370000078, -28.203284194999981 ], [ 153.188513823000108, -28.202888204999965 ], [ 153.189482331000022, -28.200499339999965 ], [ 153.188830524000082, -28.199701151999932 ], [ 153.192644715000029, -28.201135753999949 ], [ 153.194293640000069, -28.200649692999946 ], [ 153.194161631000043, -28.199545159999957 ], [ 153.193493381000053, -28.198357879999946 ], [ 153.192695148000098, -28.196510820999947 ], [ 153.192704528000036, -28.195506773999966 ], [ 153.192439155000102, -28.194516784999962 ], [ 153.192445584000097, -28.193913176999956 ], [ 153.19256150800004, -28.193733080999948 ], [ 153.192549662000033, -28.192974998999944 ], [ 153.193453074000104, -28.191589243999942 ], [ 153.191216194000049, -28.192048130999979 ], [ 153.189905540000041, -28.192124022999963 ], [ 153.18982621400005, -28.192128619999949 ], [ 153.189037056000075, -28.192343889999961 ], [ 153.188567431000024, -28.192038497999931 ], [ 153.188126751000027, -28.192214122999928 ], [ 153.186649935000105, -28.192482894999955 ], [ 153.184295678000012, -28.192902146999984 ], [ 153.184141288000092, -28.192448472999956 ], [ 153.184547746000021, -28.191396033999979 ], [ 153.185237298000061, -28.189939504999984 ], [ 153.185966225000016, -28.188456913999971 ], [ 153.186068514000112, -28.18818349999998 ], [ 153.186602103000041, -28.187056323999968 ], [ 153.186750086000075, -28.186539618999973 ], [ 153.186793597000019, -28.186542710999959 ], [ 153.186933527000065, -28.186047440999971 ], [ 153.186897093000084, -28.186020275999965 ], [ 153.187061036000046, -28.184967322999967 ], [ 153.187083485000016, -28.184527209999942 ], [ 153.187165054000047, -28.184178343999974 ], [ 153.187153938000051, -28.183437874999981 ], [ 153.187117944000079, -28.182999557999949 ], [ 153.187168005000103, -28.182752689999973 ], [ 153.187160986000094, -28.182437060999973 ], [ 153.187276381000061, -28.181865236999954 ], [ 153.187419537000096, -28.181399068999951 ], [ 153.18766405700012, -28.180102585999975 ], [ 153.187861714000064, -28.179744063999976 ], [ 153.188240658000041, -28.179132988999982 ], [ 153.188498232000029, -28.178970610999954 ], [ 153.189026530000092, -28.17888007199997 ], [ 153.191061380000065, -28.179102635999982 ], [ 153.191746029000115, -28.179027272999974 ], [ 153.1931140370001, -28.179833641999949 ], [ 153.193232426000122, -28.179748317999952 ], [ 153.192978623000045, -28.179220346999955 ], [ 153.192919525000093, -28.178992791999974 ], [ 153.192371349000041, -28.178916124999944 ], [ 153.192318286000045, -28.178908711999952 ], [ 153.191940646000035, -28.178605085999948 ], [ 153.192773516000102, -28.177785134999965 ], [ 153.192878234000091, -28.177581092999958 ], [ 153.19288073000007, -28.177565342999969 ], [ 153.192882354000062, -28.177555052999935 ], [ 153.192869822000034, -28.177531210999973 ], [ 153.192844662000084, -28.177517256999977 ], [ 153.192780624000079, -28.177313698999967 ], [ 153.192813988000012, -28.177314764999949 ], [ 153.19284424500006, -28.177302276999967 ], [ 153.192864786000086, -28.177278956999942 ], [ 153.192968237000059, -28.177077388999976 ], [ 153.193017404000102, -28.176941080999939 ], [ 153.193148005000012, -28.176580367999975 ], [ 153.193325843000025, -28.176087400999961 ], [ 153.193330447000108, -28.176022527999976 ], [ 153.193050976000109, -28.175566708999952 ], [ 153.192856762000019, -28.175249537999946 ], [ 153.192662205000033, -28.174932277999972 ], [ 153.192516367000053, -28.174694461999934 ], [ 153.192467581000074, -28.174614912999971 ], [ 153.192465748000018, -28.174434563999966 ], [ 153.192464928000049, -28.174344389999931 ], [ 153.192461538000089, -28.173970682999936 ], [ 153.192461203000107, -28.173934130999953 ], [ 153.192459392000046, -28.173734320999984 ], [ 153.192457641000033, -28.17354499399994 ], [ 153.192519541000024, -28.173441319999938 ], [ 153.192772242000046, -28.173018088999982 ], [ 153.192901592000112, -28.173078766999936 ], [ 153.192906084000015, -28.173080874999982 ], [ 153.193624805000013, -28.171877434999942 ], [ 153.193699243000083, -28.171761421999975 ], [ 153.193848419000119, -28.171525066999948 ], [ 153.194265137000116, -28.170894957999963 ], [ 153.194406773000082, -28.170701748999932 ], [ 153.194438758000047, -28.170658125999978 ], [ 153.194642703000113, -28.170441112999981 ], [ 153.194800253000039, -28.170308939999984 ], [ 153.194874148000054, -28.170246943999928 ], [ 153.194973099000094, -28.17003194199998 ], [ 153.195000227000037, -28.16997300099996 ], [ 153.195080172000075, -28.169685758999947 ], [ 153.195112284000061, -28.169391273999963 ], [ 153.195122335000065, -28.169014617999949 ], [ 153.195134852000024, -28.168545342999948 ], [ 153.195137423000119, -28.168448782999974 ], [ 153.195190068000102, -28.168250910999973 ], [ 153.195186418000048, -28.16815853099996 ], [ 153.19530369000006, -28.167719162999958 ], [ 153.195353705000116, -28.167635768999958 ], [ 153.195424747000061, -28.167368709999948 ], [ 153.195548128000041, -28.166904918999933 ], [ 153.195648339000059, -28.16692134699997 ], [ 153.19676030800008, -28.165551550999965 ], [ 153.197663110000121, -28.164404093999963 ], [ 153.198013138000078, -28.164437844999952 ], [ 153.198310729000013, -28.164174831999958 ], [ 153.19856565800012, -28.163304238999956 ], [ 153.198519137000062, -28.162758983999936 ], [ 153.197904524000023, -28.162035442999979 ], [ 153.196803901000067, -28.161649375999957 ], [ 153.196279552000078, -28.161558433999971 ], [ 153.19527005100008, -28.160632050999936 ], [ 153.194999558000063, -28.160383834999948 ], [ 153.195335602000114, -28.160291507999943 ], [ 153.195337725000059, -28.15939861499993 ], [ 153.194847291000087, -28.158030150999934 ], [ 153.194063594000113, -28.158006666999938 ], [ 153.194103335000023, -28.157960130999982 ], [ 153.194237639000107, -28.157802863999962 ], [ 153.194544998000083, -28.157442948999972 ], [ 153.194652830000109, -28.156721053999945 ], [ 153.194861938000031, -28.155920898999966 ], [ 153.194777546000068, -28.154856866999978 ], [ 153.19497624600001, -28.154275281999958 ], [ 153.195233521000091, -28.154318427999954 ], [ 153.195799610000108, -28.151956416999951 ], [ 153.195799284000032, -28.15176404999994 ], [ 153.19579844000009, -28.151260978999971 ], [ 153.196003191000045, -28.151129708999974 ], [ 153.196265890000063, -28.150961271999961 ], [ 153.196556566000027, -28.150774940999952 ], [ 153.196647680000069, -28.150347858999965 ], [ 153.197324900000012, -28.147166199999958 ], [ 153.198682829000063, -28.139588705999984 ], [ 153.199340797000104, -28.135879620999958 ], [ 153.200089775000038, -28.131685606999952 ], [ 153.200396210000122, -28.129982992999942 ], [ 153.199505382000098, -28.129848464999952 ], [ 153.199913048000099, -28.127727731999983 ], [ 153.200134099000024, -28.126628681999932 ], [ 153.200548851000121, -28.124576806999983 ], [ 153.201236264000045, -28.121268838999981 ], [ 153.200687753000011, -28.121180272999936 ], [ 153.200388425000028, -28.12113194899996 ], [ 153.200417259000119, -28.121008596999957 ], [ 153.200315916000022, -28.120745442999976 ], [ 153.200336242000049, -28.120696365999947 ], [ 153.200276257000041, -28.120584971999961 ], [ 153.200478831000055, -28.120138905999966 ], [ 153.200730295000085, -28.119672566999952 ], [ 153.200859757000103, -28.119181155999968 ], [ 153.2013918990001, -28.118342026999983 ], [ 153.201692538000088, -28.11786275299994 ], [ 153.20216442800006, -28.11744596799997 ], [ 153.202469283000028, -28.117111466999972 ], [ 153.20270533200005, -28.117281384999956 ], [ 153.202820697000107, -28.117155394999941 ], [ 153.205789932000016, -28.117842576999976 ], [ 153.206043632000046, -28.116289503999951 ], [ 153.20986433500002, -28.11683090899993 ], [ 153.214075841000067, -28.11741929599998 ], [ 153.214241326000092, -28.116495274999977 ], [ 153.214640707000058, -28.114265136999961 ], [ 153.215657481000108, -28.108587161999935 ], [ 153.21576622300006, -28.108331710999948 ], [ 153.217864776000056, -28.108881011999983 ], [ 153.219546482000055, -28.110320785999932 ], [ 153.22053720100007, -28.110891149999929 ], [ 153.220961392000049, -28.110965238999938 ], [ 153.221311681000088, -28.111218804999965 ], [ 153.22180155, -28.108470463999936 ], [ 153.2220317660001, -28.107178801999964 ], [ 153.222787344000039, -28.102939323999976 ], [ 153.223716119000073, -28.10307503699994 ], [ 153.229129919000115, -28.100482062999959 ], [ 153.229893522000111, -28.099967929999934 ], [ 153.228327387000036, -28.09740217999996 ], [ 153.227530533000049, -28.097249956999974 ], [ 153.228423374000045, -28.093241841999941 ], [ 153.228876906000096, -28.093311519999929 ], [ 153.22961284500002, -28.08956788699993 ], [ 153.231546635000086, -28.089863474999959 ], [ 153.232439967000118, -28.085314238999956 ], [ 153.229429867000022, -28.084850990999939 ], [ 153.229245972000058, -28.084023164999962 ], [ 153.229451853000114, -28.082968608999977 ], [ 153.229486774000065, -28.082789787999957 ], [ 153.222091508000062, -28.081663274999983 ], [ 153.221617748000085, -28.081590974999983 ], [ 153.221141834000036, -28.08151847299996 ], [ 153.216881735000015, -28.080869295999946 ], [ 153.216859719000013, -28.080865994999954 ], [ 153.216657920000102, -28.080835253999965 ], [ 153.213359592000074, -28.080332570999929 ], [ 153.214375174000111, -28.075077154999974 ], [ 153.214410177000104, -28.074896008999929 ], [ 153.21474343400007, -28.073171288999959 ], [ 153.216194101000042, -28.065669715999945 ], [ 153.219958997000049, -28.066235967999944 ], [ 153.219998143000112, -28.066078812999933 ], [ 153.220160289000091, -28.06487642299993 ], [ 153.219910390000109, -28.064139001999933 ], [ 153.219874754000102, -28.062935941999967 ], [ 153.219434388000082, -28.061822168999981 ], [ 153.218976520000069, -28.061291836999942 ], [ 153.21598825600006, -28.060020946999941 ], [ 153.216098636000083, -28.059866518999968 ], [ 153.220084563000114, -28.060453676999941 ], [ 153.225128337000115, -28.061196499999937 ], [ 153.22578524000005, -28.057659202999957 ], [ 153.226326845000017, -28.054753006999931 ], [ 153.228755295000042, -28.055107721999946 ], [ 153.229416720000017, -28.051558399999976 ], [ 153.229698539000083, -28.05004602899993 ], [ 153.230084970000121, -28.047972203999961 ], [ 153.230702111000028, -28.044660092999948 ], [ 153.230762259000016, -28.044339635999961 ], [ 153.230603904000077, -28.044316524999942 ], [ 153.229222753000045, -28.04005669999998 ], [ 153.228687184000023, -28.039598965999971 ], [ 153.228815379000025, -28.039455966999981 ], [ 153.228863390000015, -28.039462672999946 ], [ 153.229267576000098, -28.039519184999961 ], [ 153.230096185000093, -28.039635011999962 ], [ 153.230608793000101, -28.036748127999942 ], [ 153.231221573000084, -28.033297003999962 ], [ 153.231575558000031, -28.031303280999964 ], [ 153.232578050000029, -28.025656589999983 ], [ 153.233986254000115, -28.025364690999936 ], [ 153.236284660000024, -28.025950843999965 ], [ 153.236803281000107, -28.022992844999976 ], [ 153.237071644000025, -28.021462137999947 ], [ 153.237761873000068, -28.017524974999958 ], [ 153.238444131000051, -28.013641985999982 ], [ 153.238882464000085, -28.011155108999958 ], [ 153.21870238300005, -28.008334674999958 ], [ 153.218639641000095, -28.008325897999953 ], [ 153.218407273000025, -28.008295216999954 ], [ 153.217730097000072, -28.008204676999981 ], [ 153.217647880000072, -28.008193493999954 ], [ 153.217788688000041, -28.00757217499995 ], [ 153.217913463000059, -28.006956883999976 ], [ 153.218100562000018, -28.006005995999942 ], [ 153.218414105000079, -28.005278565999959 ], [ 153.218853659000047, -28.004550934999941 ], [ 153.219167642000116, -28.00404717899994 ], [ 153.219418980000114, -28.003711276999979 ], [ 153.219733297000062, -28.003375269999935 ], [ 153.219921059000058, -28.002759874999981 ], [ 153.22023402100001, -28.001752861999933 ], [ 153.220422111000062, -28.001305222999974 ], [ 153.220700748000013, -28.00041449899993 ], [ 153.220899299000052, -27.999692894999953 ], [ 153.22097193500008, -27.998623744999975 ], [ 153.221013919000029, -27.997539826999969 ], [ 153.220878661000029, -27.996779285999935 ], [ 153.220472426000015, -27.995848715999955 ], [ 153.220377528000085, -27.995167561999949 ], [ 153.220586688000026, -27.99455852899996 ], [ 153.22053401200003, -27.994370580999941 ], [ 153.220474601000092, -27.994362071999944 ], [ 153.210668842000018, -27.99295701799997 ], [ 153.21123744800002, -27.98982865399995 ], [ 153.207934122000097, -27.985768003999965 ], [ 153.20161534500005, -27.982637195999928 ], [ 153.201326695000034, -27.982683321999957 ], [ 153.20100267700002, -27.98179649399998 ], [ 153.200811778000116, -27.981565414999977 ], [ 153.200717387000054, -27.980949251999959 ], [ 153.200773869000045, -27.980541235999965 ], [ 153.201043379000112, -27.980182094999975 ], [ 153.201345128000071, -27.979882000999964 ], [ 153.20164803900002, -27.979733212999975 ], [ 153.201800559000048, -27.979330105999964 ], [ 153.20212506200005, -27.979057846999979 ], [ 153.20306022200009, -27.978722093999977 ], [ 153.203529519000085, -27.978357954999979 ], [ 153.206539881000026, -27.97878990199996 ], [ 153.216768170000023, -27.980257018999964 ], [ 153.219017627000085, -27.98076326499995 ], [ 153.225122096000064, -27.981638379999936 ], [ 153.225934471000073, -27.977172464999967 ], [ 153.220156576000022, -27.976240359999963 ], [ 153.22062080000012, -27.97386634399993 ], [ 153.220788125000013, -27.973043643999972 ], [ 153.220949281000117, -27.972250551999934 ], [ 153.221022490000109, -27.97189022699996 ], [ 153.221152115000109, -27.971252240999945 ], [ 153.221197884000048, -27.97102525899993 ], [ 153.221214477000103, -27.970943011999964 ], [ 153.221394364000048, -27.970059655999933 ], [ 153.221530389000122, -27.969393641999943 ], [ 153.221773546000122, -27.968115464999983 ], [ 153.222221482000123, -27.968127765999952 ], [ 153.222524110000109, -27.967956096999956 ], [ 153.22272491800004, -27.967774376999955 ], [ 153.222986418000119, -27.967325225999957 ], [ 153.22311714600005, -27.96710068799996 ], [ 153.223130848000096, -27.966997012999968 ], [ 153.223185566000097, -27.966582827999957 ], [ 153.223193084000059, -27.966547340999966 ], [ 153.223259751000114, -27.96623283699995 ], [ 153.223002908000012, -27.965713926999967 ], [ 153.22257184700004, -27.965964742999972 ], [ 153.222147864000021, -27.966263674999936 ], [ 153.222256784000024, -27.965724818999945 ], [ 153.222519439000052, -27.965567216999943 ], [ 153.222980757000073, -27.965201333999971 ], [ 153.223133576, -27.964995012999964 ], [ 153.223317940000015, -27.964746103999971 ], [ 153.223344196000085, -27.964345254999955 ], [ 153.223363665000079, -27.964048169999955 ], [ 153.223500845000103, -27.963794976999964 ], [ 153.223589, -27.963632278999967 ], [ 153.223653395000042, -27.963459410999974 ], [ 153.223717247000081, -27.963287994999973 ], [ 153.224045251000121, -27.962847091999947 ], [ 153.223656808000101, -27.962543756999935 ], [ 153.22332963000008, -27.962253347999933 ], [ 153.223012303000019, -27.962264590999951 ], [ 153.222747993000098, -27.962291673999971 ], [ 153.222763580000105, -27.961929984999983 ], [ 153.22277737100012, -27.961609922999969 ], [ 153.222802047000073, -27.961037114999954 ], [ 153.222881642000061, -27.95919504799997 ], [ 153.223163007000039, -27.958899140999961 ], [ 153.223201101000086, -27.95828910299997 ], [ 153.221605388000057, -27.958042890999934 ], [ 153.221899582000106, -27.957972430999973 ], [ 153.222184261000052, -27.957904257999928 ], [ 153.222291378000023, -27.957878597999979 ], [ 153.222381933000065, -27.957889557999977 ], [ 153.222769340000013, -27.957936458999939 ], [ 153.222893661000057, -27.957951501999958 ], [ 153.223206600000026, -27.957895003999965 ], [ 153.223921662000066, -27.957545079999932 ], [ 153.22404318100007, -27.957554676999962 ], [ 153.224360576000095, -27.957579717999977 ], [ 153.224587162000034, -27.95778555499993 ], [ 153.224960227000111, -27.957642637999982 ], [ 153.224715074000073, -27.957142100999931 ], [ 153.224474987000121, -27.957121856999947 ], [ 153.224027818000081, -27.957024358999945 ], [ 153.224033115000111, -27.956997499999943 ], [ 153.224049991000015, -27.956911117999937 ], [ 153.224115981000068, -27.956556097999965 ], [ 153.224203056000079, -27.956506312999977 ], [ 153.224290131000089, -27.956456534999973 ], [ 153.225200778000044, -27.956105865999973 ], [ 153.224966591000111, -27.955715157999975 ], [ 153.224715782000089, -27.955296703999977 ], [ 153.224445728000092, -27.954846136999947 ], [ 153.224254636000069, -27.954527303999953 ], [ 153.224230384000066, -27.954299167999977 ], [ 153.224205566000023, -27.954065643999968 ], [ 153.223979762000113, -27.953753665999955 ], [ 153.223766638000029, -27.953459233999979 ], [ 153.22354727000004, -27.953156143999934 ], [ 153.223372971000117, -27.952915341999983 ], [ 153.222358061000023, -27.952923909999981 ], [ 153.222347898000066, -27.952014893999944 ], [ 153.222040347000075, -27.951778933999947 ], [ 153.222444794000012, -27.951363668999932 ], [ 153.222082502000035, -27.951085918999979 ], [ 153.222125537000011, -27.950817950999976 ], [ 153.222158520000107, -27.95063870499996 ], [ 153.22172218500009, -27.950583301999927 ], [ 153.22116015000006, -27.950056113999949 ], [ 153.221074103000092, -27.949446319999936 ], [ 153.220333702000062, -27.948581136999962 ], [ 153.220028489000015, -27.947585038999932 ], [ 153.219830043000115, -27.947629071999984 ], [ 153.21913332400004, -27.951229437999928 ], [ 153.206598953000025, -27.949232718999951 ], [ 153.208235734000027, -27.941132216999961 ], [ 153.210589946000027, -27.941474749999941 ], [ 153.211014004000049, -27.939404076999949 ], [ 153.21223534100011, -27.933439960999976 ], [ 153.213748503000033, -27.925852923999969 ], [ 153.213751543000058, -27.925853385999972 ], [ 153.214790399000094, -27.92601269499994 ], [ 153.215060341000026, -27.924829415999966 ], [ 153.21520579200012, -27.924191906999965 ], [ 153.215334083000016, -27.923629611999957 ], [ 153.215534548000051, -27.922750755999971 ], [ 153.215671900000075, -27.922148577999963 ], [ 153.215713318000098, -27.921967103999975 ], [ 153.215381849000096, -27.921412631999942 ], [ 153.21514009200007, -27.921007938999935 ], [ 153.214889373000119, -27.920588351999982 ], [ 153.214779060000069, -27.920403688999954 ], [ 153.214247283000077, -27.919513336999955 ], [ 153.21332862600002, -27.919374993999952 ], [ 153.213582311000096, -27.918048059999933 ], [ 153.212837491000073, -27.917926064999961 ], [ 153.212570515000039, -27.917885503999969 ], [ 153.212971989000039, -27.915766140999949 ], [ 153.21330500800002, -27.914008064999962 ], [ 153.21360973000003, -27.912399342999947 ], [ 153.213648667000029, -27.912193781999974 ], [ 153.213737590000051, -27.911724342999946 ], [ 153.21544021200009, -27.902734711999983 ], [ 153.211693971000045, -27.902165381999964 ], [ 153.211841299000071, -27.901416024999946 ], [ 153.212097606000043, -27.900112373999946 ], [ 153.210459745000094, -27.899852639999949 ], [ 153.20852600000012, -27.899545936999971 ], [ 153.208324827000069, -27.899514107999948 ], [ 153.20636226900001, -27.899203641999975 ], [ 153.206038929000101, -27.899152485999934 ], [ 153.205372884000099, -27.899047112999938 ], [ 153.205038681000019, -27.898994331999972 ], [ 153.204938150000089, -27.898978454999963 ], [ 153.204101972000103, -27.89884696699994 ], [ 153.203162126000052, -27.898699161999957 ], [ 153.198265397000114, -27.897952442999951 ], [ 153.197997064000106, -27.897911516999955 ], [ 153.194993824000107, -27.897453438999946 ], [ 153.195051082000077, -27.897163678999959 ], [ 153.190239722000115, -27.896404970999981 ], [ 153.184537592000083, -27.895609180999941 ], [ 153.183634425000037, -27.895481790999952 ], [ 153.18327772900011, -27.895431469999949 ], [ 153.180689173000019, -27.895066286999963 ], [ 153.181689727000048, -27.89383943699994 ], [ 153.182297754000047, -27.892592567999941 ], [ 153.183345374000055, -27.89134589899993 ], [ 153.18334483700005, -27.890990528999964 ], [ 153.183343839000031, -27.890313143999947 ], [ 153.183726717000013, -27.889146636999953 ], [ 153.184699315000103, -27.887655335999966 ], [ 153.18477611600008, -27.886027607999949 ], [ 153.184688870000059, -27.884941655999967 ], [ 153.185837950000064, -27.882718342999965 ], [ 153.186274316000095, -27.881227965999983 ], [ 153.186347169000101, -27.87910764999998 ], [ 153.185740468000063, -27.878014433999965 ], [ 153.186297675000105, -27.876783701999955 ], [ 153.186322865000079, -27.876728105999973 ], [ 153.186371018000045, -27.875189620999947 ], [ 153.18542414, -27.87374621999993 ], [ 153.188945875000059, -27.855091164999976 ], [ 153.181078100000036, -27.853917273999969 ], [ 153.182023452000067, -27.848539861999939 ], [ 153.18063474600001, -27.848324122999941 ], [ 153.181454400000121, -27.84415594799998 ], [ 153.181498351000073, -27.84398164199996 ], [ 153.181150789000071, -27.843652526999961 ], [ 153.180965619000062, -27.843464958999959 ], [ 153.180780353000046, -27.843230444999961 ], [ 153.180621537000093, -27.843019369999979 ], [ 153.180489028000011, -27.842737841999963 ], [ 153.180435548000105, -27.842338810999934 ], [ 153.18054040700008, -27.841869163999945 ], [ 153.180645386000037, -27.841469938999978 ], [ 153.180644887000085, -27.841164748999972 ], [ 153.180512326000098, -27.840859728999931 ], [ 153.180353554000021, -27.840672130999963 ], [ 153.180009807000033, -27.840414347999968 ], [ 153.179692665000061, -27.840273903999957 ], [ 153.179377640000098, -27.840238006999982 ], [ 153.179206911000051, -27.840241963999972 ], [ 153.179025772000045, -27.840247126999941 ], [ 153.17890017000002, -27.840210230999958 ], [ 153.178824726000016, -27.840196119999973 ], [ 153.178399260000106, -27.840083250999953 ], [ 153.178229030000011, -27.840007865999951 ], [ 153.178090628000064, -27.839894631999982 ], [ 153.177877496000065, -27.839592473999971 ], [ 153.177664685000082, -27.839479351999955 ], [ 153.177324402000067, -27.839441979999947 ], [ 153.177016157000025, -27.83948963399996 ], [ 153.176463436000063, -27.839565949999951 ], [ 153.176123093000115, -27.839490773999955 ], [ 153.175697695000053, -27.839415693999968 ], [ 153.17556993200003, -27.839302459999942 ], [ 153.175527166000052, -27.839151302999937 ], [ 153.175537515000087, -27.83897172099995 ], [ 153.17557974500005, -27.838792102999946 ], [ 153.175664428000118, -27.838565187999961 ], [ 153.175749253000049, -27.838413858999957 ], [ 153.175833809000096, -27.838111327999968 ], [ 153.175960961000101, -27.837846541999966 ], [ 153.176045652000084, -27.837619611999969 ], [ 153.176045287000079, -27.837392786999942 ], [ 153.175959866000085, -27.837166087999947 ], [ 153.17573067100011, -27.836837911999964 ], [ 153.175464961000102, -27.836581328999955 ], [ 153.175267722000058, -27.836434425999983 ], [ 153.175076041000011, -27.83628829099996 ], [ 153.174863112000025, -27.836099544999968 ], [ 153.174479839000014, -27.83575979099993 ], [ 153.173628275000056, -27.835099311999954 ], [ 153.173152235000089, -27.834760973999948 ], [ 153.172907491000046, -27.834403866999935 ], [ 153.173093502000029, -27.834048228999961 ], [ 153.173306320000052, -27.833787331999929 ], [ 153.173519049000106, -27.833479041999965 ], [ 153.173758518000113, -27.833218106999936 ], [ 153.174210858000038, -27.832743661999928 ], [ 153.174423706000084, -27.832506457999955 ], [ 153.174662944000033, -27.832103365999956 ], [ 153.174787183000035, -27.831813262999958 ], [ 153.174889397000015, -27.831460358999948 ], [ 153.175045137000097, -27.830926524999938 ], [ 153.175278981000019, -27.830276587999947 ], [ 153.175513085000034, -27.829789051999967 ], [ 153.175669078000055, -27.829417617999979 ], [ 153.176084530000026, -27.828838938999979 ], [ 153.176404085000058, -27.828431853999973 ], [ 153.177248810000037, -27.827475087999971 ], [ 153.177614030000086, -27.827027270999963 ], [ 153.178184767000062, -27.826375858999938 ], [ 153.178518389000033, -27.826065095999979 ], [ 153.179026466000096, -27.825527111999975 ], [ 153.180042651000122, -27.824479432999965 ], [ 153.180518855000059, -27.82391320399995 ], [ 153.180931356000087, -27.823290506999967 ], [ 153.181756785000061, -27.822327907999977 ], [ 153.182558303000064, -27.821386153999981 ], [ 153.183187333000092, -27.820322277999935 ], [ 153.183345800000097, -27.820011111999975 ], [ 153.183281062000106, -27.819332714999973 ], [ 153.1830579760001, -27.819022054999948 ], [ 153.182675233000055, -27.818315821999931 ], [ 153.182165836000081, -27.817920717999982 ], [ 153.181720374000065, -27.817723417999957 ], [ 153.181530779000013, -27.817568534999964 ], [ 153.181538751000062, -27.817415581999967 ], [ 153.181444404000104, -27.817082116999984 ], [ 153.181209078000052, -27.816582048999976 ], [ 153.181020727000032, -27.816123628999947 ], [ 153.18078519900007, -27.81549847399998 ], [ 153.180550239000013, -27.81520689499996 ], [ 153.179189383000107, -27.814708286999974 ], [ 153.178579441000011, -27.814542287999927 ], [ 153.177828676000104, -27.814293073999977 ], [ 153.17759365500001, -27.813959786999931 ], [ 153.177452421000112, -27.813626388999978 ], [ 153.177170029000081, -27.813001284999928 ], [ 153.176841273000036, -27.812709825999946 ], [ 153.176746941000033, -27.812376366999956 ], [ 153.176887094000108, -27.812042603999942 ], [ 153.177496275000067, -27.811749936999945 ], [ 153.177871025000059, -27.811499262999973 ], [ 153.178032024000117, -27.811264986999959 ], [ 153.1778868130001, -27.810694517999934 ], [ 153.177755287000082, -27.810393096999974 ], [ 153.1775342520001, -27.810052940999981 ], [ 153.177184790000069, -27.809631073999981 ], [ 153.176801830000045, -27.809149915999967 ], [ 153.176482699000076, -27.808753685999932 ], [ 153.176176332000068, -27.808363096999983 ], [ 153.175735920000079, -27.807999761999952 ], [ 153.17546194800002, -27.80775770799994 ], [ 153.175154551000105, -27.80746139799993 ], [ 153.174741335000022, -27.807198101999973 ], [ 153.174224764000087, -27.80683169699995 ], [ 153.173914887000024, -27.806648569999936 ], [ 153.173811465000085, -27.806511053999941 ], [ 153.173501573000067, -27.806327911999972 ], [ 153.172881812000014, -27.805961639999964 ], [ 153.172107034000078, -27.805457905999958 ], [ 153.17174534600008, -27.805137188999936 ], [ 153.170764134000024, -27.804587841999933 ], [ 153.170360648000042, -27.804209344999947 ], [ 153.16996356900006, -27.803898663999973 ], [ 153.16944989600006, -27.803629600999955 ], [ 153.169248239000012, -27.803285547999963 ], [ 153.169128903000114, -27.803014994999955 ], [ 153.169036963000053, -27.802659132999963 ], [ 153.168979750000062, -27.802342460999967 ], [ 153.168926986000088, -27.801912204999951 ], [ 153.168935271, -27.801506035999978 ], [ 153.168916182000089, -27.801210203999972 ], [ 153.168950388000098, -27.800843455999939 ], [ 153.169012667000061, -27.800569222999968 ], [ 153.169140475000063, -27.80037114199996 ], [ 153.169520983000098, -27.79989818599995 ], [ 153.170062782000059, -27.79940445099993 ], [ 153.170946585000024, -27.799010426999928 ], [ 153.171979429000089, -27.798662484999966 ], [ 153.172539228000119, -27.798415527999964 ], [ 153.173226105000026, -27.798050031999935 ], [ 153.174159878000069, -27.797648997999943 ], [ 153.175104596000097, -27.797300228999973 ], [ 153.175885581000102, -27.797024549999946 ], [ 153.176584803000083, -27.796844260999933 ], [ 153.177121111000019, -27.796739155999944 ], [ 153.177561239000056, -27.796631114999968 ], [ 153.178205796000043, -27.796412156999963 ], [ 153.17882291300009, -27.796131061999972 ], [ 153.179515541000114, -27.795788200999937 ], [ 153.180109651000066, -27.79547566399998 ], [ 153.18041822400005, -27.795346328999983 ], [ 153.180745803000036, -27.79527862599997 ], [ 153.181048208000107, -27.795233378999967 ], [ 153.18141989500009, -27.795165622999946 ], [ 153.181728528000122, -27.79507551599994 ], [ 153.181936287000099, -27.794951917999981 ], [ 153.182106220000037, -27.794828357999961 ], [ 153.182250918000022, -27.794682407999971 ], [ 153.182351508000011, -27.794542135999961 ], [ 153.182419107000101, -27.794331150999938 ], [ 153.182556928000054, -27.793843248999963 ], [ 153.182738685000118, -27.793243171999961 ], [ 153.182869517000086, -27.792695978999973 ], [ 153.183026210000094, -27.792191231999936 ], [ 153.183320225000102, -27.791409539999961 ], [ 153.183660143000111, -27.790372082999966 ], [ 153.184002363000104, -27.789416188999951 ], [ 153.184240879000072, -27.788860890999956 ], [ 153.184448311000097, -27.788557882999953 ], [ 153.184863360000122, -27.788064005999956 ], [ 153.185496690000036, -27.78741043399998 ], [ 153.185999775000028, -27.786809909999931 ], [ 153.186307916000032, -27.78645071699998 ], [ 153.186910586000067, -27.785874615999944 ], [ 153.187332036000043, -27.785447995999959 ], [ 153.187940070000082, -27.784906427999942 ], [ 153.188405687000113, -27.784518982999941 ], [ 153.188864285000022, -27.784048373999951 ], [ 153.189486908000049, -27.783369193999931 ], [ 153.190027894000082, -27.782852704999982 ], [ 153.190561378000098, -27.782321500999956 ], [ 153.191032024000037, -27.781851287999928 ], [ 153.191389614000059, -27.781530621999934 ], [ 153.192068802000108, -27.781022037999946 ], [ 153.192439304000118, -27.780736918999935 ], [ 153.192675831000088, -27.780515688999969 ], [ 153.192854384000043, -27.78025865099994 ], [ 153.192986505000022, -27.780022229999929 ], [ 153.193019623000055, -27.779624427999977 ], [ 153.19301242500012, -27.779389339999966 ], [ 153.192858943000033, -27.779043871999932 ], [ 153.192719938000096, -27.778825427999948 ], [ 153.192549409000094, -27.778595822999932 ], [ 153.192272225000011, -27.778278174999969 ], [ 153.191962825000019, -27.777903008999942 ], [ 153.191582883000024, -27.77748904699996 ], [ 153.191225478000092, -27.777221250999958 ], [ 153.190875018000042, -27.777123088999929 ], [ 153.190564582000093, -27.777089978999982 ], [ 153.190172577000112, -27.777038420999929 ], [ 153.189857485000061, -27.776999610999951 ], [ 153.189599173000033, -27.777011181999967 ], [ 153.188899967000111, -27.777113045999954 ], [ 153.188623766000092, -27.777134674999957 ], [ 153.188199478000115, -27.777098844999955 ], [ 153.187845844000094, -27.777072149999981 ], [ 153.187517832000026, -27.77692974699994 ], [ 153.187239918000046, -27.776745605999963 ], [ 153.186941820000015, -27.776490057999979 ], [ 153.186780917000078, -27.776276002999964 ], [ 153.186610478000034, -27.776014695999947 ], [ 153.186484123000014, -27.775813053999968 ], [ 153.18640812700005, -27.775588910999943 ], [ 153.186370085000021, -27.775443214999939 ], [ 153.186388808000061, -27.775342273999968 ], [ 153.186451445000102, -27.775123554999936 ], [ 153.186511542000062, -27.774959991999935 ], [ 153.186725016000082, -27.774575556999935 ], [ 153.186900998000056, -27.774323049999964 ], [ 153.187070775000052, -27.774120996999955 ], [ 153.187272209000071, -27.774019825999972 ], [ 153.187448609000057, -27.774008373999948 ], [ 153.187782633000097, -27.774063984999941 ], [ 153.18833268000003, -27.774116362999962 ], [ 153.188746269000035, -27.774073864999934 ], [ 153.189454499000021, -27.774081829999943 ], [ 153.190544399000032, -27.774057994999964 ], [ 153.191478337000035, -27.773886877999928 ], [ 153.192211213000064, -27.773635583999976 ], [ 153.192813354000123, -27.773295092999945 ], [ 153.193341608000082, -27.772904428999936 ], [ 153.193572926000115, -27.772672045999968 ], [ 153.19369314100004, -27.772484171999963 ], [ 153.193762923000122, -27.772180172999981 ], [ 153.193782586000111, -27.771938818999956 ], [ 153.193650882000043, -27.771313319999933 ], [ 153.193539190000024, -27.770634169999937 ], [ 153.193498249000072, -27.770205195999949 ], [ 153.193487058000073, -27.769609990999982 ], [ 153.193425896000122, -27.769109535999974 ], [ 153.19330448900007, -27.768618102999937 ], [ 153.193273912000109, -27.768367874999967 ], [ 153.193303446000073, -27.768028180999977 ], [ 153.193393375000028, -27.76775990799996 ], [ 153.193582843000058, -27.767487007999932 ], [ 153.19394326500003, -27.766816134999942 ], [ 153.194637502000091, -27.76635069699995 ], [ 153.195102769000073, -27.766281033999974 ], [ 153.195998232000079, -27.766126562999943 ], [ 153.196520055000065, -27.765848737999931 ], [ 153.196891184000037, -27.765553254999929 ], [ 153.197302299000057, -27.76515044699994 ], [ 153.197643834000019, -27.764730360999977 ], [ 153.197972151000045, -27.764099422999948 ], [ 153.198050278000096, -27.76364893899995 ], [ 153.198100659000033, -27.762967553999943 ], [ 153.19812588700006, -27.762645993999968 ], [ 153.198327857000095, -27.761955168999975 ], [ 153.19858646800003, -27.760459762999972 ], [ 153.19876540100006, -27.759517911999978 ], [ 153.198850501000038, -27.759008716999972 ], [ 153.198789071000078, -27.758342798999934 ], [ 153.198667791000048, -27.757876005999947 ], [ 153.198434267000039, -27.757179711999981 ], [ 153.198010478000015, -27.755921032999936 ], [ 153.197664987000053, -27.755140695999955 ], [ 153.197474729000078, -27.754578303999949 ], [ 153.197267224000029, -27.753996800999971 ], [ 153.19721469000001, -27.753483969999934 ], [ 153.197239657000068, -27.75301696799994 ], [ 153.197263320000047, -27.751826536999943 ], [ 153.197407422000083, -27.750647429999958 ], [ 153.197526542000105, -27.749927666999952 ], [ 153.197550905000071, -27.74912765299996 ], [ 153.197471810000025, -27.748193826999966 ], [ 153.197444682000082, -27.74745896099995 ], [ 153.197469597000122, -27.746968988999981 ], [ 153.197537732000114, -27.746593784999959 ], [ 153.197683355000095, -27.746260579999955 ], [ 153.197992271000089, -27.745854411999971 ], [ 153.198387204000028, -27.745448116999967 ], [ 153.199005386000067, -27.744834806999961 ], [ 153.199487491000014, -27.744391393999933 ], [ 153.199743880000028, -27.744171563999942 ], [ 153.200049264000086, -27.743861030999938 ], [ 153.200224308000088, -27.743577595999966 ], [ 153.20047812700011, -27.743189770999948 ], [ 153.200721709000049, -27.74257973999994 ], [ 153.200881278000111, -27.741938721999929 ], [ 153.200930564000032, -27.741420056999971 ], [ 153.201046815000041, -27.740895327999965 ], [ 153.201144187000068, -27.740301128999931 ], [ 153.201250052000091, -27.740008745999944 ], [ 153.201542107000023, -27.739801626999963 ], [ 153.201894505000041, -27.739670980999961 ], [ 153.20235024200008, -27.739616725999952 ], [ 153.203029936000121, -27.739651862999949 ], [ 153.203656038000076, -27.739630464999948 ], [ 153.204373485000019, -27.739563342999929 ], [ 153.204942351000113, -27.739430356999947 ], [ 153.20560996800009, -27.739176098999963 ], [ 153.206105029000014, -27.739039961999936 ], [ 153.206958135000036, -27.738975871999969 ], [ 153.207329270000059, -27.738969814999962 ], [ 153.207614002000014, -27.73905747799995 ], [ 153.207935979000013, -27.739222173999963 ], [ 153.208480787000099, -27.739452605999929 ], [ 153.208938804000013, -27.739584048999973 ], [ 153.209421475000113, -27.739671421999958 ], [ 153.210077089000038, -27.739615370999957 ], [ 153.210856182000043, -27.739437987999963 ], [ 153.211634976000028, -27.739100945999951 ], [ 153.212718581000104, -27.738619317999962 ], [ 153.214083155000026, -27.738348377999955 ], [ 153.215196055000092, -27.738060337999968 ], [ 153.215950434000092, -27.737905000999945 ], [ 153.21654395500002, -27.737738897999975 ], [ 153.217471007000086, -27.737318989999949 ], [ 153.218336221000072, -27.736910199999954 ], [ 153.218586419000076, -27.736751115999937 ], [ 153.218756083000017, -27.736524118999967 ], [ 153.218866859000059, -27.736237643999971 ], [ 153.219027180000012, -27.73598412299998 ], [ 153.219187659000113, -27.735802164999939 ], [ 153.219582749000097, -27.735405123999954 ], [ 153.219779943000049, -27.735030403999929 ], [ 153.219828856000049, -27.734744018999947 ], [ 153.219654811000055, -27.73432584699998 ], [ 153.219232072000068, -27.733269384999971 ], [ 153.218684790000111, -27.731794676999982 ], [ 153.218348776000084, -27.730793123999945 ], [ 153.218013232000089, -27.730022830999928 ], [ 153.21767805200011, -27.729439732999936 ], [ 153.217244072000085, -27.728933875999928 ], [ 153.216624079000098, -27.728197057999978 ], [ 153.216288922000103, -27.727619459999971 ], [ 153.216229571000099, -27.72738560099998 ], [ 153.21643623500006, -27.72704661399996 ], [ 153.216646297000011, -27.726925154999947 ], [ 153.217116443000123, -27.726957460999984 ], [ 153.217648512000096, -27.727022689999956 ], [ 153.218452884000044, -27.727164578999975 ], [ 153.219096175000118, -27.727174571999967 ], [ 153.219479485000079, -27.727085871999975 ], [ 153.2199239790001, -27.726904554999976 ], [ 153.220067276000123, -27.726850597999942 ], [ 153.220468609000022, -27.726685269999962 ], [ 153.220988995000084, -27.726174405999927 ], [ 153.221183850000102, -27.725925190999931 ], [ 153.22133549900002, -27.725684372999979 ], [ 153.221620066000014, -27.725233486999969 ], [ 153.222046977000105, -27.724859571999957 ], [ 153.222415341000101, -27.72456039399998 ], [ 153.222909493000088, -27.724268472999938 ], [ 153.223453982000024, -27.723991407999961 ], [ 153.224191790000077, -27.723716458999945 ], [ 153.225121533000106, -27.723425118999955 ], [ 153.225616117000072, -27.723349666999979 ], [ 153.226052140000093, -27.723341485999981 ], [ 153.226471399000047, -27.72333333499995 ], [ 153.226991435000059, -27.723399667999956 ], [ 153.227385913000035, -27.72357070299995 ], [ 153.227579054000103, -27.723708493999936 ], [ 153.227688578000084, -27.723954638999942 ], [ 153.227689293000026, -27.724298013999942 ], [ 153.22754059500005, -27.725380635999954 ], [ 153.227491726000039, -27.726078672999961 ], [ 153.227534619000039, -27.726541405999967 ], [ 153.2277113990001, -27.726869559999955 ], [ 153.227997069000025, -27.727137824999943 ], [ 153.228316006000114, -27.727271652999946 ], [ 153.228726995000102, -27.727308295999933 ], [ 153.229137612000045, -27.727173260999962 ], [ 153.229388800000038, -27.726993686999947 ], [ 153.229656559000091, -27.726709588999938 ], [ 153.230049786000109, -27.726287282999976 ], [ 153.23058552800012, -27.725838533999934 ], [ 153.231121396000049, -27.725449494999964 ], [ 153.231640567000113, -27.725105270999961 ], [ 153.231975143000113, -27.724701634999974 ], [ 153.232359831000053, -27.724208354999973 ], [ 153.232600448000085, -27.723836048999942 ], [ 153.232610007000062, -27.723551064999981 ], [ 153.232525577000047, -27.723282500999971 ], [ 153.232206081000072, -27.722879960999933 ], [ 153.23170175100006, -27.722313522999968 ], [ 153.231180918000064, -27.721866532999968 ], [ 153.230593336000084, -27.721576414999959 ], [ 153.229586472000051, -27.721279523999954 ], [ 153.228344959000083, -27.721042713999964 ], [ 153.227053283000032, -27.720880626999929 ], [ 153.226214243000072, -27.720628215999966 ], [ 153.225324577000038, -27.72022659199996 ], [ 153.224805629000116, -27.719985595999958 ], [ 153.22408796700006, -27.719611620999956 ], [ 153.222933820000094, -27.719136348999939 ], [ 153.221624514000041, -27.718637993999948 ], [ 153.221373437000011, -27.718560492999984 ], [ 153.220755926000038, -27.71840242899998 ], [ 153.21965117700006, -27.718245132999982 ], [ 153.218790165000087, -27.718145285999981 ], [ 153.218043051000109, -27.718146470999955 ], [ 153.217214949000095, -27.718263444999934 ], [ 153.216614238000034, -27.718380053999965 ], [ 153.21612695500005, -27.718366352999965 ], [ 153.215460650000068, -27.718164977999947 ], [ 153.214907638000113, -27.717760977999944 ], [ 153.214305601000092, -27.717198019999955 ], [ 153.213592343000073, -27.716438059999973 ], [ 153.212876037000115, -27.715571631999978 ], [ 153.212735996000106, -27.71528374199994 ], [ 153.21282579800004, -27.714790930999982 ], [ 153.213068992000103, -27.714573663999943 ], [ 153.213636957000062, -27.714326997999933 ], [ 153.214400090000026, -27.714224596999941 ], [ 153.215098456000078, -27.714223516999937 ], [ 153.21605679400011, -27.714279857999941 ], [ 153.217112607000104, -27.71435050499997 ], [ 153.21787603100006, -27.714399908999951 ], [ 153.218449815000099, -27.714369830999942 ], [ 153.219440318000011, -27.71426704299995 ], [ 153.22023608500001, -27.714236868999933 ], [ 153.221088751000025, -27.714242739999975 ], [ 153.221920430000068, -27.71435645899993 ], [ 153.223057619000087, -27.714506445999973 ], [ 153.223983719000103, -27.714678464999963 ], [ 153.224861129000033, -27.714865004999979 ], [ 153.225674486000116, -27.715128956999934 ], [ 153.226585997000029, -27.715309446999981 ], [ 153.226959674000113, -27.715373901999953 ], [ 153.227268262000052, -27.715373395999961 ], [ 153.227625413000055, -27.715300513999978 ], [ 153.227876885000114, -27.715169964999973 ], [ 153.228152504000036, -27.714938169999982 ], [ 153.22832237700004, -27.714619791999951 ], [ 153.228467507000119, -27.714120721999961 ], [ 153.228701381000064, -27.713343171999952 ], [ 153.228871023000011, -27.712916365999945 ], [ 153.229162483000096, -27.712496569999928 ], [ 153.229632711000022, -27.71213432299993 ], [ 153.230103178000036, -27.711887738999962 ], [ 153.230857929000081, -27.711680434999948 ], [ 153.231929300000047, -27.711432851999973 ], [ 153.232757291000098, -27.711301326999944 ], [ 153.233325398000034, -27.711155779999956 ], [ 153.23353618900012, -27.710996381999962 ], [ 153.233730493000053, -27.710721328999966 ], [ 153.233761897000022, -27.710215217999973 ], [ 153.233647203000032, -27.709738261999973 ], [ 153.233549109000023, -27.70943479999994 ], [ 153.233369609000079, -27.709030247999976 ], [ 153.233190304000118, -27.708719685999938 ], [ 153.232814751000092, -27.708149037999931 ], [ 153.232461087000047, -27.707783094999968 ], [ 153.232109807000029, -27.707277722999947 ], [ 153.231954589000111, -27.706905021999944 ], [ 153.231874614000048, -27.70664785799994 ], [ 153.231934114000069, -27.706217437999953 ], [ 153.23211674300012, -27.705785132999949 ], [ 153.232578396000122, -27.705372526999952 ], [ 153.233239568000045, -27.70515731699993 ], [ 153.233629040000096, -27.705026521999969 ], [ 153.234521604000065, -27.704735844999959 ], [ 153.235397852000119, -27.704409032999934 ], [ 153.236067481000077, -27.704080402999978 ], [ 153.236238687000082, -27.703809476999936 ], [ 153.236277602000087, -27.703468180999948 ], [ 153.23620418400003, -27.703127085999938 ], [ 153.236027866000086, -27.702860861999966 ], [ 153.23568200200009, -27.702461316999972 ], [ 153.235188401000073, -27.701831176999974 ], [ 153.234618387000069, -27.700996726999961 ], [ 153.234140857000057, -27.700148872999932 ], [ 153.233592265000084, -27.698559812999974 ], [ 153.233561680000093, -27.698217696999961 ], [ 153.233486563000042, -27.697753533999958 ], [ 153.233376920000069, -27.695994436999968 ], [ 153.233451620000096, -27.695202782999957 ], [ 153.23358939600007, -27.694676935999951 ], [ 153.233813495000049, -27.694246343999964 ], [ 153.234121323000068, -27.693985349999934 ], [ 153.234613314000057, -27.693956240999967 ], [ 153.235359699000014, -27.69419389199993 ], [ 153.236594983000032, -27.694741226999952 ], [ 153.237472333000028, -27.694971069999951 ], [ 153.238464013000112, -27.695107556999972 ], [ 153.239415146000056, -27.695330954999974 ], [ 153.240814044000103, -27.695939175999968 ], [ 153.241609103000087, -27.696164504999956 ], [ 153.241565234000063, -27.696238488999938 ], [ 153.241545162000079, -27.696342975999983 ], [ 153.241543866000029, -27.696504094999966 ], [ 153.24160521400006, -27.69664783099995 ], [ 153.241700403000095, -27.696769833999952 ], [ 153.241882025000109, -27.696904965999977 ], [ 153.242039858000112, -27.69700960199998 ], [ 153.242178901000102, -27.697057620999942 ], [ 153.242375582000022, -27.697114386999942 ], [ 153.242567248000114, -27.697197273999961 ], [ 153.242768935000072, -27.697227917999953 ], [ 153.242907985000102, -27.697275929999932 ], [ 153.243047043000047, -27.697323941999969 ], [ 153.243243731000121, -27.697380714999952 ], [ 153.243445418000078, -27.697411351999961 ], [ 153.24368094600004, -27.697420247999958 ], [ 153.243887655000094, -27.697424769999941 ], [ 153.244041762000052, -27.697394423999981 ], [ 153.24428230400008, -27.69737719799997 ], [ 153.244494035000116, -27.697355591999951 ], [ 153.244676947000016, -27.697329618999959 ], [ 153.244826033000095, -27.697325379999938 ], [ 153.244990177000091, -27.697242781999933 ], [ 153.245193160000099, -27.69711230799993 ], [ 153.245362303000093, -27.697003588999962 ], [ 153.245757788000105, -27.696935475999965 ], [ 153.245834655000067, -27.697018549999939 ], [ 153.245953082000028, -27.697042115999977 ], [ 153.246081910000044, -27.697047338999937 ], [ 153.246210805000032, -27.697043382999937 ], [ 153.246360376000098, -27.697025739999958 ], [ 153.246499597000025, -27.697017237999944 ], [ 153.246649152000032, -27.697004191999952 ], [ 153.24678824700004, -27.697018653999976 ], [ 153.246880895000118, -27.697042085999954 ], [ 153.246994181000105, -27.697065607999946 ], [ 153.247107400000118, -27.69709833099995 ], [ 153.247215537000102, -27.697117239999955 ], [ 153.247359796000069, -27.697131738999929 ], [ 153.247503994000112, -27.697155423999959 ], [ 153.24769454300008, -27.697188511999968 ], [ 153.247926330000041, -27.697217226999953 ], [ 153.248013815000036, -27.697245218999967 ], [ 153.248132249000037, -27.697268776999977 ], [ 153.24825055000008, -27.697315298999968 ], [ 153.248368843000094, -27.697361827999941 ], [ 153.248487195000052, -27.697399169999983 ], [ 153.248626253000111, -27.69742281799995 ], [ 153.248806549000051, -27.697442084999977 ], [ 153.248961015000077, -27.697475001999976 ], [ 153.249089798000114, -27.697489411999982 ], [ 153.249285674000021, -27.697490379999977 ], [ 153.249404153000114, -27.697504751999929 ], [ 153.2495072910001, -27.697496056999967 ], [ 153.249615682000012, -27.697469026999954 ], [ 153.249749688000065, -27.697469681999962 ], [ 153.249888895000026, -27.697465762999968 ], [ 153.250007672000038, -27.697425000999942 ], [ 153.250116175000016, -27.697374992999983 ], [ 153.250260605000108, -27.697357327999953 ], [ 153.25034310500007, -27.697353132999979 ], [ 153.250451630000043, -27.697303124999962 ], [ 153.250570288000063, -27.697280735999982 ], [ 153.250673486000096, -27.697262862999935 ], [ 153.25080239600004, -27.697254294999937 ], [ 153.25092617200005, -27.697241128999963 ], [ 153.25104477800005, -27.697232515999929 ], [ 153.25114790900011, -27.697223836999967 ], [ 153.251271641000017, -27.697219835999931 ], [ 153.251373088000037, -27.697203786999978 ], [ 153.25147362600012, -27.697180466999953 ], [ 153.251543580000089, -27.697173343999964 ], [ 153.251682496000058, -27.697144770999955 ], [ 153.251831627000115, -27.697106929999961 ], [ 153.251949599000113, -27.697037206999937 ], [ 153.252021192000029, -27.696967789999974 ], [ 153.252165129000105, -27.696925403999956 ], [ 153.252319431000046, -27.696887539999977 ], [ 153.252473755000096, -27.696854264999956 ], [ 153.252607426000054, -27.696816542999954 ], [ 153.252751490000037, -27.696787932999939 ], [ 153.252895204000083, -27.696718008999937 ], [ 153.253007947000015, -27.696639107999943 ], [ 153.25314133400002, -27.696564660999968 ], [ 153.253223134000109, -27.696485997999957 ], [ 153.253325677000021, -27.696420961999934 ], [ 153.253464362000045, -27.696364851999931 ], [ 153.253515473000107, -27.696313956999973 ], [ 153.253561286000036, -27.69624474799997 ], [ 153.253575860000069, -27.696134441999959 ], [ 153.253585165000118, -27.696010404999981 ], [ 153.253568774000087, -27.695895740999958 ], [ 153.25353688600012, -27.695776605999981 ], [ 153.253489798000032, -27.695689701999981 ], [ 153.253364338000097, -27.695470237999928 ], [ 153.253347768000026, -27.695332610999969 ], [ 153.253366990000018, -27.695162595999932 ], [ 153.253417818000116, -27.695074976999933 ], [ 153.253401643000075, -27.694987864999973 ], [ 153.253369866000071, -27.694882483999947 ], [ 153.253302096000084, -27.694786572999931 ], [ 153.253269842000122, -27.694621512999959 ], [ 153.253273694000086, -27.694460780999975 ], [ 153.253256707000105, -27.694272653999974 ], [ 153.25325035100002, -27.694125772999939 ], [ 153.253233632000047, -27.693969787999947 ], [ 153.253217353000082, -27.693868891999955 ], [ 153.25321593700005, -27.693694421999965 ], [ 153.253224855000099, -27.693524473999958 ], [ 153.253192788000092, -27.693382376999978 ], [ 153.253155714000059, -27.693258681999964 ], [ 153.25313450200008, -27.693185368999934 ], [ 153.253169781000111, -27.693088689999968 ], [ 153.253275914000028, -27.692830780999941 ], [ 153.253357833000109, -27.692765892999944 ], [ 153.25350629400009, -27.692645431999949 ], [ 153.253603382000051, -27.692543694999983 ], [ 153.253648898000051, -27.692437754999958 ], [ 153.253673537000054, -27.692299829999968 ], [ 153.253682917000106, -27.69218497199995 ], [ 153.25362515300003, -27.692052239999953 ], [ 153.253567582000073, -27.691942469999958 ], [ 153.253458364000039, -27.691819319999979 ], [ 153.253343960000052, -27.691691593999963 ], [ 153.255690290000075, -27.690382824999972 ], [ 153.255845172000022, -27.690484487999981 ], [ 153.255999958000075, -27.690574714999968 ], [ 153.256167574000074, -27.690664836999929 ], [ 153.256322263000015, -27.690743611999949 ], [ 153.256463921000091, -27.690799625999944 ], [ 153.256657211000061, -27.690889501999948 ], [ 153.256760573000065, -27.690968730999941 ], [ 153.256799458000046, -27.691014179999968 ], [ 153.256864307000114, -27.691093744999932 ], [ 153.256928673000061, -27.691116088999934 ], [ 153.257031826000116, -27.691172407999943 ], [ 153.257199353000033, -27.691251085999966 ], [ 153.25731603600002, -27.691387438999982 ], [ 153.257394111000053, -27.691512668999962 ], [ 153.257535970000049, -27.691591562999974 ], [ 153.257652437000047, -27.691705019999972 ], [ 153.257794788000069, -27.691841149999959 ], [ 153.257911271000012, -27.691954606999957 ], [ 153.258040382000104, -27.692045056999973 ], [ 153.258221043000049, -27.692157940999948 ], [ 153.258333569000115, -27.692264759999944 ], [ 153.258514268000113, -27.692362056999968 ] ] ] } }
]
}
