{
  "features": [
    {
      "geometry": {
        "coordinates": [
          153.393925930377,
          -27.970028486195396
        ],
        "type": "Point"
      },
      "properties": {
        "cell_id": "1077_13812",
        "cluster": -1,
        "suburb": "Southport",
        "year": 2021
      },
      "type": "Feature"
    },
    {
      "geometry": {
        "coordinates": [
          153.379938918739,
          -28.071914485571096
        ],
        "type": "Point"
      },
      "properties": {
        "cell_id": "1074_13789",
        "cluster": -1,
        "suburb": "Robina",
        "year": 2022
      },
      "type": "Feature"
    },
    {
      "geometry": {
        "coordinates": [
          153.295264944421,
          -27.944818475969004
        ],
        "type": "Point"
      },
      "properties": {
        "cell_id": "1058_13817",
        "cluster": -1,
        "suburb": "Maudsland",
        "year": 2021
      },
      "type": "Feature"
    },
    {
      "geometry": {
        "coordinates": [
          153.385819935991,
          -27.933416485082404
        ],
        "type": "Point"
      },
      "properties": {
        "cell_id": "1075_13820",
        "cluster": 0,
        "suburb": "Biggera Waters",
        "year": 2022
      },
      "type": "Feature"
    },
    {
      "geometry": {
        "coordinates": [
          153.36024883866,
          -27.9266293534271
        ],
        "type": "Point"
      },
      "properties": {
        "cell_id": "1070_13821",
        "cluster": 1,
        "suburb": "Arundel",
        "year": 2021
      },
      "type": "Feature"
    },
    {
      "geometry": {
        "coordinates": [
          153.427049916659,
          -28.0480024901831
        ],
        "type": "Point"
      },
      "properties": {
        "cell_id": "1083_13794",
        "cluster": -1,
        "suburb": "Mermaid Waters",
        "year": 2021
      },
      "type": "Feature"
    },
    {
      "geometry": {
        "coordinates": [
          153.337975942635,
          -27.9224224801297
        ],
        "type": "Point"
      },
      "properties": {
        "cell_id": "1066_13822",
        "cluster": 2,
        "suburb": "Helensvale",
        "year": 2023
      },
      "type": "Feature"
    },
    {
      "geometry": {
        "coordinates": [
          153.42663092624,
          -27.974344489562
        ],
        "type": "Point"
      },
      "properties": {
        "cell_id": "1083_13811",
        "cluster": -1,
        "suburb": "Main Beach",
        "year": 2023
      },
      "type": "Feature"
    },
    {
      "geometry": {
        "coordinates": [
          153.520237891063,
          -28.166086500628293
        ],
        "type": "Point"
      },
      "properties": {
        "cell_id": "1102_13768",
        "cluster": 3,
        "suburb": "Bilinga",
        "year": 2022
      },
      "type": "Feature"
    },
    {
      "geometry": {
        "coordinates": [
          153.344782175452,
          -27.956867475092103
        ],
        "type": "Point"
      },
      "properties": {
        "cell_id": "1067_13815",
        "cluster": 4,
        "suburb": "Arundel",
        "year": 2022
      },
      "type": "Feature"
    },
    {
      "geometry": {
        "coordinates": [
          153.376307932898,
          -27.965430484365697
        ],
        "type": "Point"
      },
      "properties": {
        "cell_id": "1074_13813",
        "cluster": 5,
        "suburb": "Molendinar",
        "year": 2022
      },
      "type": "Feature"
    },
    {
      "geometry": {
        "coordinates": [
          153.342864943439,
          -27.912037480544896
        ],
        "type": "Point"
      },
      "properties": {
        "cell_id": "1067_13824",
        "cluster": -1,
        "suburb": "Helensvale",
        "year": 2023
      },
      "type": "Feature"
    },
    {
      "geometry": {
        "coordinates": [
          153.411970929168,
          -27.964110487987195
        ],
        "type": "Point"
      },
      "properties": {
        "cell_id": "1081_13813",
        "cluster": 6,
        "suburb": "Southport",
        "year": 2023
      },
      "type": "Feature"
    },
    {
      "geometry": {
        "coordinates": [
          153.516440891764,
          -28.1639195002228
        ],
        "type": "Point"
      },
      "properties": {
        "cell_id": "1101_13769",
        "cluster": -1,
        "suburb": "Bilinga",
        "year": 2022
      },
      "type": "Feature"
    },
    {
      "geometry": {
        "coordinates": [
          153.388780916247,
          -28.083652486563295
        ],
        "type": "Point"
      },
      "properties": {
        "cell_id": "1076_13786",
        "cluster": -1,
        "suburb": "Robina",
        "year": 2022
      },
      "type": "Feature"
    },
    {
      "geometry": {
        "coordinates": [
          153.380297935636,
          -27.940839484578603
        ],
        "type": "Point"
      },
      "properties": {
        "cell_id": "1074_13818",
        "cluster": -1,
        "suburb": "Arundel",
        "year": 2022
      },
      "type": "Feature"
    },
    {
      "geometry": {
        "coordinates": [
          153.479399899728,
          -28.1340954962017
        ],
        "type": "Point"
      },
      "properties": {
        "cell_id": "1094_13775",
        "cluster": -1,
        "suburb": "Currumbin",
        "year": 2021
      },
      "type": "Feature"
    },
    {
      "geometry": {
        "coordinates": [
          153.361749945808,
          -27.877649482194602
        ],
        "type": "Point"
      },
      "properties": {
        "cell_id": "1071_13832",
        "cluster": -1,
        "suburb": "Hope Island",
        "year": 2022
      },
      "type": "Feature"
    },
    {
      "geometry": {
        "coordinates": [
          153.347016524173,
          -28.0036530716866
        ],
        "type": "Point"
      },
      "properties": {
        "cell_id": "1068_13804",
        "cluster": -1,
        "suburb": "Carrara",
        "year": 2023
      },
      "type": "Feature"
    },
    {
      "geometry": {
        "coordinates": [
          153.420187912288,
          -28.0875484897936
        ],
        "type": "Point"
      },
      "properties": {
        "cell_id": "1082_13786",
        "cluster": -1,
        "suburb": "Varsity Lakes",
        "year": 2023
      },
      "type": "Feature"
    },
    {
      "geometry": {
        "coordinates": [
          153.233565175143,
          -27.7498926531836
        ],
        "type": "Point"
      },
      "properties": {
        "cell_id": "1046_13860",
        "cluster": -1,
        "suburb": "Yatala",
        "year": 2023
      },
      "type": "Feature"
    },
    {
      "geometry": {
        "coordinates": [
          153.42896592537403,
          -27.979065489837197
        ],
        "type": "Point"
      },
      "properties": {
        "cell_id": "1084_13810",
        "cluster": -1,
        "suburb": "Main Beach",
        "year": 2022
      },
      "type": "Feature"
    },
    {
      "geometry": {
        "coordinates": [
          153.224662978735,
          -27.7371684671826
        ],
        "type": "Point"
      },
      "properties": {
        "cell_id": "1044_13863",
        "cluster": 23,
        "suburb": "Yatala",
        "year": 2023
      },
      "type": "Feature"
    },
    {
      "geometry": {
        "coordinates": [
          153.351555451061,
          -27.946398737698395
        ],
        "type": "Point"
      },
      "properties": {
        "cell_id": "1069_13817",
        "cluster": -1,
        "suburb": "Arundel",
        "year": 2021
      },
      "type": "Feature"
    },
    {
      "geometry": {
        "coordinates": [
          153.300467958687,
          -27.829395475589408
        ],
        "type": "Point"
      },
      "properties": {
        "cell_id": "1059_13843",
        "cluster": -1,
        "suburb": "Pimpama",
        "year": 2021
      },
      "type": "Feature"
    },
    {
      "geometry": {
        "coordinates": [
          153.288783961645,
          -27.816259474300704
        ],
        "type": "Point"
      },
      "properties": {
        "cell_id": "1056_13846",
        "cluster": -1,
        "suburb": "Pimpama",
        "year": 2023
      },
      "type": "Feature"
    },
    {
      "geometry": {
        "coordinates": [
          153.378617933385,
          -27.959705484555894
        ],
        "type": "Point"
      },
      "properties": {
        "cell_id": "1074_13814",
        "cluster": 7,
        "suburb": "Southport",
        "year": 2023
      },
      "type": "Feature"
    },
    {
      "geometry": {
        "coordinates": [
          153.244535973512,
          -27.761155469382903
        ],
        "type": "Point"
      },
      "properties": {
        "cell_id": "1048_13858",
        "cluster": 8,
        "suburb": "Ormeau",
        "year": 2023
      },
      "type": "Feature"
    },
    {
      "geometry": {
        "coordinates": [
          153.38042591752503,
          -27.964834209780193
        ],
        "type": "Point"
      },
      "properties": {
        "cell_id": "1074_13813",
        "cluster": -1,
        "suburb": "Southport",
        "year": 2023
      },
      "type": "Feature"
    },
    {
      "geometry": {
        "coordinates": [
          153.417706920595,
          -28.025526489054094
        ],
        "type": "Point"
      },
      "properties": {
        "cell_id": "1082_13799",
        "cluster": -1,
        "suburb": "Broadbeach Waters",
        "year": 2021
      },
      "type": "Feature"
    },
    {
      "geometry": {
        "coordinates": [
          153.30997695362902,
          -27.8607114768008
        ],
        "type": "Point"
      },
      "properties": {
        "cell_id": "1061_13836",
        "cluster": 9,
        "suburb": "Upper Coomera",
        "year": 2021
      },
      "type": "Feature"
    },
    {
      "geometry": {
        "coordinates": [
          153.368937956301,
          -27.790054482236393
        ],
        "type": "Point"
      },
      "properties": {
        "cell_id": "1072_13851",
        "cluster": -1,
        "suburb": "Jacobs Well",
        "year": 2023
      },
      "type": "Feature"
    },
    {
      "geometry": {
        "coordinates": [
          153.344805934956,
          -27.976212481246396
        ],
        "type": "Point"
      },
      "properties": {
        "cell_id": "1067_13810",
        "cluster": 10,
        "suburb": "Gaven",
        "year": 2021
      },
      "type": "Feature"
    },
    {
      "geometry": {
        "coordinates": [
          153.240791974731,
          -27.7548034689538
        ],
        "type": "Point"
      },
      "properties": {
        "cell_id": "1047_13859",
        "cluster": 8,
        "suburb": "Ormeau",
        "year": 2022
      },
      "type": "Feature"
    },
    {
      "geometry": {
        "coordinates": [
          153.336344941409,
          -27.933322480049593
        ],
        "type": "Point"
      },
      "properties": {
        "cell_id": "1066_13820",
        "cluster": 11,
        "suburb": "Helensvale",
        "year": 2021
      },
      "type": "Feature"
    },
    {
      "geometry": {
        "coordinates": [
          153.306442950247,
          -27.890025476672605
        ],
        "type": "Point"
      },
      "properties": {
        "cell_id": "1060_13829",
        "cluster": -1,
        "suburb": "Oxenford",
        "year": 2022
      },
      "type": "Feature"
    },
    {
      "geometry": {
        "coordinates": [
          153.444757911314,
          -28.074229492195094
        ],
        "type": "Point"
      },
      "properties": {
        "cell_id": "1087_13788",
        "cluster": 12,
        "suburb": "Miami",
        "year": 2023
      },
      "type": "Feature"
    },
    {
      "geometry": {
        "coordinates": [
          153.376570933106,
          -27.9636024843781
        ],
        "type": "Point"
      },
      "properties": {
        "cell_id": "1074_13813",
        "cluster": 5,
        "suburb": "Parkwood",
        "year": 2021
      },
      "type": "Feature"
    },
    {
      "geometry": {
        "coordinates": [
          153.44548891095204,
          -28.076404492286805
        ],
        "type": "Point"
      },
      "properties": {
        "cell_id": "1087_13788",
        "cluster": 12,
        "suburb": "Miami",
        "year": 2021
      },
      "type": "Feature"
    },
    {
      "geometry": {
        "coordinates": [
          153.473920900649,
          -28.1316534956228
        ],
        "type": "Point"
      },
      "properties": {
        "cell_id": "1093_13776",
        "cluster": 13,
        "suburb": "Palm Beach",
        "year": 2022
      },
      "type": "Feature"
    },
    {
      "geometry": {
        "coordinates": [
          153.431370742123,
          -28.017597913385103
        ],
        "type": "Point"
      },
      "properties": {
        "cell_id": "1084_13801",
        "cluster": 14,
        "suburb": "Surfers Paradise",
        "year": 2022
      },
      "type": "Feature"
    },
    {
      "geometry": {
        "coordinates": [
          153.419534910678,
          -28.100523489828795
        ],
        "type": "Point"
      },
      "properties": {
        "cell_id": "1082_13783",
        "cluster": -1,
        "suburb": "Burleigh Waters",
        "year": 2021
      },
      "type": "Feature"
    },
    {
      "geometry": {
        "coordinates": [
          153.242461970055,
          -27.7586692421533
        ],
        "type": "Point"
      },
      "properties": {
        "cell_id": "1047_13859",
        "cluster": 8,
        "suburb": "Yatala",
        "year": 2023
      },
      "type": "Feature"
    },
    {
      "geometry": {
        "coordinates": [
          153.39511993129,
          -27.9619514862536
        ],
        "type": "Point"
      },
      "properties": {
        "cell_id": "1077_13813",
        "cluster": 15,
        "suburb": "Southport",
        "year": 2023
      },
      "type": "Feature"
    },
    {
      "geometry": {
        "coordinates": [
          153.43151291782402,
          -28.035226490537905
        ],
        "type": "Point"
      },
      "properties": {
        "cell_id": "1084_13797",
        "cluster": 16,
        "suburb": "Broadbeach",
        "year": 2021
      },
      "type": "Feature"
    },
    {
      "geometry": {
        "coordinates": [
          153.341788938725,
          -27.9495354807302
        ],
        "type": "Point"
      },
      "properties": {
        "cell_id": "1067_13816",
        "cluster": 4,
        "suburb": "Arundel",
        "year": 2022
      },
      "type": "Feature"
    },
    {
      "geometry": {
        "coordinates": [
          153.46285590509103,
          -28.106842494298196
        ],
        "type": "Point"
      },
      "properties": {
        "cell_id": "1090_13781",
        "cluster": -1,
        "suburb": "Palm Beach",
        "year": 2022
      },
      "type": "Feature"
    },
    {
      "geometry": {
        "coordinates": [
          153.390339935355,
          -27.934517485551297
        ],
        "type": "Point"
      },
      "properties": {
        "cell_id": "1076_13819",
        "cluster": 0,
        "suburb": "Arundel",
        "year": 2022
      },
      "type": "Feature"
    },
    {
      "geometry": {
        "coordinates": [
          153.430376921853,
          -28.005076490185395
        ],
        "type": "Point"
      },
      "properties": {
        "cell_id": "1084_13804",
        "cluster": 17,
        "suburb": "Surfers Paradise",
        "year": 2021
      },
      "type": "Feature"
    },
    {
      "geometry": {
        "coordinates": [
          153.318576946138,
          -27.91167147807459
        ],
        "type": "Point"
      },
      "properties": {
        "cell_id": "1062_13825",
        "cluster": -1,
        "suburb": "Oxenford",
        "year": 2023
      },
      "type": "Feature"
    },
    {
      "geometry": {
        "coordinates": [
          153.402585928767,
          -27.975156487117797
        ],
        "type": "Point"
      },
      "properties": {
        "cell_id": "1079_13810",
        "cluster": 18,
        "suburb": "Southport",
        "year": 2023
      },
      "type": "Feature"
    },
    {
      "geometry": {
        "coordinates": [
          153.416257909197,
          -28.11472948960609
        ],
        "type": "Point"
      },
      "properties": {
        "cell_id": "1081_13780",
        "cluster": -1,
        "suburb": "Burleigh Heads",
        "year": 2022
      },
      "type": "Feature"
    },
    {
      "geometry": {
        "coordinates": [
          153.343145763235,
          -27.95218795688899
        ],
        "type": "Point"
      },
      "properties": {
        "cell_id": "1067_13816",
        "cluster": 4,
        "suburb": "Arundel",
        "year": 2022
      },
      "type": "Feature"
    },
    {
      "geometry": {
        "coordinates": [
          153.406838925371,
          -27.997817487728994
        ],
        "type": "Point"
      },
      "properties": {
        "cell_id": "1080_13805",
        "cluster": -1,
        "suburb": "Southport",
        "year": 2022
      },
      "type": "Feature"
    },
    {
      "geometry": {
        "coordinates": [
          153.31522494767,
          -27.902606477662992
        ],
        "type": "Point"
      },
      "properties": {
        "cell_id": "1062_13827",
        "cluster": 19,
        "suburb": "Oxenford",
        "year": 2021
      },
      "type": "Feature"
    },
    {
      "geometry": {
        "coordinates": [
          153.332634956622,
          -27.818233478767496
        ],
        "type": "Point"
      },
      "properties": {
        "cell_id": "1065_13845",
        "cluster": -1,
        "suburb": "Pimpama",
        "year": 2021
      },
      "type": "Feature"
    },
    {
      "geometry": {
        "coordinates": [
          153.37356693763,
          -27.931084483817
        ],
        "type": "Point"
      },
      "properties": {
        "cell_id": "1073_13820",
        "cluster": 20,
        "suburb": "Coombabah",
        "year": 2021
      },
      "type": "Feature"
    },
    {
      "geometry": {
        "coordinates": [
          153.393055928023,
          -27.988978486255697
        ],
        "type": "Point"
      },
      "properties": {
        "cell_id": "1077_13807",
        "cluster": 21,
        "suburb": "Ashmore",
        "year": 2023
      },
      "type": "Feature"
    },
    {
      "geometry": {
        "coordinates": [
          153.417579919215,
          -28.036289489125704
        ],
        "type": "Point"
      },
      "properties": {
        "cell_id": "1082_13797",
        "cluster": 79,
        "suburb": "Broadbeach Waters",
        "year": 2021
      },
      "type": "Feature"
    },
    {
      "geometry": {
        "coordinates": [
          153.376682956641,
          -28.083168739327892
        ],
        "type": "Point"
      },
      "properties": {
        "cell_id": "1074_13787",
        "cluster": -1,
        "suburb": "Mudgeeraba",
        "year": 2022
      },
      "type": "Feature"
    },
    {
      "geometry": {
        "coordinates": [
          153.336053956848,
          -27.813582479078303
        ],
        "type": "Point"
      },
      "properties": {
        "cell_id": "1066_13846",
        "cluster": -1,
        "suburb": "Pimpama",
        "year": 2021
      },
      "type": "Feature"
    },
    {
      "geometry": {
        "coordinates": [
          153.443667909393,
          -28.089958492207195
        ],
        "type": "Point"
      },
      "properties": {
        "cell_id": "1087_13785",
        "cluster": -1,
        "suburb": "Burleigh Waters",
        "year": 2023
      },
      "type": "Feature"
    },
    {
      "geometry": {
        "coordinates": [
          153.337706957344,
          -27.8083294792049
        ],
        "type": "Point"
      },
      "properties": {
        "cell_id": "1066_13847",
        "cluster": -1,
        "suburb": "Pimpama",
        "year": 2022
      },
      "type": "Feature"
    },
    {
      "geometry": {
        "coordinates": [
          153.47254007972,
          -28.1399716265469
        ],
        "type": "Point"
      },
      "properties": {
        "cell_id": "1092_13774",
        "cluster": -1,
        "suburb": "Currumbin Waters",
        "year": 2023
      },
      "type": "Feature"
    },
    {
      "geometry": {
        "coordinates": [
          153.318030953521,
          -27.854728477571403
        ],
        "type": "Point"
      },
      "properties": {
        "cell_id": "1062_13837",
        "cluster": -1,
        "suburb": "Coomera",
        "year": 2021
      },
      "type": "Feature"
    },
    {
      "geometry": {
        "coordinates": [
          153.272834939041,
          -28.005735474172695
        ],
        "type": "Point"
      },
      "properties": {
        "cell_id": "1053_13804",
        "cluster": -1,
        "suburb": "Mount Nathan",
        "year": 2023
      },
      "type": "Feature"
    },
    {
      "geometry": {
        "coordinates": [
          153.408694931786,
          -27.946621487515998
        ],
        "type": "Point"
      },
      "properties": {
        "cell_id": "1080_13817",
        "cluster": 22,
        "suburb": "Labrador",
        "year": 2021
      },
      "type": "Feature"
    },
    {
      "geometry": {
        "coordinates": [
          153.226923827638,
          -27.736012367402196
        ],
        "type": "Point"
      },
      "properties": {
        "cell_id": "1044_13864",
        "cluster": 23,
        "suburb": "Yatala",
        "year": 2022
      },
      "type": "Feature"
    },
    {
      "geometry": {
        "coordinates": [
          153.424056921647,
          -28.012018489595498
        ],
        "type": "Point"
      },
      "properties": {
        "cell_id": "1083_13802",
        "cluster": -1,
        "suburb": "Surfers Paradise",
        "year": 2023
      },
      "type": "Feature"
    },
    {
      "geometry": {
        "coordinates": [
          153.344908961656,
          -27.768686479624602
        ],
        "type": "Point"
      },
      "properties": {
        "cell_id": "1067_13856",
        "cluster": -1,
        "suburb": "Jacobs Well",
        "year": 2021
      },
      "type": "Feature"
    },
    {
      "geometry": {
        "coordinates": [
          153.416187928419,
          -27.966329488434496
        ],
        "type": "Point"
      },
      "properties": {
        "cell_id": "1081_13812",
        "cluster": -1,
        "suburb": "Southport",
        "year": 2022
      },
      "type": "Feature"
    },
    {
      "geometry": {
        "coordinates": [
          153.358308125736,
          -27.981954198664305
        ],
        "type": "Point"
      },
      "properties": {
        "cell_id": "1070_13809",
        "cluster": -1,
        "suburb": "Molendinar",
        "year": 2021
      },
      "type": "Feature"
    },
    {
      "geometry": {
        "coordinates": [
          153.410947927725,
          -27.976133487977396
        ],
        "type": "Point"
      },
      "properties": {
        "cell_id": "1080_13810",
        "cluster": 24,
        "suburb": "Southport",
        "year": 2021
      },
      "type": "Feature"
    },
    {
      "geometry": {
        "coordinates": [
          153.36006592374602,
          -28.050077483377805
        ],
        "type": "Point"
      },
      "properties": {
        "cell_id": "1070_13794",
        "cluster": -1,
        "suburb": "Merrimac",
        "year": 2022
      },
      "type": "Feature"
    },
    {
      "geometry": {
        "coordinates": [
          153.304228956702,
          -27.841670476067595
        ],
        "type": "Point"
      },
      "properties": {
        "cell_id": "1059_13840",
        "cluster": 25,
        "suburb": "Coomera",
        "year": 2022
      },
      "type": "Feature"
    },
    {
      "geometry": {
        "coordinates": [
          153.307038955328,
          -27.849981476418197
        ],
        "type": "Point"
      },
      "properties": {
        "cell_id": "1060_13838",
        "cluster": -1,
        "suburb": "Coomera",
        "year": 2022
      },
      "type": "Feature"
    },
    {
      "geometry": {
        "coordinates": [
          153.440169906675,
          -28.113874492037812
        ],
        "type": "Point"
      },
      "properties": {
        "cell_id": "1086_13780",
        "cluster": -1,
        "suburb": "Tallebudgera",
        "year": 2022
      },
      "type": "Feature"
    },
    {
      "geometry": {
        "coordinates": [
          153.39511993129,
          -27.9619514862536
        ],
        "type": "Point"
      },
      "properties": {
        "cell_id": "1077_13813",
        "cluster": 15,
        "suburb": "Southport",
        "year": 2022
      },
      "type": "Feature"
    },
    {
      "geometry": {
        "coordinates": [
          153.305631169965,
          -27.8462164102457
        ],
        "type": "Point"
      },
      "properties": {
        "cell_id": "1060_13839",
        "cluster": -1,
        "suburb": "Coomera",
        "year": 2022
      },
      "type": "Feature"
    },
    {
      "geometry": {
        "coordinates": [
          153.304342269643,
          -27.842033681081993
        ],
        "type": "Point"
      },
      "properties": {
        "cell_id": "1059_13840",
        "cluster": 25,
        "suburb": "Coomera",
        "year": 2023
      },
      "type": "Feature"
    },
    {
      "geometry": {
        "coordinates": [
          153.305306959092,
          -27.8221474760234
        ],
        "type": "Point"
      },
      "properties": {
        "cell_id": "1060_13844",
        "cluster": 26,
        "suburb": "Pimpama",
        "year": 2023
      },
      "type": "Feature"
    },
    {
      "geometry": {
        "coordinates": [
          153.391062929548,
          -27.9788684859733
        ],
        "type": "Point"
      },
      "properties": {
        "cell_id": "1076_13810",
        "cluster": -1,
        "suburb": "Southport",
        "year": 2022
      },
      "type": "Feature"
    },
    {
      "geometry": {
        "coordinates": [
          153.273664967962,
          -27.779804472480706
        ],
        "type": "Point"
      },
      "properties": {
        "cell_id": "1053_13854",
        "cluster": -1,
        "suburb": "Ormeau",
        "year": 2022
      },
      "type": "Feature"
    },
    {
      "geometry": {
        "coordinates": [
          153.339173767643,
          -27.991176535791507
        ],
        "type": "Point"
      },
      "properties": {
        "cell_id": "1066_13807",
        "cluster": 27,
        "suburb": "Nerang",
        "year": 2022
      },
      "type": "Feature"
    },
    {
      "geometry": {
        "coordinates": [
          153.304621956428,
          -27.843469476121705
        ],
        "type": "Point"
      },
      "properties": {
        "cell_id": "1059_13840",
        "cluster": 25,
        "suburb": "Coomera",
        "year": 2023
      },
      "type": "Feature"
    },
    {
      "geometry": {
        "coordinates": [
          153.305306959092,
          -27.8221474760234
        ],
        "type": "Point"
      },
      "properties": {
        "cell_id": "1060_13844",
        "cluster": 26,
        "suburb": "Pimpama",
        "year": 2023
      },
      "type": "Feature"
    },
    {
      "geometry": {
        "coordinates": [
          153.234161947459,
          -27.9732384700005
        ],
        "type": "Point"
      },
      "properties": {
        "cell_id": "1046_13811",
        "cluster": -1,
        "suburb": "Clagiraba",
        "year": 2023
      },
      "type": "Feature"
    },
    {
      "geometry": {
        "coordinates": [
          153.471720901046,
          -28.130463495388696
        ],
        "type": "Point"
      },
      "properties": {
        "cell_id": "1092_13776",
        "cluster": -1,
        "suburb": "Palm Beach",
        "year": 2023
      },
      "type": "Feature"
    },
    {
      "geometry": {
        "coordinates": [
          153.344193937656,
          -27.955785481023792
        ],
        "type": "Point"
      },
      "properties": {
        "cell_id": "1067_13815",
        "cluster": 4,
        "suburb": "Gaven",
        "year": 2021
      },
      "type": "Feature"
    },
    {
      "geometry": {
        "coordinates": [
          153.429385922748,
          -27.998999490036596
        ],
        "type": "Point"
      },
      "properties": {
        "cell_id": "1084_13805",
        "cluster": 17,
        "suburb": "Surfers Paradise",
        "year": 2023
      },
      "type": "Feature"
    },
    {
      "geometry": {
        "coordinates": [
          153.285603961678,
          -27.818698473997404
        ],
        "type": "Point"
      },
      "properties": {
        "cell_id": "1056_13845",
        "cluster": 28,
        "suburb": "Pimpama",
        "year": 2023
      },
      "type": "Feature"
    },
    {
      "geometry": {
        "coordinates": [
          153.302303957884,
          -27.834096475812704
        ],
        "type": "Point"
      },
      "properties": {
        "cell_id": "1059_13842",
        "cluster": -1,
        "suburb": "Pimpama",
        "year": 2023
      },
      "type": "Feature"
    },
    {
      "geometry": {
        "coordinates": [
          153.261456953816,
          -27.900469472192892
        ],
        "type": "Point"
      },
      "properties": {
        "cell_id": "1051_13827",
        "cluster": -1,
        "suburb": "Upper Coomera",
        "year": 2023
      },
      "type": "Feature"
    },
    {
      "geometry": {
        "coordinates": [
          153.362742914818,
          -28.116841484173502
        ],
        "type": "Point"
      },
      "properties": {
        "cell_id": "1071_13779",
        "cluster": -1,
        "suburb": "Bonogin",
        "year": 2022
      },
      "type": "Feature"
    },
    {
      "geometry": {
        "coordinates": [
          153.405448930655,
          -27.958119487275603
        ],
        "type": "Point"
      },
      "properties": {
        "cell_id": "1079_13814",
        "cluster": 6,
        "suburb": "Southport",
        "year": 2021
      },
      "type": "Feature"
    },
    {
      "geometry": {
        "coordinates": [
          153.433496917098,
          -28.0391494907711
        ],
        "type": "Point"
      },
      "properties": {
        "cell_id": "1085_13796",
        "cluster": 16,
        "suburb": "Mermaid Beach",
        "year": 2023
      },
      "type": "Feature"
    },
    {
      "geometry": {
        "coordinates": [
          153.280992954222,
          -27.880694474017492
        ],
        "type": "Point"
      },
      "properties": {
        "cell_id": "1055_13831",
        "cluster": -1,
        "suburb": "Upper Coomera",
        "year": 2023
      },
      "type": "Feature"
    },
    {
      "geometry": {
        "coordinates": [
          153.294493960126,
          -27.82325047493489
        ],
        "type": "Point"
      },
      "properties": {
        "cell_id": "1058_13844",
        "cluster": 29,
        "suburb": "Pimpama",
        "year": 2023
      },
      "type": "Feature"
    },
    {
      "geometry": {
        "coordinates": [
          153.479480898174,
          -28.145979496303095
        ],
        "type": "Point"
      },
      "properties": {
        "cell_id": "1094_13773",
        "cluster": -1,
        "suburb": "Currumbin Waters",
        "year": 2021
      },
      "type": "Feature"
    },
    {
      "geometry": {
        "coordinates": [
          153.31415595002,
          -27.885244477418006
        ],
        "type": "Point"
      },
      "properties": {
        "cell_id": "1061_13830",
        "cluster": 30,
        "suburb": "Oxenford",
        "year": 2021
      },
      "type": "Feature"
    },
    {
      "geometry": {
        "coordinates": [
          153.388574936238,
          -27.929171485329505
        ],
        "type": "Point"
      },
      "properties": {
        "cell_id": "1076_13821",
        "cluster": -1,
        "suburb": "Biggera Waters",
        "year": 2021
      },
      "type": "Feature"
    },
    {
      "geometry": {
        "coordinates": [
          153.470664902437,
          -28.120657495204
        ],
        "type": "Point"
      },
      "properties": {
        "cell_id": "1092_13778",
        "cluster": 34,
        "suburb": "Palm Beach",
        "year": 2021
      },
      "type": "Feature"
    },
    {
      "geometry": {
        "coordinates": [
          153.309251436925,
          -27.8590287617139
        ],
        "type": "Point"
      },
      "properties": {
        "cell_id": "1060_13836",
        "cluster": 9,
        "suburb": "Upper Coomera",
        "year": 2021
      },
      "type": "Feature"
    },
    {
      "geometry": {
        "coordinates": [
          153.272937952864,
          -27.898120473337904
        ],
        "type": "Point"
      },
      "properties": {
        "cell_id": "1053_13828",
        "cluster": -1,
        "suburb": "Upper Coomera",
        "year": 2021
      },
      "type": "Feature"
    },
    {
      "geometry": {
        "coordinates": [
          153.395072917612,
          -28.0677614870794
        ],
        "type": "Point"
      },
      "properties": {
        "cell_id": "1077_13790",
        "cluster": 31,
        "suburb": "Robina",
        "year": 2023
      },
      "type": "Feature"
    },
    {
      "geometry": {
        "coordinates": [
          153.25970896807104,
          -27.790789471152998
        ],
        "type": "Point"
      },
      "properties": {
        "cell_id": "1051_13851",
        "cluster": -1,
        "suburb": "Ormeau",
        "year": 2022
      },
      "type": "Feature"
    },
    {
      "geometry": {
        "coordinates": [
          153.423306959196,
          -28.1010427482174
        ],
        "type": "Point"
      },
      "properties": {
        "cell_id": "1083_13783",
        "cluster": 32,
        "suburb": "Burleigh Waters",
        "year": 2022
      },
      "type": "Feature"
    },
    {
      "geometry": {
        "coordinates": [
          153.332290671669,
          -28.004576292197296
        ],
        "type": "Point"
      },
      "properties": {
        "cell_id": "1065_13804",
        "cluster": -1,
        "suburb": "Nerang",
        "year": 2023
      },
      "type": "Feature"
    },
    {
      "geometry": {
        "coordinates": [
          153.283279962068,
          -27.817623473753297
        ],
        "type": "Point"
      },
      "properties": {
        "cell_id": "1055_13845",
        "cluster": 28,
        "suburb": "Pimpama",
        "year": 2023
      },
      "type": "Feature"
    },
    {
      "geometry": {
        "coordinates": [
          153.419852927257,
          -27.972220488854294
        ],
        "type": "Point"
      },
      "properties": {
        "cell_id": "1082_13811",
        "cluster": -1,
        "suburb": "Southport",
        "year": 2023
      },
      "type": "Feature"
    },
    {
      "geometry": {
        "coordinates": [
          153.438110914199,
          -28.057612491386593
        ],
        "type": "Point"
      },
      "properties": {
        "cell_id": "1086_13792",
        "cluster": -1,
        "suburb": "Mermaid Beach",
        "year": 2023
      },
      "type": "Feature"
    },
    {
      "geometry": {
        "coordinates": [
          153.429298921201,
          -28.0110274901222
        ],
        "type": "Point"
      },
      "properties": {
        "cell_id": "1084_13803",
        "cluster": 14,
        "suburb": "Surfers Paradise",
        "year": 2023
      },
      "type": "Feature"
    },
    {
      "geometry": {
        "coordinates": [
          153.455309907175,
          -28.0971864934521
        ],
        "type": "Point"
      },
      "properties": {
        "cell_id": "1089_13783",
        "cluster": -1,
        "suburb": "Burleigh Heads",
        "year": 2021
      },
      "type": "Feature"
    },
    {
      "geometry": {
        "coordinates": [
          153.277046200277,
          -27.813488149088695
        ],
        "type": "Point"
      },
      "properties": {
        "cell_id": "1054_13846",
        "cluster": -1,
        "suburb": "Pimpama",
        "year": 2021
      },
      "type": "Feature"
    },
    {
      "geometry": {
        "coordinates": [
          153.382857929492,
          -27.986256485195995
        ],
        "type": "Point"
      },
      "properties": {
        "cell_id": "1075_13808",
        "cluster": -1,
        "suburb": "Ashmore",
        "year": 2023
      },
      "type": "Feature"
    },
    {
      "geometry": {
        "coordinates": [
          153.39252302759,
          -27.9153565196229
        ],
        "type": "Point"
      },
      "properties": {
        "cell_id": "1077_13824",
        "cluster": -1,
        "suburb": "Runaway Bay",
        "year": 2023
      },
      "type": "Feature"
    },
    {
      "geometry": {
        "coordinates": [
          153.261155968653,
          -27.785015471254095
        ],
        "type": "Point"
      },
      "properties": {
        "cell_id": "1051_13853",
        "cluster": -1,
        "suburb": "Ormeau",
        "year": 2022
      },
      "type": "Feature"
    },
    {
      "geometry": {
        "coordinates": [
          153.378177928291,
          -27.9995234848238
        ],
        "type": "Point"
      },
      "properties": {
        "cell_id": "1074_13805",
        "cluster": 48,
        "suburb": "Benowa",
        "year": 2022
      },
      "type": "Feature"
    },
    {
      "geometry": {
        "coordinates": [
          153.254036969742,
          -27.7825534705136
        ],
        "type": "Point"
      },
      "properties": {
        "cell_id": "1050_13853",
        "cluster": -1,
        "suburb": "Ormeau",
        "year": 2022
      },
      "type": "Feature"
    },
    {
      "geometry": {
        "coordinates": [
          153.283107871212,
          -27.777658371421094
        ],
        "type": "Point"
      },
      "properties": {
        "cell_id": "1055_13854",
        "cluster": -1,
        "suburb": "Norwell",
        "year": 2021
      },
      "type": "Feature"
    },
    {
      "geometry": {
        "coordinates": [
          153.41987891698,
          -28.051596489480104
        ],
        "type": "Point"
      },
      "properties": {
        "cell_id": "1082_13794",
        "cluster": -1,
        "suburb": "Mermaid Waters",
        "year": 2023
      },
      "type": "Feature"
    },
    {
      "geometry": {
        "coordinates": [
          153.375116944361,
          -27.877570483553896
        ],
        "type": "Point"
      },
      "properties": {
        "cell_id": "1073_13832",
        "cluster": -1,
        "suburb": "Hope Island",
        "year": 2022
      },
      "type": "Feature"
    },
    {
      "geometry": {
        "coordinates": [
          153.426253922636,
          -28.0025204897449
        ],
        "type": "Point"
      },
      "properties": {
        "cell_id": "1083_13804",
        "cluster": 17,
        "suburb": "Surfers Paradise",
        "year": 2023
      },
      "type": "Feature"
    },
    {
      "geometry": {
        "coordinates": [
          153.417796920603,
          -28.025386489062203
        ],
        "type": "Point"
      },
      "properties": {
        "cell_id": "1082_13799",
        "cluster": -1,
        "suburb": "Broadbeach Waters",
        "year": 2023
      },
      "type": "Feature"
    },
    {
      "geometry": {
        "coordinates": [
          153.471337900776,
          -28.1328634953684
        ],
        "type": "Point"
      },
      "properties": {
        "cell_id": "1092_13775",
        "cluster": 13,
        "suburb": "Palm Beach",
        "year": 2023
      },
      "type": "Feature"
    },
    {
      "geometry": {
        "coordinates": [
          153.370283931258,
          -27.9832444838927
        ],
        "type": "Point"
      },
      "properties": {
        "cell_id": "1072_13809",
        "cluster": 33,
        "suburb": "Molendinar",
        "year": 2022
      },
      "type": "Feature"
    },
    {
      "geometry": {
        "coordinates": [
          153.287719961714,
          -27.816616474195595
        ],
        "type": "Point"
      },
      "properties": {
        "cell_id": "1056_13846",
        "cluster": -1,
        "suburb": "Pimpama",
        "year": 2023
      },
      "type": "Feature"
    },
    {
      "geometry": {
        "coordinates": [
          153.472176902086,
          -28.122073495369502
        ],
        "type": "Point"
      },
      "properties": {
        "cell_id": "1092_13778",
        "cluster": 34,
        "suburb": "Palm Beach",
        "year": 2023
      },
      "type": "Feature"
    },
    {
      "geometry": {
        "coordinates": [
          153.44548891095204,
          -28.076404492286805
        ],
        "type": "Point"
      },
      "properties": {
        "cell_id": "1087_13788",
        "cluster": 12,
        "suburb": "Miami",
        "year": 2021
      },
      "type": "Feature"
    },
    {
      "geometry": {
        "coordinates": [
          153.426684643389,
          -28.034955666043395
        ],
        "type": "Point"
      },
      "properties": {
        "cell_id": "1083_13797",
        "cluster": 16,
        "suburb": "Broadbeach Waters",
        "year": 2023
      },
      "type": "Feature"
    },
    {
      "geometry": {
        "coordinates": [
          153.42545890991002,
          -28.101420490439804
        ],
        "type": "Point"
      },
      "properties": {
        "cell_id": "1083_13782",
        "cluster": 32,
        "suburb": "Burleigh Heads",
        "year": 2022
      },
      "type": "Feature"
    },
    {
      "geometry": {
        "coordinates": [
          153.41077492321,
          -28.011190488235105
        ],
        "type": "Point"
      },
      "properties": {
        "cell_id": "1080_13802",
        "cluster": 35,
        "suburb": "Bundall",
        "year": 2023
      },
      "type": "Feature"
    },
    {
      "geometry": {
        "coordinates": [
          153.402188931217,
          -27.956527486931
        ],
        "type": "Point"
      },
      "properties": {
        "cell_id": "1079_13815",
        "cluster": 36,
        "suburb": "Southport",
        "year": 2022
      },
      "type": "Feature"
    },
    {
      "geometry": {
        "coordinates": [
          153.410685913667,
          -28.0849694888049
        ],
        "type": "Point"
      },
      "properties": {
        "cell_id": "1080_13786",
        "cluster": -1,
        "suburb": "Varsity Lakes",
        "year": 2021
      },
      "type": "Feature"
    },
    {
      "geometry": {
        "coordinates": [
          153.415123692131,
          -28.100775319381096
        ],
        "type": "Point"
      },
      "properties": {
        "cell_id": "1081_13783",
        "cluster": -1,
        "suburb": "Varsity Lakes",
        "year": 2021
      },
      "type": "Feature"
    },
    {
      "geometry": {
        "coordinates": [
          153.242565555049,
          -27.7586307981635
        ],
        "type": "Point"
      },
      "properties": {
        "cell_id": "1047_13859",
        "cluster": 8,
        "suburb": "Yatala",
        "year": 2022
      },
      "type": "Feature"
    },
    {
      "geometry": {
        "coordinates": [
          153.231132978411,
          -27.734213467814005
        ],
        "type": "Point"
      },
      "properties": {
        "cell_id": "1045_13864",
        "cluster": 23,
        "suburb": "Stapylton",
        "year": 2023
      },
      "type": "Feature"
    },
    {
      "geometry": {
        "coordinates": [
          153.370187931276,
          -27.983187483882503
        ],
        "type": "Point"
      },
      "properties": {
        "cell_id": "1072_13809",
        "cluster": 33,
        "suburb": "Molendinar",
        "year": 2023
      },
      "type": "Feature"
    },
    {
      "geometry": {
        "coordinates": [
          153.444252911188,
          -28.0756304921546
        ],
        "type": "Point"
      },
      "properties": {
        "cell_id": "1087_13788",
        "cluster": 12,
        "suburb": "Miami",
        "year": 2023
      },
      "type": "Feature"
    },
    {
      "geometry": {
        "coordinates": [
          153.253838969806,
          -27.7822154704908
        ],
        "type": "Point"
      },
      "properties": {
        "cell_id": "1050_13853",
        "cluster": -1,
        "suburb": "Ormeau",
        "year": 2023
      },
      "type": "Feature"
    },
    {
      "geometry": {
        "coordinates": [
          153.307821509937,
          -27.8290051153326
        ],
        "type": "Point"
      },
      "properties": {
        "cell_id": "1060_13843",
        "cluster": -1,
        "suburb": "Pimpama",
        "year": 2023
      },
      "type": "Feature"
    },
    {
      "geometry": {
        "coordinates": [
          153.314188951169,
          -27.8762804773509
        ],
        "type": "Point"
      },
      "properties": {
        "cell_id": "1061_13832",
        "cluster": 30,
        "suburb": "Upper Coomera",
        "year": 2023
      },
      "type": "Feature"
    },
    {
      "geometry": {
        "coordinates": [
          153.424288566148,
          -28.115999944434698
        ],
        "type": "Point"
      },
      "properties": {
        "cell_id": "1083_13779",
        "cluster": -1,
        "suburb": "Burleigh Heads",
        "year": 2022
      },
      "type": "Feature"
    },
    {
      "geometry": {
        "coordinates": [
          153.321887402848,
          -28.050797746503203
        ],
        "type": "Point"
      },
      "properties": {
        "cell_id": "1063_13794",
        "cluster": -1,
        "suburb": "Tallai",
        "year": 2021
      },
      "type": "Feature"
    },
    {
      "geometry": {
        "coordinates": [
          153.262765966314,
          -27.801909471550204
        ],
        "type": "Point"
      },
      "properties": {
        "cell_id": "1051_13849",
        "cluster": -1,
        "suburb": "Pimpama",
        "year": 2021
      },
      "type": "Feature"
    },
    {
      "geometry": {
        "coordinates": [
          153.432214917475,
          -28.037325490625996
        ],
        "type": "Point"
      },
      "properties": {
        "cell_id": "1084_13797",
        "cluster": 16,
        "suburb": "Mermaid Beach",
        "year": 2021
      },
      "type": "Feature"
    },
    {
      "geometry": {
        "coordinates": [
          153.340057931949,
          -28.003550480978493
        ],
        "type": "Point"
      },
      "properties": {
        "cell_id": "1066_13804",
        "cluster": 49,
        "suburb": "Nerang",
        "year": 2021
      },
      "type": "Feature"
    },
    {
      "geometry": {
        "coordinates": [
          153.343858934096,
          -27.9836814812088
        ],
        "type": "Point"
      },
      "properties": {
        "cell_id": "1067_13809",
        "cluster": 37,
        "suburb": "Ashmore",
        "year": 2021
      },
      "type": "Feature"
    },
    {
      "geometry": {
        "coordinates": [
          153.30792219610402,
          -28.00641905073709
        ],
        "type": "Point"
      },
      "properties": {
        "cell_id": "1060_13804",
        "cluster": -1,
        "suburb": "Nerang",
        "year": 2021
      },
      "type": "Feature"
    },
    {
      "geometry": {
        "coordinates": [
          153.356957602347,
          -27.924090261072397
        ],
        "type": "Point"
      },
      "properties": {
        "cell_id": "1070_13822",
        "cluster": 1,
        "suburb": "Coombabah",
        "year": 2021
      },
      "type": "Feature"
    },
    {
      "geometry": {
        "coordinates": [
          153.340464933426,
          -27.991756480927297
        ],
        "type": "Point"
      },
      "properties": {
        "cell_id": "1066_13807",
        "cluster": 27,
        "suburb": "Nerang",
        "year": 2022
      },
      "type": "Feature"
    },
    {
      "geometry": {
        "coordinates": [
          153.226922960524,
          -27.877561468516188
        ],
        "type": "Point"
      },
      "properties": {
        "cell_id": "1044_13832",
        "cluster": -1,
        "suburb": "Wongawallan",
        "year": 2021
      },
      "type": "Feature"
    },
    {
      "geometry": {
        "coordinates": [
          153.335717952048,
          -27.851205479340194
        ],
        "type": "Point"
      },
      "properties": {
        "cell_id": "1066_13838",
        "cluster": -1,
        "suburb": "Coomera",
        "year": 2021
      },
      "type": "Feature"
    },
    {
      "geometry": {
        "coordinates": [
          153.314525210441,
          -27.873883278366094
        ],
        "type": "Point"
      },
      "properties": {
        "cell_id": "1061_13833",
        "cluster": 30,
        "suburb": "Coomera",
        "year": 2021
      },
      "type": "Feature"
    },
    {
      "geometry": {
        "coordinates": [
          153.408546929486,
          -27.9645444876417
        ],
        "type": "Point"
      },
      "properties": {
        "cell_id": "1080_13813",
        "cluster": 6,
        "suburb": "Southport",
        "year": 2022
      },
      "type": "Feature"
    },
    {
      "geometry": {
        "coordinates": [
          153.364523931815,
          -27.9838184833112
        ],
        "type": "Point"
      },
      "properties": {
        "cell_id": "1071_13809",
        "cluster": 38,
        "suburb": "Molendinar",
        "year": 2021
      },
      "type": "Feature"
    },
    {
      "geometry": {
        "coordinates": [
          153.432047255357,
          -28.046098699677703
        ],
        "type": "Point"
      },
      "properties": {
        "cell_id": "1084_13795",
        "cluster": -1,
        "suburb": "Mermaid Waters",
        "year": 2021
      },
      "type": "Feature"
    },
    {
      "geometry": {
        "coordinates": [
          153.406891586975,
          -28.047206551122095
        ],
        "type": "Point"
      },
      "properties": {
        "cell_id": "1079_13795",
        "cluster": 39,
        "suburb": "Mermaid Waters",
        "year": 2023
      },
      "type": "Feature"
    },
    {
      "geometry": {
        "coordinates": [
          153.325418967196,
          -27.741989477434004
        ],
        "type": "Point"
      },
      "properties": {
        "cell_id": "1064_13862",
        "cluster": -1,
        "suburb": "Steiglitz",
        "year": 2021
      },
      "type": "Feature"
    },
    {
      "geometry": {
        "coordinates": [
          153.341747019574,
          -28.082474654769296
        ],
        "type": "Point"
      },
      "properties": {
        "cell_id": "1067_13787",
        "cluster": -1,
        "suburb": "Tallai",
        "year": 2021
      },
      "type": "Feature"
    },
    {
      "geometry": {
        "coordinates": [
          153.394592918561,
          -28.06083848697619
        ],
        "type": "Point"
      },
      "properties": {
        "cell_id": "1077_13791",
        "cluster": -1,
        "suburb": "Robina",
        "year": 2023
      },
      "type": "Feature"
    },
    {
      "geometry": {
        "coordinates": [
          153.261632966613,
          -27.800535471424602
        ],
        "type": "Point"
      },
      "properties": {
        "cell_id": "1051_13849",
        "cluster": -1,
        "suburb": "Kingsholme",
        "year": 2021
      },
      "type": "Feature"
    },
    {
      "geometry": {
        "coordinates": [
          153.419076925836,
          -27.976129581805907
        ],
        "type": "Point"
      },
      "properties": {
        "cell_id": "1082_13810",
        "cluster": -1,
        "suburb": "Southport",
        "year": 2022
      },
      "type": "Feature"
    },
    {
      "geometry": {
        "coordinates": [
          153.33274216403,
          -27.9548515728527
        ],
        "type": "Point"
      },
      "properties": {
        "cell_id": "1065_13815",
        "cluster": -1,
        "suburb": "Gaven",
        "year": 2021
      },
      "type": "Feature"
    },
    {
      "geometry": {
        "coordinates": [
          153.379190935443,
          -27.943278484485095
        ],
        "type": "Point"
      },
      "properties": {
        "cell_id": "1074_13818",
        "cluster": -1,
        "suburb": "Arundel",
        "year": 2021
      },
      "type": "Feature"
    },
    {
      "geometry": {
        "coordinates": [
          153.387807938793,
          -27.91002148510089
        ],
        "type": "Point"
      },
      "properties": {
        "cell_id": "1076_13825",
        "cluster": -1,
        "suburb": "Coombabah",
        "year": 2021
      },
      "type": "Feature"
    },
    {
      "geometry": {
        "coordinates": [
          153.305003580912,
          -27.924955263801102
        ],
        "type": "Point"
      },
      "properties": {
        "cell_id": "1060_13822",
        "cluster": -1,
        "suburb": "Pacific Pines",
        "year": 2021
      },
      "type": "Feature"
    },
    {
      "geometry": {
        "coordinates": [
          153.336852942578,
          -27.923816480026495
        ],
        "type": "Point"
      },
      "properties": {
        "cell_id": "1066_13822",
        "cluster": 2,
        "suburb": "Helensvale",
        "year": 2021
      },
      "type": "Feature"
    },
    {
      "geometry": {
        "coordinates": [
          153.414914918263,
          -28.045899488929397
        ],
        "type": "Point"
      },
      "properties": {
        "cell_id": "1081_13795",
        "cluster": 40,
        "suburb": "Mermaid Waters",
        "year": 2021
      },
      "type": "Feature"
    },
    {
      "geometry": {
        "coordinates": [
          153.31204593317,
          -28.0179104782459
        ],
        "type": "Point"
      },
      "properties": {
        "cell_id": "1061_13801",
        "cluster": -1,
        "suburb": "Gilston",
        "year": 2022
      },
      "type": "Feature"
    },
    {
      "geometry": {
        "coordinates": [
          153.261155968653,
          -27.785015471254095
        ],
        "type": "Point"
      },
      "properties": {
        "cell_id": "1051_13853",
        "cluster": -1,
        "suburb": "Ormeau",
        "year": 2022
      },
      "type": "Feature"
    },
    {
      "geometry": {
        "coordinates": [
          153.308860954246,
          -27.856856476657196
        ],
        "type": "Point"
      },
      "properties": {
        "cell_id": "1060_13837",
        "cluster": 9,
        "suburb": "Coomera",
        "year": 2022
      },
      "type": "Feature"
    },
    {
      "geometry": {
        "coordinates": [
          153.335528941234,
          -27.935375479982795
        ],
        "type": "Point"
      },
      "properties": {
        "cell_id": "1066_13819",
        "cluster": 11,
        "suburb": "Helensvale",
        "year": 2023
      },
      "type": "Feature"
    },
    {
      "geometry": {
        "coordinates": [
          153.424082299703,
          -28.0810418841396
        ],
        "type": "Point"
      },
      "properties": {
        "cell_id": "1083_13787",
        "cluster": -1,
        "suburb": "Burleigh Waters",
        "year": 2022
      },
      "type": "Feature"
    },
    {
      "geometry": {
        "coordinates": [
          153.373239944524,
          -27.877897483365494
        ],
        "type": "Point"
      },
      "properties": {
        "cell_id": "1073_13832",
        "cluster": -1,
        "suburb": "Hope Island",
        "year": 2021
      },
      "type": "Feature"
    },
    {
      "geometry": {
        "coordinates": [
          153.338579938508,
          -27.953939480438695
        ],
        "type": "Point"
      },
      "properties": {
        "cell_id": "1066_13815",
        "cluster": -1,
        "suburb": "Gaven",
        "year": 2021
      },
      "type": "Feature"
    },
    {
      "geometry": {
        "coordinates": [
          153.395097925179,
          -28.009253486622796
        ],
        "type": "Point"
      },
      "properties": {
        "cell_id": "1077_13803",
        "cluster": 41,
        "suburb": "Benowa",
        "year": 2023
      },
      "type": "Feature"
    },
    {
      "geometry": {
        "coordinates": [
          153.411457898872,
          -28.198386489772197
        ],
        "type": "Point"
      },
      "properties": {
        "cell_id": "1080_13761",
        "cluster": -1,
        "suburb": "Currumbin Valley",
        "year": 2022
      },
      "type": "Feature"
    },
    {
      "geometry": {
        "coordinates": [
          153.36187191713702,
          -28.099663483950298
        ],
        "type": "Point"
      },
      "properties": {
        "cell_id": "1071_13783",
        "cluster": -1,
        "suburb": "Mudgeeraba",
        "year": 2022
      },
      "type": "Feature"
    },
    {
      "geometry": {
        "coordinates": [
          153.365082918169,
          -28.0889464841929
        ],
        "type": "Point"
      },
      "properties": {
        "cell_id": "1071_13785",
        "cluster": -1,
        "suburb": "Mudgeeraba",
        "year": 2022
      },
      "type": "Feature"
    },
    {
      "geometry": {
        "coordinates": [
          153.344903222063,
          -27.9597841161273
        ],
        "type": "Point"
      },
      "properties": {
        "cell_id": "1067_13814",
        "cluster": 4,
        "suburb": "Gaven",
        "year": 2021
      },
      "type": "Feature"
    },
    {
      "geometry": {
        "coordinates": [
          153.34102393387303,
          -27.9878174809532
        ],
        "type": "Point"
      },
      "properties": {
        "cell_id": "1067_13808",
        "cluster": 42,
        "suburb": "Nerang",
        "year": 2021
      },
      "type": "Feature"
    },
    {
      "geometry": {
        "coordinates": [
          153.352423915068,
          -28.123702483177894
        ],
        "type": "Point"
      },
      "properties": {
        "cell_id": "1069_13778",
        "cluster": -1,
        "suburb": "Bonogin",
        "year": 2023
      },
      "type": "Feature"
    },
    {
      "geometry": {
        "coordinates": [
          153.437978913197,
          -28.0654554914346
        ],
        "type": "Point"
      },
      "properties": {
        "cell_id": "1086_13790",
        "cluster": -1,
        "suburb": "Miami",
        "year": 2023
      },
      "type": "Feature"
    },
    {
      "geometry": {
        "coordinates": [
          153.383628933575,
          -27.953987485021
        ],
        "type": "Point"
      },
      "properties": {
        "cell_id": "1075_13815",
        "cluster": -1,
        "suburb": "Arundel",
        "year": 2021
      },
      "type": "Feature"
    },
    {
      "geometry": {
        "coordinates": [
          153.470434898049,
          -28.154605495446496
        ],
        "type": "Point"
      },
      "properties": {
        "cell_id": "1092_13771",
        "cluster": -1,
        "suburb": "Currumbin Waters",
        "year": 2022
      },
      "type": "Feature"
    },
    {
      "geometry": {
        "coordinates": [
          153.418019772781,
          -28.1164419367991
        ],
        "type": "Point"
      },
      "properties": {
        "cell_id": "1082_13779",
        "cluster": -1,
        "suburb": "Burleigh Heads",
        "year": 2022
      },
      "type": "Feature"
    },
    {
      "geometry": {
        "coordinates": [
          153.451270903543,
          -28.128581493285893
        ],
        "type": "Point"
      },
      "properties": {
        "cell_id": "1088_13776",
        "cluster": -1,
        "suburb": "Elanora",
        "year": 2023
      },
      "type": "Feature"
    },
    {
      "geometry": {
        "coordinates": [
          153.451344082733,
          -28.0885460429795
        ],
        "type": "Point"
      },
      "properties": {
        "cell_id": "1088_13785",
        "cluster": 43,
        "suburb": "Burleigh Heads",
        "year": 2023
      },
      "type": "Feature"
    },
    {
      "geometry": {
        "coordinates": [
          153.339613939444,
          -27.9457994804799
        ],
        "type": "Point"
      },
      "properties": {
        "cell_id": "1066_13817",
        "cluster": 4,
        "suburb": "Gaven",
        "year": 2022
      },
      "type": "Feature"
    },
    {
      "geometry": {
        "coordinates": [
          153.378482930771,
          -27.980064484702005
        ],
        "type": "Point"
      },
      "properties": {
        "cell_id": "1074_13809",
        "cluster": 44,
        "suburb": "Ashmore",
        "year": 2023
      },
      "type": "Feature"
    },
    {
      "geometry": {
        "coordinates": [
          153.333882931729,
          -28.010508480405605
        ],
        "type": "Point"
      },
      "properties": {
        "cell_id": "1065_13803",
        "cluster": -1,
        "suburb": "Highland Park",
        "year": 2023
      },
      "type": "Feature"
    },
    {
      "geometry": {
        "coordinates": [
          153.385819935991,
          -27.933416485082404
        ],
        "type": "Point"
      },
      "properties": {
        "cell_id": "1075_13820",
        "cluster": 0,
        "suburb": "Biggera Waters",
        "year": 2023
      },
      "type": "Feature"
    },
    {
      "geometry": {
        "coordinates": [
          153.399918931512,
          -27.9561674866969
        ],
        "type": "Point"
      },
      "properties": {
        "cell_id": "1078_13815",
        "cluster": 36,
        "suburb": "Labrador",
        "year": 2023
      },
      "type": "Feature"
    },
    {
      "geometry": {
        "coordinates": [
          153.314633956945,
          -27.8309614770395
        ],
        "type": "Point"
      },
      "properties": {
        "cell_id": "1061_13842",
        "cluster": -1,
        "suburb": "Pimpama",
        "year": 2023
      },
      "type": "Feature"
    },
    {
      "geometry": {
        "coordinates": [
          153.315236956861,
          -27.8311034771018
        ],
        "type": "Point"
      },
      "properties": {
        "cell_id": "1062_13842",
        "cluster": -1,
        "suburb": "Pimpama",
        "year": 2022
      },
      "type": "Feature"
    },
    {
      "geometry": {
        "coordinates": [
          153.392935935808,
          -27.928809485770696
        ],
        "type": "Point"
      },
      "properties": {
        "cell_id": "1077_13821",
        "cluster": -1,
        "suburb": "Biggera Waters",
        "year": 2022
      },
      "type": "Feature"
    },
    {
      "geometry": {
        "coordinates": [
          153.399407933115,
          -27.944192486550804
        ],
        "type": "Point"
      },
      "properties": {
        "cell_id": "1078_13817",
        "cluster": -1,
        "suburb": "Labrador",
        "year": 2022
      },
      "type": "Feature"
    },
    {
      "geometry": {
        "coordinates": [
          153.475953900846,
          -28.128415495805104
        ],
        "type": "Point"
      },
      "properties": {
        "cell_id": "1093_13776",
        "cluster": -1,
        "suburb": "Palm Beach",
        "year": 2022
      },
      "type": "Feature"
    },
    {
      "geometry": {
        "coordinates": [
          153.410021207524,
          -28.086639340750292
        ],
        "type": "Point"
      },
      "properties": {
        "cell_id": "1080_13786",
        "cluster": -1,
        "suburb": "Varsity Lakes",
        "year": 2022
      },
      "type": "Feature"
    },
    {
      "geometry": {
        "coordinates": [
          153.448555909559,
          -28.0845434926636
        ],
        "type": "Point"
      },
      "properties": {
        "cell_id": "1088_13786",
        "cluster": -1,
        "suburb": "Burleigh Heads",
        "year": 2022
      },
      "type": "Feature"
    },
    {
      "geometry": {
        "coordinates": [
          153.420499387861,
          -27.974736818940002
        ],
        "type": "Point"
      },
      "properties": {
        "cell_id": "1082_13811",
        "cluster": -1,
        "suburb": "Southport",
        "year": 2021
      },
      "type": "Feature"
    },
    {
      "geometry": {
        "coordinates": [
          153.426206922651,
          -28.0024374897395
        ],
        "type": "Point"
      },
      "properties": {
        "cell_id": "1083_13804",
        "cluster": 17,
        "suburb": "Surfers Paradise",
        "year": 2023
      },
      "type": "Feature"
    },
    {
      "geometry": {
        "coordinates": [
          153.406898919284,
          -28.04481548810409
        ],
        "type": "Point"
      },
      "properties": {
        "cell_id": "1079_13795",
        "cluster": -1,
        "suburb": "Mermaid Waters",
        "year": 2022
      },
      "type": "Feature"
    },
    {
      "geometry": {
        "coordinates": [
          153.290076961068,
          -27.819656474458604
        ],
        "type": "Point"
      },
      "properties": {
        "cell_id": "1057_13845",
        "cluster": 29,
        "suburb": "Pimpama",
        "year": 2022
      },
      "type": "Feature"
    },
    {
      "geometry": {
        "coordinates": [
          153.39874693620501,
          -27.920816486299692
        ],
        "type": "Point"
      },
      "properties": {
        "cell_id": "1078_13823",
        "cluster": -1,
        "suburb": "Runaway Bay",
        "year": 2022
      },
      "type": "Feature"
    },
    {
      "geometry": {
        "coordinates": [
          153.226777960803,
          -27.875509468485408
        ],
        "type": "Point"
      },
      "properties": {
        "cell_id": "1044_13833",
        "cluster": -1,
        "suburb": "Wongawallan",
        "year": 2021
      },
      "type": "Feature"
    },
    {
      "geometry": {
        "coordinates": [
          153.393556919243,
          -28.0564494868363
        ],
        "type": "Point"
      },
      "properties": {
        "cell_id": "1077_13792",
        "cluster": -1,
        "suburb": "Clear Island Waters",
        "year": 2023
      },
      "type": "Feature"
    },
    {
      "geometry": {
        "coordinates": [
          153.336073452106,
          -27.889312115676102
        ],
        "type": "Point"
      },
      "properties": {
        "cell_id": "1066_13830",
        "cluster": -1,
        "suburb": "Helensvale",
        "year": 2023
      },
      "type": "Feature"
    },
    {
      "geometry": {
        "coordinates": [
          153.32243694754104,
          -27.8974964783552
        ],
        "type": "Point"
      },
      "properties": {
        "cell_id": "1063_13828",
        "cluster": -1,
        "suburb": "Helensvale",
        "year": 2022
      },
      "type": "Feature"
    },
    {
      "geometry": {
        "coordinates": [
          153.410300921064,
          -28.028178488320105
        ],
        "type": "Point"
      },
      "properties": {
        "cell_id": "1080_13799",
        "cluster": -1,
        "suburb": "Broadbeach Waters",
        "year": 2022
      },
      "type": "Feature"
    },
    {
      "geometry": {
        "coordinates": [
          153.425839906671,
          -28.126067490671804
        ],
        "type": "Point"
      },
      "properties": {
        "cell_id": "1083_13777",
        "cluster": 45,
        "suburb": "Tallebudgera",
        "year": 2022
      },
      "type": "Feature"
    },
    {
      "geometry": {
        "coordinates": [
          153.373186814669,
          -27.931108432778498
        ],
        "type": "Point"
      },
      "properties": {
        "cell_id": "1073_13820",
        "cluster": 20,
        "suburb": "Arundel",
        "year": 2022
      },
      "type": "Feature"
    },
    {
      "geometry": {
        "coordinates": [
          153.390284935305,
          -27.934947485548992
        ],
        "type": "Point"
      },
      "properties": {
        "cell_id": "1076_13819",
        "cluster": 0,
        "suburb": "Arundel",
        "year": 2021
      },
      "type": "Feature"
    },
    {
      "geometry": {
        "coordinates": [
          153.307229952778,
          -27.86966547659239
        ],
        "type": "Point"
      },
      "properties": {
        "cell_id": "1060_13834",
        "cluster": -1,
        "suburb": "Upper Coomera",
        "year": 2021
      },
      "type": "Feature"
    },
    {
      "geometry": {
        "coordinates": [
          153.342518202744,
          -27.956524380859303
        ],
        "type": "Point"
      },
      "properties": {
        "cell_id": "1067_13815",
        "cluster": 4,
        "suburb": "Gaven",
        "year": 2023
      },
      "type": "Feature"
    },
    {
      "geometry": {
        "coordinates": [
          153.426512922727,
          -28.001598489764106
        ],
        "type": "Point"
      },
      "properties": {
        "cell_id": "1083_13805",
        "cluster": 17,
        "suburb": "Surfers Paradise",
        "year": 2023
      },
      "type": "Feature"
    },
    {
      "geometry": {
        "coordinates": [
          153.25627296816,
          -27.793006470822288
        ],
        "type": "Point"
      },
      "properties": {
        "cell_id": "1050_13851",
        "cluster": -1,
        "suburb": "Ormeau Hills",
        "year": 2023
      },
      "type": "Feature"
    },
    {
      "geometry": {
        "coordinates": [
          153.415433663473,
          -28.067002483147892
        ],
        "type": "Point"
      },
      "properties": {
        "cell_id": "1081_13790",
        "cluster": -1,
        "suburb": "Robina",
        "year": 2022
      },
      "type": "Feature"
    },
    {
      "geometry": {
        "coordinates": [
          153.359161938953,
          -27.933036482366898
        ],
        "type": "Point"
      },
      "properties": {
        "cell_id": "1070_13820",
        "cluster": -1,
        "suburb": "Arundel",
        "year": 2022
      },
      "type": "Feature"
    },
    {
      "geometry": {
        "coordinates": [
          153.443022903906,
          -28.132783492477106
        ],
        "type": "Point"
      },
      "properties": {
        "cell_id": "1087_13776",
        "cluster": -1,
        "suburb": "Elanora",
        "year": 2022
      },
      "type": "Feature"
    },
    {
      "geometry": {
        "coordinates": [
          153.252138951701,
          -27.924872471440796
        ],
        "type": "Point"
      },
      "properties": {
        "cell_id": "1049_13822",
        "cluster": -1,
        "suburb": "Guanaba",
        "year": 2023
      },
      "type": "Feature"
    },
    {
      "geometry": {
        "coordinates": [
          153.36325294652,
          -27.870848482293997
        ],
        "type": "Point"
      },
      "properties": {
        "cell_id": "1071_13834",
        "cluster": -1,
        "suburb": "Hope Island",
        "year": 2023
      },
      "type": "Feature"
    },
    {
      "geometry": {
        "coordinates": [
          153.307229952778,
          -27.86966547659239
        ],
        "type": "Point"
      },
      "properties": {
        "cell_id": "1060_13834",
        "cluster": -1,
        "suburb": "Upper Coomera",
        "year": 2021
      },
      "type": "Feature"
    },
    {
      "geometry": {
        "coordinates": [
          153.31360693514,
          -28.001300478274004
        ],
        "type": "Point"
      },
      "properties": {
        "cell_id": "1061_13805",
        "cluster": -1,
        "suburb": "Nerang",
        "year": 2022
      },
      "type": "Feature"
    },
    {
      "geometry": {
        "coordinates": [
          153.217290977818,
          -27.750605466542694
        ],
        "type": "Point"
      },
      "properties": {
        "cell_id": "1042_13860",
        "cluster": -1,
        "suburb": "Yatala",
        "year": 2022
      },
      "type": "Feature"
    },
    {
      "geometry": {
        "coordinates": [
          153.395070612316,
          -27.96179327524729
        ],
        "type": "Point"
      },
      "properties": {
        "cell_id": "1077_13813",
        "cluster": 15,
        "suburb": "Southport",
        "year": 2023
      },
      "type": "Feature"
    },
    {
      "geometry": {
        "coordinates": [
          153.34204352383,
          -28.087981213842603
        ],
        "type": "Point"
      },
      "properties": {
        "cell_id": "1067_13786",
        "cluster": -1,
        "suburb": "Mudgeeraba",
        "year": 2023
      },
      "type": "Feature"
    },
    {
      "geometry": {
        "coordinates": [
          153.387949939373,
          -27.905403485078995
        ],
        "type": "Point"
      },
      "properties": {
        "cell_id": "1076_13826",
        "cluster": -1,
        "suburb": "Coombabah",
        "year": 2022
      },
      "type": "Feature"
    },
    {
      "geometry": {
        "coordinates": [
          153.427740301741,
          -27.9695366686374
        ],
        "type": "Point"
      },
      "properties": {
        "cell_id": "1084_13812",
        "cluster": -1,
        "suburb": "Main Beach",
        "year": 2023
      },
      "type": "Feature"
    },
    {
      "geometry": {
        "coordinates": [
          153.426409920157,
          -28.021533489910098
        ],
        "type": "Point"
      },
      "properties": {
        "cell_id": "1083_13800",
        "cluster": -1,
        "suburb": "Broadbeach Waters",
        "year": 2023
      },
      "type": "Feature"
    },
    {
      "geometry": {
        "coordinates": [
          153.420000978561,
          -28.070167375638295
        ],
        "type": "Point"
      },
      "properties": {
        "cell_id": "1082_13789",
        "cluster": -1,
        "suburb": "Robina",
        "year": 2021
      },
      "type": "Feature"
    },
    {
      "geometry": {
        "coordinates": [
          153.408829930058,
          -27.959882487634005
        ],
        "type": "Point"
      },
      "properties": {
        "cell_id": "1080_13814",
        "cluster": 6,
        "suburb": "Southport",
        "year": 2021
      },
      "type": "Feature"
    },
    {
      "geometry": {
        "coordinates": [
          153.40109492895704,
          -27.97494548696419
        ],
        "type": "Point"
      },
      "properties": {
        "cell_id": "1078_13811",
        "cluster": 18,
        "suburb": "Southport",
        "year": 2021
      },
      "type": "Feature"
    },
    {
      "geometry": {
        "coordinates": [
          153.255590932214,
          -28.073496472956798
        ],
        "type": "Point"
      },
      "properties": {
        "cell_id": "1050_13789",
        "cluster": -1,
        "suburb": "Advancetown",
        "year": 2021
      },
      "type": "Feature"
    },
    {
      "geometry": {
        "coordinates": [
          153.40298793267,
          -27.94460648691869
        ],
        "type": "Point"
      },
      "properties": {
        "cell_id": "1079_13817",
        "cluster": -1,
        "suburb": "Labrador",
        "year": 2023
      },
      "type": "Feature"
    },
    {
      "geometry": {
        "coordinates": [
          153.232000977412,
          -27.7412984679576
        ],
        "type": "Point"
      },
      "properties": {
        "cell_id": "1045_13862",
        "cluster": 23,
        "suburb": "Stapylton",
        "year": 2021
      },
      "type": "Feature"
    },
    {
      "geometry": {
        "coordinates": [
          153.425208731594,
          -28.1271986906163
        ],
        "type": "Point"
      },
      "properties": {
        "cell_id": "1083_13777",
        "cluster": 45,
        "suburb": "Tallebudgera",
        "year": 2021
      },
      "type": "Feature"
    },
    {
      "geometry": {
        "coordinates": [
          153.427914903523,
          -28.1485654910597
        ],
        "type": "Point"
      },
      "properties": {
        "cell_id": "1084_13772",
        "cluster": -1,
        "suburb": "Tallebudgera",
        "year": 2021
      },
      "type": "Feature"
    },
    {
      "geometry": {
        "coordinates": [
          153.388177937529,
          -27.919504485213096
        ],
        "type": "Point"
      },
      "properties": {
        "cell_id": "1076_13823",
        "cluster": -1,
        "suburb": "Runaway Bay",
        "year": 2023
      },
      "type": "Feature"
    },
    {
      "geometry": {
        "coordinates": [
          153.323284934028,
          -28.0016974792599
        ],
        "type": "Point"
      },
      "properties": {
        "cell_id": "1063_13805",
        "cluster": -1,
        "suburb": "Nerang",
        "year": 2022
      },
      "type": "Feature"
    },
    {
      "geometry": {
        "coordinates": [
          153.2836379519,
          -27.896532474410293
        ],
        "type": "Point"
      },
      "properties": {
        "cell_id": "1055_13828",
        "cluster": -1,
        "suburb": "Upper Coomera",
        "year": 2021
      },
      "type": "Feature"
    },
    {
      "geometry": {
        "coordinates": [
          153.432440917765,
          -28.03489349063
        ],
        "type": "Point"
      },
      "properties": {
        "cell_id": "1085_13797",
        "cluster": 16,
        "suburb": "Broadbeach",
        "year": 2023
      },
      "type": "Feature"
    },
    {
      "geometry": {
        "coordinates": [
          153.352409920125,
          -28.084610482869998
        ],
        "type": "Point"
      },
      "properties": {
        "cell_id": "1069_13786",
        "cluster": -1,
        "suburb": "Mudgeeraba",
        "year": 2023
      },
      "type": "Feature"
    },
    {
      "geometry": {
        "coordinates": [
          153.303773954876,
          -27.856269476136305
        ],
        "type": "Point"
      },
      "properties": {
        "cell_id": "1059_13837",
        "cluster": -1,
        "suburb": "Upper Coomera",
        "year": 2021
      },
      "type": "Feature"
    },
    {
      "geometry": {
        "coordinates": [
          153.313632949674,
          -27.8883824773896
        ],
        "type": "Point"
      },
      "properties": {
        "cell_id": "1061_13830",
        "cluster": 30,
        "suburb": "Oxenford",
        "year": 2021
      },
      "type": "Feature"
    },
    {
      "geometry": {
        "coordinates": [
          153.420120923879,
          -27.9981054890849
        ],
        "type": "Point"
      },
      "properties": {
        "cell_id": "1082_13805",
        "cluster": 46,
        "suburb": "Surfers Paradise",
        "year": 2021
      },
      "type": "Feature"
    },
    {
      "geometry": {
        "coordinates": [
          153.365358945342,
          -27.8782154825662
        ],
        "type": "Point"
      },
      "properties": {
        "cell_id": "1071_13832",
        "cluster": -1,
        "suburb": "Hope Island",
        "year": 2021
      },
      "type": "Feature"
    },
    {
      "geometry": {
        "coordinates": [
          153.307467932058,
          -28.030435477879493
        ],
        "type": "Point"
      },
      "properties": {
        "cell_id": "1060_13798",
        "cluster": -1,
        "suburb": "Gilston",
        "year": 2021
      },
      "type": "Feature"
    },
    {
      "geometry": {
        "coordinates": [
          153.426196958729,
          -28.1253205527024
        ],
        "type": "Point"
      },
      "properties": {
        "cell_id": "1083_13777",
        "cluster": 45,
        "suburb": "Tallebudgera Valley",
        "year": 2022
      },
      "type": "Feature"
    },
    {
      "geometry": {
        "coordinates": [
          153.398687935715,
          -27.924663486324008
        ],
        "type": "Point"
      },
      "properties": {
        "cell_id": "1078_13822",
        "cluster": -1,
        "suburb": "Runaway Bay",
        "year": 2022
      },
      "type": "Feature"
    },
    {
      "geometry": {
        "coordinates": [
          153.273035911971,
          -28.037180009439805
        ],
        "type": "Point"
      },
      "properties": {
        "cell_id": "1053_13797",
        "cluster": -1,
        "suburb": "Advancetown",
        "year": 2023
      },
      "type": "Feature"
    },
    {
      "geometry": {
        "coordinates": [
          153.337707942696,
          -27.922178480100488
        ],
        "type": "Point"
      },
      "properties": {
        "cell_id": "1066_13822",
        "cluster": 2,
        "suburb": "Helensvale",
        "year": 2023
      },
      "type": "Feature"
    },
    {
      "geometry": {
        "coordinates": [
          153.406278911934,
          -28.10208648849
        ],
        "type": "Point"
      },
      "properties": {
        "cell_id": "1079_13782",
        "cluster": 47,
        "suburb": "Varsity Lakes",
        "year": 2021
      },
      "type": "Feature"
    },
    {
      "geometry": {
        "coordinates": [
          153.438335899669,
          -28.1693874922857
        ],
        "type": "Point"
      },
      "properties": {
        "cell_id": "1086_13767",
        "cluster": -1,
        "suburb": "Currumbin Valley",
        "year": 2021
      },
      "type": "Feature"
    },
    {
      "geometry": {
        "coordinates": [
          153.427180923028,
          -27.998706489809493
        ],
        "type": "Point"
      },
      "properties": {
        "cell_id": "1084_13805",
        "cluster": 17,
        "suburb": "Surfers Paradise",
        "year": 2021
      },
      "type": "Feature"
    },
    {
      "geometry": {
        "coordinates": [
          153.347222453913,
          -28.0132462707828
        ],
        "type": "Point"
      },
      "properties": {
        "cell_id": "1068_13802",
        "cluster": 62,
        "suburb": "Carrara",
        "year": 2021
      },
      "type": "Feature"
    },
    {
      "geometry": {
        "coordinates": [
          153.408124932423,
          -27.942175487422997
        ],
        "type": "Point"
      },
      "properties": {
        "cell_id": "1080_13818",
        "cluster": 22,
        "suburb": "Labrador",
        "year": 2022
      },
      "type": "Feature"
    },
    {
      "geometry": {
        "coordinates": [
          153.45116690460503,
          -28.120496493211903
        ],
        "type": "Point"
      },
      "properties": {
        "cell_id": "1088_13778",
        "cluster": -1,
        "suburb": "Elanora",
        "year": 2021
      },
      "type": "Feature"
    },
    {
      "geometry": {
        "coordinates": [
          153.412432929499,
          -27.9611564880111
        ],
        "type": "Point"
      },
      "properties": {
        "cell_id": "1081_13814",
        "cluster": 6,
        "suburb": "Southport",
        "year": 2021
      },
      "type": "Feature"
    },
    {
      "geometry": {
        "coordinates": [
          153.411831923036,
          -28.011638488346303
        ],
        "type": "Point"
      },
      "properties": {
        "cell_id": "1080_13802",
        "cluster": 35,
        "suburb": "Bundall",
        "year": 2021
      },
      "type": "Feature"
    },
    {
      "geometry": {
        "coordinates": [
          153.448652908439,
          -28.093092492740492
        ],
        "type": "Point"
      },
      "properties": {
        "cell_id": "1088_13784",
        "cluster": -1,
        "suburb": "Burleigh Heads",
        "year": 2022
      },
      "type": "Feature"
    },
    {
      "geometry": {
        "coordinates": [
          153.419930923767,
          -27.999128489073595
        ],
        "type": "Point"
      },
      "properties": {
        "cell_id": "1082_13805",
        "cluster": 46,
        "suburb": "Surfers Paradise",
        "year": 2023
      },
      "type": "Feature"
    },
    {
      "geometry": {
        "coordinates": [
          153.34577394206,
          -27.920272480905304
        ],
        "type": "Point"
      },
      "properties": {
        "cell_id": "1068_13823",
        "cluster": -1,
        "suburb": "Arundel",
        "year": 2022
      },
      "type": "Feature"
    },
    {
      "geometry": {
        "coordinates": [
          153.378492928292,
          -27.999243484853704
        ],
        "type": "Point"
      },
      "properties": {
        "cell_id": "1074_13805",
        "cluster": 48,
        "suburb": "Benowa",
        "year": 2022
      },
      "type": "Feature"
    },
    {
      "geometry": {
        "coordinates": [
          153.239911976484,
          -27.741844468762597
        ],
        "type": "Point"
      },
      "properties": {
        "cell_id": "1047_13862",
        "cluster": -1,
        "suburb": "Stapylton",
        "year": 2022
      },
      "type": "Feature"
    },
    {
      "geometry": {
        "coordinates": [
          153.427689921748,
          -28.008165489935596
        ],
        "type": "Point"
      },
      "properties": {
        "cell_id": "1084_13803",
        "cluster": 17,
        "suburb": "Surfers Paradise",
        "year": 2021
      },
      "type": "Feature"
    },
    {
      "geometry": {
        "coordinates": [
          153.309194936408,
          -27.995215477778398
        ],
        "type": "Point"
      },
      "properties": {
        "cell_id": "1060_13806",
        "cluster": -1,
        "suburb": "Nerang",
        "year": 2023
      },
      "type": "Feature"
    },
    {
      "geometry": {
        "coordinates": [
          153.42965090753103,
          -28.1162004909831
        ],
        "type": "Point"
      },
      "properties": {
        "cell_id": "1084_13779",
        "cluster": 85,
        "suburb": "Burleigh Heads",
        "year": 2022
      },
      "type": "Feature"
    },
    {
      "geometry": {
        "coordinates": [
          153.314494951778,
          -27.87128447734259
        ],
        "type": "Point"
      },
      "properties": {
        "cell_id": "1061_13834",
        "cluster": 9,
        "suburb": "Coomera",
        "year": 2022
      },
      "type": "Feature"
    },
    {
      "geometry": {
        "coordinates": [
          153.388734940166,
          -27.8985954851054
        ],
        "type": "Point"
      },
      "properties": {
        "cell_id": "1076_13827",
        "cluster": -1,
        "suburb": "Hollywell",
        "year": 2021
      },
      "type": "Feature"
    },
    {
      "geometry": {
        "coordinates": [
          153.360990921676,
          -28.0653114835914
        ],
        "type": "Point"
      },
      "properties": {
        "cell_id": "1070_13791",
        "cluster": -1,
        "suburb": "Mudgeeraba",
        "year": 2021
      },
      "type": "Feature"
    },
    {
      "geometry": {
        "coordinates": [
          153.346549935059,
          -27.97392848140579
        ],
        "type": "Point"
      },
      "properties": {
        "cell_id": "1068_13811",
        "cluster": -1,
        "suburb": "Molendinar",
        "year": 2021
      },
      "type": "Feature"
    },
    {
      "geometry": {
        "coordinates": [
          153.360796803798,
          -28.064530985565494
        ],
        "type": "Point"
      },
      "properties": {
        "cell_id": "1070_13791",
        "cluster": -1,
        "suburb": "Mudgeeraba",
        "year": 2021
      },
      "type": "Feature"
    },
    {
      "geometry": {
        "coordinates": [
          153.317241957535,
          -27.824156477250693
        ],
        "type": "Point"
      },
      "properties": {
        "cell_id": "1062_13844",
        "cluster": -1,
        "suburb": "Pimpama",
        "year": 2021
      },
      "type": "Feature"
    },
    {
      "geometry": {
        "coordinates": [
          153.340738931807,
          -28.004075481051796
        ],
        "type": "Point"
      },
      "properties": {
        "cell_id": "1067_13804",
        "cluster": 49,
        "suburb": "Nerang",
        "year": 2023
      },
      "type": "Feature"
    },
    {
      "geometry": {
        "coordinates": [
          153.369012930485,
          -27.9903114838188
        ],
        "type": "Point"
      },
      "properties": {
        "cell_id": "1072_13807",
        "cluster": -1,
        "suburb": "Ashmore",
        "year": 2023
      },
      "type": "Feature"
    },
    {
      "geometry": {
        "coordinates": [
          153.325819941286,
          -27.943211479058096
        ],
        "type": "Point"
      },
      "properties": {
        "cell_id": "1064_13818",
        "cluster": -1,
        "suburb": "Pacific Pines",
        "year": 2023
      },
      "type": "Feature"
    },
    {
      "geometry": {
        "coordinates": [
          153.462962903119,
          -28.121936494427505
        ],
        "type": "Point"
      },
      "properties": {
        "cell_id": "1090_13778",
        "cluster": -1,
        "suburb": "Palm Beach",
        "year": 2023
      },
      "type": "Feature"
    },
    {
      "geometry": {
        "coordinates": [
          153.345927051248,
          -27.9652407252742
        ],
        "type": "Point"
      },
      "properties": {
        "cell_id": "1068_13813",
        "cluster": 4,
        "suburb": "Gaven",
        "year": 2023
      },
      "type": "Feature"
    },
    {
      "geometry": {
        "coordinates": [
          153.356921542636,
          -28.0536013190856
        ],
        "type": "Point"
      },
      "properties": {
        "cell_id": "1070_13793",
        "cluster": -1,
        "suburb": "Mudgeeraba",
        "year": 2022
      },
      "type": "Feature"
    },
    {
      "geometry": {
        "coordinates": [
          153.462658904571,
          -28.111012494310803
        ],
        "type": "Point"
      },
      "properties": {
        "cell_id": "1090_13780",
        "cluster": -1,
        "suburb": "Palm Beach",
        "year": 2022
      },
      "type": "Feature"
    },
    {
      "geometry": {
        "coordinates": [
          153.40088891287,
          -28.099447487920198
        ],
        "type": "Point"
      },
      "properties": {
        "cell_id": "1078_13783",
        "cluster": 50,
        "suburb": "Varsity Lakes",
        "year": 2021
      },
      "type": "Feature"
    },
    {
      "geometry": {
        "coordinates": [
          153.41013592863,
          -27.969820487845105
        ],
        "type": "Point"
      },
      "properties": {
        "cell_id": "1080_13812",
        "cluster": -1,
        "suburb": "Southport",
        "year": 2022
      },
      "type": "Feature"
    },
    {
      "geometry": {
        "coordinates": [
          153.422000926071,
          -27.979572489131
        ],
        "type": "Point"
      },
      "properties": {
        "cell_id": "1083_13809",
        "cluster": -1,
        "suburb": "Main Beach",
        "year": 2023
      },
      "type": "Feature"
    },
    {
      "geometry": {
        "coordinates": [
          153.443244911114,
          -28.077051492062804
        ],
        "type": "Point"
      },
      "properties": {
        "cell_id": "1087_13788",
        "cluster": 12,
        "suburb": "Miami",
        "year": 2021
      },
      "type": "Feature"
    },
    {
      "geometry": {
        "coordinates": [
          153.337526941162,
          -27.9342394801769
        ],
        "type": "Point"
      },
      "properties": {
        "cell_id": "1066_13820",
        "cluster": 11,
        "suburb": "Helensvale",
        "year": 2023
      },
      "type": "Feature"
    },
    {
      "geometry": {
        "coordinates": [
          153.356403110227,
          -27.738972530558996
        ],
        "type": "Point"
      },
      "properties": {
        "cell_id": "1070_13863",
        "cluster": -1,
        "suburb": "Steiglitz",
        "year": 2023
      },
      "type": "Feature"
    },
    {
      "geometry": {
        "coordinates": [
          153.329691955114,
          -27.8324594785805
        ],
        "type": "Point"
      },
      "properties": {
        "cell_id": "1064_13842",
        "cluster": -1,
        "suburb": "Pimpama",
        "year": 2021
      },
      "type": "Feature"
    },
    {
      "geometry": {
        "coordinates": [
          153.305349441085,
          -27.82216025802779
        ],
        "type": "Point"
      },
      "properties": {
        "cell_id": "1060_13844",
        "cluster": 26,
        "suburb": "Pimpama",
        "year": 2022
      },
      "type": "Feature"
    },
    {
      "geometry": {
        "coordinates": [
          153.255437270661,
          -27.719485682158496
        ],
        "type": "Point"
      },
      "properties": {
        "cell_id": "1050_13867",
        "cluster": -1,
        "suburb": "Stapylton",
        "year": 2022
      },
      "type": "Feature"
    },
    {
      "geometry": {
        "coordinates": [
          153.315965947142,
          -27.906084477765596
        ],
        "type": "Point"
      },
      "properties": {
        "cell_id": "1062_13826",
        "cluster": 19,
        "suburb": "Oxenford",
        "year": 2021
      },
      "type": "Feature"
    },
    {
      "geometry": {
        "coordinates": [
          153.291240949753,
          -27.906779475261896
        ],
        "type": "Point"
      },
      "properties": {
        "cell_id": "1057_13826",
        "cluster": -1,
        "suburb": "Oxenford",
        "year": 2021
      },
      "type": "Feature"
    },
    {
      "geometry": {
        "coordinates": [
          153.234051916822,
          -28.211384471855595
        ],
        "type": "Point"
      },
      "properties": {
        "cell_id": "1045_13758",
        "cluster": -1,
        "suburb": "Natural Bridge",
        "year": 2021
      },
      "type": "Feature"
    },
    {
      "geometry": {
        "coordinates": [
          153.313508949682,
          -27.888424477377292
        ],
        "type": "Point"
      },
      "properties": {
        "cell_id": "1061_13830",
        "cluster": 30,
        "suburb": "Oxenford",
        "year": 2021
      },
      "type": "Feature"
    },
    {
      "geometry": {
        "coordinates": [
          153.54436203226803,
          -28.167124519106295
        ],
        "type": "Point"
      },
      "properties": {
        "cell_id": "1106_13768",
        "cluster": -1,
        "suburb": "Coolangatta",
        "year": 2021
      },
      "type": "Feature"
    },
    {
      "geometry": {
        "coordinates": [
          153.386196034479,
          -27.944813985210303
        ],
        "type": "Point"
      },
      "properties": {
        "cell_id": "1075_13817",
        "cluster": 78,
        "suburb": "Arundel",
        "year": 2022
      },
      "type": "Feature"
    },
    {
      "geometry": {
        "coordinates": [
          153.416579924345,
          -27.997499488719196
        ],
        "type": "Point"
      },
      "properties": {
        "cell_id": "1081_13806",
        "cluster": 51,
        "suburb": "Surfers Paradise",
        "year": 2022
      },
      "type": "Feature"
    },
    {
      "geometry": {
        "coordinates": [
          153.40613191195,
          -28.102088488475104
        ],
        "type": "Point"
      },
      "properties": {
        "cell_id": "1079_13782",
        "cluster": 47,
        "suburb": "Varsity Lakes",
        "year": 2022
      },
      "type": "Feature"
    },
    {
      "geometry": {
        "coordinates": [
          153.414673909579,
          -28.113130489432102
        ],
        "type": "Point"
      },
      "properties": {
        "cell_id": "1081_13780",
        "cluster": -1,
        "suburb": "Burleigh Heads",
        "year": 2021
      },
      "type": "Feature"
    },
    {
      "geometry": {
        "coordinates": [
          153.32855295403,
          -27.8418534785387
        ],
        "type": "Point"
      },
      "properties": {
        "cell_id": "1064_13840",
        "cluster": -1,
        "suburb": "Coomera",
        "year": 2022
      },
      "type": "Feature"
    },
    {
      "geometry": {
        "coordinates": [
          153.45838290480503,
          -28.1128354938885
        ],
        "type": "Point"
      },
      "properties": {
        "cell_id": "1090_13780",
        "cluster": -1,
        "suburb": "Palm Beach",
        "year": 2022
      },
      "type": "Feature"
    },
    {
      "geometry": {
        "coordinates": [
          153.430870922436,
          -28.0001544901971
        ],
        "type": "Point"
      },
      "properties": {
        "cell_id": "1084_13805",
        "cluster": 17,
        "suburb": "Surfers Paradise",
        "year": 2022
      },
      "type": "Feature"
    },
    {
      "geometry": {
        "coordinates": [
          153.180474974418,
          -27.8085264632778
        ],
        "type": "Point"
      },
      "properties": {
        "cell_id": "1035_13847",
        "cluster": -1,
        "suburb": "Luscombe",
        "year": 2021
      },
      "type": "Feature"
    },
    {
      "geometry": {
        "coordinates": [
          153.348414932093,
          -27.9953414817635
        ],
        "type": "Point"
      },
      "properties": {
        "cell_id": "1068_13806",
        "cluster": -1,
        "suburb": "Nerang",
        "year": 2021
      },
      "type": "Feature"
    },
    {
      "geometry": {
        "coordinates": [
          153.402390516426,
          -28.03208141554479
        ],
        "type": "Point"
      },
      "properties": {
        "cell_id": "1079_13798",
        "cluster": -1,
        "suburb": "Broadbeach Waters",
        "year": 2021
      },
      "type": "Feature"
    },
    {
      "geometry": {
        "coordinates": [
          153.316025947792,
          -27.900979477731603
        ],
        "type": "Point"
      },
      "properties": {
        "cell_id": "1062_13827",
        "cluster": 19,
        "suburb": "Helensvale",
        "year": 2022
      },
      "type": "Feature"
    },
    {
      "geometry": {
        "coordinates": [
          153.369289930404,
          -27.990702483850104
        ],
        "type": "Point"
      },
      "properties": {
        "cell_id": "1072_13807",
        "cluster": -1,
        "suburb": "Ashmore",
        "year": 2021
      },
      "type": "Feature"
    },
    {
      "geometry": {
        "coordinates": [
          153.321850956261,
          -27.8301694777661
        ],
        "type": "Point"
      },
      "properties": {
        "cell_id": "1063_13843",
        "cluster": 83,
        "suburb": "Pimpama",
        "year": 2022
      },
      "type": "Feature"
    },
    {
      "geometry": {
        "coordinates": [
          153.431166921514,
          -28.0070234902813
        ],
        "type": "Point"
      },
      "properties": {
        "cell_id": "1084_13803",
        "cluster": 17,
        "suburb": "Surfers Paradise",
        "year": 2022
      },
      "type": "Feature"
    },
    {
      "geometry": {
        "coordinates": [
          153.375273928721,
          -27.9986594845215
        ],
        "type": "Point"
      },
      "properties": {
        "cell_id": "1073_13805",
        "cluster": -1,
        "suburb": "Benowa",
        "year": 2021
      },
      "type": "Feature"
    },
    {
      "geometry": {
        "coordinates": [
          153.471720901046,
          -28.130463495388696
        ],
        "type": "Point"
      },
      "properties": {
        "cell_id": "1092_13776",
        "cluster": -1,
        "suburb": "Palm Beach",
        "year": 2022
      },
      "type": "Feature"
    },
    {
      "geometry": {
        "coordinates": [
          153.317032946557,
          -27.909728477902604
        ],
        "type": "Point"
      },
      "properties": {
        "cell_id": "1062_13825",
        "cluster": 19,
        "suburb": "Oxenford",
        "year": 2022
      },
      "type": "Feature"
    },
    {
      "geometry": {
        "coordinates": [
          153.232408916405,
          -28.216029471725605
        ],
        "type": "Point"
      },
      "properties": {
        "cell_id": "1045_13757",
        "cluster": -1,
        "suburb": "Natural Bridge",
        "year": 2022
      },
      "type": "Feature"
    },
    {
      "geometry": {
        "coordinates": [
          153.311589933582,
          -28.0151034781776
        ],
        "type": "Point"
      },
      "properties": {
        "cell_id": "1061_13802",
        "cluster": -1,
        "suburb": "Gilston",
        "year": 2022
      },
      "type": "Feature"
    },
    {
      "geometry": {
        "coordinates": [
          153.313044952573,
          -27.8663264771564
        ],
        "type": "Point"
      },
      "properties": {
        "cell_id": "1061_13835",
        "cluster": 9,
        "suburb": "Coomera",
        "year": 2022
      },
      "type": "Feature"
    },
    {
      "geometry": {
        "coordinates": [
          153.242860161024,
          -27.758572540192908
        ],
        "type": "Point"
      },
      "properties": {
        "cell_id": "1047_13859",
        "cluster": 8,
        "suburb": "Ormeau",
        "year": 2022
      },
      "type": "Feature"
    },
    {
      "geometry": {
        "coordinates": [
          153.483467899722,
          -28.130695496590697
        ],
        "type": "Point"
      },
      "properties": {
        "cell_id": "1094_13776",
        "cluster": -1,
        "suburb": "Currumbin",
        "year": 2022
      },
      "type": "Feature"
    },
    {
      "geometry": {
        "coordinates": [
          153.39634093455,
          -27.935676486171495
        ],
        "type": "Point"
      },
      "properties": {
        "cell_id": "1077_13819",
        "cluster": -1,
        "suburb": "Labrador",
        "year": 2022
      },
      "type": "Feature"
    },
    {
      "geometry": {
        "coordinates": [
          153.385112934449,
          -27.945962485108993
        ],
        "type": "Point"
      },
      "properties": {
        "cell_id": "1075_13817",
        "cluster": 78,
        "suburb": "Arundel",
        "year": 2021
      },
      "type": "Feature"
    },
    {
      "geometry": {
        "coordinates": [
          153.391860929824,
          -27.976054486032496
        ],
        "type": "Point"
      },
      "properties": {
        "cell_id": "1077_13810",
        "cluster": 72,
        "suburb": "Southport",
        "year": 2023
      },
      "type": "Feature"
    },
    {
      "geometry": {
        "coordinates": [
          153.217336977755,
          -27.751058466551
        ],
        "type": "Point"
      },
      "properties": {
        "cell_id": "1042_13860",
        "cluster": -1,
        "suburb": "Yatala",
        "year": 2021
      },
      "type": "Feature"
    },
    {
      "geometry": {
        "coordinates": [
          153.238824913212,
          -28.2352594725255
        ],
        "type": "Point"
      },
      "properties": {
        "cell_id": "1046_13753",
        "cluster": -1,
        "suburb": "Natural Bridge",
        "year": 2021
      },
      "type": "Feature"
    },
    {
      "geometry": {
        "coordinates": [
          153.314541950956,
          -27.877636477397395
        ],
        "type": "Point"
      },
      "properties": {
        "cell_id": "1061_13832",
        "cluster": 30,
        "suburb": "Oxenford",
        "year": 2021
      },
      "type": "Feature"
    },
    {
      "geometry": {
        "coordinates": [
          153.293011956932,
          -27.849392474990296
        ],
        "type": "Point"
      },
      "properties": {
        "cell_id": "1057_13838",
        "cluster": -1,
        "suburb": "Upper Coomera",
        "year": 2022
      },
      "type": "Feature"
    },
    {
      "geometry": {
        "coordinates": [
          153.386418916931,
          -28.0803754862971
        ],
        "type": "Point"
      },
      "properties": {
        "cell_id": "1075_13787",
        "cluster": 52,
        "suburb": "Robina",
        "year": 2021
      },
      "type": "Feature"
    },
    {
      "geometry": {
        "coordinates": [
          153.312157392287,
          -27.869307915089795
        ],
        "type": "Point"
      },
      "properties": {
        "cell_id": "1061_13834",
        "cluster": 9,
        "suburb": "Upper Coomera",
        "year": 2021
      },
      "type": "Feature"
    },
    {
      "geometry": {
        "coordinates": [
          153.442484101802,
          -28.095523303130097
        ],
        "type": "Point"
      },
      "properties": {
        "cell_id": "1086_13784",
        "cluster": -1,
        "suburb": "Burleigh Waters",
        "year": 2021
      },
      "type": "Feature"
    },
    {
      "geometry": {
        "coordinates": [
          153.381042930909,
          -27.9768244849372
        ],
        "type": "Point"
      },
      "properties": {
        "cell_id": "1074_13810",
        "cluster": 53,
        "suburb": "Ashmore",
        "year": 2022
      },
      "type": "Feature"
    },
    {
      "geometry": {
        "coordinates": [
          153.381042930909,
          -27.9768244849372
        ],
        "type": "Point"
      },
      "properties": {
        "cell_id": "1074_13810",
        "cluster": 53,
        "suburb": "Ashmore",
        "year": 2021
      },
      "type": "Feature"
    },
    {
      "geometry": {
        "coordinates": [
          153.44697391022302,
          -28.080762492472495
        ],
        "type": "Point"
      },
      "properties": {
        "cell_id": "1087_13787",
        "cluster": -1,
        "suburb": "Burleigh Heads",
        "year": 2021
      },
      "type": "Feature"
    },
    {
      "geometry": {
        "coordinates": [
          153.385820931893,
          -27.965159485331895
        ],
        "type": "Point"
      },
      "properties": {
        "cell_id": "1075_13813",
        "cluster": 54,
        "suburb": "Southport",
        "year": 2021
      },
      "type": "Feature"
    },
    {
      "geometry": {
        "coordinates": [
          153.328802954328,
          -27.839325478544204
        ],
        "type": "Point"
      },
      "properties": {
        "cell_id": "1064_13841",
        "cluster": -1,
        "suburb": "Coomera",
        "year": 2021
      },
      "type": "Feature"
    },
    {
      "geometry": {
        "coordinates": [
          153.333268942022,
          -27.931174479720205
        ],
        "type": "Point"
      },
      "properties": {
        "cell_id": "1065_13820",
        "cluster": 11,
        "suburb": "Gaven",
        "year": 2022
      },
      "type": "Feature"
    },
    {
      "geometry": {
        "coordinates": [
          153.32909694296,
          -27.927429479266902
        ],
        "type": "Point"
      },
      "properties": {
        "cell_id": "1064_13821",
        "cluster": 11,
        "suburb": "Gaven",
        "year": 2021
      },
      "type": "Feature"
    },
    {
      "geometry": {
        "coordinates": [
          153.460563903608,
          -28.120202494168904
        ],
        "type": "Point"
      },
      "properties": {
        "cell_id": "1090_13778",
        "cluster": -1,
        "suburb": "Elanora",
        "year": 2021
      },
      "type": "Feature"
    },
    {
      "geometry": {
        "coordinates": [
          153.263082070697,
          -27.900010037354
        ],
        "type": "Point"
      },
      "properties": {
        "cell_id": "1051_13827",
        "cluster": -1,
        "suburb": "Upper Coomera",
        "year": 2021
      },
      "type": "Feature"
    },
    {
      "geometry": {
        "coordinates": [
          153.23999497474304,
          -27.7553874688777
        ],
        "type": "Point"
      },
      "properties": {
        "cell_id": "1047_13859",
        "cluster": 8,
        "suburb": "Stapylton",
        "year": 2021
      },
      "type": "Feature"
    },
    {
      "geometry": {
        "coordinates": [
          153.407553932837,
          -27.939448487343405
        ],
        "type": "Point"
      },
      "properties": {
        "cell_id": "1080_13818",
        "cluster": 22,
        "suburb": "Labrador",
        "year": 2021
      },
      "type": "Feature"
    },
    {
      "geometry": {
        "coordinates": [
          153.213029977622,
          -27.7557564661524
        ],
        "type": "Point"
      },
      "properties": {
        "cell_id": "1041_13859",
        "cluster": -1,
        "suburb": "Yatala",
        "year": 2021
      },
      "type": "Feature"
    },
    {
      "geometry": {
        "coordinates": [
          153.424240925422,
          -27.982694489383896
        ],
        "type": "Point"
      },
      "properties": {
        "cell_id": "1083_13809",
        "cluster": -1,
        "suburb": "Main Beach",
        "year": 2021
      },
      "type": "Feature"
    },
    {
      "geometry": {
        "coordinates": [
          153.331819939108,
          -27.9550294797604
        ],
        "type": "Point"
      },
      "properties": {
        "cell_id": "1065_13815",
        "cluster": -1,
        "suburb": "Gaven",
        "year": 2021
      },
      "type": "Feature"
    },
    {
      "geometry": {
        "coordinates": [
          153.403285928887,
          -27.973628487177102
        ],
        "type": "Point"
      },
      "properties": {
        "cell_id": "1079_13811",
        "cluster": 18,
        "suburb": "Southport",
        "year": 2021
      },
      "type": "Feature"
    },
    {
      "geometry": {
        "coordinates": [
          153.40752391753,
          -28.057834488269894
        ],
        "type": "Point"
      },
      "properties": {
        "cell_id": "1080_13792",
        "cluster": -1,
        "suburb": "Robina",
        "year": 2021
      },
      "type": "Feature"
    },
    {
      "geometry": {
        "coordinates": [
          153.296148445941,
          -27.90114467571539
        ],
        "type": "Point"
      },
      "properties": {
        "cell_id": "1058_13827",
        "cluster": -1,
        "suburb": "Oxenford",
        "year": 2022
      },
      "type": "Feature"
    },
    {
      "geometry": {
        "coordinates": [
          153.44267589929,
          -28.168622492722502
        ],
        "type": "Point"
      },
      "properties": {
        "cell_id": "1086_13768",
        "cluster": -1,
        "suburb": "Currumbin Valley",
        "year": 2022
      },
      "type": "Feature"
    },
    {
      "geometry": {
        "coordinates": [
          153.407203161793,
          -28.079239808405088
        ],
        "type": "Point"
      },
      "properties": {
        "cell_id": "1080_13787",
        "cluster": -1,
        "suburb": "Varsity Lakes",
        "year": 2022
      },
      "type": "Feature"
    },
    {
      "geometry": {
        "coordinates": [
          153.522240897745,
          -28.166835240839102
        ],
        "type": "Point"
      },
      "properties": {
        "cell_id": "1102_13768",
        "cluster": 3,
        "suburb": "Bilinga",
        "year": 2022
      },
      "type": "Feature"
    },
    {
      "geometry": {
        "coordinates": [
          153.208061870584,
          -27.815036781116696
        ],
        "type": "Point"
      },
      "properties": {
        "cell_id": "1040_13846",
        "cluster": -1,
        "suburb": "Luscombe",
        "year": 2022
      },
      "type": "Feature"
    },
    {
      "geometry": {
        "coordinates": [
          153.38581193191104,
          -27.9650214853299
        ],
        "type": "Point"
      },
      "properties": {
        "cell_id": "1075_13813",
        "cluster": 54,
        "suburb": "Southport",
        "year": 2022
      },
      "type": "Feature"
    },
    {
      "geometry": {
        "coordinates": [
          153.36558291918,
          -28.080704484179197
        ],
        "type": "Point"
      },
      "properties": {
        "cell_id": "1071_13787",
        "cluster": -1,
        "suburb": "Mudgeeraba",
        "year": 2022
      },
      "type": "Feature"
    },
    {
      "geometry": {
        "coordinates": [
          153.295804962281,
          -27.805349474926995
        ],
        "type": "Point"
      },
      "properties": {
        "cell_id": "1058_13848",
        "cluster": -1,
        "suburb": "Pimpama",
        "year": 2023
      },
      "type": "Feature"
    },
    {
      "geometry": {
        "coordinates": [
          153.299434936853,
          -28.000066476825896
        ],
        "type": "Point"
      },
      "properties": {
        "cell_id": "1058_13805",
        "cluster": -1,
        "suburb": "Nerang",
        "year": 2021
      },
      "type": "Feature"
    },
    {
      "geometry": {
        "coordinates": [
          153.417363833042,
          -28.045529083176095
        ],
        "type": "Point"
      },
      "properties": {
        "cell_id": "1082_13795",
        "cluster": 40,
        "suburb": "Mermaid Waters",
        "year": 2021
      },
      "type": "Feature"
    },
    {
      "geometry": {
        "coordinates": [
          153.303599948109,
          -27.9090624765338
        ],
        "type": "Point"
      },
      "properties": {
        "cell_id": "1059_13825",
        "cluster": -1,
        "suburb": "Oxenford",
        "year": 2021
      },
      "type": "Feature"
    },
    {
      "geometry": {
        "coordinates": [
          153.370911881312,
          -28.021007586252995
        ],
        "type": "Point"
      },
      "properties": {
        "cell_id": "1072_13800",
        "cluster": 55,
        "suburb": "Carrara",
        "year": 2021
      },
      "type": "Feature"
    },
    {
      "geometry": {
        "coordinates": [
          153.325405940945,
          -27.946212479039602
        ],
        "type": "Point"
      },
      "properties": {
        "cell_id": "1064_13817",
        "cluster": -1,
        "suburb": "Pacific Pines",
        "year": 2021
      },
      "type": "Feature"
    },
    {
      "geometry": {
        "coordinates": [
          153.363602958094,
          -27.7806174816193
        ],
        "type": "Point"
      },
      "properties": {
        "cell_id": "1071_13854",
        "cluster": -1,
        "suburb": "Jacobs Well",
        "year": 2021
      },
      "type": "Feature"
    },
    {
      "geometry": {
        "coordinates": [
          153.2292529605,
          -27.7351154566308
        ],
        "type": "Point"
      },
      "properties": {
        "cell_id": "1045_13864",
        "cluster": 23,
        "suburb": "Stapylton",
        "year": 2021
      },
      "type": "Feature"
    },
    {
      "geometry": {
        "coordinates": [
          153.425099121109,
          -28.131027551635196
        ],
        "type": "Point"
      },
      "properties": {
        "cell_id": "1083_13776",
        "cluster": -1,
        "suburb": "Tallebudgera",
        "year": 2022
      },
      "type": "Feature"
    },
    {
      "geometry": {
        "coordinates": [
          153.315479950406,
          -27.881123477519996
        ],
        "type": "Point"
      },
      "properties": {
        "cell_id": "1062_13831",
        "cluster": 30,
        "suburb": "Helensvale",
        "year": 2021
      },
      "type": "Feature"
    },
    {
      "geometry": {
        "coordinates": [
          153.339964933362,
          -27.992680480883696
        ],
        "type": "Point"
      },
      "properties": {
        "cell_id": "1066_13807",
        "cluster": 27,
        "suburb": "Nerang",
        "year": 2023
      },
      "type": "Feature"
    },
    {
      "geometry": {
        "coordinates": [
          153.431254920645,
          -28.013663490342402
        ],
        "type": "Point"
      },
      "properties": {
        "cell_id": "1084_13802",
        "cluster": 14,
        "suburb": "Surfers Paradise",
        "year": 2022
      },
      "type": "Feature"
    },
    {
      "geometry": {
        "coordinates": [
          153.397426917357,
          -28.0677364873189
        ],
        "type": "Point"
      },
      "properties": {
        "cell_id": "1078_13790",
        "cluster": 31,
        "suburb": "Robina",
        "year": 2022
      },
      "type": "Feature"
    },
    {
      "geometry": {
        "coordinates": [
          153.325938402805,
          -28.016675873647
        ],
        "type": "Point"
      },
      "properties": {
        "cell_id": "1064_13801",
        "cluster": -1,
        "suburb": "Highland Park",
        "year": 2023
      },
      "type": "Feature"
    },
    {
      "geometry": {
        "coordinates": [
          153.325047941883,
          -27.939235478948397
        ],
        "type": "Point"
      },
      "properties": {
        "cell_id": "1063_13818",
        "cluster": -1,
        "suburb": "Pacific Pines",
        "year": 2022
      },
      "type": "Feature"
    },
    {
      "geometry": {
        "coordinates": [
          153.420396143146,
          -28.188669918607204
        ],
        "type": "Point"
      },
      "properties": {
        "cell_id": "1082_13763",
        "cluster": -1,
        "suburb": "Currumbin Valley",
        "year": 2021
      },
      "type": "Feature"
    },
    {
      "geometry": {
        "coordinates": [
          153.250256969691,
          -27.786155470159095
        ],
        "type": "Point"
      },
      "properties": {
        "cell_id": "1049_13852",
        "cluster": -1,
        "suburb": "Ormeau",
        "year": 2021
      },
      "type": "Feature"
    },
    {
      "geometry": {
        "coordinates": [
          153.385983923157,
          -28.032622485878196
        ],
        "type": "Point"
      },
      "properties": {
        "cell_id": "1075_13798",
        "cluster": 56,
        "suburb": "Merrimac",
        "year": 2023
      },
      "type": "Feature"
    },
    {
      "geometry": {
        "coordinates": [
          153.446655910394,
          -28.079712492431806
        ],
        "type": "Point"
      },
      "properties": {
        "cell_id": "1087_13787",
        "cluster": -1,
        "suburb": "Burleigh Heads",
        "year": 2021
      },
      "type": "Feature"
    },
    {
      "geometry": {
        "coordinates": [
          153.357168935409,
          -27.96220248239331
        ],
        "type": "Point"
      },
      "properties": {
        "cell_id": "1070_13813",
        "cluster": 57,
        "suburb": "Molendinar",
        "year": 2021
      },
      "type": "Feature"
    },
    {
      "geometry": {
        "coordinates": [
          153.397347913626,
          -28.096619387537398
        ],
        "type": "Point"
      },
      "properties": {
        "cell_id": "1078_13784",
        "cluster": -1,
        "suburb": "Varsity Lakes",
        "year": 2022
      },
      "type": "Feature"
    },
    {
      "geometry": {
        "coordinates": [
          153.266477951381,
          -27.915163472817202
        ],
        "type": "Point"
      },
      "properties": {
        "cell_id": "1052_13824",
        "cluster": -1,
        "suburb": "Maudsland",
        "year": 2021
      },
      "type": "Feature"
    },
    {
      "geometry": {
        "coordinates": [
          153.231295977356,
          -27.742328467894396
        ],
        "type": "Point"
      },
      "properties": {
        "cell_id": "1045_13862",
        "cluster": -1,
        "suburb": "Yatala",
        "year": 2021
      },
      "type": "Feature"
    },
    {
      "geometry": {
        "coordinates": [
          153.425674907971,
          -28.116189490577597
        ],
        "type": "Point"
      },
      "properties": {
        "cell_id": "1083_13779",
        "cluster": 85,
        "suburb": "Burleigh Heads",
        "year": 2021
      },
      "type": "Feature"
    },
    {
      "geometry": {
        "coordinates": [
          153.272036082017,
          -27.9521802836713
        ],
        "type": "Point"
      },
      "properties": {
        "cell_id": "1053_13816",
        "cluster": -1,
        "suburb": "Maudsland",
        "year": 2021
      },
      "type": "Feature"
    },
    {
      "geometry": {
        "coordinates": [
          153.325986956498,
          -27.824825478144096
        ],
        "type": "Point"
      },
      "properties": {
        "cell_id": "1064_13844",
        "cluster": -1,
        "suburb": "Pimpama",
        "year": 2022
      },
      "type": "Feature"
    },
    {
      "geometry": {
        "coordinates": [
          153.428003975497,
          -28.0175613150414
        ],
        "type": "Point"
      },
      "properties": {
        "cell_id": "1084_13801",
        "cluster": -1,
        "suburb": "Surfers Paradise",
        "year": 2022
      },
      "type": "Feature"
    },
    {
      "geometry": {
        "coordinates": [
          153.292286967105,
          -27.8097000386044
        ],
        "type": "Point"
      },
      "properties": {
        "cell_id": "1057_13847",
        "cluster": -1,
        "suburb": "Pimpama",
        "year": 2022
      },
      "type": "Feature"
    },
    {
      "geometry": {
        "coordinates": [
          153.344857934105,
          -27.9827614813031
        ],
        "type": "Point"
      },
      "properties": {
        "cell_id": "1067_13809",
        "cluster": 37,
        "suburb": "Ashmore",
        "year": 2023
      },
      "type": "Feature"
    },
    {
      "geometry": {
        "coordinates": [
          153.326948175009,
          -27.8822544696935
        ],
        "type": "Point"
      },
      "properties": {
        "cell_id": "1064_13831",
        "cluster": -1,
        "suburb": "Helensvale",
        "year": 2021
      },
      "type": "Feature"
    },
    {
      "geometry": {
        "coordinates": [
          153.371676937919,
          -27.930450483619598
        ],
        "type": "Point"
      },
      "properties": {
        "cell_id": "1073_13820",
        "cluster": 20,
        "suburb": "Coombabah",
        "year": 2021
      },
      "type": "Feature"
    },
    {
      "geometry": {
        "coordinates": [
          153.30139096352,
          -27.790960475380505
        ],
        "type": "Point"
      },
      "properties": {
        "cell_id": "1059_13851",
        "cluster": -1,
        "suburb": "Pimpama",
        "year": 2023
      },
      "type": "Feature"
    },
    {
      "geometry": {
        "coordinates": [
          153.334032554853,
          -27.931837479802997
        ],
        "type": "Point"
      },
      "properties": {
        "cell_id": "1065_13820",
        "cluster": 11,
        "suburb": "Helensvale",
        "year": 2021
      },
      "type": "Feature"
    },
    {
      "geometry": {
        "coordinates": [
          153.429837942854,
          -27.997799421073307
        ],
        "type": "Point"
      },
      "properties": {
        "cell_id": "1084_13805",
        "cluster": 17,
        "suburb": "Surfers Paradise",
        "year": 2021
      },
      "type": "Feature"
    },
    {
      "geometry": {
        "coordinates": [
          153.518639891236,
          -28.166114500465
        ],
        "type": "Point"
      },
      "properties": {
        "cell_id": "1101_13768",
        "cluster": 3,
        "suburb": "Bilinga",
        "year": 2022
      },
      "type": "Feature"
    },
    {
      "geometry": {
        "coordinates": [
          153.345218667705,
          -27.962296849179094
        ],
        "type": "Point"
      },
      "properties": {
        "cell_id": "1067_13813",
        "cluster": 4,
        "suburb": "Gaven",
        "year": 2021
      },
      "type": "Feature"
    },
    {
      "geometry": {
        "coordinates": [
          153.314669950836,
          -27.878460477416795
        ],
        "type": "Point"
      },
      "properties": {
        "cell_id": "1061_13832",
        "cluster": 30,
        "suburb": "Oxenford",
        "year": 2021
      },
      "type": "Feature"
    },
    {
      "geometry": {
        "coordinates": [
          153.386418916931,
          -28.0803754862971
        ],
        "type": "Point"
      },
      "properties": {
        "cell_id": "1075_13787",
        "cluster": 52,
        "suburb": "Robina",
        "year": 2021
      },
      "type": "Feature"
    },
    {
      "geometry": {
        "coordinates": [
          153.243622951038,
          -27.937293470675993
        ],
        "type": "Point"
      },
      "properties": {
        "cell_id": "1047_13819",
        "cluster": -1,
        "suburb": "Guanaba",
        "year": 2021
      },
      "type": "Feature"
    },
    {
      "geometry": {
        "coordinates": [
          153.402135928928,
          -27.974288487065103
        ],
        "type": "Point"
      },
      "properties": {
        "cell_id": "1079_13811",
        "cluster": 18,
        "suburb": "Southport",
        "year": 2023
      },
      "type": "Feature"
    },
    {
      "geometry": {
        "coordinates": [
          153.289375960818,
          -27.8222004744075
        ],
        "type": "Point"
      },
      "properties": {
        "cell_id": "1056_13844",
        "cluster": 29,
        "suburb": "Pimpama",
        "year": 2021
      },
      "type": "Feature"
    },
    {
      "geometry": {
        "coordinates": [
          153.323102942195,
          -27.9384584787448
        ],
        "type": "Point"
      },
      "properties": {
        "cell_id": "1063_13819",
        "cluster": -1,
        "suburb": "Pacific Pines",
        "year": 2021
      },
      "type": "Feature"
    },
    {
      "geometry": {
        "coordinates": [
          153.34527493667,
          -27.962516481186498
        ],
        "type": "Point"
      },
      "properties": {
        "cell_id": "1067_13813",
        "cluster": 4,
        "suburb": "Gaven",
        "year": 2021
      },
      "type": "Feature"
    },
    {
      "geometry": {
        "coordinates": [
          153.409026930679,
          -27.954908487615
        ],
        "type": "Point"
      },
      "properties": {
        "cell_id": "1080_13815",
        "cluster": 6,
        "suburb": "Labrador",
        "year": 2021
      },
      "type": "Feature"
    },
    {
      "geometry": {
        "coordinates": [
          153.312258952705,
          -27.86597147707381
        ],
        "type": "Point"
      },
      "properties": {
        "cell_id": "1061_13835",
        "cluster": 9,
        "suburb": "Upper Coomera",
        "year": 2021
      },
      "type": "Feature"
    },
    {
      "geometry": {
        "coordinates": [
          153.341086934985,
          -27.979141480891403
        ],
        "type": "Point"
      },
      "properties": {
        "cell_id": "1067_13810",
        "cluster": 10,
        "suburb": "Nerang",
        "year": 2021
      },
      "type": "Feature"
    },
    {
      "geometry": {
        "coordinates": [
          153.319012956788,
          -27.82847347746449
        ],
        "type": "Point"
      },
      "properties": {
        "cell_id": "1062_13843",
        "cluster": 83,
        "suburb": "Pimpama",
        "year": 2021
      },
      "type": "Feature"
    },
    {
      "geometry": {
        "coordinates": [
          153.297033953507,
          -27.872643475581206
        ],
        "type": "Point"
      },
      "properties": {
        "cell_id": "1058_13833",
        "cluster": -1,
        "suburb": "Upper Coomera",
        "year": 2021
      },
      "type": "Feature"
    },
    {
      "geometry": {
        "coordinates": [
          153.404628933946,
          -27.933339486997394
        ],
        "type": "Point"
      },
      "properties": {
        "cell_id": "1079_13820",
        "cluster": -1,
        "suburb": "Biggera Waters",
        "year": 2023
      },
      "type": "Feature"
    },
    {
      "geometry": {
        "coordinates": [
          153.256958968995,
          -27.785905470835907
        ],
        "type": "Point"
      },
      "properties": {
        "cell_id": "1050_13852",
        "cluster": 58,
        "suburb": "Ormeau",
        "year": 2021
      },
      "type": "Feature"
    },
    {
      "geometry": {
        "coordinates": [
          153.433273919704,
          -28.019220490591895
        ],
        "type": "Point"
      },
      "properties": {
        "cell_id": "1085_13801",
        "cluster": 14,
        "suburb": "Broadbeach",
        "year": 2021
      },
      "type": "Feature"
    },
    {
      "geometry": {
        "coordinates": [
          153.398863934884,
          -27.930950486391296
        ],
        "type": "Point"
      },
      "properties": {
        "cell_id": "1078_13820",
        "cluster": -1,
        "suburb": "Biggera Waters",
        "year": 2021
      },
      "type": "Feature"
    },
    {
      "geometry": {
        "coordinates": [
          153.351391947855,
          -27.870522481085295
        ],
        "type": "Point"
      },
      "properties": {
        "cell_id": "1069_13834",
        "cluster": 59,
        "suburb": "Hope Island",
        "year": 2021
      },
      "type": "Feature"
    },
    {
      "geometry": {
        "coordinates": [
          153.376182102821,
          -27.9661393693585
        ],
        "type": "Point"
      },
      "properties": {
        "cell_id": "1073_13812",
        "cluster": 5,
        "suburb": "Molendinar",
        "year": 2021
      },
      "type": "Feature"
    },
    {
      "geometry": {
        "coordinates": [
          153.27904892115703,
          -28.139218475849198
        ],
        "type": "Point"
      },
      "properties": {
        "cell_id": "1054_13774",
        "cluster": -1,
        "suburb": "Springbrook",
        "year": 2021
      },
      "type": "Feature"
    },
    {
      "geometry": {
        "coordinates": [
          153.31801694675102,
          -27.9073824779841
        ],
        "type": "Point"
      },
      "properties": {
        "cell_id": "1062_13826",
        "cluster": 19,
        "suburb": "Helensvale",
        "year": 2021
      },
      "type": "Feature"
    },
    {
      "geometry": {
        "coordinates": [
          153.281439962373,
          -27.816805473560205
        ],
        "type": "Point"
      },
      "properties": {
        "cell_id": "1055_13846",
        "cluster": 28,
        "suburb": "Pimpama",
        "year": 2021
      },
      "type": "Feature"
    },
    {
      "geometry": {
        "coordinates": [
          153.429556834105,
          -28.026991553273795
        ],
        "type": "Point"
      },
      "properties": {
        "cell_id": "1084_13799",
        "cluster": 64,
        "suburb": "Broadbeach",
        "year": 2021
      },
      "type": "Feature"
    },
    {
      "geometry": {
        "coordinates": [
          153.262789976789,
          -27.720071470907993
        ],
        "type": "Point"
      },
      "properties": {
        "cell_id": "1051_13867",
        "cluster": -1,
        "suburb": "Stapylton",
        "year": 2021
      },
      "type": "Feature"
    },
    {
      "geometry": {
        "coordinates": [
          153.39209092259,
          -28.0318234864937
        ],
        "type": "Point"
      },
      "properties": {
        "cell_id": "1077_13798",
        "cluster": -1,
        "suburb": "Clear Island Waters",
        "year": 2022
      },
      "type": "Feature"
    },
    {
      "geometry": {
        "coordinates": [
          153.421401909335,
          -28.109300490087904
        ],
        "type": "Point"
      },
      "properties": {
        "cell_id": "1082_13781",
        "cluster": -1,
        "suburb": "Burleigh Heads",
        "year": 2021
      },
      "type": "Feature"
    },
    {
      "geometry": {
        "coordinates": [
          153.387438938256,
          -27.914495485098495
        ],
        "type": "Point"
      },
      "properties": {
        "cell_id": "1076_13824",
        "cluster": -1,
        "suburb": "Coombabah",
        "year": 2021
      },
      "type": "Feature"
    },
    {
      "geometry": {
        "coordinates": [
          153.34299723262,
          -27.957079545912286
        ],
        "type": "Point"
      },
      "properties": {
        "cell_id": "1067_13815",
        "cluster": 4,
        "suburb": "Gaven",
        "year": 2021
      },
      "type": "Feature"
    },
    {
      "geometry": {
        "coordinates": [
          153.339421939578,
          -27.944924480453505
        ],
        "type": "Point"
      },
      "properties": {
        "cell_id": "1066_13817",
        "cluster": 4,
        "suburb": "Arundel",
        "year": 2021
      },
      "type": "Feature"
    },
    {
      "geometry": {
        "coordinates": [
          153.315470949872,
          -27.885282477551804
        ],
        "type": "Point"
      },
      "properties": {
        "cell_id": "1062_13830",
        "cluster": 30,
        "suburb": "Oxenford",
        "year": 2021
      },
      "type": "Feature"
    },
    {
      "geometry": {
        "coordinates": [
          153.431952777295,
          -28.0157785394301
        ],
        "type": "Point"
      },
      "properties": {
        "cell_id": "1084_13801",
        "cluster": 14,
        "suburb": "Surfers Paradise",
        "year": 2021
      },
      "type": "Feature"
    },
    {
      "geometry": {
        "coordinates": [
          153.43733791386202,
          -28.060868491333295
        ],
        "type": "Point"
      },
      "properties": {
        "cell_id": "1085_13791",
        "cluster": -1,
        "suburb": "Miami",
        "year": 2021
      },
      "type": "Feature"
    },
    {
      "geometry": {
        "coordinates": [
          153.441241911262,
          -28.077610491862895
        ],
        "type": "Point"
      },
      "properties": {
        "cell_id": "1086_13788",
        "cluster": 12,
        "suburb": "Miami",
        "year": 2021
      },
      "type": "Feature"
    },
    {
      "geometry": {
        "coordinates": [
          153.322245468162,
          -27.8850542272379
        ],
        "type": "Point"
      },
      "properties": {
        "cell_id": "1063_13830",
        "cluster": -1,
        "suburb": "Helensvale",
        "year": 2021
      },
      "type": "Feature"
    },
    {
      "geometry": {
        "coordinates": [
          153.418496924044,
          -27.99820248892019
        ],
        "type": "Point"
      },
      "properties": {
        "cell_id": "1082_13805",
        "cluster": 46,
        "suburb": "Surfers Paradise",
        "year": 2021
      },
      "type": "Feature"
    },
    {
      "geometry": {
        "coordinates": [
          153.425066462262,
          -27.998682831593705
        ],
        "type": "Point"
      },
      "properties": {
        "cell_id": "1083_13805",
        "cluster": 17,
        "suburb": "Surfers Paradise",
        "year": 2021
      },
      "type": "Feature"
    },
    {
      "geometry": {
        "coordinates": [
          153.3950119407,
          -27.8891454856703
        ],
        "type": "Point"
      },
      "properties": {
        "cell_id": "1077_13830",
        "cluster": -1,
        "suburb": "Hollywell",
        "year": 2021
      },
      "type": "Feature"
    },
    {
      "geometry": {
        "coordinates": [
          153.344161937792,
          -27.9547594810125
        ],
        "type": "Point"
      },
      "properties": {
        "cell_id": "1067_13815",
        "cluster": 4,
        "suburb": "Arundel",
        "year": 2021
      },
      "type": "Feature"
    },
    {
      "geometry": {
        "coordinates": [
          153.409923931518,
          -27.947656487649397
        ],
        "type": "Point"
      },
      "properties": {
        "cell_id": "1080_13817",
        "cluster": 22,
        "suburb": "Labrador",
        "year": 2021
      },
      "type": "Feature"
    },
    {
      "geometry": {
        "coordinates": [
          153.413633573081,
          -27.994306715393897
        ],
        "type": "Point"
      },
      "properties": {
        "cell_id": "1081_13806",
        "cluster": -1,
        "suburb": "Southport",
        "year": 2023
      },
      "type": "Feature"
    },
    {
      "geometry": {
        "coordinates": [
          153.359544922456,
          -28.0605034834066
        ],
        "type": "Point"
      },
      "properties": {
        "cell_id": "1070_13792",
        "cluster": -1,
        "suburb": "Merrimac",
        "year": 2022
      },
      "type": "Feature"
    },
    {
      "geometry": {
        "coordinates": [
          153.360811826924,
          -28.00161616007329
        ],
        "type": "Point"
      },
      "properties": {
        "cell_id": "1070_13805",
        "cluster": -1,
        "suburb": "Carrara",
        "year": 2021
      },
      "type": "Feature"
    },
    {
      "geometry": {
        "coordinates": [
          153.354975131502,
          -28.048554469848096
        ],
        "type": "Point"
      },
      "properties": {
        "cell_id": "1069_13794",
        "cluster": 81,
        "suburb": "Worongary",
        "year": 2021
      },
      "type": "Feature"
    },
    {
      "geometry": {
        "coordinates": [
          153.265323965656,
          -27.804868471832688
        ],
        "type": "Point"
      },
      "properties": {
        "cell_id": "1052_13848",
        "cluster": 60,
        "suburb": "Pimpama",
        "year": 2021
      },
      "type": "Feature"
    },
    {
      "geometry": {
        "coordinates": [
          153.347674932202,
          -27.995118481686497
        ],
        "type": "Point"
      },
      "properties": {
        "cell_id": "1068_13806",
        "cluster": -1,
        "suburb": "Nerang",
        "year": 2021
      },
      "type": "Feature"
    },
    {
      "geometry": {
        "coordinates": [
          153.438333911473,
          -28.07845149157279
        ],
        "type": "Point"
      },
      "properties": {
        "cell_id": "1086_13788",
        "cluster": -1,
        "suburb": "Burleigh Waters",
        "year": 2021
      },
      "type": "Feature"
    },
    {
      "geometry": {
        "coordinates": [
          153.316706947215,
          -27.9048884778314
        ],
        "type": "Point"
      },
      "properties": {
        "cell_id": "1062_13826",
        "cluster": 19,
        "suburb": "Helensvale",
        "year": 2021
      },
      "type": "Feature"
    },
    {
      "geometry": {
        "coordinates": [
          153.390366935354,
          -27.934501485553895
        ],
        "type": "Point"
      },
      "properties": {
        "cell_id": "1076_13819",
        "cluster": 0,
        "suburb": "Arundel",
        "year": 2021
      },
      "type": "Feature"
    },
    {
      "geometry": {
        "coordinates": [
          153.290324960859,
          -27.821074474494896
        ],
        "type": "Point"
      },
      "properties": {
        "cell_id": "1057_13845",
        "cluster": 29,
        "suburb": "Pimpama",
        "year": 2021
      },
      "type": "Feature"
    },
    {
      "geometry": {
        "coordinates": [
          153.442297912202,
          -28.0694654919067
        ],
        "type": "Point"
      },
      "properties": {
        "cell_id": "1086_13790",
        "cluster": -1,
        "suburb": "Miami",
        "year": 2021
      },
      "type": "Feature"
    },
    {
      "geometry": {
        "coordinates": [
          153.307163954305,
          -27.857836476492697
        ],
        "type": "Point"
      },
      "properties": {
        "cell_id": "1060_13837",
        "cluster": 9,
        "suburb": "Upper Coomera",
        "year": 2021
      },
      "type": "Feature"
    },
    {
      "geometry": {
        "coordinates": [
          153.34144794269,
          -27.919048480456
        ],
        "type": "Point"
      },
      "properties": {
        "cell_id": "1067_13823",
        "cluster": -1,
        "suburb": "Helensvale",
        "year": 2021
      },
      "type": "Feature"
    },
    {
      "geometry": {
        "coordinates": [
          153.383118937694,
          -27.922506484721694
        ],
        "type": "Point"
      },
      "properties": {
        "cell_id": "1075_13822",
        "cluster": -1,
        "suburb": "Biggera Waters",
        "year": 2021
      },
      "type": "Feature"
    },
    {
      "geometry": {
        "coordinates": [
          153.340207090331,
          -27.946173095543095
        ],
        "type": "Point"
      },
      "properties": {
        "cell_id": "1066_13817",
        "cluster": 4,
        "suburb": "Arundel",
        "year": 2021
      },
      "type": "Feature"
    },
    {
      "geometry": {
        "coordinates": [
          153.251403546371,
          -27.772064399164197
        ],
        "type": "Point"
      },
      "properties": {
        "cell_id": "1049_13856",
        "cluster": -1,
        "suburb": "Ormeau",
        "year": 2021
      },
      "type": "Feature"
    },
    {
      "geometry": {
        "coordinates": [
          153.369549927753,
          -28.011008484035997
        ],
        "type": "Point"
      },
      "properties": {
        "cell_id": "1072_13803",
        "cluster": 61,
        "suburb": "Carrara",
        "year": 2023
      },
      "type": "Feature"
    },
    {
      "geometry": {
        "coordinates": [
          153.378672928294,
          -27.9990764848707
        ],
        "type": "Point"
      },
      "properties": {
        "cell_id": "1074_13805",
        "cluster": 48,
        "suburb": "Ashmore",
        "year": 2022
      },
      "type": "Feature"
    },
    {
      "geometry": {
        "coordinates": [
          153.313044952573,
          -27.8663264771564
        ],
        "type": "Point"
      },
      "properties": {
        "cell_id": "1061_13835",
        "cluster": 9,
        "suburb": "Coomera",
        "year": 2022
      },
      "type": "Feature"
    },
    {
      "geometry": {
        "coordinates": [
          153.31652442616,
          -27.9054686898175
        ],
        "type": "Point"
      },
      "properties": {
        "cell_id": "1062_13826",
        "cluster": 19,
        "suburb": "Oxenford",
        "year": 2022
      },
      "type": "Feature"
    },
    {
      "geometry": {
        "coordinates": [
          153.44108841707302,
          -28.079198325859696
        ],
        "type": "Point"
      },
      "properties": {
        "cell_id": "1086_13787",
        "cluster": 12,
        "suburb": "Burleigh Waters",
        "year": 2021
      },
      "type": "Feature"
    },
    {
      "geometry": {
        "coordinates": [
          153.4341589183,
          -28.0293104907614
        ],
        "type": "Point"
      },
      "properties": {
        "cell_id": "1085_13798",
        "cluster": 77,
        "suburb": "Broadbeach",
        "year": 2021
      },
      "type": "Feature"
    },
    {
      "geometry": {
        "coordinates": [
          153.388597937833,
          -27.91678848523449
        ],
        "type": "Point"
      },
      "properties": {
        "cell_id": "1076_13823",
        "cluster": -1,
        "suburb": "Runaway Bay",
        "year": 2023
      },
      "type": "Feature"
    },
    {
      "geometry": {
        "coordinates": [
          153.421321898536,
          -28.1925764907321
        ],
        "type": "Point"
      },
      "properties": {
        "cell_id": "1082_13762",
        "cluster": -1,
        "suburb": "Currumbin Valley",
        "year": 2023
      },
      "type": "Feature"
    },
    {
      "geometry": {
        "coordinates": [
          153.269236743633,
          -27.809536472265993
        ],
        "type": "Point"
      },
      "properties": {
        "cell_id": "1053_13847",
        "cluster": -1,
        "suburb": "Pimpama",
        "year": 2021
      },
      "type": "Feature"
    },
    {
      "geometry": {
        "coordinates": [
          153.403012936876,
          -27.912018486665094
        ],
        "type": "Point"
      },
      "properties": {
        "cell_id": "1079_13824",
        "cluster": -1,
        "suburb": "Runaway Bay",
        "year": 2021
      },
      "type": "Feature"
    },
    {
      "geometry": {
        "coordinates": [
          153.315153950517,
          -27.880531477482297
        ],
        "type": "Point"
      },
      "properties": {
        "cell_id": "1062_13831",
        "cluster": 30,
        "suburb": "Oxenford",
        "year": 2021
      },
      "type": "Feature"
    },
    {
      "geometry": {
        "coordinates": [
          153.44340291188,
          -28.071010492031597
        ],
        "type": "Point"
      },
      "properties": {
        "cell_id": "1087_13789",
        "cluster": -1,
        "suburb": "Miami",
        "year": 2021
      },
      "type": "Feature"
    },
    {
      "geometry": {
        "coordinates": [
          153.289050957117,
          -27.8513084746036
        ],
        "type": "Point"
      },
      "properties": {
        "cell_id": "1056_13838",
        "cluster": -1,
        "suburb": "Upper Coomera",
        "year": 2021
      },
      "type": "Feature"
    },
    {
      "geometry": {
        "coordinates": [
          153.336524940812,
          -27.937807480103192
        ],
        "type": "Point"
      },
      "properties": {
        "cell_id": "1066_13819",
        "cluster": 86,
        "suburb": "Helensvale",
        "year": 2021
      },
      "type": "Feature"
    },
    {
      "geometry": {
        "coordinates": [
          153.408489925687,
          -27.993976487867105
        ],
        "type": "Point"
      },
      "properties": {
        "cell_id": "1080_13806",
        "cluster": -1,
        "suburb": "Southport",
        "year": 2021
      },
      "type": "Feature"
    },
    {
      "geometry": {
        "coordinates": [
          153.486371897744,
          -28.143443496987395
        ],
        "type": "Point"
      },
      "properties": {
        "cell_id": "1095_13773",
        "cluster": -1,
        "suburb": "Tugun",
        "year": 2021
      },
      "type": "Feature"
    },
    {
      "geometry": {
        "coordinates": [
          153.296428959671,
          -27.8251584751462
        ],
        "type": "Point"
      },
      "properties": {
        "cell_id": "1058_13844",
        "cluster": -1,
        "suburb": "Pimpama",
        "year": 2021
      },
      "type": "Feature"
    },
    {
      "geometry": {
        "coordinates": [
          153.420458912472,
          -28.085903489808302
        ],
        "type": "Point"
      },
      "properties": {
        "cell_id": "1082_13786",
        "cluster": -1,
        "suburb": "Varsity Lakes",
        "year": 2021
      },
      "type": "Feature"
    },
    {
      "geometry": {
        "coordinates": [
          153.385268722625,
          -27.921222192930397
        ],
        "type": "Point"
      },
      "properties": {
        "cell_id": "1075_13822",
        "cluster": -1,
        "suburb": "Runaway Bay",
        "year": 2021
      },
      "type": "Feature"
    },
    {
      "geometry": {
        "coordinates": [
          153.413127919709,
          -28.036247488671602
        ],
        "type": "Point"
      },
      "properties": {
        "cell_id": "1081_13797",
        "cluster": -1,
        "suburb": "Mermaid Waters",
        "year": 2021
      },
      "type": "Feature"
    },
    {
      "geometry": {
        "coordinates": [
          153.348096929474,
          -28.015900481892594
        ],
        "type": "Point"
      },
      "properties": {
        "cell_id": "1068_13801",
        "cluster": 62,
        "suburb": "Highland Park",
        "year": 2021
      },
      "type": "Feature"
    },
    {
      "geometry": {
        "coordinates": [
          153.314321987916,
          -27.8936857895012
        ],
        "type": "Point"
      },
      "properties": {
        "cell_id": "1061_13829",
        "cluster": 76,
        "suburb": "Oxenford",
        "year": 2023
      },
      "type": "Feature"
    },
    {
      "geometry": {
        "coordinates": [
          153.346634935911,
          -27.967254481362
        ],
        "type": "Point"
      },
      "properties": {
        "cell_id": "1068_13812",
        "cluster": -1,
        "suburb": "Gaven",
        "year": 2023
      },
      "type": "Feature"
    },
    {
      "geometry": {
        "coordinates": [
          153.316810903018,
          -27.906334494853393
        ],
        "type": "Point"
      },
      "properties": {
        "cell_id": "1062_13826",
        "cluster": 19,
        "suburb": "Oxenford",
        "year": 2023
      },
      "type": "Feature"
    },
    {
      "geometry": {
        "coordinates": [
          153.411699763722,
          -27.9600475669277
        ],
        "type": "Point"
      },
      "properties": {
        "cell_id": "1080_13814",
        "cluster": 6,
        "suburb": "Southport",
        "year": 2022
      },
      "type": "Feature"
    },
    {
      "geometry": {
        "coordinates": [
          153.400981928972,
          -27.9749214869525
        ],
        "type": "Point"
      },
      "properties": {
        "cell_id": "1078_13811",
        "cluster": 18,
        "suburb": "Southport",
        "year": 2021
      },
      "type": "Feature"
    },
    {
      "geometry": {
        "coordinates": [
          153.38704793507,
          -27.9395134852553
        ],
        "type": "Point"
      },
      "properties": {
        "cell_id": "1076_13818",
        "cluster": -1,
        "suburb": "Arundel",
        "year": 2021
      },
      "type": "Feature"
    },
    {
      "geometry": {
        "coordinates": [
          153.27784396718303,
          -27.782338472924305
        ],
        "type": "Point"
      },
      "properties": {
        "cell_id": "1054_13853",
        "cluster": -1,
        "suburb": "Ormeau",
        "year": 2021
      },
      "type": "Feature"
    },
    {
      "geometry": {
        "coordinates": [
          153.30969294791,
          -27.9054404771237
        ],
        "type": "Point"
      },
      "properties": {
        "cell_id": "1060_13826",
        "cluster": -1,
        "suburb": "Oxenford",
        "year": 2021
      },
      "type": "Feature"
    },
    {
      "geometry": {
        "coordinates": [
          153.408660920453,
          -28.034289488201
        ],
        "type": "Point"
      },
      "properties": {
        "cell_id": "1080_13797",
        "cluster": 63,
        "suburb": "Broadbeach Waters",
        "year": 2021
      },
      "type": "Feature"
    },
    {
      "geometry": {
        "coordinates": [
          153.314097937409,
          -27.8744905943275
        ],
        "type": "Point"
      },
      "properties": {
        "cell_id": "1061_13833",
        "cluster": 30,
        "suburb": "Coomera",
        "year": 2022
      },
      "type": "Feature"
    },
    {
      "geometry": {
        "coordinates": [
          153.307116175601,
          -27.91002697889819
        ],
        "type": "Point"
      },
      "properties": {
        "cell_id": "1060_13825",
        "cluster": -1,
        "suburb": "Oxenford",
        "year": 2023
      },
      "type": "Feature"
    },
    {
      "geometry": {
        "coordinates": [
          153.340677938589,
          -27.951536480633102
        ],
        "type": "Point"
      },
      "properties": {
        "cell_id": "1067_13816",
        "cluster": 4,
        "suburb": "Gaven",
        "year": 2023
      },
      "type": "Feature"
    },
    {
      "geometry": {
        "coordinates": [
          153.361876927289,
          -28.02111748333469
        ],
        "type": "Point"
      },
      "properties": {
        "cell_id": "1071_13800",
        "cluster": -1,
        "suburb": "Carrara",
        "year": 2023
      },
      "type": "Feature"
    },
    {
      "geometry": {
        "coordinates": [
          153.261084049985,
          -27.7980999213498
        ],
        "type": "Point"
      },
      "properties": {
        "cell_id": "1051_13850",
        "cluster": -1,
        "suburb": "Ormeau Hills",
        "year": 2022
      },
      "type": "Feature"
    },
    {
      "geometry": {
        "coordinates": [
          153.343182932982,
          -27.9928874812124
        ],
        "type": "Point"
      },
      "properties": {
        "cell_id": "1067_13807",
        "cluster": 27,
        "suburb": "Nerang",
        "year": 2023
      },
      "type": "Feature"
    },
    {
      "geometry": {
        "coordinates": [
          153.429953918723,
          -28.029609490334796
        ],
        "type": "Point"
      },
      "properties": {
        "cell_id": "1084_13798",
        "cluster": 64,
        "suburb": "Broadbeach",
        "year": 2022
      },
      "type": "Feature"
    },
    {
      "geometry": {
        "coordinates": [
          153.232930888887,
          -27.744615332077895
        ],
        "type": "Point"
      },
      "properties": {
        "cell_id": "1045_13862",
        "cluster": -1,
        "suburb": "Yatala",
        "year": 2022
      },
      "type": "Feature"
    },
    {
      "geometry": {
        "coordinates": [
          153.443244911114,
          -28.077051492062804
        ],
        "type": "Point"
      },
      "properties": {
        "cell_id": "1087_13788",
        "cluster": 12,
        "suburb": "Miami",
        "year": 2022
      },
      "type": "Feature"
    },
    {
      "geometry": {
        "coordinates": [
          153.41038791343,
          -28.08705248879089
        ],
        "type": "Point"
      },
      "properties": {
        "cell_id": "1080_13786",
        "cluster": -1,
        "suburb": "Varsity Lakes",
        "year": 2023
      },
      "type": "Feature"
    },
    {
      "geometry": {
        "coordinates": [
          153.335894934383,
          -27.988218480435098
        ],
        "type": "Point"
      },
      "properties": {
        "cell_id": "1066_13808",
        "cluster": 65,
        "suburb": "Nerang",
        "year": 2021
      },
      "type": "Feature"
    },
    {
      "geometry": {
        "coordinates": [
          153.364071920381,
          -28.0727074839628
        ],
        "type": "Point"
      },
      "properties": {
        "cell_id": "1071_13789",
        "cluster": 66,
        "suburb": "Robina",
        "year": 2021
      },
      "type": "Feature"
    },
    {
      "geometry": {
        "coordinates": [
          153.244996969863,
          -27.789274469651005
        ],
        "type": "Point"
      },
      "properties": {
        "cell_id": "1048_13852",
        "cluster": -1,
        "suburb": "Ormeau",
        "year": 2022
      },
      "type": "Feature"
    },
    {
      "geometry": {
        "coordinates": [
          153.245749973484,
          -27.760348469499505
        ],
        "type": "Point"
      },
      "properties": {
        "cell_id": "1048_13858",
        "cluster": 8,
        "suburb": "Ormeau",
        "year": 2022
      },
      "type": "Feature"
    },
    {
      "geometry": {
        "coordinates": [
          153.342636832829,
          -27.9790393680482
        ],
        "type": "Point"
      },
      "properties": {
        "cell_id": "1067_13810",
        "cluster": 10,
        "suburb": "Nerang",
        "year": 2022
      },
      "type": "Feature"
    },
    {
      "geometry": {
        "coordinates": [
          153.290555937,
          -28.006489475975595
        ],
        "type": "Point"
      },
      "properties": {
        "cell_id": "1057_13804",
        "cluster": -1,
        "suburb": "Advancetown",
        "year": 2023
      },
      "type": "Feature"
    },
    {
      "geometry": {
        "coordinates": [
          153.370184154259,
          -27.9833248858831
        ],
        "type": "Point"
      },
      "properties": {
        "cell_id": "1072_13809",
        "cluster": 33,
        "suburb": "Ashmore",
        "year": 2023
      },
      "type": "Feature"
    },
    {
      "geometry": {
        "coordinates": [
          153.31103195397,
          -27.857168476879995
        ],
        "type": "Point"
      },
      "properties": {
        "cell_id": "1061_13837",
        "cluster": 9,
        "suburb": "Coomera",
        "year": 2023
      },
      "type": "Feature"
    },
    {
      "geometry": {
        "coordinates": [
          153.315457949701,
          -27.886617477561
        ],
        "type": "Point"
      },
      "properties": {
        "cell_id": "1062_13830",
        "cluster": 30,
        "suburb": "Helensvale",
        "year": 2023
      },
      "type": "Feature"
    },
    {
      "geometry": {
        "coordinates": [
          153.303107957262,
          -27.838261475926995
        ],
        "type": "Point"
      },
      "properties": {
        "cell_id": "1059_13841",
        "cluster": -1,
        "suburb": "Pimpama",
        "year": 2023
      },
      "type": "Feature"
    },
    {
      "geometry": {
        "coordinates": [
          153.379903916809,
          -28.086855485684705
        ],
        "type": "Point"
      },
      "properties": {
        "cell_id": "1074_13786",
        "cluster": 67,
        "suburb": "Mudgeeraba",
        "year": 2022
      },
      "type": "Feature"
    },
    {
      "geometry": {
        "coordinates": [
          153.402066934209,
          -27.933469486737394
        ],
        "type": "Point"
      },
      "properties": {
        "cell_id": "1079_13820",
        "cluster": -1,
        "suburb": "Biggera Waters",
        "year": 2022
      },
      "type": "Feature"
    },
    {
      "geometry": {
        "coordinates": [
          153.387316923079,
          -28.032089486009696
        ],
        "type": "Point"
      },
      "properties": {
        "cell_id": "1076_13798",
        "cluster": 56,
        "suburb": "Carrara",
        "year": 2022
      },
      "type": "Feature"
    },
    {
      "geometry": {
        "coordinates": [
          153.41203418618701,
          -27.9793781911136
        ],
        "type": "Point"
      },
      "properties": {
        "cell_id": "1081_13810",
        "cluster": 24,
        "suburb": "Southport",
        "year": 2022
      },
      "type": "Feature"
    },
    {
      "geometry": {
        "coordinates": [
          153.423755915582,
          -28.059105489934296
        ],
        "type": "Point"
      },
      "properties": {
        "cell_id": "1083_13792",
        "cluster": -1,
        "suburb": "Mermaid Waters",
        "year": 2023
      },
      "type": "Feature"
    },
    {
      "geometry": {
        "coordinates": [
          153.396844925005,
          -28.009114486799692
        ],
        "type": "Point"
      },
      "properties": {
        "cell_id": "1078_13803",
        "cluster": 41,
        "suburb": "Benowa",
        "year": 2023
      },
      "type": "Feature"
    },
    {
      "geometry": {
        "coordinates": [
          153.284044961929,
          -27.818060473834297
        ],
        "type": "Point"
      },
      "properties": {
        "cell_id": "1055_13845",
        "cluster": 28,
        "suburb": "Pimpama",
        "year": 2023
      },
      "type": "Feature"
    },
    {
      "geometry": {
        "coordinates": [
          153.425801911902,
          -28.085765490352
        ],
        "type": "Point"
      },
      "properties": {
        "cell_id": "1083_13786",
        "cluster": 68,
        "suburb": "Burleigh Waters",
        "year": 2021
      },
      "type": "Feature"
    },
    {
      "geometry": {
        "coordinates": [
          153.443145912799,
          -28.0641474919515
        ],
        "type": "Point"
      },
      "properties": {
        "cell_id": "1087_13791",
        "cluster": -1,
        "suburb": "Miami",
        "year": 2023
      },
      "type": "Feature"
    },
    {
      "geometry": {
        "coordinates": [
          153.36164893795402,
          -27.938670482664097
        ],
        "type": "Point"
      },
      "properties": {
        "cell_id": "1071_13819",
        "cluster": -1,
        "suburb": "Arundel",
        "year": 2022
      },
      "type": "Feature"
    },
    {
      "geometry": {
        "coordinates": [
          153.339820800188,
          -27.9476161605151
        ],
        "type": "Point"
      },
      "properties": {
        "cell_id": "1066_13817",
        "cluster": 4,
        "suburb": "Gaven",
        "year": 2023
      },
      "type": "Feature"
    },
    {
      "geometry": {
        "coordinates": [
          153.408495930153,
          -27.959424487596305
        ],
        "type": "Point"
      },
      "properties": {
        "cell_id": "1080_13814",
        "cluster": 6,
        "suburb": "Southport",
        "year": 2023
      },
      "type": "Feature"
    },
    {
      "geometry": {
        "coordinates": [
          153.252330971515,
          -27.77015047024309
        ],
        "type": "Point"
      },
      "properties": {
        "cell_id": "1049_13856",
        "cluster": -1,
        "suburb": "Ormeau",
        "year": 2021
      },
      "type": "Feature"
    },
    {
      "geometry": {
        "coordinates": [
          153.384206925008,
          -28.019813485596796
        ],
        "type": "Point"
      },
      "properties": {
        "cell_id": "1075_13801",
        "cluster": -1,
        "suburb": "Carrara",
        "year": 2021
      },
      "type": "Feature"
    },
    {
      "geometry": {
        "coordinates": [
          153.40977292335,
          -28.010953488131094
        ],
        "type": "Point"
      },
      "properties": {
        "cell_id": "1080_13803",
        "cluster": 35,
        "suburb": "Bundall",
        "year": 2021
      },
      "type": "Feature"
    },
    {
      "geometry": {
        "coordinates": [
          153.422779910259,
          -28.1010034901634
        ],
        "type": "Point"
      },
      "properties": {
        "cell_id": "1083_13783",
        "cluster": 32,
        "suburb": "Burleigh Waters",
        "year": 2021
      },
      "type": "Feature"
    },
    {
      "geometry": {
        "coordinates": [
          153.426206922651,
          -28.0024374897395
        ],
        "type": "Point"
      },
      "properties": {
        "cell_id": "1083_13804",
        "cluster": 17,
        "suburb": "Surfers Paradise",
        "year": 2021
      },
      "type": "Feature"
    },
    {
      "geometry": {
        "coordinates": [
          153.290555937,
          -28.006489475975595
        ],
        "type": "Point"
      },
      "properties": {
        "cell_id": "1057_13804",
        "cluster": -1,
        "suburb": "Advancetown",
        "year": 2021
      },
      "type": "Feature"
    },
    {
      "geometry": {
        "coordinates": [
          153.370626938084,
          -27.930057483509703
        ],
        "type": "Point"
      },
      "properties": {
        "cell_id": "1072_13820",
        "cluster": 20,
        "suburb": "Coombabah",
        "year": 2023
      },
      "type": "Feature"
    },
    {
      "geometry": {
        "coordinates": [
          153.42272391022,
          -28.101346490160385
        ],
        "type": "Point"
      },
      "properties": {
        "cell_id": "1083_13782",
        "cluster": 32,
        "suburb": "Burleigh Heads",
        "year": 2023
      },
      "type": "Feature"
    },
    {
      "geometry": {
        "coordinates": [
          153.427440923192,
          -27.997213489824297
        ],
        "type": "Point"
      },
      "properties": {
        "cell_id": "1084_13806",
        "cluster": 17,
        "suburb": "Surfers Paradise",
        "year": 2022
      },
      "type": "Feature"
    },
    {
      "geometry": {
        "coordinates": [
          153.40838993196,
          -27.945531487476412
        ],
        "type": "Point"
      },
      "properties": {
        "cell_id": "1080_13817",
        "cluster": 22,
        "suburb": "Labrador",
        "year": 2023
      },
      "type": "Feature"
    },
    {
      "geometry": {
        "coordinates": [
          153.350338931762,
          -27.996271481966396
        ],
        "type": "Point"
      },
      "properties": {
        "cell_id": "1068_13806",
        "cluster": -1,
        "suburb": "Nerang",
        "year": 2023
      },
      "type": "Feature"
    },
    {
      "geometry": {
        "coordinates": [
          153.373536031139,
          -28.00464059839159
        ],
        "type": "Point"
      },
      "properties": {
        "cell_id": "1073_13804",
        "cluster": -1,
        "suburb": "Benowa",
        "year": 2021
      },
      "type": "Feature"
    },
    {
      "geometry": {
        "coordinates": [
          153.23944595178,
          -27.755566442823604
        ],
        "type": "Point"
      },
      "properties": {
        "cell_id": "1047_13859",
        "cluster": 8,
        "suburb": "Stapylton",
        "year": 2021
      },
      "type": "Feature"
    },
    {
      "geometry": {
        "coordinates": [
          153.224089979813,
          -27.729220467062007
        ],
        "type": "Point"
      },
      "properties": {
        "cell_id": "1044_13865",
        "cluster": 80,
        "suburb": "Stapylton",
        "year": 2022
      },
      "type": "Feature"
    },
    {
      "geometry": {
        "coordinates": [
          153.376287932391,
          -27.9693804843947
        ],
        "type": "Point"
      },
      "properties": {
        "cell_id": "1074_13812",
        "cluster": 5,
        "suburb": "Southport",
        "year": 2023
      },
      "type": "Feature"
    },
    {
      "geometry": {
        "coordinates": [
          153.427093926968,
          -27.968327489562004
        ],
        "type": "Point"
      },
      "properties": {
        "cell_id": "1084_13812",
        "cluster": -1,
        "suburb": "Main Beach",
        "year": 2022
      },
      "type": "Feature"
    },
    {
      "geometry": {
        "coordinates": [
          153.302851712366,
          -27.837666416896298
        ],
        "type": "Point"
      },
      "properties": {
        "cell_id": "1059_13841",
        "cluster": -1,
        "suburb": "Pimpama",
        "year": 2022
      },
      "type": "Feature"
    },
    {
      "geometry": {
        "coordinates": [
          153.31381072471103,
          -27.903490686526403
        ],
        "type": "Point"
      },
      "properties": {
        "cell_id": "1061_13826",
        "cluster": 19,
        "suburb": "Oxenford",
        "year": 2021
      },
      "type": "Feature"
    },
    {
      "geometry": {
        "coordinates": [
          153.348269941584,
          -27.921853481171492
        ],
        "type": "Point"
      },
      "properties": {
        "cell_id": "1068_13822",
        "cluster": -1,
        "suburb": "Coombabah",
        "year": 2023
      },
      "type": "Feature"
    },
    {
      "geometry": {
        "coordinates": [
          153.404404925688,
          -27.99742548747799
        ],
        "type": "Point"
      },
      "properties": {
        "cell_id": "1079_13806",
        "cluster": -1,
        "suburb": "Southport",
        "year": 2023
      },
      "type": "Feature"
    },
    {
      "geometry": {
        "coordinates": [
          153.480738897305,
          -28.1515924964756
        ],
        "type": "Point"
      },
      "properties": {
        "cell_id": "1094_13771",
        "cluster": -1,
        "suburb": "Currumbin Waters",
        "year": 2023
      },
      "type": "Feature"
    },
    {
      "geometry": {
        "coordinates": [
          153.414287924583,
          -27.997602488486397
        ],
        "type": "Point"
      },
      "properties": {
        "cell_id": "1081_13805",
        "cluster": 51,
        "suburb": "Bundall",
        "year": 2021
      },
      "type": "Feature"
    },
    {
      "geometry": {
        "coordinates": [
          153.425258930776,
          -27.94043148915569
        ],
        "type": "Point"
      },
      "properties": {
        "cell_id": "1083_13818",
        "cluster": -1,
        "suburb": "Main Beach",
        "year": 2022
      },
      "type": "Feature"
    },
    {
      "geometry": {
        "coordinates": [
          153.230581945576,
          -27.9909584697773
        ],
        "type": "Point"
      },
      "properties": {
        "cell_id": "1045_13807",
        "cluster": -1,
        "suburb": "Clagiraba",
        "year": 2022
      },
      "type": "Feature"
    },
    {
      "geometry": {
        "coordinates": [
          153.470982902685,
          -28.1184794952194
        ],
        "type": "Point"
      },
      "properties": {
        "cell_id": "1092_13779",
        "cluster": -1,
        "suburb": "Palm Beach",
        "year": 2022
      },
      "type": "Feature"
    },
    {
      "geometry": {
        "coordinates": [
          153.242357974778,
          -27.753108469099
        ],
        "type": "Point"
      },
      "properties": {
        "cell_id": "1047_13860",
        "cluster": 8,
        "suburb": "Ormeau",
        "year": 2021
      },
      "type": "Feature"
    },
    {
      "geometry": {
        "coordinates": [
          153.394419941125,
          -27.886349485587992
        ],
        "type": "Point"
      },
      "properties": {
        "cell_id": "1077_13830",
        "cluster": -1,
        "suburb": "Paradise Point",
        "year": 2023
      },
      "type": "Feature"
    },
    {
      "geometry": {
        "coordinates": [
          153.241394524105,
          -27.727908280802907
        ],
        "type": "Point"
      },
      "properties": {
        "cell_id": "1047_13865",
        "cluster": -1,
        "suburb": "Stapylton",
        "year": 2022
      },
      "type": "Feature"
    },
    {
      "geometry": {
        "coordinates": [
          153.413931929098,
          -27.962986488178295
        ],
        "type": "Point"
      },
      "properties": {
        "cell_id": "1081_13813",
        "cluster": 6,
        "suburb": "Southport",
        "year": 2023
      },
      "type": "Feature"
    },
    {
      "geometry": {
        "coordinates": [
          153.235086959535,
          -27.878325469348404
        ],
        "type": "Point"
      },
      "properties": {
        "cell_id": "1046_13832",
        "cluster": -1,
        "suburb": "Wongawallan",
        "year": 2021
      },
      "type": "Feature"
    },
    {
      "geometry": {
        "coordinates": [
          153.347558929281,
          -28.0178564818532
        ],
        "type": "Point"
      },
      "properties": {
        "cell_id": "1068_13801",
        "cluster": 62,
        "suburb": "Highland Park",
        "year": 2021
      },
      "type": "Feature"
    },
    {
      "geometry": {
        "coordinates": [
          153.409057920298,
          -28.0351474882482
        ],
        "type": "Point"
      },
      "properties": {
        "cell_id": "1080_13797",
        "cluster": 63,
        "suburb": "Broadbeach Waters",
        "year": 2021
      },
      "type": "Feature"
    },
    {
      "geometry": {
        "coordinates": [
          153.31507094807202,
          -27.899618477623903
        ],
        "type": "Point"
      },
      "properties": {
        "cell_id": "1062_13827",
        "cluster": 19,
        "suburb": "Helensvale",
        "year": 2023
      },
      "type": "Feature"
    },
    {
      "geometry": {
        "coordinates": [
          153.402593921072,
          -28.034651487585702
        ],
        "type": "Point"
      },
      "properties": {
        "cell_id": "1079_13797",
        "cluster": -1,
        "suburb": "Clear Island Waters",
        "year": 2021
      },
      "type": "Feature"
    },
    {
      "geometry": {
        "coordinates": [
          153.437878914342,
          -28.056706491355797
        ],
        "type": "Point"
      },
      "properties": {
        "cell_id": "1086_13792",
        "cluster": -1,
        "suburb": "Mermaid Beach",
        "year": 2023
      },
      "type": "Feature"
    },
    {
      "geometry": {
        "coordinates": [
          153.321940944734,
          -27.919728478479605
        ],
        "type": "Point"
      },
      "properties": {
        "cell_id": "1063_13823",
        "cluster": -1,
        "suburb": "Oxenford",
        "year": 2022
      },
      "type": "Feature"
    },
    {
      "geometry": {
        "coordinates": [
          153.392865928184,
          -27.987895486227803
        ],
        "type": "Point"
      },
      "properties": {
        "cell_id": "1077_13808",
        "cluster": 21,
        "suburb": "Southport",
        "year": 2022
      },
      "type": "Feature"
    },
    {
      "geometry": {
        "coordinates": [
          153.493440609087,
          -28.142508458702597
        ],
        "type": "Point"
      },
      "properties": {
        "cell_id": "1096_13773",
        "cluster": 69,
        "suburb": "Tugun",
        "year": 2022
      },
      "type": "Feature"
    },
    {
      "geometry": {
        "coordinates": [
          153.314216825122,
          -27.876624760356403
        ],
        "type": "Point"
      },
      "properties": {
        "cell_id": "1061_13832",
        "cluster": 30,
        "suburb": "Upper Coomera",
        "year": 2022
      },
      "type": "Feature"
    },
    {
      "geometry": {
        "coordinates": [
          153.390398935431,
          -27.9338814855523
        ],
        "type": "Point"
      },
      "properties": {
        "cell_id": "1076_13820",
        "cluster": 0,
        "suburb": "Biggera Waters",
        "year": 2021
      },
      "type": "Feature"
    },
    {
      "geometry": {
        "coordinates": [
          153.315651950206,
          -27.882532477548597
        ],
        "type": "Point"
      },
      "properties": {
        "cell_id": "1062_13831",
        "cluster": 30,
        "suburb": "Helensvale",
        "year": 2021
      },
      "type": "Feature"
    },
    {
      "geometry": {
        "coordinates": [
          153.388315941628,
          -27.887614484976393
        ],
        "type": "Point"
      },
      "properties": {
        "cell_id": "1076_13830",
        "cluster": -1,
        "suburb": "Paradise Point",
        "year": 2021
      },
      "type": "Feature"
    },
    {
      "geometry": {
        "coordinates": [
          153.341910329828,
          -28.0881114618301
        ],
        "type": "Point"
      },
      "properties": {
        "cell_id": "1067_13785",
        "cluster": -1,
        "suburb": "Mudgeeraba",
        "year": 2022
      },
      "type": "Feature"
    },
    {
      "geometry": {
        "coordinates": [
          153.387698936851,
          -27.925159485208795
        ],
        "type": "Point"
      },
      "properties": {
        "cell_id": "1076_13822",
        "cluster": -1,
        "suburb": "Biggera Waters",
        "year": 2023
      },
      "type": "Feature"
    },
    {
      "geometry": {
        "coordinates": [
          153.484232899661,
          -28.1305194966675
        ],
        "type": "Point"
      },
      "properties": {
        "cell_id": "1095_13776",
        "cluster": -1,
        "suburb": "Currumbin",
        "year": 2023
      },
      "type": "Feature"
    },
    {
      "geometry": {
        "coordinates": [
          153.25916196869,
          -27.786420471063096
        ],
        "type": "Point"
      },
      "properties": {
        "cell_id": "1051_13852",
        "cluster": 58,
        "suburb": "Ormeau",
        "year": 2023
      },
      "type": "Feature"
    },
    {
      "geometry": {
        "coordinates": [
          153.319906464705,
          -27.867262715860505
        ],
        "type": "Point"
      },
      "properties": {
        "cell_id": "1062_13834",
        "cluster": -1,
        "suburb": "Coomera",
        "year": 2023
      },
      "type": "Feature"
    },
    {
      "geometry": {
        "coordinates": [
          153.406198997016,
          -28.078367765295898
        ],
        "type": "Point"
      },
      "properties": {
        "cell_id": "1079_13788",
        "cluster": -1,
        "suburb": "Varsity Lakes",
        "year": 2023
      },
      "type": "Feature"
    },
    {
      "geometry": {
        "coordinates": [
          153.376751933085,
          -27.963606484396607
        ],
        "type": "Point"
      },
      "properties": {
        "cell_id": "1074_13813",
        "cluster": 5,
        "suburb": "Southport",
        "year": 2022
      },
      "type": "Feature"
    },
    {
      "geometry": {
        "coordinates": [
          153.409308917908,
          -28.0533964884169
        ],
        "type": "Point"
      },
      "properties": {
        "cell_id": "1080_13793",
        "cluster": 73,
        "suburb": "Mermaid Waters",
        "year": 2023
      },
      "type": "Feature"
    },
    {
      "geometry": {
        "coordinates": [
          153.382149929589,
          -27.986106485122704
        ],
        "type": "Point"
      },
      "properties": {
        "cell_id": "1075_13808",
        "cluster": -1,
        "suburb": "Ashmore",
        "year": 2023
      },
      "type": "Feature"
    },
    {
      "geometry": {
        "coordinates": [
          153.334260942226,
          -27.9287504798019
        ],
        "type": "Point"
      },
      "properties": {
        "cell_id": "1065_13821",
        "cluster": 11,
        "suburb": "Helensvale",
        "year": 2023
      },
      "type": "Feature"
    },
    {
      "geometry": {
        "coordinates": [
          153.431077920705,
          -28.013348490321803
        ],
        "type": "Point"
      },
      "properties": {
        "cell_id": "1084_13802",
        "cluster": 14,
        "suburb": "Surfers Paradise",
        "year": 2023
      },
      "type": "Feature"
    },
    {
      "geometry": {
        "coordinates": [
          153.359513924053,
          -28.048172483306697
        ],
        "type": "Point"
      },
      "properties": {
        "cell_id": "1070_13794",
        "cluster": 81,
        "suburb": "Merrimac",
        "year": 2023
      },
      "type": "Feature"
    },
    {
      "geometry": {
        "coordinates": [
          153.476748899651,
          -28.1369344959531
        ],
        "type": "Point"
      },
      "properties": {
        "cell_id": "1093_13775",
        "cluster": -1,
        "suburb": "Currumbin",
        "year": 2021
      },
      "type": "Feature"
    },
    {
      "geometry": {
        "coordinates": [
          153.333513942037,
          -27.930849479742502
        ],
        "type": "Point"
      },
      "properties": {
        "cell_id": "1065_13820",
        "cluster": 11,
        "suburb": "Helensvale",
        "year": 2022
      },
      "type": "Feature"
    },
    {
      "geometry": {
        "coordinates": [
          153.422979897891,
          -28.196133490929
        ],
        "type": "Point"
      },
      "properties": {
        "cell_id": "1083_13761",
        "cluster": -1,
        "suburb": "Currumbin Valley",
        "year": 2021
      },
      "type": "Feature"
    },
    {
      "geometry": {
        "coordinates": [
          153.422852174521,
          -27.998562640366995
        ],
        "type": "Point"
      },
      "properties": {
        "cell_id": "1083_13805",
        "cluster": 17,
        "suburb": "Surfers Paradise",
        "year": 2022
      },
      "type": "Feature"
    },
    {
      "geometry": {
        "coordinates": [
          153.346993938261,
          -27.9487204812529
        ],
        "type": "Point"
      },
      "properties": {
        "cell_id": "1068_13816",
        "cluster": -1,
        "suburb": "Parkwood",
        "year": 2022
      },
      "type": "Feature"
    },
    {
      "geometry": {
        "coordinates": [
          153.228883918208,
          -27.776815658921997
        ],
        "type": "Point"
      },
      "properties": {
        "cell_id": "1045_13854",
        "cluster": -1,
        "suburb": "Ormeau",
        "year": 2022
      },
      "type": "Feature"
    },
    {
      "geometry": {
        "coordinates": [
          153.466819902497,
          -28.123452494833195
        ],
        "type": "Point"
      },
      "properties": {
        "cell_id": "1091_13778",
        "cluster": -1,
        "suburb": "Palm Beach",
        "year": 2022
      },
      "type": "Feature"
    },
    {
      "geometry": {
        "coordinates": [
          153.379547931266,
          -27.975324484773196
        ],
        "type": "Point"
      },
      "properties": {
        "cell_id": "1074_13810",
        "cluster": 53,
        "suburb": "Molendinar",
        "year": 2021
      },
      "type": "Feature"
    },
    {
      "geometry": {
        "coordinates": [
          153.334647953431,
          -27.84135847915399
        ],
        "type": "Point"
      },
      "properties": {
        "cell_id": "1065_13840",
        "cluster": -1,
        "suburb": "Coomera",
        "year": 2021
      },
      "type": "Feature"
    },
    {
      "geometry": {
        "coordinates": [
          153.312403926621,
          -27.866498644092697
        ],
        "type": "Point"
      },
      "properties": {
        "cell_id": "1061_13835",
        "cluster": 9,
        "suburb": "Upper Coomera",
        "year": 2023
      },
      "type": "Feature"
    },
    {
      "geometry": {
        "coordinates": [
          153.388547941482,
          -27.888547485007397
        ],
        "type": "Point"
      },
      "properties": {
        "cell_id": "1076_13830",
        "cluster": -1,
        "suburb": "Paradise Point",
        "year": 2021
      },
      "type": "Feature"
    },
    {
      "geometry": {
        "coordinates": [
          153.326242947105,
          -27.897655478742998
        ],
        "type": "Point"
      },
      "properties": {
        "cell_id": "1064_13828",
        "cluster": -1,
        "suburb": "Helensvale",
        "year": 2023
      },
      "type": "Feature"
    },
    {
      "geometry": {
        "coordinates": [
          153.376847944306,
          -27.876535483721902
        ],
        "type": "Point"
      },
      "properties": {
        "cell_id": "1074_13832",
        "cluster": -1,
        "suburb": "Hope Island",
        "year": 2023
      },
      "type": "Feature"
    },
    {
      "geometry": {
        "coordinates": [
          153.417204213451,
          -27.9961559487723
        ],
        "type": "Point"
      },
      "properties": {
        "cell_id": "1082_13806",
        "cluster": 51,
        "suburb": "Surfers Paradise",
        "year": 2023
      },
      "type": "Feature"
    },
    {
      "geometry": {
        "coordinates": [
          153.294193928818,
          -27.802524024741295
        ],
        "type": "Point"
      },
      "properties": {
        "cell_id": "1057_13849",
        "cluster": 75,
        "suburb": "Pimpama",
        "year": 2023
      },
      "type": "Feature"
    },
    {
      "geometry": {
        "coordinates": [
          153.3106259427,
          -27.9451344775304
        ],
        "type": "Point"
      },
      "properties": {
        "cell_id": "1061_13817",
        "cluster": -1,
        "suburb": "Pacific Pines",
        "year": 2023
      },
      "type": "Feature"
    },
    {
      "geometry": {
        "coordinates": [
          153.41329392789,
          -27.972873488190892
        ],
        "type": "Point"
      },
      "properties": {
        "cell_id": "1081_13811",
        "cluster": 24,
        "suburb": "Southport",
        "year": 2023
      },
      "type": "Feature"
    },
    {
      "geometry": {
        "coordinates": [
          153.453259908244,
          -28.0906904931919
        ],
        "type": "Point"
      },
      "properties": {
        "cell_id": "1089_13785",
        "cluster": -1,
        "suburb": "Burleigh Heads",
        "year": 2023
      },
      "type": "Feature"
    },
    {
      "geometry": {
        "coordinates": [
          153.40616693224703,
          -27.945188487247194
        ],
        "type": "Point"
      },
      "properties": {
        "cell_id": "1079_13817",
        "cluster": 22,
        "suburb": "Labrador",
        "year": 2023
      },
      "type": "Feature"
    },
    {
      "geometry": {
        "coordinates": [
          153.425890692481,
          -28.034913693962093
        ],
        "type": "Point"
      },
      "properties": {
        "cell_id": "1083_13797",
        "cluster": 16,
        "suburb": "Broadbeach Waters",
        "year": 2022
      },
      "type": "Feature"
    },
    {
      "geometry": {
        "coordinates": [
          153.401290912815,
          -28.099529487961806
        ],
        "type": "Point"
      },
      "properties": {
        "cell_id": "1078_13783",
        "cluster": 50,
        "suburb": "Varsity Lakes",
        "year": 2023
      },
      "type": "Feature"
    },
    {
      "geometry": {
        "coordinates": [
          153.325189940944,
          -27.9464014790191
        ],
        "type": "Point"
      },
      "properties": {
        "cell_id": "1063_13817",
        "cluster": -1,
        "suburb": "Pacific Pines",
        "year": 2022
      },
      "type": "Feature"
    },
    {
      "geometry": {
        "coordinates": [
          153.377523935496,
          -27.944275484323295
        ],
        "type": "Point"
      },
      "properties": {
        "cell_id": "1074_13817",
        "cluster": -1,
        "suburb": "Arundel",
        "year": 2021
      },
      "type": "Feature"
    },
    {
      "geometry": {
        "coordinates": [
          153.343143797089,
          -27.953321584897697
        ],
        "type": "Point"
      },
      "properties": {
        "cell_id": "1067_13815",
        "cluster": 4,
        "suburb": "Gaven",
        "year": 2021
      },
      "type": "Feature"
    },
    {
      "geometry": {
        "coordinates": [
          153.326848829732,
          -28.0009582076161
        ],
        "type": "Point"
      },
      "properties": {
        "cell_id": "1064_13805",
        "cluster": -1,
        "suburb": "Nerang",
        "year": 2023
      },
      "type": "Feature"
    },
    {
      "geometry": {
        "coordinates": [
          153.374826923288,
          -28.041077484808902
        ],
        "type": "Point"
      },
      "properties": {
        "cell_id": "1073_13796",
        "cluster": -1,
        "suburb": "Carrara",
        "year": 2022
      },
      "type": "Feature"
    },
    {
      "geometry": {
        "coordinates": [
          153.351484947905,
          -27.870050481091
        ],
        "type": "Point"
      },
      "properties": {
        "cell_id": "1069_13834",
        "cluster": 59,
        "suburb": "Hope Island",
        "year": 2021
      },
      "type": "Feature"
    },
    {
      "geometry": {
        "coordinates": [
          153.325885743775,
          -27.9238320459125
        ],
        "type": "Point"
      },
      "properties": {
        "cell_id": "1064_13822",
        "cluster": 11,
        "suburb": "Oxenford",
        "year": 2023
      },
      "type": "Feature"
    },
    {
      "geometry": {
        "coordinates": [
          153.471366901116,
          -28.13022649535069
        ],
        "type": "Point"
      },
      "properties": {
        "cell_id": "1092_13776",
        "cluster": -1,
        "suburb": "Palm Beach",
        "year": 2021
      },
      "type": "Feature"
    },
    {
      "geometry": {
        "coordinates": [
          153.371138931173,
          -27.9831744839791
        ],
        "type": "Point"
      },
      "properties": {
        "cell_id": "1072_13809",
        "cluster": 33,
        "suburb": "Ashmore",
        "year": 2021
      },
      "type": "Feature"
    },
    {
      "geometry": {
        "coordinates": [
          153.344369934877,
          -27.9771874812098
        ],
        "type": "Point"
      },
      "properties": {
        "cell_id": "1067_13810",
        "cluster": 10,
        "suburb": "Molendinar",
        "year": 2023
      },
      "type": "Feature"
    },
    {
      "geometry": {
        "coordinates": [
          153.23667897536902,
          -27.753303468525694
        ],
        "type": "Point"
      },
      "properties": {
        "cell_id": "1046_13860",
        "cluster": 70,
        "suburb": "Yatala",
        "year": 2023
      },
      "type": "Feature"
    },
    {
      "geometry": {
        "coordinates": [
          153.378482930771,
          -27.980064484702005
        ],
        "type": "Point"
      },
      "properties": {
        "cell_id": "1074_13809",
        "cluster": 44,
        "suburb": "Ashmore",
        "year": 2023
      },
      "type": "Feature"
    },
    {
      "geometry": {
        "coordinates": [
          153.310620937279,
          -27.987238477860497
        ],
        "type": "Point"
      },
      "properties": {
        "cell_id": "1061_13808",
        "cluster": -1,
        "suburb": "Nerang",
        "year": 2021
      },
      "type": "Feature"
    },
    {
      "geometry": {
        "coordinates": [
          153.41193492965402,
          -27.96037948795429
        ],
        "type": "Point"
      },
      "properties": {
        "cell_id": "1081_13814",
        "cluster": 6,
        "suburb": "Southport",
        "year": 2023
      },
      "type": "Feature"
    },
    {
      "geometry": {
        "coordinates": [
          153.413543923931,
          -28.0032694884551
        ],
        "type": "Point"
      },
      "properties": {
        "cell_id": "1081_13804",
        "cluster": 51,
        "suburb": "Bundall",
        "year": 2023
      },
      "type": "Feature"
    },
    {
      "geometry": {
        "coordinates": [
          153.385520917715,
          -28.07508548616419
        ],
        "type": "Point"
      },
      "properties": {
        "cell_id": "1075_13788",
        "cluster": -1,
        "suburb": "Robina",
        "year": 2023
      },
      "type": "Feature"
    },
    {
      "geometry": {
        "coordinates": [
          153.398194935127,
          -27.929639486312908
        ],
        "type": "Point"
      },
      "properties": {
        "cell_id": "1078_13821",
        "cluster": -1,
        "suburb": "Biggera Waters",
        "year": 2023
      },
      "type": "Feature"
    },
    {
      "geometry": {
        "coordinates": [
          153.315236956861,
          -27.8311034771018
        ],
        "type": "Point"
      },
      "properties": {
        "cell_id": "1062_13842",
        "cluster": -1,
        "suburb": "Pimpama",
        "year": 2021
      },
      "type": "Feature"
    },
    {
      "geometry": {
        "coordinates": [
          153.317591944353,
          -27.92638147809019
        ],
        "type": "Point"
      },
      "properties": {
        "cell_id": "1062_13821",
        "cluster": -1,
        "suburb": "Pacific Pines",
        "year": 2023
      },
      "type": "Feature"
    },
    {
      "geometry": {
        "coordinates": [
          153.25719996895,
          -27.786054470861494
        ],
        "type": "Point"
      },
      "properties": {
        "cell_id": "1050_13852",
        "cluster": 58,
        "suburb": "Ormeau",
        "year": 2023
      },
      "type": "Feature"
    },
    {
      "geometry": {
        "coordinates": [
          153.424901119504,
          -28.0355747878664
        ],
        "type": "Point"
      },
      "properties": {
        "cell_id": "1083_13797",
        "cluster": 16,
        "suburb": "Broadbeach Waters",
        "year": 2023
      },
      "type": "Feature"
    },
    {
      "geometry": {
        "coordinates": [
          153.312113952865,
          -27.864850477050297
        ],
        "type": "Point"
      },
      "properties": {
        "cell_id": "1061_13835",
        "cluster": 9,
        "suburb": "Coomera",
        "year": 2023
      },
      "type": "Feature"
    },
    {
      "geometry": {
        "coordinates": [
          153.255494933061,
          -28.066995472896195
        ],
        "type": "Point"
      },
      "properties": {
        "cell_id": "1050_13790",
        "cluster": -1,
        "suburb": "Advancetown",
        "year": 2023
      },
      "type": "Feature"
    },
    {
      "geometry": {
        "coordinates": [
          153.43246091986,
          -28.01870149050489
        ],
        "type": "Point"
      },
      "properties": {
        "cell_id": "1085_13801",
        "cluster": 14,
        "suburb": "Surfers Paradise",
        "year": 2021
      },
      "type": "Feature"
    },
    {
      "geometry": {
        "coordinates": [
          153.284417951296,
          -27.900564474520994
        ],
        "type": "Point"
      },
      "properties": {
        "cell_id": "1055_13827",
        "cluster": -1,
        "suburb": "Upper Coomera",
        "year": 2021
      },
      "type": "Feature"
    },
    {
      "geometry": {
        "coordinates": [
          153.319640956696,
          -27.828656477529695
        ],
        "type": "Point"
      },
      "properties": {
        "cell_id": "1062_13843",
        "cluster": 83,
        "suburb": "Pimpama",
        "year": 2021
      },
      "type": "Feature"
    },
    {
      "geometry": {
        "coordinates": [
          153.385761937652,
          -27.92059148497569
        ],
        "type": "Point"
      },
      "properties": {
        "cell_id": "1075_13823",
        "cluster": -1,
        "suburb": "Runaway Bay",
        "year": 2021
      },
      "type": "Feature"
    },
    {
      "geometry": {
        "coordinates": [
          153.338408934382,
          -27.9860924806739
        ],
        "type": "Point"
      },
      "properties": {
        "cell_id": "1066_13808",
        "cluster": -1,
        "suburb": "Nerang",
        "year": 2021
      },
      "type": "Feature"
    },
    {
      "geometry": {
        "coordinates": [
          153.533613888979,
          -28.170761502034093
        ],
        "type": "Point"
      },
      "properties": {
        "cell_id": "1104_13767",
        "cluster": -1,
        "suburb": "Coolangatta",
        "year": 2021
      },
      "type": "Feature"
    },
    {
      "geometry": {
        "coordinates": [
          153.369289930404,
          -27.990702483850104
        ],
        "type": "Point"
      },
      "properties": {
        "cell_id": "1072_13807",
        "cluster": -1,
        "suburb": "Ashmore",
        "year": 2021
      },
      "type": "Feature"
    },
    {
      "geometry": {
        "coordinates": [
          153.39092992842203,
          -27.987693486029094
        ],
        "type": "Point"
      },
      "properties": {
        "cell_id": "1076_13808",
        "cluster": 21,
        "suburb": "Ashmore",
        "year": 2021
      },
      "type": "Feature"
    },
    {
      "geometry": {
        "coordinates": [
          153.271723913628,
          -28.2038084756122
        ],
        "type": "Point"
      },
      "properties": {
        "cell_id": "1053_13760",
        "cluster": -1,
        "suburb": "Springbrook",
        "year": 2021
      },
      "type": "Feature"
    },
    {
      "geometry": {
        "coordinates": [
          153.314983949538,
          -27.888293477526
        ],
        "type": "Point"
      },
      "properties": {
        "cell_id": "1062_13830",
        "cluster": 30,
        "suburb": "Oxenford",
        "year": 2021
      },
      "type": "Feature"
    },
    {
      "geometry": {
        "coordinates": [
          153.40162393130203,
          -27.956353486872104
        ],
        "type": "Point"
      },
      "properties": {
        "cell_id": "1079_13815",
        "cluster": 36,
        "suburb": "Labrador",
        "year": 2021
      },
      "type": "Feature"
    },
    {
      "geometry": {
        "coordinates": [
          153.411016217779,
          -27.9833913690414
        ],
        "type": "Point"
      },
      "properties": {
        "cell_id": "1080_13809",
        "cluster": 71,
        "suburb": "Southport",
        "year": 2021
      },
      "type": "Feature"
    },
    {
      "geometry": {
        "coordinates": [
          153.342232931222,
          -28.007340481229303
        ],
        "type": "Point"
      },
      "properties": {
        "cell_id": "1067_13803",
        "cluster": 49,
        "suburb": "Highland Park",
        "year": 2021
      },
      "type": "Feature"
    },
    {
      "geometry": {
        "coordinates": [
          153.343770934119,
          -27.983575481199104
        ],
        "type": "Point"
      },
      "properties": {
        "cell_id": "1067_13809",
        "cluster": 37,
        "suburb": "Molendinar",
        "year": 2021
      },
      "type": "Feature"
    },
    {
      "geometry": {
        "coordinates": [
          153.530097889438,
          -28.170209501669802
        ],
        "type": "Point"
      },
      "properties": {
        "cell_id": "1104_13767",
        "cluster": -1,
        "suburb": "Coolangatta",
        "year": 2021
      },
      "type": "Feature"
    },
    {
      "geometry": {
        "coordinates": [
          153.372328932743,
          -27.970007483996792
        ],
        "type": "Point"
      },
      "properties": {
        "cell_id": "1073_13812",
        "cluster": -1,
        "suburb": "Molendinar",
        "year": 2021
      },
      "type": "Feature"
    },
    {
      "geometry": {
        "coordinates": [
          153.331067072845,
          -27.988737361948598
        ],
        "type": "Point"
      },
      "properties": {
        "cell_id": "1065_13808",
        "cluster": -1,
        "suburb": "Nerang",
        "year": 2023
      },
      "type": "Feature"
    },
    {
      "geometry": {
        "coordinates": [
          153.189900006618,
          -27.775448935969504
        ],
        "type": "Point"
      },
      "properties": {
        "cell_id": "1037_13855",
        "cluster": -1,
        "suburb": "Luscombe",
        "year": 2023
      },
      "type": "Feature"
    },
    {
      "geometry": {
        "coordinates": [
          153.271268862856,
          -27.938523131486203
        ],
        "type": "Point"
      },
      "properties": {
        "cell_id": "1053_13819",
        "cluster": -1,
        "suburb": "Maudsland",
        "year": 2022
      },
      "type": "Feature"
    },
    {
      "geometry": {
        "coordinates": [
          153.361749945808,
          -27.877649482194602
        ],
        "type": "Point"
      },
      "properties": {
        "cell_id": "1071_13832",
        "cluster": -1,
        "suburb": "Hope Island",
        "year": 2022
      },
      "type": "Feature"
    },
    {
      "geometry": {
        "coordinates": [
          153.31049095345,
          -27.861674476860596
        ],
        "type": "Point"
      },
      "properties": {
        "cell_id": "1061_13836",
        "cluster": 9,
        "suburb": "Upper Coomera",
        "year": 2021
      },
      "type": "Feature"
    },
    {
      "geometry": {
        "coordinates": [
          153.316647192732,
          -27.885374717672008
        ],
        "type": "Point"
      },
      "properties": {
        "cell_id": "1062_13830",
        "cluster": 30,
        "suburb": "Helensvale",
        "year": 2021
      },
      "type": "Feature"
    },
    {
      "geometry": {
        "coordinates": [
          153.283410949283,
          -27.9170874745488
        ],
        "type": "Point"
      },
      "properties": {
        "cell_id": "1055_13823",
        "cluster": -1,
        "suburb": "Maudsland",
        "year": 2022
      },
      "type": "Feature"
    },
    {
      "geometry": {
        "coordinates": [
          153.414313924581,
          -27.997598488489096
        ],
        "type": "Point"
      },
      "properties": {
        "cell_id": "1081_13805",
        "cluster": 51,
        "suburb": "Bundall",
        "year": 2022
      },
      "type": "Feature"
    },
    {
      "geometry": {
        "coordinates": [
          153.412334925992,
          -27.98836448821489
        ],
        "type": "Point"
      },
      "properties": {
        "cell_id": "1081_13808",
        "cluster": -1,
        "suburb": "Southport",
        "year": 2022
      },
      "type": "Feature"
    },
    {
      "geometry": {
        "coordinates": [
          153.38168592909,
          -27.990361485108895
        ],
        "type": "Point"
      },
      "properties": {
        "cell_id": "1075_13807",
        "cluster": -1,
        "suburb": "Ashmore",
        "year": 2021
      },
      "type": "Feature"
    },
    {
      "geometry": {
        "coordinates": [
          153.399064929062,
          -27.975851486764597
        ],
        "type": "Point"
      },
      "properties": {
        "cell_id": "1078_13810",
        "cluster": 18,
        "suburb": "Southport",
        "year": 2023
      },
      "type": "Feature"
    },
    {
      "geometry": {
        "coordinates": [
          153.355911510576,
          -27.961976110263702
        ],
        "type": "Point"
      },
      "properties": {
        "cell_id": "1070_13813",
        "cluster": 57,
        "suburb": "Molendinar",
        "year": 2022
      },
      "type": "Feature"
    },
    {
      "geometry": {
        "coordinates": [
          153.376733899762,
          -28.22112248641371
        ],
        "type": "Point"
      },
      "properties": {
        "cell_id": "1073_13756",
        "cluster": -1,
        "suburb": "Currumbin Valley",
        "year": 2021
      },
      "type": "Feature"
    },
    {
      "geometry": {
        "coordinates": [
          153.314699950353,
          -27.8821934774492
        ],
        "type": "Point"
      },
      "properties": {
        "cell_id": "1061_13831",
        "cluster": 30,
        "suburb": "Oxenford",
        "year": 2022
      },
      "type": "Feature"
    },
    {
      "geometry": {
        "coordinates": [
          153.387337165581,
          -28.004988472799095
        ],
        "type": "Point"
      },
      "properties": {
        "cell_id": "1076_13804",
        "cluster": -1,
        "suburb": "Benowa",
        "year": 2022
      },
      "type": "Feature"
    },
    {
      "geometry": {
        "coordinates": [
          153.479818740679,
          -28.149499198365188
        ],
        "type": "Point"
      },
      "properties": {
        "cell_id": "1094_13772",
        "cluster": -1,
        "suburb": "Currumbin Waters",
        "year": 2023
      },
      "type": "Feature"
    },
    {
      "geometry": {
        "coordinates": [
          153.337289883398,
          -27.847148084467992
        ],
        "type": "Point"
      },
      "properties": {
        "cell_id": "1066_13839",
        "cluster": -1,
        "suburb": "Coomera",
        "year": 2022
      },
      "type": "Feature"
    },
    {
      "geometry": {
        "coordinates": [
          153.416371916267,
          -28.060080489189193
        ],
        "type": "Point"
      },
      "properties": {
        "cell_id": "1081_13792",
        "cluster": -1,
        "suburb": "Mermaid Waters",
        "year": 2022
      },
      "type": "Feature"
    },
    {
      "geometry": {
        "coordinates": [
          153.404712924011,
          -28.010131487609105
        ],
        "type": "Point"
      },
      "properties": {
        "cell_id": "1079_13803",
        "cluster": -1,
        "suburb": "Bundall",
        "year": 2022
      },
      "type": "Feature"
    },
    {
      "geometry": {
        "coordinates": [
          153.248822944812,
          -27.981334471548397
        ],
        "type": "Point"
      },
      "properties": {
        "cell_id": "1048_13809",
        "cluster": -1,
        "suburb": "Clagiraba",
        "year": 2021
      },
      "type": "Feature"
    },
    {
      "geometry": {
        "coordinates": [
          153.388535941502,
          -27.888400485004997
        ],
        "type": "Point"
      },
      "properties": {
        "cell_id": "1076_13830",
        "cluster": -1,
        "suburb": "Paradise Point",
        "year": 2023
      },
      "type": "Feature"
    },
    {
      "geometry": {
        "coordinates": [
          153.39988093449,
          -27.933143486512108
        ],
        "type": "Point"
      },
      "properties": {
        "cell_id": "1078_13820",
        "cluster": -1,
        "suburb": "Biggera Waters",
        "year": 2021
      },
      "type": "Feature"
    },
    {
      "geometry": {
        "coordinates": [
          153.466019904439,
          -28.109184494639692
        ],
        "type": "Point"
      },
      "properties": {
        "cell_id": "1091_13781",
        "cluster": -1,
        "suburb": "Palm Beach",
        "year": 2021
      },
      "type": "Feature"
    },
    {
      "geometry": {
        "coordinates": [
          153.311509953015,
          -27.86419547698379
        ],
        "type": "Point"
      },
      "properties": {
        "cell_id": "1061_13835",
        "cluster": 9,
        "suburb": "Upper Coomera",
        "year": 2021
      },
      "type": "Feature"
    },
    {
      "geometry": {
        "coordinates": [
          153.399582914758,
          -28.085979487681595
        ],
        "type": "Point"
      },
      "properties": {
        "cell_id": "1078_13786",
        "cluster": -1,
        "suburb": "Robina",
        "year": 2022
      },
      "type": "Feature"
    },
    {
      "geometry": {
        "coordinates": [
          153.410717927072,
          -27.981381487995193
        ],
        "type": "Point"
      },
      "properties": {
        "cell_id": "1080_13809",
        "cluster": 71,
        "suburb": "Southport",
        "year": 2022
      },
      "type": "Feature"
    },
    {
      "geometry": {
        "coordinates": [
          153.428544922472,
          -28.001847489973205
        ],
        "type": "Point"
      },
      "properties": {
        "cell_id": "1084_13805",
        "cluster": 17,
        "suburb": "Surfers Paradise",
        "year": 2022
      },
      "type": "Feature"
    },
    {
      "geometry": {
        "coordinates": [
          153.400688915891,
          -28.076288487718305
        ],
        "type": "Point"
      },
      "properties": {
        "cell_id": "1078_13788",
        "cluster": -1,
        "suburb": "Robina",
        "year": 2022
      },
      "type": "Feature"
    },
    {
      "geometry": {
        "coordinates": [
          153.392865928184,
          -27.987895486227803
        ],
        "type": "Point"
      },
      "properties": {
        "cell_id": "1077_13808",
        "cluster": 21,
        "suburb": "Southport",
        "year": 2022
      },
      "type": "Feature"
    },
    {
      "geometry": {
        "coordinates": [
          153.412472123317,
          -27.96253337102589
        ],
        "type": "Point"
      },
      "properties": {
        "cell_id": "1081_13813",
        "cluster": 6,
        "suburb": "Southport",
        "year": 2022
      },
      "type": "Feature"
    },
    {
      "geometry": {
        "coordinates": [
          153.3447859372,
          -27.958820481107793
        ],
        "type": "Point"
      },
      "properties": {
        "cell_id": "1067_13814",
        "cluster": 4,
        "suburb": "Gaven",
        "year": 2022
      },
      "type": "Feature"
    },
    {
      "geometry": {
        "coordinates": [
          153.42545890991002,
          -28.101420490439804
        ],
        "type": "Point"
      },
      "properties": {
        "cell_id": "1083_13782",
        "cluster": 32,
        "suburb": "Burleigh Heads",
        "year": 2022
      },
      "type": "Feature"
    },
    {
      "geometry": {
        "coordinates": [
          153.413098919761,
          -28.035871488665702
        ],
        "type": "Point"
      },
      "properties": {
        "cell_id": "1081_13797",
        "cluster": -1,
        "suburb": "Broadbeach Waters",
        "year": 2022
      },
      "type": "Feature"
    },
    {
      "geometry": {
        "coordinates": [
          153.402144912746,
          -28.099333488047286
        ],
        "type": "Point"
      },
      "properties": {
        "cell_id": "1079_13783",
        "cluster": 50,
        "suburb": "Varsity Lakes",
        "year": 2022
      },
      "type": "Feature"
    },
    {
      "geometry": {
        "coordinates": [
          153.337348186484,
          -27.893061557835104
        ],
        "type": "Point"
      },
      "properties": {
        "cell_id": "1066_13829",
        "cluster": -1,
        "suburb": "Helensvale",
        "year": 2022
      },
      "type": "Feature"
    },
    {
      "geometry": {
        "coordinates": [
          153.389123938305,
          -27.9126914852559
        ],
        "type": "Point"
      },
      "properties": {
        "cell_id": "1076_13824",
        "cluster": -1,
        "suburb": "Runaway Bay",
        "year": 2022
      },
      "type": "Feature"
    },
    {
      "geometry": {
        "coordinates": [
          153.35344492297602,
          -28.061670482795403
        ],
        "type": "Point"
      },
      "properties": {
        "cell_id": "1069_13791",
        "cluster": -1,
        "suburb": "Worongary",
        "year": 2022
      },
      "type": "Feature"
    },
    {
      "geometry": {
        "coordinates": [
          153.394643927964,
          -27.988095486410487
        ],
        "type": "Point"
      },
      "properties": {
        "cell_id": "1077_13808",
        "cluster": 21,
        "suburb": "Southport",
        "year": 2022
      },
      "type": "Feature"
    },
    {
      "geometry": {
        "coordinates": [
          153.376084926813,
          -28.012734484714503
        ],
        "type": "Point"
      },
      "properties": {
        "cell_id": "1073_13802",
        "cluster": -1,
        "suburb": "Carrara",
        "year": 2022
      },
      "type": "Feature"
    },
    {
      "geometry": {
        "coordinates": [
          153.305440959178,
          -27.821358476030788
        ],
        "type": "Point"
      },
      "properties": {
        "cell_id": "1060_13845",
        "cluster": 26,
        "suburb": "Pimpama",
        "year": 2022
      },
      "type": "Feature"
    },
    {
      "geometry": {
        "coordinates": [
          153.228970977985,
          -27.739386467636002
        ],
        "type": "Point"
      },
      "properties": {
        "cell_id": "1045_13863",
        "cluster": 23,
        "suburb": "Yatala",
        "year": 2022
      },
      "type": "Feature"
    },
    {
      "geometry": {
        "coordinates": [
          153.335063941267,
          -27.935511479936697
        ],
        "type": "Point"
      },
      "properties": {
        "cell_id": "1065_13819",
        "cluster": 11,
        "suburb": "Gaven",
        "year": 2022
      },
      "type": "Feature"
    },
    {
      "geometry": {
        "coordinates": [
          153.365283931548,
          -27.98524248339969
        ],
        "type": "Point"
      },
      "properties": {
        "cell_id": "1071_13808",
        "cluster": 38,
        "suburb": "Ashmore",
        "year": 2022
      },
      "type": "Feature"
    },
    {
      "geometry": {
        "coordinates": [
          153.26159296700402,
          -27.7975144713968
        ],
        "type": "Point"
      },
      "properties": {
        "cell_id": "1051_13850",
        "cluster": -1,
        "suburb": "Ormeau",
        "year": 2022
      },
      "type": "Feature"
    },
    {
      "geometry": {
        "coordinates": [
          153.366170007244,
          -27.870525645588195
        ],
        "type": "Point"
      },
      "properties": {
        "cell_id": "1072_13834",
        "cluster": -1,
        "suburb": "Hope Island",
        "year": 2021
      },
      "type": "Feature"
    },
    {
      "geometry": {
        "coordinates": [
          153.44446191138104,
          -28.0739624921628
        ],
        "type": "Point"
      },
      "properties": {
        "cell_id": "1087_13789",
        "cluster": 12,
        "suburb": "Miami",
        "year": 2022
      },
      "type": "Feature"
    },
    {
      "geometry": {
        "coordinates": [
          153.300496956971,
          -27.842739475697293
        ],
        "type": "Point"
      },
      "properties": {
        "cell_id": "1059_13840",
        "cluster": -1,
        "suburb": "Upper Coomera",
        "year": 2021
      },
      "type": "Feature"
    },
    {
      "geometry": {
        "coordinates": [
          153.374300917283,
          -28.087954485123003
        ],
        "type": "Point"
      },
      "properties": {
        "cell_id": "1073_13785",
        "cluster": -1,
        "suburb": "Mudgeeraba",
        "year": 2022
      },
      "type": "Feature"
    },
    {
      "geometry": {
        "coordinates": [
          153.325935162782,
          -27.9935904794654
        ],
        "type": "Point"
      },
      "properties": {
        "cell_id": "1064_13806",
        "cluster": -1,
        "suburb": "Nerang",
        "year": 2022
      },
      "type": "Feature"
    },
    {
      "geometry": {
        "coordinates": [
          153.396305934556,
          -27.9356564861678
        ],
        "type": "Point"
      },
      "properties": {
        "cell_id": "1077_13819",
        "cluster": -1,
        "suburb": "Labrador",
        "year": 2022
      },
      "type": "Feature"
    },
    {
      "geometry": {
        "coordinates": [
          153.306950965191,
          -27.773232475805106
        ],
        "type": "Point"
      },
      "properties": {
        "cell_id": "1060_13855",
        "cluster": -1,
        "suburb": "Norwell",
        "year": 2022
      },
      "type": "Feature"
    },
    {
      "geometry": {
        "coordinates": [
          153.325561954992,
          -27.836906478196
        ],
        "type": "Point"
      },
      "properties": {
        "cell_id": "1064_13841",
        "cluster": -1,
        "suburb": "Coomera",
        "year": 2022
      },
      "type": "Feature"
    },
    {
      "geometry": {
        "coordinates": [
          153.227255978614,
          -27.735917467435094
        ],
        "type": "Point"
      },
      "properties": {
        "cell_id": "1044_13864",
        "cluster": 23,
        "suburb": "Yatala",
        "year": 2022
      },
      "type": "Feature"
    },
    {
      "geometry": {
        "coordinates": [
          153.398628924791,
          -28.009258486982507
        ],
        "type": "Point"
      },
      "properties": {
        "cell_id": "1078_13803",
        "cluster": 41,
        "suburb": "Benowa",
        "year": 2022
      },
      "type": "Feature"
    },
    {
      "geometry": {
        "coordinates": [
          153.37136093094,
          -27.984792484014402
        ],
        "type": "Point"
      },
      "properties": {
        "cell_id": "1073_13808",
        "cluster": 33,
        "suburb": "Ashmore",
        "year": 2022
      },
      "type": "Feature"
    },
    {
      "geometry": {
        "coordinates": [
          153.306201617418,
          -27.904453942761595
        ],
        "type": "Point"
      },
      "properties": {
        "cell_id": "1060_13826",
        "cluster": -1,
        "suburb": "Oxenford",
        "year": 2022
      },
      "type": "Feature"
    },
    {
      "geometry": {
        "coordinates": [
          153.319004105574,
          -28.001096078820403
        ],
        "type": "Point"
      },
      "properties": {
        "cell_id": "1062_13805",
        "cluster": -1,
        "suburb": "Nerang",
        "year": 2021
      },
      "type": "Feature"
    },
    {
      "geometry": {
        "coordinates": [
          153.314706488035,
          -27.876885375408197
        ],
        "type": "Point"
      },
      "properties": {
        "cell_id": "1061_13832",
        "cluster": 30,
        "suburb": "Helensvale",
        "year": 2022
      },
      "type": "Feature"
    },
    {
      "geometry": {
        "coordinates": [
          153.315329474273,
          -27.8822802725138
        ],
        "type": "Point"
      },
      "properties": {
        "cell_id": "1062_13831",
        "cluster": 30,
        "suburb": "Oxenford",
        "year": 2022
      },
      "type": "Feature"
    },
    {
      "geometry": {
        "coordinates": [
          153.287433955232,
          -27.867360474565807
        ],
        "type": "Point"
      },
      "properties": {
        "cell_id": "1056_13834",
        "cluster": -1,
        "suburb": "Upper Coomera",
        "year": 2022
      },
      "type": "Feature"
    },
    {
      "geometry": {
        "coordinates": [
          153.363556929071,
          -28.005889483386103
        ],
        "type": "Point"
      },
      "properties": {
        "cell_id": "1071_13804",
        "cluster": -1,
        "suburb": "Carrara",
        "year": 2021
      },
      "type": "Feature"
    },
    {
      "geometry": {
        "coordinates": [
          153.414131924597,
          -27.9976214884707
        ],
        "type": "Point"
      },
      "properties": {
        "cell_id": "1081_13805",
        "cluster": 51,
        "suburb": "Bundall",
        "year": 2022
      },
      "type": "Feature"
    },
    {
      "geometry": {
        "coordinates": [
          153.23667897536902,
          -27.753303468525694
        ],
        "type": "Point"
      },
      "properties": {
        "cell_id": "1046_13860",
        "cluster": 70,
        "suburb": "Yatala",
        "year": 2022
      },
      "type": "Feature"
    },
    {
      "geometry": {
        "coordinates": [
          153.407105918854,
          -28.04795748814981
        ],
        "type": "Point"
      },
      "properties": {
        "cell_id": "1080_13794",
        "cluster": 39,
        "suburb": "Mermaid Waters",
        "year": 2022
      },
      "type": "Feature"
    },
    {
      "geometry": {
        "coordinates": [
          153.472945787571,
          -28.133084159534402
        ],
        "type": "Point"
      },
      "properties": {
        "cell_id": "1092_13775",
        "cluster": 13,
        "suburb": "Palm Beach",
        "year": 2022
      },
      "type": "Feature"
    },
    {
      "geometry": {
        "coordinates": [
          153.50182989502304,
          -28.151262498628995
        ],
        "type": "Point"
      },
      "properties": {
        "cell_id": "1098_13771",
        "cluster": -1,
        "suburb": "Tugun",
        "year": 2022
      },
      "type": "Feature"
    },
    {
      "geometry": {
        "coordinates": [
          153.41329392789,
          -27.972873488190892
        ],
        "type": "Point"
      },
      "properties": {
        "cell_id": "1081_13811",
        "cluster": 24,
        "suburb": "Southport",
        "year": 2023
      },
      "type": "Feature"
    },
    {
      "geometry": {
        "coordinates": [
          153.424711912387,
          -28.082952490218805
        ],
        "type": "Point"
      },
      "properties": {
        "cell_id": "1083_13787",
        "cluster": 68,
        "suburb": "Burleigh Waters",
        "year": 2023
      },
      "type": "Feature"
    },
    {
      "geometry": {
        "coordinates": [
          153.361016921873,
          -28.06376248358179
        ],
        "type": "Point"
      },
      "properties": {
        "cell_id": "1070_13791",
        "cluster": -1,
        "suburb": "Merrimac",
        "year": 2022
      },
      "type": "Feature"
    },
    {
      "geometry": {
        "coordinates": [
          153.220261977796,
          -27.74825146682471
        ],
        "type": "Point"
      },
      "properties": {
        "cell_id": "1043_13861",
        "cluster": -1,
        "suburb": "Yatala",
        "year": 2023
      },
      "type": "Feature"
    },
    {
      "geometry": {
        "coordinates": [
          153.343664934859,
          -27.977931481143994
        ],
        "type": "Point"
      },
      "properties": {
        "cell_id": "1067_13810",
        "cluster": 10,
        "suburb": "Molendinar",
        "year": 2022
      },
      "type": "Feature"
    },
    {
      "geometry": {
        "coordinates": [
          153.188753977766,
          -27.775266463852308
        ],
        "type": "Point"
      },
      "properties": {
        "cell_id": "1037_13855",
        "cluster": -1,
        "suburb": "Yatala",
        "year": 2022
      },
      "type": "Feature"
    },
    {
      "geometry": {
        "coordinates": [
          153.34118893888603,
          -27.948793480663404
        ],
        "type": "Point"
      },
      "properties": {
        "cell_id": "1067_13816",
        "cluster": 4,
        "suburb": "Gaven",
        "year": 2022
      },
      "type": "Feature"
    },
    {
      "geometry": {
        "coordinates": [
          153.42621190679,
          -28.124832490700097
        ],
        "type": "Point"
      },
      "properties": {
        "cell_id": "1083_13777",
        "cluster": 45,
        "suburb": "Tallebudgera Valley",
        "year": 2023
      },
      "type": "Feature"
    },
    {
      "geometry": {
        "coordinates": [
          153.332172948655,
          -27.880578479211103
        ],
        "type": "Point"
      },
      "properties": {
        "cell_id": "1065_13831",
        "cluster": -1,
        "suburb": "Helensvale",
        "year": 2022
      },
      "type": "Feature"
    },
    {
      "geometry": {
        "coordinates": [
          153.386446916917,
          -28.080461486300603
        ],
        "type": "Point"
      },
      "properties": {
        "cell_id": "1075_13787",
        "cluster": 52,
        "suburb": "Robina",
        "year": 2022
      },
      "type": "Feature"
    },
    {
      "geometry": {
        "coordinates": [
          153.255071968967,
          -27.787723470659103
        ],
        "type": "Point"
      },
      "properties": {
        "cell_id": "1050_13852",
        "cluster": 58,
        "suburb": "Ormeau",
        "year": 2023
      },
      "type": "Feature"
    },
    {
      "geometry": {
        "coordinates": [
          153.352783933025,
          -27.984406482121802
        ],
        "type": "Point"
      },
      "properties": {
        "cell_id": "1069_13808",
        "cluster": -1,
        "suburb": "Molendinar",
        "year": 2022
      },
      "type": "Feature"
    },
    {
      "geometry": {
        "coordinates": [
          153.401810912538,
          -28.101225488028096
        ],
        "type": "Point"
      },
      "properties": {
        "cell_id": "1078_13783",
        "cluster": 50,
        "suburb": "Reedy Creek",
        "year": 2022
      },
      "type": "Feature"
    },
    {
      "geometry": {
        "coordinates": [
          153.363064475925,
          -28.115746649197703
        ],
        "type": "Point"
      },
      "properties": {
        "cell_id": "1071_13779",
        "cluster": -1,
        "suburb": "Bonogin",
        "year": 2022
      },
      "type": "Feature"
    },
    {
      "geometry": {
        "coordinates": [
          153.322156944692,
          -27.9198664785026
        ],
        "type": "Point"
      },
      "properties": {
        "cell_id": "1063_13823",
        "cluster": -1,
        "suburb": "Oxenford",
        "year": 2022
      },
      "type": "Feature"
    },
    {
      "geometry": {
        "coordinates": [
          153.25354994636,
          -27.9652604719009
        ],
        "type": "Point"
      },
      "properties": {
        "cell_id": "1049_13813",
        "cluster": -1,
        "suburb": "Mount Nathan",
        "year": 2022
      },
      "type": "Feature"
    },
    {
      "geometry": {
        "coordinates": [
          153.387408923061,
          -28.032150486019596
        ],
        "type": "Point"
      },
      "properties": {
        "cell_id": "1076_13798",
        "cluster": 56,
        "suburb": "Carrara",
        "year": 2022
      },
      "type": "Feature"
    },
    {
      "geometry": {
        "coordinates": [
          153.433098917824,
          -28.0338854906892
        ],
        "type": "Point"
      },
      "properties": {
        "cell_id": "1085_13797",
        "cluster": 16,
        "suburb": "Broadbeach",
        "year": 2022
      },
      "type": "Feature"
    },
    {
      "geometry": {
        "coordinates": [
          153.307103936452,
          -27.996652477577403
        ],
        "type": "Point"
      },
      "properties": {
        "cell_id": "1060_13806",
        "cluster": -1,
        "suburb": "Nerang",
        "year": 2022
      },
      "type": "Feature"
    },
    {
      "geometry": {
        "coordinates": [
          153.37940046444402,
          -27.958586575626708
        ],
        "type": "Point"
      },
      "properties": {
        "cell_id": "1074_13814",
        "cluster": 7,
        "suburb": "Parkwood",
        "year": 2022
      },
      "type": "Feature"
    },
    {
      "geometry": {
        "coordinates": [
          153.412312117088,
          -28.003104191328305
        ],
        "type": "Point"
      },
      "properties": {
        "cell_id": "1081_13804",
        "cluster": 51,
        "suburb": "Bundall",
        "year": 2022
      },
      "type": "Feature"
    },
    {
      "geometry": {
        "coordinates": [
          153.473252900629,
          -28.13237349556019
        ],
        "type": "Point"
      },
      "properties": {
        "cell_id": "1092_13776",
        "cluster": 13,
        "suburb": "Palm Beach",
        "year": 2022
      },
      "type": "Feature"
    },
    {
      "geometry": {
        "coordinates": [
          153.28932796109,
          -27.820123474386303
        ],
        "type": "Point"
      },
      "properties": {
        "cell_id": "1056_13845",
        "cluster": 29,
        "suburb": "Pimpama",
        "year": 2022
      },
      "type": "Feature"
    },
    {
      "geometry": {
        "coordinates": [
          153.390429820975,
          -27.976100307887094
        ],
        "type": "Point"
      },
      "properties": {
        "cell_id": "1076_13810",
        "cluster": 72,
        "suburb": "Ashmore",
        "year": 2023
      },
      "type": "Feature"
    },
    {
      "geometry": {
        "coordinates": [
          153.310756334372,
          -27.8620569918905
        ],
        "type": "Point"
      },
      "properties": {
        "cell_id": "1061_13836",
        "cluster": 9,
        "suburb": "Upper Coomera",
        "year": 2023
      },
      "type": "Feature"
    },
    {
      "geometry": {
        "coordinates": [
          153.329216955173,
          -27.8323994785318
        ],
        "type": "Point"
      },
      "properties": {
        "cell_id": "1064_13842",
        "cluster": -1,
        "suburb": "Pimpama",
        "year": 2023
      },
      "type": "Feature"
    },
    {
      "geometry": {
        "coordinates": [
          153.395783925113,
          -28.0091794866921
        ],
        "type": "Point"
      },
      "properties": {
        "cell_id": "1077_13803",
        "cluster": 41,
        "suburb": "Benowa",
        "year": 2023
      },
      "type": "Feature"
    },
    {
      "geometry": {
        "coordinates": [
          153.435508913779,
          -28.063056491163902
        ],
        "type": "Point"
      },
      "properties": {
        "cell_id": "1085_13791",
        "cluster": -1,
        "suburb": "Miami",
        "year": 2023
      },
      "type": "Feature"
    },
    {
      "geometry": {
        "coordinates": [
          153.40890091869,
          -28.047705488330706
        ],
        "type": "Point"
      },
      "properties": {
        "cell_id": "1080_13794",
        "cluster": 39,
        "suburb": "Mermaid Waters",
        "year": 2022
      },
      "type": "Feature"
    },
    {
      "geometry": {
        "coordinates": [
          153.324489943616,
          -27.926244478789705
        ],
        "type": "Point"
      },
      "properties": {
        "cell_id": "1063_13821",
        "cluster": 11,
        "suburb": "Pacific Pines",
        "year": 2022
      },
      "type": "Feature"
    },
    {
      "geometry": {
        "coordinates": [
          153.429953918723,
          -28.029609490334796
        ],
        "type": "Point"
      },
      "properties": {
        "cell_id": "1084_13798",
        "cluster": 64,
        "suburb": "Broadbeach",
        "year": 2022
      },
      "type": "Feature"
    },
    {
      "geometry": {
        "coordinates": [
          153.424123913219,
          -28.077024490112404
        ],
        "type": "Point"
      },
      "properties": {
        "cell_id": "1083_13788",
        "cluster": -1,
        "suburb": "Burleigh Waters",
        "year": 2022
      },
      "type": "Feature"
    },
    {
      "geometry": {
        "coordinates": [
          153.341703931421,
          -28.006249481167
        ],
        "type": "Point"
      },
      "properties": {
        "cell_id": "1067_13804",
        "cluster": 49,
        "suburb": "Nerang",
        "year": 2022
      },
      "type": "Feature"
    },
    {
      "geometry": {
        "coordinates": [
          153.383945940542,
          -27.899727484626798
        ],
        "type": "Point"
      },
      "properties": {
        "cell_id": "1075_13827",
        "cluster": -1,
        "suburb": "Coombabah",
        "year": 2022
      },
      "type": "Feature"
    },
    {
      "geometry": {
        "coordinates": [
          153.350964947903,
          -27.870505481041693
        ],
        "type": "Point"
      },
      "properties": {
        "cell_id": "1069_13834",
        "cluster": 59,
        "suburb": "Hope Island",
        "year": 2022
      },
      "type": "Feature"
    },
    {
      "geometry": {
        "coordinates": [
          153.358791186715,
          -27.973959057650696
        ],
        "type": "Point"
      },
      "properties": {
        "cell_id": "1070_13811",
        "cluster": -1,
        "suburb": "Molendinar",
        "year": 2021
      },
      "type": "Feature"
    },
    {
      "geometry": {
        "coordinates": [
          153.40832193007,
          -27.960218487584807
        ],
        "type": "Point"
      },
      "properties": {
        "cell_id": "1080_13814",
        "cluster": 6,
        "suburb": "Southport",
        "year": 2021
      },
      "type": "Feature"
    },
    {
      "geometry": {
        "coordinates": [
          153.293623960282,
          -27.8227734748429
        ],
        "type": "Point"
      },
      "properties": {
        "cell_id": "1057_13844",
        "cluster": 29,
        "suburb": "Pimpama",
        "year": 2022
      },
      "type": "Feature"
    },
    {
      "geometry": {
        "coordinates": [
          153.392865928184,
          -27.987895486227803
        ],
        "type": "Point"
      },
      "properties": {
        "cell_id": "1077_13808",
        "cluster": 21,
        "suburb": "Southport",
        "year": 2022
      },
      "type": "Feature"
    },
    {
      "geometry": {
        "coordinates": [
          153.410070628745,
          -27.945773010649503
        ],
        "type": "Point"
      },
      "properties": {
        "cell_id": "1080_13817",
        "cluster": 22,
        "suburb": "Labrador",
        "year": 2022
      },
      "type": "Feature"
    },
    {
      "geometry": {
        "coordinates": [
          153.427914903523,
          -28.1485654910597
        ],
        "type": "Point"
      },
      "properties": {
        "cell_id": "1084_13772",
        "cluster": -1,
        "suburb": "Tallebudgera",
        "year": 2022
      },
      "type": "Feature"
    },
    {
      "geometry": {
        "coordinates": [
          153.353617920275,
          -28.082422482975694
        ],
        "type": "Point"
      },
      "properties": {
        "cell_id": "1069_13787",
        "cluster": -1,
        "suburb": "Mudgeeraba",
        "year": 2022
      },
      "type": "Feature"
    },
    {
      "geometry": {
        "coordinates": [
          153.33621794259702,
          -27.924212479965096
        ],
        "type": "Point"
      },
      "properties": {
        "cell_id": "1066_13822",
        "cluster": 2,
        "suburb": "Helensvale",
        "year": 2022
      },
      "type": "Feature"
    },
    {
      "geometry": {
        "coordinates": [
          153.227747024179,
          -28.0742786491439
        ],
        "type": "Point"
      },
      "properties": {
        "cell_id": "1044_13789",
        "cluster": -1,
        "suburb": "Lower Beechmont",
        "year": 2022
      },
      "type": "Feature"
    },
    {
      "geometry": {
        "coordinates": [
          153.339504078034,
          -27.995611103859897
        ],
        "type": "Point"
      },
      "properties": {
        "cell_id": "1066_13806",
        "cluster": 27,
        "suburb": "Nerang",
        "year": 2023
      },
      "type": "Feature"
    },
    {
      "geometry": {
        "coordinates": [
          153.43688091158,
          -28.07885549142769
        ],
        "type": "Point"
      },
      "properties": {
        "cell_id": "1085_13787",
        "cluster": -1,
        "suburb": "Burleigh Waters",
        "year": 2023
      },
      "type": "Feature"
    },
    {
      "geometry": {
        "coordinates": [
          153.319836956663,
          -27.8287484775504
        ],
        "type": "Point"
      },
      "properties": {
        "cell_id": "1062_13843",
        "cluster": 83,
        "suburb": "Pimpama",
        "year": 2022
      },
      "type": "Feature"
    },
    {
      "geometry": {
        "coordinates": [
          153.439036915189,
          -28.049192491415
        ],
        "type": "Point"
      },
      "properties": {
        "cell_id": "1086_13794",
        "cluster": -1,
        "suburb": "Mermaid Beach",
        "year": 2023
      },
      "type": "Feature"
    },
    {
      "geometry": {
        "coordinates": [
          153.307551955078,
          -27.851492476482097
        ],
        "type": "Point"
      },
      "properties": {
        "cell_id": "1060_13838",
        "cluster": -1,
        "suburb": "Coomera",
        "year": 2022
      },
      "type": "Feature"
    },
    {
      "geometry": {
        "coordinates": [
          153.42541791206403,
          -28.084837490305592
        ],
        "type": "Point"
      },
      "properties": {
        "cell_id": "1083_13786",
        "cluster": 68,
        "suburb": "Burleigh Waters",
        "year": 2023
      },
      "type": "Feature"
    },
    {
      "geometry": {
        "coordinates": [
          153.373140937682,
          -27.931048483773292
        ],
        "type": "Point"
      },
      "properties": {
        "cell_id": "1073_13820",
        "cluster": 20,
        "suburb": "Arundel",
        "year": 2022
      },
      "type": "Feature"
    },
    {
      "geometry": {
        "coordinates": [
          153.380676916996,
          -28.084752485746897
        ],
        "type": "Point"
      },
      "properties": {
        "cell_id": "1074_13786",
        "cluster": 67,
        "suburb": "Mudgeeraba",
        "year": 2022
      },
      "type": "Feature"
    },
    {
      "geometry": {
        "coordinates": [
          153.407006755128,
          -28.053652492184398
        ],
        "type": "Point"
      },
      "properties": {
        "cell_id": "1079_13793",
        "cluster": 73,
        "suburb": "Robina",
        "year": 2022
      },
      "type": "Feature"
    },
    {
      "geometry": {
        "coordinates": [
          153.414414915518,
          -28.0675204890481
        ],
        "type": "Point"
      },
      "properties": {
        "cell_id": "1081_13790",
        "cluster": -1,
        "suburb": "Robina",
        "year": 2023
      },
      "type": "Feature"
    },
    {
      "geometry": {
        "coordinates": [
          153.431223919163,
          -28.025136490429304
        ],
        "type": "Point"
      },
      "properties": {
        "cell_id": "1084_13799",
        "cluster": -1,
        "suburb": "Broadbeach",
        "year": 2023
      },
      "type": "Feature"
    },
    {
      "geometry": {
        "coordinates": [
          153.303202957202,
          -27.838644475939695
        ],
        "type": "Point"
      },
      "properties": {
        "cell_id": "1059_13841",
        "cluster": -1,
        "suburb": "Pimpama",
        "year": 2022
      },
      "type": "Feature"
    },
    {
      "geometry": {
        "coordinates": [
          153.43226191746,
          -28.0374024906314
        ],
        "type": "Point"
      },
      "properties": {
        "cell_id": "1084_13797",
        "cluster": 16,
        "suburb": "Mermaid Beach",
        "year": 2022
      },
      "type": "Feature"
    },
    {
      "geometry": {
        "coordinates": [
          153.328330953864,
          -27.8433324785278
        ],
        "type": "Point"
      },
      "properties": {
        "cell_id": "1064_13840",
        "cluster": -1,
        "suburb": "Coomera",
        "year": 2023
      },
      "type": "Feature"
    },
    {
      "geometry": {
        "coordinates": [
          153.429356918151,
          -28.034528490312606
        ],
        "type": "Point"
      },
      "properties": {
        "cell_id": "1084_13797",
        "cluster": 16,
        "suburb": "Broadbeach Waters",
        "year": 2023
      },
      "type": "Feature"
    },
    {
      "geometry": {
        "coordinates": [
          153.288762960966,
          -27.821564474340303
        ],
        "type": "Point"
      },
      "properties": {
        "cell_id": "1056_13845",
        "cluster": 29,
        "suburb": "Pimpama",
        "year": 2022
      },
      "type": "Feature"
    },
    {
      "geometry": {
        "coordinates": [
          153.408452920336,
          -28.035365488188198
        ],
        "type": "Point"
      },
      "properties": {
        "cell_id": "1080_13797",
        "cluster": 63,
        "suburb": "Clear Island Waters",
        "year": 2022
      },
      "type": "Feature"
    },
    {
      "geometry": {
        "coordinates": [
          153.340660553297,
          -27.79841245542689
        ],
        "type": "Point"
      },
      "properties": {
        "cell_id": "1067_13850",
        "cluster": -1,
        "suburb": "Norwell",
        "year": 2022
      },
      "type": "Feature"
    },
    {
      "geometry": {
        "coordinates": [
          153.405039954048,
          -28.032755853820003
        ],
        "type": "Point"
      },
      "properties": {
        "cell_id": "1079_13798",
        "cluster": -1,
        "suburb": "Broadbeach Waters",
        "year": 2022
      },
      "type": "Feature"
    },
    {
      "geometry": {
        "coordinates": [
          153.349196929387,
          -28.015637482002298
        ],
        "type": "Point"
      },
      "properties": {
        "cell_id": "1068_13802",
        "cluster": 62,
        "suburb": "Carrara",
        "year": 2022
      },
      "type": "Feature"
    },
    {
      "geometry": {
        "coordinates": [
          153.427737660777,
          -28.007898631938392
        ],
        "type": "Point"
      },
      "properties": {
        "cell_id": "1084_13803",
        "cluster": 17,
        "suburb": "Surfers Paradise",
        "year": 2021
      },
      "type": "Feature"
    },
    {
      "geometry": {
        "coordinates": [
          153.256351937552,
          -28.031370472703607
        ],
        "type": "Point"
      },
      "properties": {
        "cell_id": "1050_13798",
        "cluster": -1,
        "suburb": "Lower Beechmont",
        "year": 2021
      },
      "type": "Feature"
    },
    {
      "geometry": {
        "coordinates": [
          153.268713959896,
          -27.8469164725071
        ],
        "type": "Point"
      },
      "properties": {
        "cell_id": "1052_13839",
        "cluster": -1,
        "suburb": "Willow Vale",
        "year": 2022
      },
      "type": "Feature"
    },
    {
      "geometry": {
        "coordinates": [
          153.339900933259,
          -27.993533480883897
        ],
        "type": "Point"
      },
      "properties": {
        "cell_id": "1066_13806",
        "cluster": 27,
        "suburb": "Nerang",
        "year": 2022
      },
      "type": "Feature"
    },
    {
      "geometry": {
        "coordinates": [
          153.417308919221,
          -28.0364754890995
        ],
        "type": "Point"
      },
      "properties": {
        "cell_id": "1082_13797",
        "cluster": 79,
        "suburb": "Mermaid Waters",
        "year": 2022
      },
      "type": "Feature"
    },
    {
      "geometry": {
        "coordinates": [
          153.402719928906,
          -27.9739634871221
        ],
        "type": "Point"
      },
      "properties": {
        "cell_id": "1079_13811",
        "cluster": 18,
        "suburb": "Southport",
        "year": 2022
      },
      "type": "Feature"
    },
    {
      "geometry": {
        "coordinates": [
          153.244771973556,
          -27.760613469402497
        ],
        "type": "Point"
      },
      "properties": {
        "cell_id": "1048_13858",
        "cluster": 8,
        "suburb": "Ormeau",
        "year": 2022
      },
      "type": "Feature"
    },
    {
      "geometry": {
        "coordinates": [
          153.41147092687203,
          -27.982291488079095
        ],
        "type": "Point"
      },
      "properties": {
        "cell_id": "1080_13809",
        "cluster": 71,
        "suburb": "Southport",
        "year": 2022
      },
      "type": "Feature"
    },
    {
      "geometry": {
        "coordinates": [
          153.305929499721,
          -27.941198937022698
        ],
        "type": "Point"
      },
      "properties": {
        "cell_id": "1060_13818",
        "cluster": -1,
        "suburb": "Pacific Pines",
        "year": 2022
      },
      "type": "Feature"
    },
    {
      "geometry": {
        "coordinates": [
          153.230866978167,
          -27.7363484678039
        ],
        "type": "Point"
      },
      "properties": {
        "cell_id": "1045_13863",
        "cluster": 23,
        "suburb": "Stapylton",
        "year": 2022
      },
      "type": "Feature"
    },
    {
      "geometry": {
        "coordinates": [
          153.316665159086,
          -27.9059279468354
        ],
        "type": "Point"
      },
      "properties": {
        "cell_id": "1062_13826",
        "cluster": 19,
        "suburb": "Oxenford",
        "year": 2023
      },
      "type": "Feature"
    },
    {
      "geometry": {
        "coordinates": [
          153.422942846801,
          -27.980862945237195
        ],
        "type": "Point"
      },
      "properties": {
        "cell_id": "1083_13809",
        "cluster": -1,
        "suburb": "Main Beach",
        "year": 2023
      },
      "type": "Feature"
    },
    {
      "geometry": {
        "coordinates": [
          153.469727903137,
          -28.116062495072295
        ],
        "type": "Point"
      },
      "properties": {
        "cell_id": "1092_13779",
        "cluster": -1,
        "suburb": "Palm Beach",
        "year": 2023
      },
      "type": "Feature"
    },
    {
      "geometry": {
        "coordinates": [
          153.414052929044,
          -27.963307488193106
        ],
        "type": "Point"
      },
      "properties": {
        "cell_id": "1081_13813",
        "cluster": 6,
        "suburb": "Southport",
        "year": 2023
      },
      "type": "Feature"
    },
    {
      "geometry": {
        "coordinates": [
          153.267974937356,
          -28.0229714738154
        ],
        "type": "Point"
      },
      "properties": {
        "cell_id": "1052_13800",
        "cluster": -1,
        "suburb": "Clagiraba",
        "year": 2021
      },
      "type": "Feature"
    },
    {
      "geometry": {
        "coordinates": [
          153.495400838628,
          -28.144375823917695
        ],
        "type": "Point"
      },
      "properties": {
        "cell_id": "1097_13773",
        "cluster": 69,
        "suburb": "Tugun",
        "year": 2021
      },
      "type": "Feature"
    },
    {
      "geometry": {
        "coordinates": [
          153.273847937075,
          -28.020150474388494
        ],
        "type": "Point"
      },
      "properties": {
        "cell_id": "1053_13801",
        "cluster": -1,
        "suburb": "Advancetown",
        "year": 2021
      },
      "type": "Feature"
    },
    {
      "geometry": {
        "coordinates": [
          153.411321899431,
          -28.194195489725505
        ],
        "type": "Point"
      },
      "properties": {
        "cell_id": "1080_13762",
        "cluster": -1,
        "suburb": "Currumbin Valley",
        "year": 2021
      },
      "type": "Feature"
    },
    {
      "geometry": {
        "coordinates": [
          153.277849249458,
          -27.897108080827792
        ],
        "type": "Point"
      },
      "properties": {
        "cell_id": "1054_13828",
        "cluster": -1,
        "suburb": "Upper Coomera",
        "year": 2022
      },
      "type": "Feature"
    },
    {
      "geometry": {
        "coordinates": [
          153.361179945906,
          -27.877370482134495
        ],
        "type": "Point"
      },
      "properties": {
        "cell_id": "1071_13832",
        "cluster": -1,
        "suburb": "Hope Island",
        "year": 2022
      },
      "type": "Feature"
    },
    {
      "geometry": {
        "coordinates": [
          153.342913931336,
          -28.0058804812871
        ],
        "type": "Point"
      },
      "properties": {
        "cell_id": "1067_13804",
        "cluster": 49,
        "suburb": "Nerang",
        "year": 2022
      },
      "type": "Feature"
    },
    {
      "geometry": {
        "coordinates": [
          153.452825908316,
          -28.090497493146103
        ],
        "type": "Point"
      },
      "properties": {
        "cell_id": "1088_13785",
        "cluster": 43,
        "suburb": "Burleigh Heads",
        "year": 2022
      },
      "type": "Feature"
    },
    {
      "geometry": {
        "coordinates": [
          153.393363941204,
          -27.8866334854827
        ],
        "type": "Point"
      },
      "properties": {
        "cell_id": "1077_13830",
        "cluster": -1,
        "suburb": "Paradise Point",
        "year": 2022
      },
      "type": "Feature"
    },
    {
      "geometry": {
        "coordinates": [
          153.229030978606,
          -27.734475467603303
        ],
        "type": "Point"
      },
      "properties": {
        "cell_id": "1045_13864",
        "cluster": 23,
        "suburb": "Stapylton",
        "year": 2022
      },
      "type": "Feature"
    },
    {
      "geometry": {
        "coordinates": [
          153.304900952963,
          -27.870199476360202
        ],
        "type": "Point"
      },
      "properties": {
        "cell_id": "1060_13834",
        "cluster": -1,
        "suburb": "Upper Coomera",
        "year": 2022
      },
      "type": "Feature"
    },
    {
      "geometry": {
        "coordinates": [
          153.415155987649,
          -27.973163029383
        ],
        "type": "Point"
      },
      "properties": {
        "cell_id": "1081_13811",
        "cluster": 24,
        "suburb": "Southport",
        "year": 2022
      },
      "type": "Feature"
    },
    {
      "geometry": {
        "coordinates": [
          153.433363917094,
          -28.039290490758603
        ],
        "type": "Point"
      },
      "properties": {
        "cell_id": "1085_13796",
        "cluster": 16,
        "suburb": "Mermaid Beach",
        "year": 2022
      },
      "type": "Feature"
    },
    {
      "geometry": {
        "coordinates": [
          153.227892927614,
          -28.132932470618197
        ],
        "type": "Point"
      },
      "properties": {
        "cell_id": "1044_13776",
        "cluster": -1,
        "suburb": "Numinbah Valley",
        "year": 2022
      },
      "type": "Feature"
    },
    {
      "geometry": {
        "coordinates": [
          153.327494943495,
          -27.924636479082203
        ],
        "type": "Point"
      },
      "properties": {
        "cell_id": "1064_13822",
        "cluster": 11,
        "suburb": "Oxenford",
        "year": 2022
      },
      "type": "Feature"
    },
    {
      "geometry": {
        "coordinates": [
          153.428076923641,
          -27.993211489857696
        ],
        "type": "Point"
      },
      "properties": {
        "cell_id": "1084_13806",
        "cluster": 74,
        "suburb": "Surfers Paradise",
        "year": 2023
      },
      "type": "Feature"
    },
    {
      "geometry": {
        "coordinates": [
          153.506016893954,
          -28.155929499093794
        ],
        "type": "Point"
      },
      "properties": {
        "cell_id": "1099_13770",
        "cluster": -1,
        "suburb": "Bilinga",
        "year": 2022
      },
      "type": "Feature"
    },
    {
      "geometry": {
        "coordinates": [
          153.41192191128,
          -28.102341489067104
        ],
        "type": "Point"
      },
      "properties": {
        "cell_id": "1080_13782",
        "cluster": -1,
        "suburb": "Burleigh Heads",
        "year": 2023
      },
      "type": "Feature"
    },
    {
      "geometry": {
        "coordinates": [
          153.334272934869,
          -27.9858304802515
        ],
        "type": "Point"
      },
      "properties": {
        "cell_id": "1065_13808",
        "cluster": -1,
        "suburb": "Nerang",
        "year": 2022
      },
      "type": "Feature"
    },
    {
      "geometry": {
        "coordinates": [
          153.316729949721,
          -27.885388477680497
        ],
        "type": "Point"
      },
      "properties": {
        "cell_id": "1062_13830",
        "cluster": 30,
        "suburb": "Helensvale",
        "year": 2023
      },
      "type": "Feature"
    },
    {
      "geometry": {
        "coordinates": [
          153.429169919401,
          -28.025036490219
        ],
        "type": "Point"
      },
      "properties": {
        "cell_id": "1084_13799",
        "cluster": -1,
        "suburb": "Broadbeach",
        "year": 2023
      },
      "type": "Feature"
    },
    {
      "geometry": {
        "coordinates": [
          153.277601227784,
          -28.019208476761598
        ],
        "type": "Point"
      },
      "properties": {
        "cell_id": "1054_13801",
        "cluster": -1,
        "suburb": "Advancetown",
        "year": 2021
      },
      "type": "Feature"
    },
    {
      "geometry": {
        "coordinates": [
          153.374162923292,
          -28.041615484745503
        ],
        "type": "Point"
      },
      "properties": {
        "cell_id": "1073_13796",
        "cluster": -1,
        "suburb": "Carrara",
        "year": 2021
      },
      "type": "Feature"
    },
    {
      "geometry": {
        "coordinates": [
          153.259270938049,
          -28.0250144729494
        ],
        "type": "Point"
      },
      "properties": {
        "cell_id": "1050_13799",
        "cluster": -1,
        "suburb": "Lower Beechmont",
        "year": 2021
      },
      "type": "Feature"
    },
    {
      "geometry": {
        "coordinates": [
          153.327941943269,
          -27.9260094791384
        ],
        "type": "Point"
      },
      "properties": {
        "cell_id": "1064_13821",
        "cluster": 11,
        "suburb": "Oxenford",
        "year": 2021
      },
      "type": "Feature"
    },
    {
      "geometry": {
        "coordinates": [
          153.368561533945,
          -27.97163680462629
        ],
        "type": "Point"
      },
      "properties": {
        "cell_id": "1072_13811",
        "cluster": -1,
        "suburb": "Molendinar",
        "year": 2022
      },
      "type": "Feature"
    },
    {
      "geometry": {
        "coordinates": [
          153.376209933172,
          -27.963397484339797
        ],
        "type": "Point"
      },
      "properties": {
        "cell_id": "1074_13813",
        "cluster": 5,
        "suburb": "Parkwood",
        "year": 2022
      },
      "type": "Feature"
    },
    {
      "geometry": {
        "coordinates": [
          153.454534906476,
          -28.1032304934203
        ],
        "type": "Point"
      },
      "properties": {
        "cell_id": "1089_13782",
        "cluster": -1,
        "suburb": "Palm Beach",
        "year": 2022
      },
      "type": "Feature"
    },
    {
      "geometry": {
        "coordinates": [
          153.338579938508,
          -27.953939480438695
        ],
        "type": "Point"
      },
      "properties": {
        "cell_id": "1066_13815",
        "cluster": -1,
        "suburb": "Gaven",
        "year": 2022
      },
      "type": "Feature"
    },
    {
      "geometry": {
        "coordinates": [
          153.416297928424,
          -27.966200488444695
        ],
        "type": "Point"
      },
      "properties": {
        "cell_id": "1081_13812",
        "cluster": -1,
        "suburb": "Southport",
        "year": 2022
      },
      "type": "Feature"
    },
    {
      "geometry": {
        "coordinates": [
          153.32909694296,
          -27.927429479266902
        ],
        "type": "Point"
      },
      "properties": {
        "cell_id": "1064_13821",
        "cluster": 11,
        "suburb": "Gaven",
        "year": 2023
      },
      "type": "Feature"
    },
    {
      "geometry": {
        "coordinates": [
          153.403163919023,
          -28.0499954877642
        ],
        "type": "Point"
      },
      "properties": {
        "cell_id": "1079_13794",
        "cluster": -1,
        "suburb": "Clear Island Waters",
        "year": 2023
      },
      "type": "Feature"
    },
    {
      "geometry": {
        "coordinates": [
          153.440796911289,
          -28.077777491818797
        ],
        "type": "Point"
      },
      "properties": {
        "cell_id": "1086_13788",
        "cluster": 12,
        "suburb": "Miami",
        "year": 2023
      },
      "type": "Feature"
    },
    {
      "geometry": {
        "coordinates": [
          153.390731935456,
          -27.933403485582396
        ],
        "type": "Point"
      },
      "properties": {
        "cell_id": "1076_13820",
        "cluster": 0,
        "suburb": "Biggera Waters",
        "year": 2022
      },
      "type": "Feature"
    },
    {
      "geometry": {
        "coordinates": [
          153.39950693465,
          -27.932221486466805
        ],
        "type": "Point"
      },
      "properties": {
        "cell_id": "1078_13820",
        "cluster": -1,
        "suburb": "Biggera Waters",
        "year": 2023
      },
      "type": "Feature"
    },
    {
      "geometry": {
        "coordinates": [
          153.411584921853,
          -28.020993488394588
        ],
        "type": "Point"
      },
      "properties": {
        "cell_id": "1080_13800",
        "cluster": -1,
        "suburb": "Broadbeach Waters",
        "year": 2022
      },
      "type": "Feature"
    },
    {
      "geometry": {
        "coordinates": [
          153.227034490343,
          -27.7382233594309
        ],
        "type": "Point"
      },
      "properties": {
        "cell_id": "1044_13863",
        "cluster": 23,
        "suburb": "Yatala",
        "year": 2023
      },
      "type": "Feature"
    },
    {
      "geometry": {
        "coordinates": [
          153.347034938271,
          -27.948607481256197
        ],
        "type": "Point"
      },
      "properties": {
        "cell_id": "1068_13816",
        "cluster": -1,
        "suburb": "Parkwood",
        "year": 2023
      },
      "type": "Feature"
    },
    {
      "geometry": {
        "coordinates": [
          153.222198934879,
          -28.081355469638012
        ],
        "type": "Point"
      },
      "properties": {
        "cell_id": "1043_13787",
        "cluster": -1,
        "suburb": "Lower Beechmont",
        "year": 2021
      },
      "type": "Feature"
    },
    {
      "geometry": {
        "coordinates": [
          153.179538193749,
          -27.838041025415396
        ],
        "type": "Point"
      },
      "properties": {
        "cell_id": "1035_13841",
        "cluster": -1,
        "suburb": "Cedar Creek",
        "year": 2022
      },
      "type": "Feature"
    },
    {
      "geometry": {
        "coordinates": [
          153.256587717542,
          -28.031245487726494
        ],
        "type": "Point"
      },
      "properties": {
        "cell_id": "1050_13798",
        "cluster": -1,
        "suburb": "Lower Beechmont",
        "year": 2021
      },
      "type": "Feature"
    },
    {
      "geometry": {
        "coordinates": [
          153.315965947142,
          -27.906084477765596
        ],
        "type": "Point"
      },
      "properties": {
        "cell_id": "1062_13826",
        "cluster": 19,
        "suburb": "Oxenford",
        "year": 2022
      },
      "type": "Feature"
    },
    {
      "geometry": {
        "coordinates": [
          153.262395236812,
          -28.024190213259494
        ],
        "type": "Point"
      },
      "properties": {
        "cell_id": "1051_13800",
        "cluster": -1,
        "suburb": "Advancetown",
        "year": 2023
      },
      "type": "Feature"
    },
    {
      "geometry": {
        "coordinates": [
          153.24333197388,
          -27.7592994692464
        ],
        "type": "Point"
      },
      "properties": {
        "cell_id": "1047_13858",
        "cluster": 8,
        "suburb": "Yatala",
        "year": 2021
      },
      "type": "Feature"
    },
    {
      "geometry": {
        "coordinates": [
          153.343468140744,
          -28.002247711314897
        ],
        "type": "Point"
      },
      "properties": {
        "cell_id": "1067_13805",
        "cluster": -1,
        "suburb": "Nerang",
        "year": 2023
      },
      "type": "Feature"
    },
    {
      "geometry": {
        "coordinates": [
          153.361005923471,
          -27.958466696754193
        ],
        "type": "Point"
      },
      "properties": {
        "cell_id": "1071_13814",
        "cluster": -1,
        "suburb": "Parkwood",
        "year": 2023
      },
      "type": "Feature"
    },
    {
      "geometry": {
        "coordinates": [
          153.411967929636,
          -27.96049048795849
        ],
        "type": "Point"
      },
      "properties": {
        "cell_id": "1081_13814",
        "cluster": 6,
        "suburb": "Southport",
        "year": 2022
      },
      "type": "Feature"
    },
    {
      "geometry": {
        "coordinates": [
          153.311337953208,
          -27.8628394769557
        ],
        "type": "Point"
      },
      "properties": {
        "cell_id": "1061_13835",
        "cluster": 9,
        "suburb": "Coomera",
        "year": 2022
      },
      "type": "Feature"
    },
    {
      "geometry": {
        "coordinates": [
          153.411907923031,
          -28.0116144883539
        ],
        "type": "Point"
      },
      "properties": {
        "cell_id": "1080_13802",
        "cluster": 35,
        "suburb": "Bundall",
        "year": 2023
      },
      "type": "Feature"
    },
    {
      "geometry": {
        "coordinates": [
          153.406278911934,
          -28.10208648849
        ],
        "type": "Point"
      },
      "properties": {
        "cell_id": "1079_13782",
        "cluster": 47,
        "suburb": "Varsity Lakes",
        "year": 2022
      },
      "type": "Feature"
    },
    {
      "geometry": {
        "coordinates": [
          153.311850947886,
          -27.903790477329796
        ],
        "type": "Point"
      },
      "properties": {
        "cell_id": "1061_13826",
        "cluster": 19,
        "suburb": "Oxenford",
        "year": 2022
      },
      "type": "Feature"
    },
    {
      "geometry": {
        "coordinates": [
          153.281503320382,
          -27.816681039565704
        ],
        "type": "Point"
      },
      "properties": {
        "cell_id": "1055_13846",
        "cluster": 28,
        "suburb": "Pimpama",
        "year": 2023
      },
      "type": "Feature"
    },
    {
      "geometry": {
        "coordinates": [
          153.431281919883,
          -28.019523490391105
        ],
        "type": "Point"
      },
      "properties": {
        "cell_id": "1084_13801",
        "cluster": 14,
        "suburb": "Broadbeach",
        "year": 2021
      },
      "type": "Feature"
    },
    {
      "geometry": {
        "coordinates": [
          153.293220208157,
          -27.8007115966283
        ],
        "type": "Point"
      },
      "properties": {
        "cell_id": "1057_13849",
        "cluster": 75,
        "suburb": "Pimpama",
        "year": 2022
      },
      "type": "Feature"
    },
    {
      "geometry": {
        "coordinates": [
          153.381042930909,
          -27.9768244849372
        ],
        "type": "Point"
      },
      "properties": {
        "cell_id": "1074_13810",
        "cluster": 53,
        "suburb": "Ashmore",
        "year": 2022
      },
      "type": "Feature"
    },
    {
      "geometry": {
        "coordinates": [
          153.353879818835,
          -27.961688768054803
        ],
        "type": "Point"
      },
      "properties": {
        "cell_id": "1069_13813",
        "cluster": 57,
        "suburb": "Molendinar",
        "year": 2021
      },
      "type": "Feature"
    },
    {
      "geometry": {
        "coordinates": [
          153.428771915427,
          -28.056047490421804
        ],
        "type": "Point"
      },
      "properties": {
        "cell_id": "1084_13793",
        "cluster": -1,
        "suburb": "Mermaid Waters",
        "year": 2022
      },
      "type": "Feature"
    },
    {
      "geometry": {
        "coordinates": [
          153.318319946845,
          -27.9063974780071
        ],
        "type": "Point"
      },
      "properties": {
        "cell_id": "1062_13826",
        "cluster": 19,
        "suburb": "Helensvale",
        "year": 2023
      },
      "type": "Feature"
    },
    {
      "geometry": {
        "coordinates": [
          153.389274931807,
          -27.962893485665802
        ],
        "type": "Point"
      },
      "properties": {
        "cell_id": "1076_13813",
        "cluster": -1,
        "suburb": "Southport",
        "year": 2022
      },
      "type": "Feature"
    },
    {
      "geometry": {
        "coordinates": [
          153.431194918621,
          -28.0293404904593
        ],
        "type": "Point"
      },
      "properties": {
        "cell_id": "1084_13798",
        "cluster": 64,
        "suburb": "Broadbeach",
        "year": 2021
      },
      "type": "Feature"
    },
    {
      "geometry": {
        "coordinates": [
          153.402856916927,
          -28.066451487861997
        ],
        "type": "Point"
      },
      "properties": {
        "cell_id": "1079_13790",
        "cluster": -1,
        "suburb": "Robina",
        "year": 2021
      },
      "type": "Feature"
    },
    {
      "geometry": {
        "coordinates": [
          153.313926807068,
          -27.89283932145449
        ],
        "type": "Point"
      },
      "properties": {
        "cell_id": "1061_13829",
        "cluster": 76,
        "suburb": "Oxenford",
        "year": 2021
      },
      "type": "Feature"
    },
    {
      "geometry": {
        "coordinates": [
          153.384803931983,
          -27.965319485229593
        ],
        "type": "Point"
      },
      "properties": {
        "cell_id": "1075_13813",
        "cluster": 54,
        "suburb": "Southport",
        "year": 2021
      },
      "type": "Feature"
    },
    {
      "geometry": {
        "coordinates": [
          153.372765415747,
          -27.9308620317336
        ],
        "type": "Point"
      },
      "properties": {
        "cell_id": "1073_13820",
        "cluster": 20,
        "suburb": "Coombabah",
        "year": 2023
      },
      "type": "Feature"
    },
    {
      "geometry": {
        "coordinates": [
          153.323967949264,
          -27.882798478395106
        ],
        "type": "Point"
      },
      "properties": {
        "cell_id": "1063_13831",
        "cluster": -1,
        "suburb": "Helensvale",
        "year": 2022
      },
      "type": "Feature"
    },
    {
      "geometry": {
        "coordinates": [
          153.370552125869,
          -27.993778007002703
        ],
        "type": "Point"
      },
      "properties": {
        "cell_id": "1072_13806",
        "cluster": -1,
        "suburb": "Ashmore",
        "year": 2023
      },
      "type": "Feature"
    },
    {
      "geometry": {
        "coordinates": [
          153.306342945178,
          -27.929519476972896
        ],
        "type": "Point"
      },
      "properties": {
        "cell_id": "1060_13821",
        "cluster": -1,
        "suburb": "Pacific Pines",
        "year": 2021
      },
      "type": "Feature"
    },
    {
      "geometry": {
        "coordinates": [
          153.41329392789,
          -27.972873488190892
        ],
        "type": "Point"
      },
      "properties": {
        "cell_id": "1081_13811",
        "cluster": 24,
        "suburb": "Southport",
        "year": 2022
      },
      "type": "Feature"
    },
    {
      "geometry": {
        "coordinates": [
          153.407210918797,
          -28.04830848816329
        ],
        "type": "Point"
      },
      "properties": {
        "cell_id": "1080_13794",
        "cluster": 39,
        "suburb": "Mermaid Waters",
        "year": 2022
      },
      "type": "Feature"
    },
    {
      "geometry": {
        "coordinates": [
          153.316597946846,
          -27.907846477843595
        ],
        "type": "Point"
      },
      "properties": {
        "cell_id": "1062_13825",
        "cluster": 19,
        "suburb": "Oxenford",
        "year": 2021
      },
      "type": "Feature"
    },
    {
      "geometry": {
        "coordinates": [
          153.252803969311,
          -27.786964470423392
        ],
        "type": "Point"
      },
      "properties": {
        "cell_id": "1049_13852",
        "cluster": -1,
        "suburb": "Ormeau",
        "year": 2023
      },
      "type": "Feature"
    },
    {
      "geometry": {
        "coordinates": [
          153.244383773703,
          -27.759793033356793
        ],
        "type": "Point"
      },
      "properties": {
        "cell_id": "1048_13858",
        "cluster": 8,
        "suburb": "Ormeau",
        "year": 2023
      },
      "type": "Feature"
    },
    {
      "geometry": {
        "coordinates": [
          153.32958996259,
          -27.774350478112588
        ],
        "type": "Point"
      },
      "properties": {
        "cell_id": "1064_13855",
        "cluster": -1,
        "suburb": "Norwell",
        "year": 2023
      },
      "type": "Feature"
    },
    {
      "geometry": {
        "coordinates": [
          153.423092919787,
          -28.027199489616304
        ],
        "type": "Point"
      },
      "properties": {
        "cell_id": "1083_13799",
        "cluster": -1,
        "suburb": "Broadbeach Waters",
        "year": 2023
      },
      "type": "Feature"
    },
    {
      "geometry": {
        "coordinates": [
          153.44138090673,
          -28.112424492149998
        ],
        "type": "Point"
      },
      "properties": {
        "cell_id": "1086_13780",
        "cluster": -1,
        "suburb": "Burleigh Heads",
        "year": 2023
      },
      "type": "Feature"
    },
    {
      "geometry": {
        "coordinates": [
          153.440877911633,
          -28.075054491805705
        ],
        "type": "Point"
      },
      "properties": {
        "cell_id": "1086_13788",
        "cluster": 12,
        "suburb": "Miami",
        "year": 2023
      },
      "type": "Feature"
    },
    {
      "geometry": {
        "coordinates": [
          153.311857341882,
          -27.864929894024893
        ],
        "type": "Point"
      },
      "properties": {
        "cell_id": "1061_13835",
        "cluster": 9,
        "suburb": "Upper Coomera",
        "year": 2021
      },
      "type": "Feature"
    },
    {
      "geometry": {
        "coordinates": [
          153.273459710745,
          -27.812880691720302
        ],
        "type": "Point"
      },
      "properties": {
        "cell_id": "1053_13846",
        "cluster": -1,
        "suburb": "Pimpama",
        "year": 2021
      },
      "type": "Feature"
    },
    {
      "geometry": {
        "coordinates": [
          153.471121626591,
          -28.134474246359
        ],
        "type": "Point"
      },
      "properties": {
        "cell_id": "1092_13775",
        "cluster": 13,
        "suburb": "Palm Beach",
        "year": 2021
      },
      "type": "Feature"
    },
    {
      "geometry": {
        "coordinates": [
          153.319152949444,
          -27.885487477927295
        ],
        "type": "Point"
      },
      "properties": {
        "cell_id": "1062_13830",
        "cluster": 30,
        "suburb": "Helensvale",
        "year": 2021
      },
      "type": "Feature"
    },
    {
      "geometry": {
        "coordinates": [
          153.42545890991002,
          -28.101420490439804
        ],
        "type": "Point"
      },
      "properties": {
        "cell_id": "1083_13782",
        "cluster": 32,
        "suburb": "Burleigh Heads",
        "year": 2021
      },
      "type": "Feature"
    },
    {
      "geometry": {
        "coordinates": [
          153.42679192882,
          -27.954262489420696
        ],
        "type": "Point"
      },
      "properties": {
        "cell_id": "1083_13815",
        "cluster": -1,
        "suburb": "Main Beach",
        "year": 2023
      },
      "type": "Feature"
    },
    {
      "geometry": {
        "coordinates": [
          153.3733139292,
          -27.996613484305893
        ],
        "type": "Point"
      },
      "properties": {
        "cell_id": "1073_13806",
        "cluster": -1,
        "suburb": "Ashmore",
        "year": 2023
      },
      "type": "Feature"
    },
    {
      "geometry": {
        "coordinates": [
          153.31443895014604,
          -27.8840244774371
        ],
        "type": "Point"
      },
      "properties": {
        "cell_id": "1061_13831",
        "cluster": 30,
        "suburb": "Oxenford",
        "year": 2021
      },
      "type": "Feature"
    },
    {
      "geometry": {
        "coordinates": [
          153.248752944764,
          -27.981773471544685
        ],
        "type": "Point"
      },
      "properties": {
        "cell_id": "1048_13809",
        "cluster": -1,
        "suburb": "Clagiraba",
        "year": 2021
      },
      "type": "Feature"
    },
    {
      "geometry": {
        "coordinates": [
          153.42890691498,
          -28.059384490461703
        ],
        "type": "Point"
      },
      "properties": {
        "cell_id": "1084_13792",
        "cluster": -1,
        "suburb": "Mermaid Waters",
        "year": 2021
      },
      "type": "Feature"
    },
    {
      "geometry": {
        "coordinates": [
          153.242507974335,
          -27.75644246914049
        ],
        "type": "Point"
      },
      "properties": {
        "cell_id": "1047_13859",
        "cluster": 8,
        "suburb": "Ormeau",
        "year": 2021
      },
      "type": "Feature"
    },
    {
      "geometry": {
        "coordinates": [
          153.385375939723,
          -27.9048684848128
        ],
        "type": "Point"
      },
      "properties": {
        "cell_id": "1075_13826",
        "cluster": -1,
        "suburb": "Coombabah",
        "year": 2021
      },
      "type": "Feature"
    },
    {
      "geometry": {
        "coordinates": [
          153.293961960513,
          -27.820688474860802
        ],
        "type": "Point"
      },
      "properties": {
        "cell_id": "1057_13845",
        "cluster": 29,
        "suburb": "Pimpama",
        "year": 2023
      },
      "type": "Feature"
    },
    {
      "geometry": {
        "coordinates": [
          153.230994319418,
          -27.73428064680049
        ],
        "type": "Point"
      },
      "properties": {
        "cell_id": "1045_13864",
        "cluster": 23,
        "suburb": "Stapylton",
        "year": 2021
      },
      "type": "Feature"
    },
    {
      "geometry": {
        "coordinates": [
          153.373217932003,
          -27.974987484126398
        ],
        "type": "Point"
      },
      "properties": {
        "cell_id": "1073_13811",
        "cluster": -1,
        "suburb": "Molendinar",
        "year": 2023
      },
      "type": "Feature"
    },
    {
      "geometry": {
        "coordinates": [
          153.342497931311,
          -28.006424481249006
        ],
        "type": "Point"
      },
      "properties": {
        "cell_id": "1067_13804",
        "cluster": 49,
        "suburb": "Nerang",
        "year": 2023
      },
      "type": "Feature"
    },
    {
      "geometry": {
        "coordinates": [
          153.434049918226,
          -28.0299784907555
        ],
        "type": "Point"
      },
      "properties": {
        "cell_id": "1085_13798",
        "cluster": 77,
        "suburb": "Broadbeach",
        "year": 2023
      },
      "type": "Feature"
    },
    {
      "geometry": {
        "coordinates": [
          153.36558291918,
          -28.080704484179197
        ],
        "type": "Point"
      },
      "properties": {
        "cell_id": "1071_13787",
        "cluster": -1,
        "suburb": "Mudgeeraba",
        "year": 2023
      },
      "type": "Feature"
    },
    {
      "geometry": {
        "coordinates": [
          153.492266897275,
          -28.1420604975791
        ],
        "type": "Point"
      },
      "properties": {
        "cell_id": "1096_13773",
        "cluster": 69,
        "suburb": "Tugun",
        "year": 2023
      },
      "type": "Feature"
    },
    {
      "geometry": {
        "coordinates": [
          153.355545938016,
          -27.943365482080296
        ],
        "type": "Point"
      },
      "properties": {
        "cell_id": "1069_13818",
        "cluster": -1,
        "suburb": "Arundel",
        "year": 2023
      },
      "type": "Feature"
    },
    {
      "geometry": {
        "coordinates": [
          153.238240859981,
          -27.7550108786972
        ],
        "type": "Point"
      },
      "properties": {
        "cell_id": "1046_13859",
        "cluster": 70,
        "suburb": "Yatala",
        "year": 2023
      },
      "type": "Feature"
    },
    {
      "geometry": {
        "coordinates": [
          153.389835916587,
          -28.080130486643085
        ],
        "type": "Point"
      },
      "properties": {
        "cell_id": "1076_13787",
        "cluster": 52,
        "suburb": "Robina",
        "year": 2023
      },
      "type": "Feature"
    },
    {
      "geometry": {
        "coordinates": [
          153.33408194174,
          -27.9326784798146
        ],
        "type": "Point"
      },
      "properties": {
        "cell_id": "1065_13820",
        "cluster": 11,
        "suburb": "Gaven",
        "year": 2023
      },
      "type": "Feature"
    },
    {
      "geometry": {
        "coordinates": [
          153.286323934713,
          -28.027852475714
        ],
        "type": "Point"
      },
      "properties": {
        "cell_id": "1056_13799",
        "cluster": -1,
        "suburb": "Advancetown",
        "year": 2021
      },
      "type": "Feature"
    },
    {
      "geometry": {
        "coordinates": [
          153.306733955437,
          -27.849394476382596
        ],
        "type": "Point"
      },
      "properties": {
        "cell_id": "1060_13838",
        "cluster": -1,
        "suburb": "Coomera",
        "year": 2021
      },
      "type": "Feature"
    },
    {
      "geometry": {
        "coordinates": [
          153.387517927115,
          -28.0007014857838
        ],
        "type": "Point"
      },
      "properties": {
        "cell_id": "1076_13805",
        "cluster": -1,
        "suburb": "Benowa",
        "year": 2023
      },
      "type": "Feature"
    },
    {
      "geometry": {
        "coordinates": [
          153.40855493013,
          -27.959556487603397
        ],
        "type": "Point"
      },
      "properties": {
        "cell_id": "1080_13814",
        "cluster": 6,
        "suburb": "Southport",
        "year": 2023
      },
      "type": "Feature"
    },
    {
      "geometry": {
        "coordinates": [
          153.400133918898,
          -28.053530487483197
        ],
        "type": "Point"
      },
      "properties": {
        "cell_id": "1078_13793",
        "cluster": -1,
        "suburb": "Robina",
        "year": 2022
      },
      "type": "Feature"
    },
    {
      "geometry": {
        "coordinates": [
          153.425894922329,
          -28.005193489729304
        ],
        "type": "Point"
      },
      "properties": {
        "cell_id": "1083_13804",
        "cluster": 17,
        "suburb": "Surfers Paradise",
        "year": 2022
      },
      "type": "Feature"
    },
    {
      "geometry": {
        "coordinates": [
          153.222015846078,
          -27.970998051753895
        ],
        "type": "Point"
      },
      "properties": {
        "cell_id": "1043_13811",
        "cluster": -1,
        "suburb": "Clagiraba",
        "year": 2022
      },
      "type": "Feature"
    },
    {
      "geometry": {
        "coordinates": [
          153.464457905005,
          -28.1061444944563
        ],
        "type": "Point"
      },
      "properties": {
        "cell_id": "1091_13781",
        "cluster": -1,
        "suburb": "Palm Beach",
        "year": 2023
      },
      "type": "Feature"
    },
    {
      "geometry": {
        "coordinates": [
          153.345787714479,
          -27.96356097624689
        ],
        "type": "Point"
      },
      "properties": {
        "cell_id": "1068_13813",
        "cluster": 4,
        "suburb": "Molendinar",
        "year": 2023
      },
      "type": "Feature"
    },
    {
      "geometry": {
        "coordinates": [
          153.360842939565,
          -27.926862482489305
        ],
        "type": "Point"
      },
      "properties": {
        "cell_id": "1071_13821",
        "cluster": 1,
        "suburb": "Arundel",
        "year": 2021
      },
      "type": "Feature"
    },
    {
      "geometry": {
        "coordinates": [
          153.230402951019,
          -27.948714469427507
        ],
        "type": "Point"
      },
      "properties": {
        "cell_id": "1045_13816",
        "cluster": -1,
        "suburb": "Guanaba",
        "year": 2023
      },
      "type": "Feature"
    },
    {
      "geometry": {
        "coordinates": [
          153.332220942762,
          -27.926322479575596
        ],
        "type": "Point"
      },
      "properties": {
        "cell_id": "1065_13821",
        "cluster": 11,
        "suburb": "Helensvale",
        "year": 2023
      },
      "type": "Feature"
    },
    {
      "geometry": {
        "coordinates": [
          153.473294900625,
          -28.13236649556439
        ],
        "type": "Point"
      },
      "properties": {
        "cell_id": "1092_13776",
        "cluster": 13,
        "suburb": "Palm Beach",
        "year": 2023
      },
      "type": "Feature"
    },
    {
      "geometry": {
        "coordinates": [
          153.229527980304,
          -27.72076646754561
        ],
        "type": "Point"
      },
      "properties": {
        "cell_id": "1045_13867",
        "cluster": -1,
        "suburb": "Stapylton",
        "year": 2023
      },
      "type": "Feature"
    },
    {
      "geometry": {
        "coordinates": [
          153.323627944443,
          -27.920553478657393
        ],
        "type": "Point"
      },
      "properties": {
        "cell_id": "1063_13823",
        "cluster": -1,
        "suburb": "Oxenford",
        "year": 2023
      },
      "type": "Feature"
    },
    {
      "geometry": {
        "coordinates": [
          153.295566954323,
          -27.867536475392196
        ],
        "type": "Point"
      },
      "properties": {
        "cell_id": "1058_13834",
        "cluster": -1,
        "suburb": "Upper Coomera",
        "year": 2023
      },
      "type": "Feature"
    },
    {
      "geometry": {
        "coordinates": [
          153.252389605383,
          -27.786755190379804
        ],
        "type": "Point"
      },
      "properties": {
        "cell_id": "1049_13852",
        "cluster": -1,
        "suburb": "Ormeau",
        "year": 2022
      },
      "type": "Feature"
    },
    {
      "geometry": {
        "coordinates": [
          153.424924918446,
          -28.0360084898723
        ],
        "type": "Point"
      },
      "properties": {
        "cell_id": "1083_13797",
        "cluster": 16,
        "suburb": "Broadbeach Waters",
        "year": 2022
      },
      "type": "Feature"
    },
    {
      "geometry": {
        "coordinates": [
          153.253297970171,
          -27.7798244704172
        ],
        "type": "Point"
      },
      "properties": {
        "cell_id": "1049_13854",
        "cluster": -1,
        "suburb": "Ormeau",
        "year": 2023
      },
      "type": "Feature"
    },
    {
      "geometry": {
        "coordinates": [
          153.299674956167,
          -27.849698475668696
        ],
        "type": "Point"
      },
      "properties": {
        "cell_id": "1059_13838",
        "cluster": -1,
        "suburb": "Upper Coomera",
        "year": 2023
      },
      "type": "Feature"
    },
    {
      "geometry": {
        "coordinates": [
          153.2962369542,
          -27.867924475463198
        ],
        "type": "Point"
      },
      "properties": {
        "cell_id": "1058_13834",
        "cluster": -1,
        "suburb": "Upper Coomera",
        "year": 2023
      },
      "type": "Feature"
    },
    {
      "geometry": {
        "coordinates": [
          153.395430939026,
          -27.901765485812206
        ],
        "type": "Point"
      },
      "properties": {
        "cell_id": "1077_13827",
        "cluster": -1,
        "suburb": "Runaway Bay",
        "year": 2023
      },
      "type": "Feature"
    },
    {
      "geometry": {
        "coordinates": [
          153.381509932392,
          -27.964946484891392
        ],
        "type": "Point"
      },
      "properties": {
        "cell_id": "1075_13813",
        "cluster": -1,
        "suburb": "Southport",
        "year": 2021
      },
      "type": "Feature"
    },
    {
      "geometry": {
        "coordinates": [
          153.440764898917,
          -28.173114492562696
        ],
        "type": "Point"
      },
      "properties": {
        "cell_id": "1086_13767",
        "cluster": -1,
        "suburb": "Currumbin Valley",
        "year": 2023
      },
      "type": "Feature"
    },
    {
      "geometry": {
        "coordinates": [
          153.372165923239,
          -28.04371948455879
        ],
        "type": "Point"
      },
      "properties": {
        "cell_id": "1073_13795",
        "cluster": -1,
        "suburb": "Merrimac",
        "year": 2023
      },
      "type": "Feature"
    },
    {
      "geometry": {
        "coordinates": [
          153.418744927341,
          -27.9725034887436
        ],
        "type": "Point"
      },
      "properties": {
        "cell_id": "1082_13811",
        "cluster": -1,
        "suburb": "Southport",
        "year": 2021
      },
      "type": "Feature"
    },
    {
      "geometry": {
        "coordinates": [
          153.360835547801,
          -27.8862373561692
        ],
        "type": "Point"
      },
      "properties": {
        "cell_id": "1071_13830",
        "cluster": -1,
        "suburb": "Helensvale",
        "year": 2023
      },
      "type": "Feature"
    },
    {
      "geometry": {
        "coordinates": [
          153.367582676186,
          -28.078958045368903
        ],
        "type": "Point"
      },
      "properties": {
        "cell_id": "1072_13787",
        "cluster": -1,
        "suburb": "Mudgeeraba",
        "year": 2023
      },
      "type": "Feature"
    },
    {
      "geometry": {
        "coordinates": [
          153.425683909901,
          -28.101296490461788
        ],
        "type": "Point"
      },
      "properties": {
        "cell_id": "1083_13783",
        "cluster": 32,
        "suburb": "Burleigh Waters",
        "year": 2022
      },
      "type": "Feature"
    },
    {
      "geometry": {
        "coordinates": [
          153.285603961678,
          -27.818698473997404
        ],
        "type": "Point"
      },
      "properties": {
        "cell_id": "1056_13845",
        "cluster": 28,
        "suburb": "Pimpama",
        "year": 2023
      },
      "type": "Feature"
    },
    {
      "geometry": {
        "coordinates": [
          153.40891792928,
          -27.965821487689592
        ],
        "type": "Point"
      },
      "properties": {
        "cell_id": "1080_13813",
        "cluster": 6,
        "suburb": "Southport",
        "year": 2023
      },
      "type": "Feature"
    },
    {
      "geometry": {
        "coordinates": [
          153.356626923879,
          -28.051976483042893
        ],
        "type": "Point"
      },
      "properties": {
        "cell_id": "1070_13793",
        "cluster": -1,
        "suburb": "Merrimac",
        "year": 2023
      },
      "type": "Feature"
    },
    {
      "geometry": {
        "coordinates": [
          153.282789948756,
          -27.921716474522206
        ],
        "type": "Point"
      },
      "properties": {
        "cell_id": "1055_13822",
        "cluster": -1,
        "suburb": "Maudsland",
        "year": 2023
      },
      "type": "Feature"
    },
    {
      "geometry": {
        "coordinates": [
          153.536278888745,
          -28.170300502303405
        ],
        "type": "Point"
      },
      "properties": {
        "cell_id": "1105_13767",
        "cluster": -1,
        "suburb": "Coolangatta",
        "year": 2023
      },
      "type": "Feature"
    },
    {
      "geometry": {
        "coordinates": [
          153.41728892782004,
          -27.9700354885758
        ],
        "type": "Point"
      },
      "properties": {
        "cell_id": "1082_13812",
        "cluster": 24,
        "suburb": "Southport",
        "year": 2022
      },
      "type": "Feature"
    },
    {
      "geometry": {
        "coordinates": [
          153.405339927597,
          -27.981868487451102
        ],
        "type": "Point"
      },
      "properties": {
        "cell_id": "1079_13809",
        "cluster": -1,
        "suburb": "Southport",
        "year": 2023
      },
      "type": "Feature"
    },
    {
      "geometry": {
        "coordinates": [
          153.263539965969,
          -27.803940471644605
        ],
        "type": "Point"
      },
      "properties": {
        "cell_id": "1051_13848",
        "cluster": 60,
        "suburb": "Pimpama",
        "year": 2023
      },
      "type": "Feature"
    },
    {
      "geometry": {
        "coordinates": [
          153.406803928437,
          -27.9741374875395
        ],
        "type": "Point"
      },
      "properties": {
        "cell_id": "1080_13811",
        "cluster": 18,
        "suburb": "Southport",
        "year": 2023
      },
      "type": "Feature"
    },
    {
      "geometry": {
        "coordinates": [
          153.419833602028,
          -28.035823390351702
        ],
        "type": "Point"
      },
      "properties": {
        "cell_id": "1082_13797",
        "cluster": 79,
        "suburb": "Broadbeach Waters",
        "year": 2021
      },
      "type": "Feature"
    },
    {
      "geometry": {
        "coordinates": [
          153.379701930914,
          -27.9779204848093
        ],
        "type": "Point"
      },
      "properties": {
        "cell_id": "1074_13810",
        "cluster": 53,
        "suburb": "Molendinar",
        "year": 2021
      },
      "type": "Feature"
    },
    {
      "geometry": {
        "coordinates": [
          153.426726928044,
          -27.960322489461696
        ],
        "type": "Point"
      },
      "properties": {
        "cell_id": "1083_13814",
        "cluster": -1,
        "suburb": "Main Beach",
        "year": 2023
      },
      "type": "Feature"
    },
    {
      "geometry": {
        "coordinates": [
          153.398687935715,
          -27.924663486324008
        ],
        "type": "Point"
      },
      "properties": {
        "cell_id": "1078_13822",
        "cluster": -1,
        "suburb": "Runaway Bay",
        "year": 2023
      },
      "type": "Feature"
    },
    {
      "geometry": {
        "coordinates": [
          153.334925942063,
          -27.929449479875
        ],
        "type": "Point"
      },
      "properties": {
        "cell_id": "1065_13821",
        "cluster": 11,
        "suburb": "Helensvale",
        "year": 2023
      },
      "type": "Feature"
    },
    {
      "geometry": {
        "coordinates": [
          153.406090933212,
          -27.945529245242096
        ],
        "type": "Point"
      },
      "properties": {
        "cell_id": "1079_13817",
        "cluster": 22,
        "suburb": "Labrador",
        "year": 2023
      },
      "type": "Feature"
    },
    {
      "geometry": {
        "coordinates": [
          153.289129496071,
          -27.820437303368596
        ],
        "type": "Point"
      },
      "properties": {
        "cell_id": "1056_13845",
        "cluster": 29,
        "suburb": "Pimpama",
        "year": 2023
      },
      "type": "Feature"
    },
    {
      "geometry": {
        "coordinates": [
          153.475252899361,
          -28.1404334958277
        ],
        "type": "Point"
      },
      "properties": {
        "cell_id": "1093_13774",
        "cluster": -1,
        "suburb": "Currumbin Waters",
        "year": 2023
      },
      "type": "Feature"
    },
    {
      "geometry": {
        "coordinates": [
          153.358721915582,
          -28.230180884651997
        ],
        "type": "Point"
      },
      "properties": {
        "cell_id": "1070_13754",
        "cluster": -1,
        "suburb": "Currumbin Valley",
        "year": 2023
      },
      "type": "Feature"
    },
    {
      "geometry": {
        "coordinates": [
          153.390134911113,
          -28.1221464870029
        ],
        "type": "Point"
      },
      "properties": {
        "cell_id": "1076_13778",
        "cluster": -1,
        "suburb": "Reedy Creek",
        "year": 2023
      },
      "type": "Feature"
    },
    {
      "geometry": {
        "coordinates": [
          153.488541898097,
          -28.138891497173503
        ],
        "type": "Point"
      },
      "properties": {
        "cell_id": "1095_13774",
        "cluster": -1,
        "suburb": "Currumbin",
        "year": 2023
      },
      "type": "Feature"
    },
    {
      "geometry": {
        "coordinates": [
          153.410876927875,
          -27.9750344879616
        ],
        "type": "Point"
      },
      "properties": {
        "cell_id": "1080_13810",
        "cluster": 24,
        "suburb": "Southport",
        "year": 2023
      },
      "type": "Feature"
    },
    {
      "geometry": {
        "coordinates": [
          153.38633493456803,
          -27.944006485218097
        ],
        "type": "Point"
      },
      "properties": {
        "cell_id": "1076_13817",
        "cluster": 78,
        "suburb": "Arundel",
        "year": 2023
      },
      "type": "Feature"
    },
    {
      "geometry": {
        "coordinates": [
          153.428347923955,
          -27.990554489864397
        ],
        "type": "Point"
      },
      "properties": {
        "cell_id": "1084_13807",
        "cluster": 74,
        "suburb": "Surfers Paradise",
        "year": 2023
      },
      "type": "Feature"
    },
    {
      "geometry": {
        "coordinates": [
          153.351607936151,
          -27.961169481819805
        ],
        "type": "Point"
      },
      "properties": {
        "cell_id": "1069_13814",
        "cluster": -1,
        "suburb": "Arundel",
        "year": 2023
      },
      "type": "Feature"
    },
    {
      "geometry": {
        "coordinates": [
          153.488307899099,
          -28.131389497090797
        ],
        "type": "Point"
      },
      "properties": {
        "cell_id": "1095_13776",
        "cluster": -1,
        "suburb": "Currumbin",
        "year": 2023
      },
      "type": "Feature"
    },
    {
      "geometry": {
        "coordinates": [
          153.316731771205,
          -27.9049431338344
        ],
        "type": "Point"
      },
      "properties": {
        "cell_id": "1062_13826",
        "cluster": 19,
        "suburb": "Helensvale",
        "year": 2022
      },
      "type": "Feature"
    },
    {
      "geometry": {
        "coordinates": [
          153.311796953355,
          -27.8613044769902
        ],
        "type": "Point"
      },
      "properties": {
        "cell_id": "1061_13836",
        "cluster": 9,
        "suburb": "Coomera",
        "year": 2023
      },
      "type": "Feature"
    },
    {
      "geometry": {
        "coordinates": [
          153.37391145911104,
          -28.08189065703591
        ],
        "type": "Point"
      },
      "properties": {
        "cell_id": "1073_13787",
        "cluster": -1,
        "suburb": "Robina",
        "year": 2023
      },
      "type": "Feature"
    },
    {
      "geometry": {
        "coordinates": [
          153.359462924073,
          -28.0480594833006
        ],
        "type": "Point"
      },
      "properties": {
        "cell_id": "1070_13794",
        "cluster": 81,
        "suburb": "Merrimac",
        "year": 2023
      },
      "type": "Feature"
    },
    {
      "geometry": {
        "coordinates": [
          153.341576938794,
          -27.949179480705904
        ],
        "type": "Point"
      },
      "properties": {
        "cell_id": "1067_13816",
        "cluster": 4,
        "suburb": "Arundel",
        "year": 2023
      },
      "type": "Feature"
    },
    {
      "geometry": {
        "coordinates": [
          153.403285928887,
          -27.973628487177102
        ],
        "type": "Point"
      },
      "properties": {
        "cell_id": "1079_13811",
        "cluster": 18,
        "suburb": "Southport",
        "year": 2023
      },
      "type": "Feature"
    },
    {
      "geometry": {
        "coordinates": [
          153.41642384079,
          -28.048273408101895
        ],
        "type": "Point"
      },
      "properties": {
        "cell_id": "1081_13794",
        "cluster": 40,
        "suburb": "Mermaid Waters",
        "year": 2022
      },
      "type": "Feature"
    },
    {
      "geometry": {
        "coordinates": [
          153.431130920687,
          -28.013441490327995
        ],
        "type": "Point"
      },
      "properties": {
        "cell_id": "1084_13802",
        "cluster": 14,
        "suburb": "Surfers Paradise",
        "year": 2021
      },
      "type": "Feature"
    },
    {
      "geometry": {
        "coordinates": [
          153.337799942667,
          -27.922322480111003
        ],
        "type": "Point"
      },
      "properties": {
        "cell_id": "1066_13822",
        "cluster": 2,
        "suburb": "Helensvale",
        "year": 2022
      },
      "type": "Feature"
    },
    {
      "geometry": {
        "coordinates": [
          153.426914918368,
          -28.0349184900666
        ],
        "type": "Point"
      },
      "properties": {
        "cell_id": "1083_13797",
        "cluster": 16,
        "suburb": "Broadbeach Waters",
        "year": 2021
      },
      "type": "Feature"
    },
    {
      "geometry": {
        "coordinates": [
          153.296257954214,
          -27.867796475464303
        ],
        "type": "Point"
      },
      "properties": {
        "cell_id": "1058_13834",
        "cluster": -1,
        "suburb": "Upper Coomera",
        "year": 2021
      },
      "type": "Feature"
    },
    {
      "geometry": {
        "coordinates": [
          153.41360400543,
          -27.9684344121877
        ],
        "type": "Point"
      },
      "properties": {
        "cell_id": "1081_13812",
        "cluster": -1,
        "suburb": "Southport",
        "year": 2022
      },
      "type": "Feature"
    },
    {
      "geometry": {
        "coordinates": [
          153.337963948296,
          -27.878465479782896
        ],
        "type": "Point"
      },
      "properties": {
        "cell_id": "1066_13832",
        "cluster": -1,
        "suburb": "Hope Island",
        "year": 2023
      },
      "type": "Feature"
    },
    {
      "geometry": {
        "coordinates": [
          153.388733928724,
          -27.987222485801794
        ],
        "type": "Point"
      },
      "properties": {
        "cell_id": "1076_13808",
        "cluster": 21,
        "suburb": "Ashmore",
        "year": 2021
      },
      "type": "Feature"
    },
    {
      "geometry": {
        "coordinates": [
          153.410013929737,
          -27.961357487766197
        ],
        "type": "Point"
      },
      "properties": {
        "cell_id": "1080_13814",
        "cluster": 6,
        "suburb": "Southport",
        "year": 2023
      },
      "type": "Feature"
    },
    {
      "geometry": {
        "coordinates": [
          153.315010950585,
          -27.8801294774646
        ],
        "type": "Point"
      },
      "properties": {
        "cell_id": "1062_13832",
        "cluster": 30,
        "suburb": "Oxenford",
        "year": 2021
      },
      "type": "Feature"
    },
    {
      "geometry": {
        "coordinates": [
          153.431069922295,
          -28.0010734902246
        ],
        "type": "Point"
      },
      "properties": {
        "cell_id": "1084_13805",
        "cluster": 17,
        "suburb": "Surfers Paradise",
        "year": 2021
      },
      "type": "Feature"
    },
    {
      "geometry": {
        "coordinates": [
          153.296539950513,
          -27.896365475717605
        ],
        "type": "Point"
      },
      "properties": {
        "cell_id": "1058_13828",
        "cluster": -1,
        "suburb": "Oxenford",
        "year": 2021
      },
      "type": "Feature"
    },
    {
      "geometry": {
        "coordinates": [
          153.419392919086,
          -28.035751489306296
        ],
        "type": "Point"
      },
      "properties": {
        "cell_id": "1082_13797",
        "cluster": 79,
        "suburb": "Broadbeach Waters",
        "year": 2023
      },
      "type": "Feature"
    },
    {
      "geometry": {
        "coordinates": [
          153.27308093688,
          -28.022313474327795
        ],
        "type": "Point"
      },
      "properties": {
        "cell_id": "1053_13800",
        "cluster": -1,
        "suburb": "Advancetown",
        "year": 2023
      },
      "type": "Feature"
    },
    {
      "geometry": {
        "coordinates": [
          153.301741958062,
          -27.833184475748496
        ],
        "type": "Point"
      },
      "properties": {
        "cell_id": "1059_13842",
        "cluster": -1,
        "suburb": "Pimpama",
        "year": 2023
      },
      "type": "Feature"
    },
    {
      "geometry": {
        "coordinates": [
          153.395072917612,
          -28.0677614870794
        ],
        "type": "Point"
      },
      "properties": {
        "cell_id": "1077_13790",
        "cluster": 31,
        "suburb": "Robina",
        "year": 2023
      },
      "type": "Feature"
    },
    {
      "geometry": {
        "coordinates": [
          153.401041934035,
          -27.935683486650404
        ],
        "type": "Point"
      },
      "properties": {
        "cell_id": "1078_13819",
        "cluster": -1,
        "suburb": "Labrador",
        "year": 2023
      },
      "type": "Feature"
    },
    {
      "geometry": {
        "coordinates": [
          153.468960903013,
          -28.117669495006492
        ],
        "type": "Point"
      },
      "properties": {
        "cell_id": "1092_13779",
        "cluster": -1,
        "suburb": "Palm Beach",
        "year": 2023
      },
      "type": "Feature"
    },
    {
      "geometry": {
        "coordinates": [
          153.391902928303,
          -27.987795486129006
        ],
        "type": "Point"
      },
      "properties": {
        "cell_id": "1077_13808",
        "cluster": 21,
        "suburb": "Ashmore",
        "year": 2021
      },
      "type": "Feature"
    },
    {
      "geometry": {
        "coordinates": [
          153.414861928039,
          -27.97039548833119
        ],
        "type": "Point"
      },
      "properties": {
        "cell_id": "1081_13812",
        "cluster": 24,
        "suburb": "Southport",
        "year": 2023
      },
      "type": "Feature"
    },
    {
      "geometry": {
        "coordinates": [
          153.39324293495,
          -27.935193485852192
        ],
        "type": "Point"
      },
      "properties": {
        "cell_id": "1077_13819",
        "cluster": -1,
        "suburb": "Labrador",
        "year": 2023
      },
      "type": "Feature"
    },
    {
      "geometry": {
        "coordinates": [
          153.386833735777,
          -27.941958904252704
        ],
        "type": "Point"
      },
      "properties": {
        "cell_id": "1076_13818",
        "cluster": 78,
        "suburb": "Labrador",
        "year": 2023
      },
      "type": "Feature"
    },
    {
      "geometry": {
        "coordinates": [
          153.250342202268,
          -28.077562487457104
        ],
        "type": "Point"
      },
      "properties": {
        "cell_id": "1049_13788",
        "cluster": -1,
        "suburb": "Advancetown",
        "year": 2023
      },
      "type": "Feature"
    },
    {
      "geometry": {
        "coordinates": [
          153.315507789057,
          -28.0468639948246
        ],
        "type": "Point"
      },
      "properties": {
        "cell_id": "1062_13795",
        "cluster": -1,
        "suburb": "Worongary",
        "year": 2023
      },
      "type": "Feature"
    },
    {
      "geometry": {
        "coordinates": [
          153.277699494715,
          -27.910801541920296
        ],
        "type": "Point"
      },
      "properties": {
        "cell_id": "1054_13825",
        "cluster": -1,
        "suburb": "Maudsland",
        "year": 2023
      },
      "type": "Feature"
    },
    {
      "geometry": {
        "coordinates": [
          153.461183898486,
          -28.1590904945369
        ],
        "type": "Point"
      },
      "properties": {
        "cell_id": "1090_13770",
        "cluster": -1,
        "suburb": "Currumbin Waters",
        "year": 2021
      },
      "type": "Feature"
    },
    {
      "geometry": {
        "coordinates": [
          153.4127009277,
          -27.974844488145994
        ],
        "type": "Point"
      },
      "properties": {
        "cell_id": "1081_13811",
        "cluster": 24,
        "suburb": "Southport",
        "year": 2021
      },
      "type": "Feature"
    },
    {
      "geometry": {
        "coordinates": [
          153.309827176938,
          -27.936195710378996
        ],
        "type": "Point"
      },
      "properties": {
        "cell_id": "1060_13819",
        "cluster": -1,
        "suburb": "Pacific Pines",
        "year": 2023
      },
      "type": "Feature"
    },
    {
      "geometry": {
        "coordinates": [
          153.431275920639,
          -28.013689490344692
        ],
        "type": "Point"
      },
      "properties": {
        "cell_id": "1084_13802",
        "cluster": 14,
        "suburb": "Surfers Paradise",
        "year": 2021
      },
      "type": "Feature"
    },
    {
      "geometry": {
        "coordinates": [
          153.441638899379,
          -28.168813492618195
        ],
        "type": "Point"
      },
      "properties": {
        "cell_id": "1086_13768",
        "cluster": -1,
        "suburb": "Currumbin Valley",
        "year": 2023
      },
      "type": "Feature"
    },
    {
      "geometry": {
        "coordinates": [
          153.329850811014,
          -27.8253207695404
        ],
        "type": "Point"
      },
      "properties": {
        "cell_id": "1064_13844",
        "cluster": -1,
        "suburb": "Pimpama",
        "year": 2022
      },
      "type": "Feature"
    },
    {
      "geometry": {
        "coordinates": [
          153.25523281936,
          -27.800137244773097
        ],
        "type": "Point"
      },
      "properties": {
        "cell_id": "1050_13849",
        "cluster": -1,
        "suburb": "Ormeau Hills",
        "year": 2021
      },
      "type": "Feature"
    },
    {
      "geometry": {
        "coordinates": [
          153.227238803037,
          -28.0680407490436
        ],
        "type": "Point"
      },
      "properties": {
        "cell_id": "1044_13790",
        "cluster": -1,
        "suburb": "Lower Beechmont",
        "year": 2021
      },
      "type": "Feature"
    },
    {
      "geometry": {
        "coordinates": [
          153.385819935991,
          -27.933416485082404
        ],
        "type": "Point"
      },
      "properties": {
        "cell_id": "1075_13820",
        "cluster": 0,
        "suburb": "Biggera Waters",
        "year": 2021
      },
      "type": "Feature"
    },
    {
      "geometry": {
        "coordinates": [
          153.215160234973,
          -27.766847262455205
        ],
        "type": "Point"
      },
      "properties": {
        "cell_id": "1042_13857",
        "cluster": -1,
        "suburb": "Luscombe",
        "year": 2021
      },
      "type": "Feature"
    },
    {
      "geometry": {
        "coordinates": [
          153.313575949681,
          -27.888374477383703
        ],
        "type": "Point"
      },
      "properties": {
        "cell_id": "1061_13830",
        "cluster": 30,
        "suburb": "Oxenford",
        "year": 2021
      },
      "type": "Feature"
    },
    {
      "geometry": {
        "coordinates": [
          153.405601906987,
          -28.1408324887247
        ],
        "type": "Point"
      },
      "properties": {
        "cell_id": "1079_13774",
        "cluster": -1,
        "suburb": "Tallebudgera Valley",
        "year": 2021
      },
      "type": "Feature"
    },
    {
      "geometry": {
        "coordinates": [
          153.323148576068,
          -28.0015014872445
        ],
        "type": "Point"
      },
      "properties": {
        "cell_id": "1063_13805",
        "cluster": -1,
        "suburb": "Nerang",
        "year": 2021
      },
      "type": "Feature"
    },
    {
      "geometry": {
        "coordinates": [
          153.292673963332,
          -27.7998104745658
        ],
        "type": "Point"
      },
      "properties": {
        "cell_id": "1057_13849",
        "cluster": 75,
        "suburb": "Pimpama",
        "year": 2021
      },
      "type": "Feature"
    },
    {
      "geometry": {
        "coordinates": [
          153.387214935092,
          -27.939196485269893
        ],
        "type": "Point"
      },
      "properties": {
        "cell_id": "1076_13818",
        "cluster": -1,
        "suburb": "Arundel",
        "year": 2021
      },
      "type": "Feature"
    },
    {
      "geometry": {
        "coordinates": [
          153.333206942125,
          -27.930425479707996
        ],
        "type": "Point"
      },
      "properties": {
        "cell_id": "1065_13820",
        "cluster": 11,
        "suburb": "Helensvale",
        "year": 2021
      },
      "type": "Feature"
    },
    {
      "geometry": {
        "coordinates": [
          153.392372834616,
          -27.9617531069723
        ],
        "type": "Point"
      },
      "properties": {
        "cell_id": "1077_13813",
        "cluster": -1,
        "suburb": "Southport",
        "year": 2021
      },
      "type": "Feature"
    },
    {
      "geometry": {
        "coordinates": [
          153.271699913638,
          -28.203751475609298
        ],
        "type": "Point"
      },
      "properties": {
        "cell_id": "1053_13760",
        "cluster": -1,
        "suburb": "Springbrook",
        "year": 2021
      },
      "type": "Feature"
    },
    {
      "geometry": {
        "coordinates": [
          153.352417464478,
          -28.035434349485097
        ],
        "type": "Point"
      },
      "properties": {
        "cell_id": "1069_13797",
        "cluster": -1,
        "suburb": "Carrara",
        "year": 2021
      },
      "type": "Feature"
    },
    {
      "geometry": {
        "coordinates": [
          153.449339330224,
          -28.086461801758603
        ],
        "type": "Point"
      },
      "properties": {
        "cell_id": "1088_13786",
        "cluster": 43,
        "suburb": "Burleigh Heads",
        "year": 2021
      },
      "type": "Feature"
    },
    {
      "geometry": {
        "coordinates": [
          153.4528639078,
          -28.094442493180892
        ],
        "type": "Point"
      },
      "properties": {
        "cell_id": "1088_13784",
        "cluster": -1,
        "suburb": "Burleigh Heads",
        "year": 2021
      },
      "type": "Feature"
    },
    {
      "geometry": {
        "coordinates": [
          153.407849919749,
          -28.0404144881664
        ],
        "type": "Point"
      },
      "properties": {
        "cell_id": "1080_13796",
        "cluster": -1,
        "suburb": "Mermaid Waters",
        "year": 2021
      },
      "type": "Feature"
    },
    {
      "geometry": {
        "coordinates": [
          153.431623921035,
          -28.010342490353885
        ],
        "type": "Point"
      },
      "properties": {
        "cell_id": "1084_13803",
        "cluster": 14,
        "suburb": "Surfers Paradise",
        "year": 2021
      },
      "type": "Feature"
    },
    {
      "geometry": {
        "coordinates": [
          153.221100924537,
          -27.726091897734992
        ],
        "type": "Point"
      },
      "properties": {
        "cell_id": "1043_13866",
        "cluster": 80,
        "suburb": "Stapylton",
        "year": 2022
      },
      "type": "Feature"
    },
    {
      "geometry": {
        "coordinates": [
          153.388957331273,
          -28.044664105275395
        ],
        "type": "Point"
      },
      "properties": {
        "cell_id": "1076_13795",
        "cluster": -1,
        "suburb": "Clear Island Waters",
        "year": 2022
      },
      "type": "Feature"
    },
    {
      "geometry": {
        "coordinates": [
          153.399992914767,
          -28.085558487720096
        ],
        "type": "Point"
      },
      "properties": {
        "cell_id": "1078_13786",
        "cluster": -1,
        "suburb": "Varsity Lakes",
        "year": 2022
      },
      "type": "Feature"
    },
    {
      "geometry": {
        "coordinates": [
          153.410982927684,
          -27.976418487983295
        ],
        "type": "Point"
      },
      "properties": {
        "cell_id": "1080_13810",
        "cluster": 24,
        "suburb": "Southport",
        "year": 2022
      },
      "type": "Feature"
    },
    {
      "geometry": {
        "coordinates": [
          153.414287924583,
          -27.997602488486397
        ],
        "type": "Point"
      },
      "properties": {
        "cell_id": "1081_13805",
        "cluster": 51,
        "suburb": "Bundall",
        "year": 2022
      },
      "type": "Feature"
    },
    {
      "geometry": {
        "coordinates": [
          153.341231920563,
          -28.090740481781804
        ],
        "type": "Point"
      },
      "properties": {
        "cell_id": "1067_13785",
        "cluster": -1,
        "suburb": "Mudgeeraba",
        "year": 2023
      },
      "type": "Feature"
    },
    {
      "geometry": {
        "coordinates": [
          153.257477968793,
          -27.787043470897498
        ],
        "type": "Point"
      },
      "properties": {
        "cell_id": "1050_13852",
        "cluster": 58,
        "suburb": "Ormeau",
        "year": 2022
      },
      "type": "Feature"
    },
    {
      "geometry": {
        "coordinates": [
          153.422766910246,
          -28.101114490162892
        ],
        "type": "Point"
      },
      "properties": {
        "cell_id": "1083_13783",
        "cluster": 32,
        "suburb": "Burleigh Heads",
        "year": 2021
      },
      "type": "Feature"
    },
    {
      "geometry": {
        "coordinates": [
          153.400981928972,
          -27.9749214869525
        ],
        "type": "Point"
      },
      "properties": {
        "cell_id": "1078_13811",
        "cluster": 18,
        "suburb": "Southport",
        "year": 2021
      },
      "type": "Feature"
    },
    {
      "geometry": {
        "coordinates": [
          153.429046925131,
          -27.98087648985969
        ],
        "type": "Point"
      },
      "properties": {
        "cell_id": "1084_13809",
        "cluster": -1,
        "suburb": "Main Beach",
        "year": 2022
      },
      "type": "Feature"
    },
    {
      "geometry": {
        "coordinates": [
          153.370886944793,
          -27.877800483125302
        ],
        "type": "Point"
      },
      "properties": {
        "cell_id": "1073_13832",
        "cluster": -1,
        "suburb": "Hope Island",
        "year": 2021
      },
      "type": "Feature"
    },
    {
      "geometry": {
        "coordinates": [
          153.430538923005,
          -27.996041490131
        ],
        "type": "Point"
      },
      "properties": {
        "cell_id": "1084_13806",
        "cluster": 17,
        "suburb": "Surfers Paradise",
        "year": 2023
      },
      "type": "Feature"
    },
    {
      "geometry": {
        "coordinates": [
          153.317376348647,
          -27.8854121197463
        ],
        "type": "Point"
      },
      "properties": {
        "cell_id": "1062_13830",
        "cluster": 30,
        "suburb": "Helensvale",
        "year": 2023
      },
      "type": "Feature"
    },
    {
      "geometry": {
        "coordinates": [
          153.267606912684,
          -28.214640475279605
        ],
        "type": "Point"
      },
      "properties": {
        "cell_id": "1052_13757",
        "cluster": -1,
        "suburb": "Springbrook",
        "year": 2022
      },
      "type": "Feature"
    },
    {
      "geometry": {
        "coordinates": [
          153.404320924047,
          -28.010190487569602
        ],
        "type": "Point"
      },
      "properties": {
        "cell_id": "1079_13803",
        "cluster": -1,
        "suburb": "Bundall",
        "year": 2023
      },
      "type": "Feature"
    },
    {
      "geometry": {
        "coordinates": [
          153.209361961117,
          -27.887898566821196
        ],
        "type": "Point"
      },
      "properties": {
        "cell_id": "1041_13830",
        "cluster": -1,
        "suburb": "Wongawallan",
        "year": 2022
      },
      "type": "Feature"
    },
    {
      "geometry": {
        "coordinates": [
          153.409405930413,
          -27.956641487667206
        ],
        "type": "Point"
      },
      "properties": {
        "cell_id": "1080_13815",
        "cluster": 6,
        "suburb": "Southport",
        "year": 2022
      },
      "type": "Feature"
    },
    {
      "geometry": {
        "coordinates": [
          153.424830918169,
          -28.038220489880004
        ],
        "type": "Point"
      },
      "properties": {
        "cell_id": "1083_13796",
        "cluster": 16,
        "suburb": "Mermaid Waters",
        "year": 2023
      },
      "type": "Feature"
    },
    {
      "geometry": {
        "coordinates": [
          153.532167399566,
          -28.1674812208603
        ],
        "type": "Point"
      },
      "properties": {
        "cell_id": "1104_13768",
        "cluster": -1,
        "suburb": "Coolangatta",
        "year": 2021
      },
      "type": "Feature"
    },
    {
      "geometry": {
        "coordinates": [
          153.42999992179,
          -28.005880490153288
        ],
        "type": "Point"
      },
      "properties": {
        "cell_id": "1084_13804",
        "cluster": 17,
        "suburb": "Surfers Paradise",
        "year": 2021
      },
      "type": "Feature"
    },
    {
      "geometry": {
        "coordinates": [
          153.310855954004,
          -27.857051476861205
        ],
        "type": "Point"
      },
      "properties": {
        "cell_id": "1061_13837",
        "cluster": 9,
        "suburb": "Coomera",
        "year": 2021
      },
      "type": "Feature"
    },
    {
      "geometry": {
        "coordinates": [
          153.36187595853903,
          -27.778611481427895
        ],
        "type": "Point"
      },
      "properties": {
        "cell_id": "1071_13854",
        "cluster": -1,
        "suburb": "Jacobs Well",
        "year": 2021
      },
      "type": "Feature"
    },
    {
      "geometry": {
        "coordinates": [
          153.34439793211,
          -27.998618481380905
        ],
        "type": "Point"
      },
      "properties": {
        "cell_id": "1067_13805",
        "cluster": -1,
        "suburb": "Nerang",
        "year": 2021
      },
      "type": "Feature"
    },
    {
      "geometry": {
        "coordinates": [
          153.419852927257,
          -27.972220488854294
        ],
        "type": "Point"
      },
      "properties": {
        "cell_id": "1082_13811",
        "cluster": -1,
        "suburb": "Southport",
        "year": 2021
      },
      "type": "Feature"
    },
    {
      "geometry": {
        "coordinates": [
          153.521617890749,
          -28.167332500779295
        ],
        "type": "Point"
      },
      "properties": {
        "cell_id": "1102_13768",
        "cluster": 3,
        "suburb": "Coolangatta",
        "year": 2023
      },
      "type": "Feature"
    },
    {
      "geometry": {
        "coordinates": [
          153.415887918181,
          -28.045709489027104
        ],
        "type": "Point"
      },
      "properties": {
        "cell_id": "1081_13795",
        "cluster": 40,
        "suburb": "Mermaid Waters",
        "year": 2022
      },
      "type": "Feature"
    },
    {
      "geometry": {
        "coordinates": [
          153.407731518727,
          -27.940154375367
        ],
        "type": "Point"
      },
      "properties": {
        "cell_id": "1080_13818",
        "cluster": 22,
        "suburb": "Labrador",
        "year": 2023
      },
      "type": "Feature"
    },
    {
      "geometry": {
        "coordinates": [
          153.43688291496403,
          -28.052753491223196
        ],
        "type": "Point"
      },
      "properties": {
        "cell_id": "1085_13793",
        "cluster": -1,
        "suburb": "Mermaid Beach",
        "year": 2021
      },
      "type": "Feature"
    },
    {
      "geometry": {
        "coordinates": [
          153.48026389813,
          -28.1456554963806
        ],
        "type": "Point"
      },
      "properties": {
        "cell_id": "1094_13773",
        "cluster": -1,
        "suburb": "Currumbin",
        "year": 2022
      },
      "type": "Feature"
    },
    {
      "geometry": {
        "coordinates": [
          153.38531197689602,
          -27.950076466161594
        ],
        "type": "Point"
      },
      "properties": {
        "cell_id": "1075_13816",
        "cluster": -1,
        "suburb": "Labrador",
        "year": 2022
      },
      "type": "Feature"
    },
    {
      "geometry": {
        "coordinates": [
          153.252090776004,
          -27.7743431152518
        ],
        "type": "Point"
      },
      "properties": {
        "cell_id": "1049_13855",
        "cluster": -1,
        "suburb": "Ormeau",
        "year": 2022
      },
      "type": "Feature"
    },
    {
      "geometry": {
        "coordinates": [
          153.419305914989,
          -28.067455489546102
        ],
        "type": "Point"
      },
      "properties": {
        "cell_id": "1082_13790",
        "cluster": 84,
        "suburb": "Robina",
        "year": 2021
      },
      "type": "Feature"
    },
    {
      "geometry": {
        "coordinates": [
          153.396785917602,
          -28.0663884872431
        ],
        "type": "Point"
      },
      "properties": {
        "cell_id": "1077_13790",
        "cluster": 31,
        "suburb": "Robina",
        "year": 2023
      },
      "type": "Feature"
    },
    {
      "geometry": {
        "coordinates": [
          153.367530916276,
          -28.101502484540394
        ],
        "type": "Point"
      },
      "properties": {
        "cell_id": "1072_13782",
        "cluster": -1,
        "suburb": "Mudgeeraba",
        "year": 2023
      },
      "type": "Feature"
    },
    {
      "geometry": {
        "coordinates": [
          153.388360923319,
          -28.0293484860945
        ],
        "type": "Point"
      },
      "properties": {
        "cell_id": "1076_13798",
        "cluster": -1,
        "suburb": "Carrara",
        "year": 2023
      },
      "type": "Feature"
    },
    {
      "geometry": {
        "coordinates": [
          153.411437922852,
          -28.013397488319995
        ],
        "type": "Point"
      },
      "properties": {
        "cell_id": "1080_13802",
        "cluster": 35,
        "suburb": "Bundall",
        "year": 2023
      },
      "type": "Feature"
    },
    {
      "geometry": {
        "coordinates": [
          153.428044923661,
          -27.993082489853393
        ],
        "type": "Point"
      },
      "properties": {
        "cell_id": "1084_13806",
        "cluster": 74,
        "suburb": "Surfers Paradise",
        "year": 2023
      },
      "type": "Feature"
    },
    {
      "geometry": {
        "coordinates": [
          153.252145128999,
          -27.9770488238512
        ],
        "type": "Point"
      },
      "properties": {
        "cell_id": "1049_13810",
        "cluster": -1,
        "suburb": "Mount Nathan",
        "year": 2022
      },
      "type": "Feature"
    },
    {
      "geometry": {
        "coordinates": [
          153.352957929741,
          -28.009702482338096
        ],
        "type": "Point"
      },
      "properties": {
        "cell_id": "1069_13803",
        "cluster": -1,
        "suburb": "Carrara",
        "year": 2022
      },
      "type": "Feature"
    },
    {
      "geometry": {
        "coordinates": [
          153.357168850261,
          -28.0485600780712
        ],
        "type": "Point"
      },
      "properties": {
        "cell_id": "1070_13794",
        "cluster": 81,
        "suburb": "Merrimac",
        "year": 2022
      },
      "type": "Feature"
    },
    {
      "geometry": {
        "coordinates": [
          153.4013609154,
          -28.079512487811993
        ],
        "type": "Point"
      },
      "properties": {
        "cell_id": "1078_13787",
        "cluster": -1,
        "suburb": "Robina",
        "year": 2023
      },
      "type": "Feature"
    },
    {
      "geometry": {
        "coordinates": [
          153.315236956861,
          -27.8311034771018
        ],
        "type": "Point"
      },
      "properties": {
        "cell_id": "1062_13842",
        "cluster": -1,
        "suburb": "Pimpama",
        "year": 2022
      },
      "type": "Feature"
    },
    {
      "geometry": {
        "coordinates": [
          153.510200892995,
          -28.159751499551703
        ],
        "type": "Point"
      },
      "properties": {
        "cell_id": "1100_13769",
        "cluster": -1,
        "suburb": "Bilinga",
        "year": 2023
      },
      "type": "Feature"
    },
    {
      "geometry": {
        "coordinates": [
          153.371936931376,
          -27.980928484042693
        ],
        "type": "Point"
      },
      "properties": {
        "cell_id": "1073_13809",
        "cluster": 33,
        "suburb": "Molendinar",
        "year": 2023
      },
      "type": "Feature"
    },
    {
      "geometry": {
        "coordinates": [
          153.43111192164,
          -28.006101490268403
        ],
        "type": "Point"
      },
      "properties": {
        "cell_id": "1084_13804",
        "cluster": 17,
        "suburb": "Surfers Paradise",
        "year": 2023
      },
      "type": "Feature"
    },
    {
      "geometry": {
        "coordinates": [
          153.22935325082904,
          -27.7637434678665
        ],
        "type": "Point"
      },
      "properties": {
        "cell_id": "1045_13857",
        "cluster": -1,
        "suburb": "Yatala",
        "year": 2022
      },
      "type": "Feature"
    },
    {
      "geometry": {
        "coordinates": [
          153.248752944764,
          -27.981773471544685
        ],
        "type": "Point"
      },
      "properties": {
        "cell_id": "1048_13809",
        "cluster": -1,
        "suburb": "Clagiraba",
        "year": 2022
      },
      "type": "Feature"
    },
    {
      "geometry": {
        "coordinates": [
          153.314659951056,
          -27.876762477402497
        ],
        "type": "Point"
      },
      "properties": {
        "cell_id": "1061_13832",
        "cluster": 30,
        "suburb": "Coomera",
        "year": 2021
      },
      "type": "Feature"
    },
    {
      "geometry": {
        "coordinates": [
          153.337404818421,
          -27.940097480210504
        ],
        "type": "Point"
      },
      "properties": {
        "cell_id": "1066_13818",
        "cluster": 86,
        "suburb": "Helensvale",
        "year": 2021
      },
      "type": "Feature"
    },
    {
      "geometry": {
        "coordinates": [
          153.344894203647,
          -27.963018806151794
        ],
        "type": "Point"
      },
      "properties": {
        "cell_id": "1067_13813",
        "cluster": 4,
        "suburb": "Gaven",
        "year": 2022
      },
      "type": "Feature"
    },
    {
      "geometry": {
        "coordinates": [
          153.413582923842,
          -28.003925488464205
        ],
        "type": "Point"
      },
      "properties": {
        "cell_id": "1081_13804",
        "cluster": 51,
        "suburb": "Surfers Paradise",
        "year": 2022
      },
      "type": "Feature"
    },
    {
      "geometry": {
        "coordinates": [
          153.314623951043,
          -27.8768904773998
        ],
        "type": "Point"
      },
      "properties": {
        "cell_id": "1061_13832",
        "cluster": 30,
        "suburb": "Helensvale",
        "year": 2022
      },
      "type": "Feature"
    },
    {
      "geometry": {
        "coordinates": [
          153.290555937,
          -28.006489475975595
        ],
        "type": "Point"
      },
      "properties": {
        "cell_id": "1057_13804",
        "cluster": -1,
        "suburb": "Advancetown",
        "year": 2021
      },
      "type": "Feature"
    },
    {
      "geometry": {
        "coordinates": [
          153.30391157371,
          -27.841877969036997
        ],
        "type": "Point"
      },
      "properties": {
        "cell_id": "1059_13840",
        "cluster": 25,
        "suburb": "Upper Coomera",
        "year": 2022
      },
      "type": "Feature"
    },
    {
      "geometry": {
        "coordinates": [
          153.37774193282604,
          -27.964779484506597
        ],
        "type": "Point"
      },
      "properties": {
        "cell_id": "1074_13813",
        "cluster": 5,
        "suburb": "Southport",
        "year": 2022
      },
      "type": "Feature"
    },
    {
      "geometry": {
        "coordinates": [
          153.331755019265,
          -27.930574763561697
        ],
        "type": "Point"
      },
      "properties": {
        "cell_id": "1065_13820",
        "cluster": 11,
        "suburb": "Gaven",
        "year": 2021
      },
      "type": "Feature"
    },
    {
      "geometry": {
        "coordinates": [
          153.327675943302,
          -27.925983479111192
        ],
        "type": "Point"
      },
      "properties": {
        "cell_id": "1064_13821",
        "cluster": 11,
        "suburb": "Oxenford",
        "year": 2023
      },
      "type": "Feature"
    },
    {
      "geometry": {
        "coordinates": [
          153.386420937973,
          -27.917548485018905
        ],
        "type": "Point"
      },
      "properties": {
        "cell_id": "1076_13823",
        "cluster": -1,
        "suburb": "Runaway Bay",
        "year": 2022
      },
      "type": "Feature"
    },
    {
      "geometry": {
        "coordinates": [
          153.407079918858,
          -28.0479464881471
        ],
        "type": "Point"
      },
      "properties": {
        "cell_id": "1080_13794",
        "cluster": 39,
        "suburb": "Mermaid Waters",
        "year": 2023
      },
      "type": "Feature"
    },
    {
      "geometry": {
        "coordinates": [
          153.409540928121,
          -27.974262487819406
        ],
        "type": "Point"
      },
      "properties": {
        "cell_id": "1080_13811",
        "cluster": 24,
        "suburb": "Southport",
        "year": 2023
      },
      "type": "Feature"
    },
    {
      "geometry": {
        "coordinates": [
          153.404298935786,
          -27.919374486854004
        ],
        "type": "Point"
      },
      "properties": {
        "cell_id": "1079_13823",
        "cluster": -1,
        "suburb": "Runaway Bay",
        "year": 2023
      },
      "type": "Feature"
    },
    {
      "geometry": {
        "coordinates": [
          153.309481953772,
          -27.860023476745095
        ],
        "type": "Point"
      },
      "properties": {
        "cell_id": "1060_13836",
        "cluster": 9,
        "suburb": "Upper Coomera",
        "year": 2023
      },
      "type": "Feature"
    },
    {
      "geometry": {
        "coordinates": [
          153.367478934084,
          -27.963729483454006
        ],
        "type": "Point"
      },
      "properties": {
        "cell_id": "1072_13813",
        "cluster": -1,
        "suburb": "Molendinar",
        "year": 2023
      },
      "type": "Feature"
    },
    {
      "geometry": {
        "coordinates": [
          153.33742793053,
          -28.0167884808151
        ],
        "type": "Point"
      },
      "properties": {
        "cell_id": "1066_13801",
        "cluster": -1,
        "suburb": "Highland Park",
        "year": 2023
      },
      "type": "Feature"
    },
    {
      "geometry": {
        "coordinates": [
          153.29397896053,
          -27.820539474861302
        ],
        "type": "Point"
      },
      "properties": {
        "cell_id": "1057_13845",
        "cluster": 29,
        "suburb": "Pimpama",
        "year": 2021
      },
      "type": "Feature"
    },
    {
      "geometry": {
        "coordinates": [
          153.415887918181,
          -28.045709489027104
        ],
        "type": "Point"
      },
      "properties": {
        "cell_id": "1081_13795",
        "cluster": 40,
        "suburb": "Mermaid Waters",
        "year": 2021
      },
      "type": "Feature"
    },
    {
      "geometry": {
        "coordinates": [
          153.422994913592,
          -28.075109489982196
        ],
        "type": "Point"
      },
      "properties": {
        "cell_id": "1083_13788",
        "cluster": -1,
        "suburb": "Burleigh Waters",
        "year": 2021
      },
      "type": "Feature"
    },
    {
      "geometry": {
        "coordinates": [
          153.386503147601,
          -27.997803238657703
        ],
        "type": "Point"
      },
      "properties": {
        "cell_id": "1076_13805",
        "cluster": -1,
        "suburb": "Ashmore",
        "year": 2021
      },
      "type": "Feature"
    },
    {
      "geometry": {
        "coordinates": [
          153.387814938792,
          -27.910021485101595
        ],
        "type": "Point"
      },
      "properties": {
        "cell_id": "1076_13825",
        "cluster": -1,
        "suburb": "Coombabah",
        "year": 2021
      },
      "type": "Feature"
    },
    {
      "geometry": {
        "coordinates": [
          153.42472492566,
          -27.980438489415608
        ],
        "type": "Point"
      },
      "properties": {
        "cell_id": "1083_13809",
        "cluster": -1,
        "suburb": "Main Beach",
        "year": 2021
      },
      "type": "Feature"
    },
    {
      "geometry": {
        "coordinates": [
          153.392051932497,
          -27.955204485888103
        ],
        "type": "Point"
      },
      "properties": {
        "cell_id": "1077_13815",
        "cluster": -1,
        "suburb": "Southport",
        "year": 2021
      },
      "type": "Feature"
    },
    {
      "geometry": {
        "coordinates": [
          153.315616117633,
          -27.90256453870241
        ],
        "type": "Point"
      },
      "properties": {
        "cell_id": "1062_13827",
        "cluster": 19,
        "suburb": "Oxenford",
        "year": 2021
      },
      "type": "Feature"
    },
    {
      "geometry": {
        "coordinates": [
          153.404513928841,
          -27.972951487296907
        ],
        "type": "Point"
      },
      "properties": {
        "cell_id": "1079_13811",
        "cluster": 18,
        "suburb": "Southport",
        "year": 2023
      },
      "type": "Feature"
    },
    {
      "geometry": {
        "coordinates": [
          153.472357899251,
          -28.143729495557793
        ],
        "type": "Point"
      },
      "properties": {
        "cell_id": "1092_13773",
        "cluster": -1,
        "suburb": "Currumbin Waters",
        "year": 2021
      },
      "type": "Feature"
    },
    {
      "geometry": {
        "coordinates": [
          153.284049961935,
          -27.8180124738344
        ],
        "type": "Point"
      },
      "properties": {
        "cell_id": "1055_13845",
        "cluster": 28,
        "suburb": "Pimpama",
        "year": 2021
      },
      "type": "Feature"
    },
    {
      "geometry": {
        "coordinates": [
          153.37379293425101,
          -27.957082484044196
        ],
        "type": "Point"
      },
      "properties": {
        "cell_id": "1073_13814",
        "cluster": -1,
        "suburb": "Parkwood",
        "year": 2021
      },
      "type": "Feature"
    },
    {
      "geometry": {
        "coordinates": [
          153.248879973903,
          -27.754414469769692
        ],
        "type": "Point"
      },
      "properties": {
        "cell_id": "1049_13859",
        "cluster": -1,
        "suburb": "Ormeau",
        "year": 2021
      },
      "type": "Feature"
    },
    {
      "geometry": {
        "coordinates": [
          153.324489943616,
          -27.926244478789705
        ],
        "type": "Point"
      },
      "properties": {
        "cell_id": "1063_13821",
        "cluster": 11,
        "suburb": "Pacific Pines",
        "year": 2021
      },
      "type": "Feature"
    },
    {
      "geometry": {
        "coordinates": [
          153.385591266634,
          -27.9208788119606
        ],
        "type": "Point"
      },
      "properties": {
        "cell_id": "1075_13823",
        "cluster": -1,
        "suburb": "Runaway Bay",
        "year": 2023
      },
      "type": "Feature"
    },
    {
      "geometry": {
        "coordinates": [
          153.442638911399,
          -28.075367491987798
        ],
        "type": "Point"
      },
      "properties": {
        "cell_id": "1086_13788",
        "cluster": 12,
        "suburb": "Miami",
        "year": 2023
      },
      "type": "Feature"
    },
    {
      "geometry": {
        "coordinates": [
          153.236597807586,
          -27.751677275504598
        ],
        "type": "Point"
      },
      "properties": {
        "cell_id": "1046_13860",
        "cluster": 70,
        "suburb": "Stapylton",
        "year": 2021
      },
      "type": "Feature"
    },
    {
      "geometry": {
        "coordinates": [
          153.469775080555,
          -28.128200480172293
        ],
        "type": "Point"
      },
      "properties": {
        "cell_id": "1092_13777",
        "cluster": -1,
        "suburb": "Palm Beach",
        "year": 2021
      },
      "type": "Feature"
    },
    {
      "geometry": {
        "coordinates": [
          153.443849912408,
          -28.066561492042293
        ],
        "type": "Point"
      },
      "properties": {
        "cell_id": "1087_13790",
        "cluster": -1,
        "suburb": "Miami",
        "year": 2021
      },
      "type": "Feature"
    },
    {
      "geometry": {
        "coordinates": [
          153.385668931926,
          -27.965032485315497
        ],
        "type": "Point"
      },
      "properties": {
        "cell_id": "1075_13813",
        "cluster": 54,
        "suburb": "Southport",
        "year": 2023
      },
      "type": "Feature"
    },
    {
      "geometry": {
        "coordinates": [
          153.36676862146902,
          -28.0233103198496
        ],
        "type": "Point"
      },
      "properties": {
        "cell_id": "1072_13800",
        "cluster": -1,
        "suburb": "Carrara",
        "year": 2021
      },
      "type": "Feature"
    },
    {
      "geometry": {
        "coordinates": [
          153.225002882093,
          -27.7731960545008
        ],
        "type": "Point"
      },
      "properties": {
        "cell_id": "1044_13855",
        "cluster": -1,
        "suburb": "Yatala",
        "year": 2023
      },
      "type": "Feature"
    },
    {
      "geometry": {
        "coordinates": [
          153.21291197757,
          -27.756265466144495
        ],
        "type": "Point"
      },
      "properties": {
        "cell_id": "1041_13859",
        "cluster": -1,
        "suburb": "Yatala",
        "year": 2021
      },
      "type": "Feature"
    },
    {
      "geometry": {
        "coordinates": [
          153.265866562454,
          -27.89953680863239
        ],
        "type": "Point"
      },
      "properties": {
        "cell_id": "1052_13827",
        "cluster": -1,
        "suburb": "Upper Coomera",
        "year": 2021
      },
      "type": "Feature"
    },
    {
      "geometry": {
        "coordinates": [
          153.283289952932,
          -27.888790474314103
        ],
        "type": "Point"
      },
      "properties": {
        "cell_id": "1055_13830",
        "cluster": -1,
        "suburb": "Upper Coomera",
        "year": 2022
      },
      "type": "Feature"
    },
    {
      "geometry": {
        "coordinates": [
          153.344857934105,
          -27.9827614813031
        ],
        "type": "Point"
      },
      "properties": {
        "cell_id": "1067_13809",
        "cluster": 37,
        "suburb": "Ashmore",
        "year": 2022
      },
      "type": "Feature"
    },
    {
      "geometry": {
        "coordinates": [
          153.436054913454,
          -28.065098491235595
        ],
        "type": "Point"
      },
      "properties": {
        "cell_id": "1085_13791",
        "cluster": -1,
        "suburb": "Miami",
        "year": 2021
      },
      "type": "Feature"
    },
    {
      "geometry": {
        "coordinates": [
          153.40760393155,
          -27.949369487426395
        ],
        "type": "Point"
      },
      "properties": {
        "cell_id": "1080_13816",
        "cluster": -1,
        "suburb": "Labrador",
        "year": 2023
      },
      "type": "Feature"
    },
    {
      "geometry": {
        "coordinates": [
          153.395177932094,
          -27.955672486210194
        ],
        "type": "Point"
      },
      "properties": {
        "cell_id": "1077_13815",
        "cluster": -1,
        "suburb": "Southport",
        "year": 2021
      },
      "type": "Feature"
    },
    {
      "geometry": {
        "coordinates": [
          153.340727079831,
          -27.9883938799275
        ],
        "type": "Point"
      },
      "properties": {
        "cell_id": "1067_13808",
        "cluster": 42,
        "suburb": "Nerang",
        "year": 2022
      },
      "type": "Feature"
    },
    {
      "geometry": {
        "coordinates": [
          153.431297921748,
          -28.005106490279605
        ],
        "type": "Point"
      },
      "properties": {
        "cell_id": "1084_13804",
        "cluster": 17,
        "suburb": "Surfers Paradise",
        "year": 2022
      },
      "type": "Feature"
    },
    {
      "geometry": {
        "coordinates": [
          153.228359973303,
          -27.7765214678666
        ],
        "type": "Point"
      },
      "properties": {
        "cell_id": "1044_13855",
        "cluster": -1,
        "suburb": "Yatala",
        "year": 2023
      },
      "type": "Feature"
    },
    {
      "geometry": {
        "coordinates": [
          153.233842951448,
          -27.942436469726303
        ],
        "type": "Point"
      },
      "properties": {
        "cell_id": "1046_13818",
        "cluster": -1,
        "suburb": "Guanaba",
        "year": 2023
      },
      "type": "Feature"
    },
    {
      "geometry": {
        "coordinates": [
          153.432097917513,
          -28.037135490612602
        ],
        "type": "Point"
      },
      "properties": {
        "cell_id": "1084_13797",
        "cluster": 16,
        "suburb": "Mermaid Beach",
        "year": 2023
      },
      "type": "Feature"
    },
    {
      "geometry": {
        "coordinates": [
          153.382741929906,
          -27.98314748515979
        ],
        "type": "Point"
      },
      "properties": {
        "cell_id": "1075_13809",
        "cluster": -1,
        "suburb": "Ashmore",
        "year": 2023
      },
      "type": "Feature"
    },
    {
      "geometry": {
        "coordinates": [
          153.297894955601,
          -27.85561447553461
        ],
        "type": "Point"
      },
      "properties": {
        "cell_id": "1058_13837",
        "cluster": -1,
        "suburb": "Upper Coomera",
        "year": 2021
      },
      "type": "Feature"
    },
    {
      "geometry": {
        "coordinates": [
          153.353262925466,
          -28.042551482626898
        ],
        "type": "Point"
      },
      "properties": {
        "cell_id": "1069_13796",
        "cluster": -1,
        "suburb": "Worongary",
        "year": 2021
      },
      "type": "Feature"
    },
    {
      "geometry": {
        "coordinates": [
          153.265497965552,
          -27.805537471855597
        ],
        "type": "Point"
      },
      "properties": {
        "cell_id": "1052_13848",
        "cluster": 60,
        "suburb": "Pimpama",
        "year": 2022
      },
      "type": "Feature"
    },
    {
      "geometry": {
        "coordinates": [
          153.230425972958,
          -27.777463468083102
        ],
        "type": "Point"
      },
      "properties": {
        "cell_id": "1045_13854",
        "cluster": -1,
        "suburb": "Ormeau",
        "year": 2021
      },
      "type": "Feature"
    },
    {
      "geometry": {
        "coordinates": [
          153.222791978338,
          -27.7418664670303
        ],
        "type": "Point"
      },
      "properties": {
        "cell_id": "1043_13862",
        "cluster": -1,
        "suburb": "Yatala",
        "year": 2021
      },
      "type": "Feature"
    },
    {
      "geometry": {
        "coordinates": [
          153.352996928438,
          -28.019763482421098
        ],
        "type": "Point"
      },
      "properties": {
        "cell_id": "1069_13801",
        "cluster": -1,
        "suburb": "Carrara",
        "year": 2023
      },
      "type": "Feature"
    },
    {
      "geometry": {
        "coordinates": [
          153.230091254315,
          -27.759316949906292
        ],
        "type": "Point"
      },
      "properties": {
        "cell_id": "1045_13858",
        "cluster": -1,
        "suburb": "Yatala",
        "year": 2021
      },
      "type": "Feature"
    },
    {
      "geometry": {
        "coordinates": [
          153.267151965522,
          -27.804368472013998
        ],
        "type": "Point"
      },
      "properties": {
        "cell_id": "1052_13848",
        "cluster": 60,
        "suburb": "Pimpama",
        "year": 2022
      },
      "type": "Feature"
    },
    {
      "geometry": {
        "coordinates": [
          153.323854949287,
          -27.882722478382988
        ],
        "type": "Point"
      },
      "properties": {
        "cell_id": "1063_13831",
        "cluster": -1,
        "suburb": "Helensvale",
        "year": 2021
      },
      "type": "Feature"
    },
    {
      "geometry": {
        "coordinates": [
          153.316818957292,
          -27.8264114772255
        ],
        "type": "Point"
      },
      "properties": {
        "cell_id": "1062_13843",
        "cluster": -1,
        "suburb": "Pimpama",
        "year": 2021
      },
      "type": "Feature"
    },
    {
      "geometry": {
        "coordinates": [
          153.337469940287,
          -27.941079480224893
        ],
        "type": "Point"
      },
      "properties": {
        "cell_id": "1066_13818",
        "cluster": 86,
        "suburb": "Gaven",
        "year": 2023
      },
      "type": "Feature"
    },
    {
      "geometry": {
        "coordinates": [
          153.526225890012,
          -28.1690825012646
        ],
        "type": "Point"
      },
      "properties": {
        "cell_id": "1103_13767",
        "cluster": -1,
        "suburb": "Coolangatta",
        "year": 2023
      },
      "type": "Feature"
    },
    {
      "geometry": {
        "coordinates": [
          153.402188931217,
          -27.956527486931
        ],
        "type": "Point"
      },
      "properties": {
        "cell_id": "1079_13815",
        "cluster": 36,
        "suburb": "Southport",
        "year": 2023
      },
      "type": "Feature"
    },
    {
      "geometry": {
        "coordinates": [
          153.4058788251,
          -28.03937394395739
        ],
        "type": "Point"
      },
      "properties": {
        "cell_id": "1079_13796",
        "cluster": -1,
        "suburb": "Clear Island Waters",
        "year": 2023
      },
      "type": "Feature"
    },
    {
      "geometry": {
        "coordinates": [
          153.363641719572,
          -28.0715958539103
        ],
        "type": "Point"
      },
      "properties": {
        "cell_id": "1071_13789",
        "cluster": 66,
        "suburb": "Robina",
        "year": 2023
      },
      "type": "Feature"
    },
    {
      "geometry": {
        "coordinates": [
          153.41099924767,
          -28.0846858098346
        ],
        "type": "Point"
      },
      "properties": {
        "cell_id": "1080_13786",
        "cluster": -1,
        "suburb": "Varsity Lakes",
        "year": 2023
      },
      "type": "Feature"
    },
    {
      "geometry": {
        "coordinates": [
          153.316706949706,
          -27.8855234776792
        ],
        "type": "Point"
      },
      "properties": {
        "cell_id": "1062_13830",
        "cluster": 30,
        "suburb": "Helensvale",
        "year": 2021
      },
      "type": "Feature"
    },
    {
      "geometry": {
        "coordinates": [
          153.459341227945,
          -28.1417359222128
        ],
        "type": "Point"
      },
      "properties": {
        "cell_id": "1090_13774",
        "cluster": -1,
        "suburb": "Currumbin Waters",
        "year": 2023
      },
      "type": "Feature"
    },
    {
      "geometry": {
        "coordinates": [
          153.310553948478,
          -27.900290477170593
        ],
        "type": "Point"
      },
      "properties": {
        "cell_id": "1061_13827",
        "cluster": -1,
        "suburb": "Oxenford",
        "year": 2023
      },
      "type": "Feature"
    },
    {
      "geometry": {
        "coordinates": [
          153.41274592821,
          -27.970860488119296
        ],
        "type": "Point"
      },
      "properties": {
        "cell_id": "1081_13811",
        "cluster": 24,
        "suburb": "Southport",
        "year": 2021
      },
      "type": "Feature"
    },
    {
      "geometry": {
        "coordinates": [
          153.245402298381,
          -27.7848859756575
        ],
        "type": "Point"
      },
      "properties": {
        "cell_id": "1048_13853",
        "cluster": -1,
        "suburb": "Ormeau",
        "year": 2023
      },
      "type": "Feature"
    },
    {
      "geometry": {
        "coordinates": [
          153.462376903062,
          -28.122871494374902
        ],
        "type": "Point"
      },
      "properties": {
        "cell_id": "1090_13778",
        "cluster": -1,
        "suburb": "Elanora",
        "year": 2023
      },
      "type": "Feature"
    },
    {
      "geometry": {
        "coordinates": [
          153.42284592172,
          -28.0124774894756
        ],
        "type": "Point"
      },
      "properties": {
        "cell_id": "1083_13802",
        "cluster": -1,
        "suburb": "Surfers Paradise",
        "year": 2023
      },
      "type": "Feature"
    },
    {
      "geometry": {
        "coordinates": [
          153.375407285853,
          -28.0207428887084
        ],
        "type": "Point"
      },
      "properties": {
        "cell_id": "1073_13800",
        "cluster": 55,
        "suburb": "Carrara",
        "year": 2023
      },
      "type": "Feature"
    },
    {
      "geometry": {
        "coordinates": [
          153.318765945994,
          -27.912629478101387
        ],
        "type": "Point"
      },
      "properties": {
        "cell_id": "1062_13824",
        "cluster": -1,
        "suburb": "Oxenford",
        "year": 2023
      },
      "type": "Feature"
    },
    {
      "geometry": {
        "coordinates": [
          153.472603074364,
          -28.1426555685744
        ],
        "type": "Point"
      },
      "properties": {
        "cell_id": "1092_13773",
        "cluster": -1,
        "suburb": "Currumbin Waters",
        "year": 2023
      },
      "type": "Feature"
    },
    {
      "geometry": {
        "coordinates": [
          153.314147942495,
          -27.9437354778769
        ],
        "type": "Point"
      },
      "properties": {
        "cell_id": "1061_13817",
        "cluster": -1,
        "suburb": "Pacific Pines",
        "year": 2023
      },
      "type": "Feature"
    },
    {
      "geometry": {
        "coordinates": [
          153.401007990711,
          -28.154574637364398
        ],
        "type": "Point"
      },
      "properties": {
        "cell_id": "1078_13771",
        "cluster": -1,
        "suburb": "Tallebudgera Valley",
        "year": 2022
      },
      "type": "Feature"
    },
    {
      "geometry": {
        "coordinates": [
          153.345393936832,
          -27.961163481188002
        ],
        "type": "Point"
      },
      "properties": {
        "cell_id": "1067_13814",
        "cluster": 4,
        "suburb": "Molendinar",
        "year": 2023
      },
      "type": "Feature"
    },
    {
      "geometry": {
        "coordinates": [
          153.257863968433,
          -27.7895244709561
        ],
        "type": "Point"
      },
      "properties": {
        "cell_id": "1050_13852",
        "cluster": -1,
        "suburb": "Ormeau",
        "year": 2022
      },
      "type": "Feature"
    },
    {
      "geometry": {
        "coordinates": [
          153.383981925177,
          -28.01869748556509
        ],
        "type": "Point"
      },
      "properties": {
        "cell_id": "1075_13801",
        "cluster": -1,
        "suburb": "Carrara",
        "year": 2023
      },
      "type": "Feature"
    },
    {
      "geometry": {
        "coordinates": [
          153.34377093798503,
          -27.953595480963596
        ],
        "type": "Point"
      },
      "properties": {
        "cell_id": "1067_13815",
        "cluster": 4,
        "suburb": "Arundel",
        "year": 2023
      },
      "type": "Feature"
    },
    {
      "geometry": {
        "coordinates": [
          153.40405191268,
          -28.0982274882329
        ],
        "type": "Point"
      },
      "properties": {
        "cell_id": "1079_13783",
        "cluster": 50,
        "suburb": "Varsity Lakes",
        "year": 2021
      },
      "type": "Feature"
    },
    {
      "geometry": {
        "coordinates": [
          153.391917942367,
          -27.87883948527419
        ],
        "type": "Point"
      },
      "properties": {
        "cell_id": "1077_13832",
        "cluster": -1,
        "suburb": "Paradise Point",
        "year": 2021
      },
      "type": "Feature"
    },
    {
      "geometry": {
        "coordinates": [
          153.466819902497,
          -28.123452494833195
        ],
        "type": "Point"
      },
      "properties": {
        "cell_id": "1091_13778",
        "cluster": -1,
        "suburb": "Palm Beach",
        "year": 2023
      },
      "type": "Feature"
    },
    {
      "geometry": {
        "coordinates": [
          153.345582936712,
          -27.961932481213303
        ],
        "type": "Point"
      },
      "properties": {
        "cell_id": "1067_13813",
        "cluster": 4,
        "suburb": "Molendinar",
        "year": 2021
      },
      "type": "Feature"
    },
    {
      "geometry": {
        "coordinates": [
          153.424434683909,
          -28.017400562676205
        ],
        "type": "Point"
      },
      "properties": {
        "cell_id": "1083_13801",
        "cluster": -1,
        "suburb": "Broadbeach Waters",
        "year": 2021
      },
      "type": "Feature"
    },
    {
      "geometry": {
        "coordinates": [
          153.42724791661303,
          -28.048184490204694
        ],
        "type": "Point"
      },
      "properties": {
        "cell_id": "1083_13794",
        "cluster": -1,
        "suburb": "Mermaid Waters",
        "year": 2023
      },
      "type": "Feature"
    },
    {
      "geometry": {
        "coordinates": [
          153.352855921712,
          -28.071951482816097
        ],
        "type": "Point"
      },
      "properties": {
        "cell_id": "1069_13789",
        "cluster": 82,
        "suburb": "Tallai",
        "year": 2023
      },
      "type": "Feature"
    },
    {
      "geometry": {
        "coordinates": [
          153.310636930213,
          -28.042047478292293
        ],
        "type": "Point"
      },
      "properties": {
        "cell_id": "1061_13796",
        "cluster": -1,
        "suburb": "Worongary",
        "year": 2023
      },
      "type": "Feature"
    },
    {
      "geometry": {
        "coordinates": [
          153.314518951108,
          -27.876476477385904
        ],
        "type": "Point"
      },
      "properties": {
        "cell_id": "1061_13832",
        "cluster": 30,
        "suburb": "Coomera",
        "year": 2023
      },
      "type": "Feature"
    },
    {
      "geometry": {
        "coordinates": [
          153.347188935543,
          -27.969631481437
        ],
        "type": "Point"
      },
      "properties": {
        "cell_id": "1068_13812",
        "cluster": -1,
        "suburb": "Molendinar",
        "year": 2023
      },
      "type": "Feature"
    },
    {
      "geometry": {
        "coordinates": [
          153.345431932544,
          -27.994373481452698
        ],
        "type": "Point"
      },
      "properties": {
        "cell_id": "1067_13806",
        "cluster": -1,
        "suburb": "Nerang",
        "year": 2023
      },
      "type": "Feature"
    },
    {
      "geometry": {
        "coordinates": [
          153.431998920257,
          -28.0160314904368
        ],
        "type": "Point"
      },
      "properties": {
        "cell_id": "1084_13801",
        "cluster": 14,
        "suburb": "Surfers Paradise",
        "year": 2023
      },
      "type": "Feature"
    },
    {
      "geometry": {
        "coordinates": [
          153.378482930771,
          -27.980064484702005
        ],
        "type": "Point"
      },
      "properties": {
        "cell_id": "1074_13809",
        "cluster": 44,
        "suburb": "Ashmore",
        "year": 2023
      },
      "type": "Feature"
    },
    {
      "geometry": {
        "coordinates": [
          153.361148924166,
          -28.0459114834552
        ],
        "type": "Point"
      },
      "properties": {
        "cell_id": "1070_13795",
        "cluster": -1,
        "suburb": "Merrimac",
        "year": 2023
      },
      "type": "Feature"
    },
    {
      "geometry": {
        "coordinates": [
          153.404086933576,
          -27.9366624869682
        ],
        "type": "Point"
      },
      "properties": {
        "cell_id": "1079_13819",
        "cluster": -1,
        "suburb": "Labrador",
        "year": 2023
      },
      "type": "Feature"
    },
    {
      "geometry": {
        "coordinates": [
          153.409885073405,
          -28.010432539138506
        ],
        "type": "Point"
      },
      "properties": {
        "cell_id": "1080_13803",
        "cluster": 35,
        "suburb": "Bundall",
        "year": 2023
      },
      "type": "Feature"
    },
    {
      "geometry": {
        "coordinates": [
          153.405816913816,
          -28.087958488332198
        ],
        "type": "Point"
      },
      "properties": {
        "cell_id": "1079_13785",
        "cluster": -1,
        "suburb": "Varsity Lakes",
        "year": 2023
      },
      "type": "Feature"
    },
    {
      "geometry": {
        "coordinates": [
          153.280022962589,
          -27.816324473412802
        ],
        "type": "Point"
      },
      "properties": {
        "cell_id": "1055_13846",
        "cluster": 28,
        "suburb": "Pimpama",
        "year": 2023
      },
      "type": "Feature"
    },
    {
      "geometry": {
        "coordinates": [
          153.470628898707,
          -28.149381495425402
        ],
        "type": "Point"
      },
      "properties": {
        "cell_id": "1092_13772",
        "cluster": -1,
        "suburb": "Currumbin Waters",
        "year": 2023
      },
      "type": "Feature"
    },
    {
      "geometry": {
        "coordinates": [
          153.385294932459,
          -27.961221485247396
        ],
        "type": "Point"
      },
      "properties": {
        "cell_id": "1075_13814",
        "cluster": -1,
        "suburb": "Southport",
        "year": 2023
      },
      "type": "Feature"
    },
    {
      "geometry": {
        "coordinates": [
          153.409110932034,
          -27.944350487540603
        ],
        "type": "Point"
      },
      "properties": {
        "cell_id": "1080_13817",
        "cluster": 22,
        "suburb": "Labrador",
        "year": 2023
      },
      "type": "Feature"
    },
    {
      "geometry": {
        "coordinates": [
          153.230665543796,
          -27.739427999807802
        ],
        "type": "Point"
      },
      "properties": {
        "cell_id": "1045_13863",
        "cluster": 23,
        "suburb": "Yatala",
        "year": 2021
      },
      "type": "Feature"
    },
    {
      "geometry": {
        "coordinates": [
          153.343963927768,
          -28.0326334816037
        ],
        "type": "Point"
      },
      "properties": {
        "cell_id": "1067_13798",
        "cluster": -1,
        "suburb": "Worongary",
        "year": 2021
      },
      "type": "Feature"
    },
    {
      "geometry": {
        "coordinates": [
          153.504638894219,
          -28.155063498946095
        ],
        "type": "Point"
      },
      "properties": {
        "cell_id": "1099_13771",
        "cluster": -1,
        "suburb": "Bilinga",
        "year": 2021
      },
      "type": "Feature"
    },
    {
      "geometry": {
        "coordinates": [
          153.461338906038,
          -28.100839494096196
        ],
        "type": "Point"
      },
      "properties": {
        "cell_id": "1090_13783",
        "cluster": -1,
        "suburb": "Palm Beach",
        "year": 2021
      },
      "type": "Feature"
    },
    {
      "geometry": {
        "coordinates": [
          153.316387947352,
          -27.90409447779279
        ],
        "type": "Point"
      },
      "properties": {
        "cell_id": "1062_13826",
        "cluster": 19,
        "suburb": "Helensvale",
        "year": 2023
      },
      "type": "Feature"
    },
    {
      "geometry": {
        "coordinates": [
          153.350583938103,
          -27.94689648160349
        ],
        "type": "Point"
      },
      "properties": {
        "cell_id": "1068_13817",
        "cluster": -1,
        "suburb": "Arundel",
        "year": 2021
      },
      "type": "Feature"
    },
    {
      "geometry": {
        "coordinates": [
          153.497863896045,
          -28.146769498188302
        ],
        "type": "Point"
      },
      "properties": {
        "cell_id": "1097_13772",
        "cluster": -1,
        "suburb": "Tugun",
        "year": 2021
      },
      "type": "Feature"
    },
    {
      "geometry": {
        "coordinates": [
          153.407168932117,
          -27.9453534873506
        ],
        "type": "Point"
      },
      "properties": {
        "cell_id": "1080_13817",
        "cluster": 22,
        "suburb": "Labrador",
        "year": 2021
      },
      "type": "Feature"
    },
    {
      "geometry": {
        "coordinates": [
          153.376240932857,
          -27.9658074843619
        ],
        "type": "Point"
      },
      "properties": {
        "cell_id": "1074_13813",
        "cluster": 5,
        "suburb": "Molendinar",
        "year": 2023
      },
      "type": "Feature"
    },
    {
      "geometry": {
        "coordinates": [
          153.40200693692,
          -27.912528486566597
        ],
        "type": "Point"
      },
      "properties": {
        "cell_id": "1079_13824",
        "cluster": -1,
        "suburb": "Runaway Bay",
        "year": 2023
      },
      "type": "Feature"
    },
    {
      "geometry": {
        "coordinates": [
          153.349002914632,
          -28.1299884828793
        ],
        "type": "Point"
      },
      "properties": {
        "cell_id": "1068_13776",
        "cluster": -1,
        "suburb": "Bonogin",
        "year": 2023
      },
      "type": "Feature"
    },
    {
      "geometry": {
        "coordinates": [
          153.40480093005,
          -27.963347487250704
        ],
        "type": "Point"
      },
      "properties": {
        "cell_id": "1079_13813",
        "cluster": -1,
        "suburb": "Southport",
        "year": 2023
      },
      "type": "Feature"
    },
    {
      "geometry": {
        "coordinates": [
          153.410861521413,
          -28.1947271576828
        ],
        "type": "Point"
      },
      "properties": {
        "cell_id": "1080_13762",
        "cluster": -1,
        "suburb": "Currumbin Valley",
        "year": 2022
      },
      "type": "Feature"
    },
    {
      "geometry": {
        "coordinates": [
          153.223179979608,
          -27.731599466988698
        ],
        "type": "Point"
      },
      "properties": {
        "cell_id": "1043_13865",
        "cluster": -1,
        "suburb": "Yatala",
        "year": 2023
      },
      "type": "Feature"
    },
    {
      "geometry": {
        "coordinates": [
          153.407829929819,
          -27.9625764875532
        ],
        "type": "Point"
      },
      "properties": {
        "cell_id": "1080_13813",
        "cluster": 6,
        "suburb": "Southport",
        "year": 2023
      },
      "type": "Feature"
    },
    {
      "geometry": {
        "coordinates": [
          153.428163922017,
          -28.005679489964503
        ],
        "type": "Point"
      },
      "properties": {
        "cell_id": "1084_13804",
        "cluster": 17,
        "suburb": "Surfers Paradise",
        "year": 2023
      },
      "type": "Feature"
    },
    {
      "geometry": {
        "coordinates": [
          153.387967935685,
          -27.9339664853054
        ],
        "type": "Point"
      },
      "properties": {
        "cell_id": "1076_13820",
        "cluster": 0,
        "suburb": "Arundel",
        "year": 2022
      },
      "type": "Feature"
    },
    {
      "geometry": {
        "coordinates": [
          153.396870918882,
          -28.056426487173606
        ],
        "type": "Point"
      },
      "properties": {
        "cell_id": "1078_13792",
        "cluster": -1,
        "suburb": "Robina",
        "year": 2023
      },
      "type": "Feature"
    },
    {
      "geometry": {
        "coordinates": [
          153.370187931276,
          -27.983187483882503
        ],
        "type": "Point"
      },
      "properties": {
        "cell_id": "1072_13809",
        "cluster": 33,
        "suburb": "Molendinar",
        "year": 2023
      },
      "type": "Feature"
    },
    {
      "geometry": {
        "coordinates": [
          153.289356961185,
          -27.819352474383102
        ],
        "type": "Point"
      },
      "properties": {
        "cell_id": "1056_13845",
        "cluster": 29,
        "suburb": "Pimpama",
        "year": 2023
      },
      "type": "Feature"
    },
    {
      "geometry": {
        "coordinates": [
          153.33163095487,
          -27.832713478779503
        ],
        "type": "Point"
      },
      "properties": {
        "cell_id": "1065_13842",
        "cluster": -1,
        "suburb": "Pimpama",
        "year": 2023
      },
      "type": "Feature"
    },
    {
      "geometry": {
        "coordinates": [
          153.323854949287,
          -27.882722478382988
        ],
        "type": "Point"
      },
      "properties": {
        "cell_id": "1063_13831",
        "cluster": -1,
        "suburb": "Helensvale",
        "year": 2023
      },
      "type": "Feature"
    },
    {
      "geometry": {
        "coordinates": [
          153.375939932693,
          -27.967333484343197
        ],
        "type": "Point"
      },
      "properties": {
        "cell_id": "1073_13812",
        "cluster": 5,
        "suburb": "Molendinar",
        "year": 2023
      },
      "type": "Feature"
    },
    {
      "geometry": {
        "coordinates": [
          153.369669927712,
          -28.0112254840499
        ],
        "type": "Point"
      },
      "properties": {
        "cell_id": "1072_13802",
        "cluster": 61,
        "suburb": "Carrara",
        "year": 2023
      },
      "type": "Feature"
    },
    {
      "geometry": {
        "coordinates": [
          153.315337952285,
          -27.866627477391596
        ],
        "type": "Point"
      },
      "properties": {
        "cell_id": "1062_13835",
        "cluster": 9,
        "suburb": "Coomera",
        "year": 2023
      },
      "type": "Feature"
    },
    {
      "geometry": {
        "coordinates": [
          153.43173792153502,
          -28.00638049033441
        ],
        "type": "Point"
      },
      "properties": {
        "cell_id": "1084_13804",
        "cluster": 17,
        "suburb": "Surfers Paradise",
        "year": 2023
      },
      "type": "Feature"
    },
    {
      "geometry": {
        "coordinates": [
          153.242553974083,
          -27.7583714691603
        ],
        "type": "Point"
      },
      "properties": {
        "cell_id": "1047_13859",
        "cluster": 8,
        "suburb": "Ormeau",
        "year": 2023
      },
      "type": "Feature"
    },
    {
      "geometry": {
        "coordinates": [
          153.315005949122,
          -27.891507477553503
        ],
        "type": "Point"
      },
      "properties": {
        "cell_id": "1062_13829",
        "cluster": 76,
        "suburb": "Helensvale",
        "year": 2023
      },
      "type": "Feature"
    },
    {
      "geometry": {
        "coordinates": [
          153.252610505865,
          -28.039904827391585
        ],
        "type": "Point"
      },
      "properties": {
        "cell_id": "1049_13796",
        "cluster": -1,
        "suburb": "Lower Beechmont",
        "year": 2021
      },
      "type": "Feature"
    },
    {
      "geometry": {
        "coordinates": [
          153.390231941281,
          -27.888684485179905
        ],
        "type": "Point"
      },
      "properties": {
        "cell_id": "1076_13830",
        "cluster": -1,
        "suburb": "Paradise Point",
        "year": 2022
      },
      "type": "Feature"
    },
    {
      "geometry": {
        "coordinates": [
          153.283371952834,
          -27.889480474327804
        ],
        "type": "Point"
      },
      "properties": {
        "cell_id": "1055_13830",
        "cluster": -1,
        "suburb": "Upper Coomera",
        "year": 2022
      },
      "type": "Feature"
    },
    {
      "geometry": {
        "coordinates": [
          153.310855954004,
          -27.857051476861205
        ],
        "type": "Point"
      },
      "properties": {
        "cell_id": "1061_13837",
        "cluster": 9,
        "suburb": "Coomera",
        "year": 2021
      },
      "type": "Feature"
    },
    {
      "geometry": {
        "coordinates": [
          153.379808931246,
          -27.975259484799288
        ],
        "type": "Point"
      },
      "properties": {
        "cell_id": "1074_13810",
        "cluster": 53,
        "suburb": "Southport",
        "year": 2022
      },
      "type": "Feature"
    },
    {
      "geometry": {
        "coordinates": [
          153.480449897485,
          -28.1504554964372
        ],
        "type": "Point"
      },
      "properties": {
        "cell_id": "1094_13772",
        "cluster": -1,
        "suburb": "Tugun",
        "year": 2022
      },
      "type": "Feature"
    },
    {
      "geometry": {
        "coordinates": [
          153.411831923036,
          -28.011638488346303
        ],
        "type": "Point"
      },
      "properties": {
        "cell_id": "1080_13802",
        "cluster": 35,
        "suburb": "Bundall",
        "year": 2021
      },
      "type": "Feature"
    },
    {
      "geometry": {
        "coordinates": [
          153.410994929419,
          -27.96299148787899
        ],
        "type": "Point"
      },
      "properties": {
        "cell_id": "1080_13813",
        "cluster": 6,
        "suburb": "Southport",
        "year": 2021
      },
      "type": "Feature"
    },
    {
      "geometry": {
        "coordinates": [
          153.31463994993,
          -27.885532477469404
        ],
        "type": "Point"
      },
      "properties": {
        "cell_id": "1061_13830",
        "cluster": 30,
        "suburb": "Oxenford",
        "year": 2021
      },
      "type": "Feature"
    },
    {
      "geometry": {
        "coordinates": [
          153.336180960779,
          -27.782881478849404
        ],
        "type": "Point"
      },
      "properties": {
        "cell_id": "1066_13853",
        "cluster": -1,
        "suburb": "Norwell",
        "year": 2021
      },
      "type": "Feature"
    },
    {
      "geometry": {
        "coordinates": [
          153.404101912693,
          -28.098081488236904
        ],
        "type": "Point"
      },
      "properties": {
        "cell_id": "1079_13783",
        "cluster": 50,
        "suburb": "Varsity Lakes",
        "year": 2023
      },
      "type": "Feature"
    },
    {
      "geometry": {
        "coordinates": [
          153.338611931903,
          -28.005139480843997
        ],
        "type": "Point"
      },
      "properties": {
        "cell_id": "1066_13804",
        "cluster": 49,
        "suburb": "Nerang",
        "year": 2023
      },
      "type": "Feature"
    },
    {
      "geometry": {
        "coordinates": [
          153.411531922734,
          -28.014225488336095
        ],
        "type": "Point"
      },
      "properties": {
        "cell_id": "1080_13802",
        "cluster": 35,
        "suburb": "Surfers Paradise",
        "year": 2023
      },
      "type": "Feature"
    },
    {
      "geometry": {
        "coordinates": [
          153.351391947855,
          -27.870522481085295
        ],
        "type": "Point"
      },
      "properties": {
        "cell_id": "1069_13834",
        "cluster": 59,
        "suburb": "Hope Island",
        "year": 2022
      },
      "type": "Feature"
    },
    {
      "geometry": {
        "coordinates": [
          153.386770934735,
          -27.94234248524939
        ],
        "type": "Point"
      },
      "properties": {
        "cell_id": "1076_13818",
        "cluster": 78,
        "suburb": "Labrador",
        "year": 2022
      },
      "type": "Feature"
    },
    {
      "geometry": {
        "coordinates": [
          153.320164956605,
          -27.828922477584992
        ],
        "type": "Point"
      },
      "properties": {
        "cell_id": "1063_13843",
        "cluster": 83,
        "suburb": "Pimpama",
        "year": 2022
      },
      "type": "Feature"
    },
    {
      "geometry": {
        "coordinates": [
          153.314192951132,
          -27.876563097353497
        ],
        "type": "Point"
      },
      "properties": {
        "cell_id": "1061_13832",
        "cluster": 30,
        "suburb": "Upper Coomera",
        "year": 2023
      },
      "type": "Feature"
    },
    {
      "geometry": {
        "coordinates": [
          153.4116399037,
          -28.1610314894982
        ],
        "type": "Point"
      },
      "properties": {
        "cell_id": "1080_13769",
        "cluster": -1,
        "suburb": "Tallebudgera",
        "year": 2023
      },
      "type": "Feature"
    },
    {
      "geometry": {
        "coordinates": [
          153.315034949576,
          -27.887950477528495
        ],
        "type": "Point"
      },
      "properties": {
        "cell_id": "1062_13830",
        "cluster": 30,
        "suburb": "Oxenford",
        "year": 2021
      },
      "type": "Feature"
    },
    {
      "geometry": {
        "coordinates": [
          153.416243917918,
          -28.047442489077
        ],
        "type": "Point"
      },
      "properties": {
        "cell_id": "1081_13794",
        "cluster": 40,
        "suburb": "Mermaid Waters",
        "year": 2023
      },
      "type": "Feature"
    },
    {
      "geometry": {
        "coordinates": [
          153.386799916697,
          -28.081859486347504
        ],
        "type": "Point"
      },
      "properties": {
        "cell_id": "1076_13787",
        "cluster": 52,
        "suburb": "Robina",
        "year": 2023
      },
      "type": "Feature"
    },
    {
      "geometry": {
        "coordinates": [
          153.473746901735,
          -28.123449495540697
        ],
        "type": "Point"
      },
      "properties": {
        "cell_id": "1093_13778",
        "cluster": 34,
        "suburb": "Palm Beach",
        "year": 2023
      },
      "type": "Feature"
    },
    {
      "geometry": {
        "coordinates": [
          153.425839906671,
          -28.126067490671804
        ],
        "type": "Point"
      },
      "properties": {
        "cell_id": "1083_13777",
        "cluster": 45,
        "suburb": "Tallebudgera",
        "year": 2023
      },
      "type": "Feature"
    },
    {
      "geometry": {
        "coordinates": [
          153.337628942308,
          -27.92526048011671
        ],
        "type": "Point"
      },
      "properties": {
        "cell_id": "1066_13822",
        "cluster": 2,
        "suburb": "Helensvale",
        "year": 2022
      },
      "type": "Feature"
    },
    {
      "geometry": {
        "coordinates": [
          153.370086107164,
          -27.929899483453493
        ],
        "type": "Point"
      },
      "properties": {
        "cell_id": "1072_13821",
        "cluster": 20,
        "suburb": "Coombabah",
        "year": 2023
      },
      "type": "Feature"
    },
    {
      "geometry": {
        "coordinates": [
          153.427385923797,
          -27.992585489782293
        ],
        "type": "Point"
      },
      "properties": {
        "cell_id": "1084_13807",
        "cluster": 74,
        "suburb": "Surfers Paradise",
        "year": 2023
      },
      "type": "Feature"
    },
    {
      "geometry": {
        "coordinates": [
          153.293968960528,
          -27.820563474860503
        ],
        "type": "Point"
      },
      "properties": {
        "cell_id": "1057_13845",
        "cluster": 29,
        "suburb": "Pimpama",
        "year": 2023
      },
      "type": "Feature"
    },
    {
      "geometry": {
        "coordinates": [
          153.429126133445,
          -28.017010622151503
        ],
        "type": "Point"
      },
      "properties": {
        "cell_id": "1084_13801",
        "cluster": 14,
        "suburb": "Surfers Paradise",
        "year": 2022
      },
      "type": "Feature"
    },
    {
      "geometry": {
        "coordinates": [
          153.407892929797,
          -27.962694487560604
        ],
        "type": "Point"
      },
      "properties": {
        "cell_id": "1080_13813",
        "cluster": 6,
        "suburb": "Southport",
        "year": 2022
      },
      "type": "Feature"
    },
    {
      "geometry": {
        "coordinates": [
          153.430948911677,
          -28.083132490856205
        ],
        "type": "Point"
      },
      "properties": {
        "cell_id": "1084_13787",
        "cluster": -1,
        "suburb": "Burleigh Waters",
        "year": 2022
      },
      "type": "Feature"
    },
    {
      "geometry": {
        "coordinates": [
          153.315337952285,
          -27.866627477391596
        ],
        "type": "Point"
      },
      "properties": {
        "cell_id": "1062_13835",
        "cluster": 9,
        "suburb": "Coomera",
        "year": 2022
      },
      "type": "Feature"
    },
    {
      "geometry": {
        "coordinates": [
          153.418285915368,
          -28.065397489426005
        ],
        "type": "Point"
      },
      "properties": {
        "cell_id": "1082_13790",
        "cluster": 84,
        "suburb": "Robina",
        "year": 2022
      },
      "type": "Feature"
    },
    {
      "geometry": {
        "coordinates": [
          153.227957322637,
          -28.132694197622907
        ],
        "type": "Point"
      },
      "properties": {
        "cell_id": "1044_13776",
        "cluster": -1,
        "suburb": "Numinbah Valley",
        "year": 2022
      },
      "type": "Feature"
    },
    {
      "geometry": {
        "coordinates": [
          153.3710979263,
          -28.0209404842714
        ],
        "type": "Point"
      },
      "properties": {
        "cell_id": "1072_13800",
        "cluster": 55,
        "suburb": "Carrara",
        "year": 2022
      },
      "type": "Feature"
    },
    {
      "geometry": {
        "coordinates": [
          153.437538913954,
          -28.059984491346803
        ],
        "type": "Point"
      },
      "properties": {
        "cell_id": "1085_13792",
        "cluster": -1,
        "suburb": "Mermaid Waters",
        "year": 2021
      },
      "type": "Feature"
    },
    {
      "geometry": {
        "coordinates": [
          153.405726929676,
          -27.965457487361597
        ],
        "type": "Point"
      },
      "properties": {
        "cell_id": "1079_13813",
        "cluster": -1,
        "suburb": "Southport",
        "year": 2023
      },
      "type": "Feature"
    },
    {
      "geometry": {
        "coordinates": [
          153.370223923257,
          -28.045229484373095
        ],
        "type": "Point"
      },
      "properties": {
        "cell_id": "1072_13795",
        "cluster": -1,
        "suburb": "Merrimac",
        "year": 2023
      },
      "type": "Feature"
    },
    {
      "geometry": {
        "coordinates": [
          153.374404937507,
          -27.931330483904194
        ],
        "type": "Point"
      },
      "properties": {
        "cell_id": "1073_13820",
        "cluster": 20,
        "suburb": "Coombabah",
        "year": 2023
      },
      "type": "Feature"
    },
    {
      "geometry": {
        "coordinates": [
          153.420553926898,
          -27.974402488942896
        ],
        "type": "Point"
      },
      "properties": {
        "cell_id": "1082_13811",
        "cluster": -1,
        "suburb": "Southport",
        "year": 2021
      },
      "type": "Feature"
    },
    {
      "geometry": {
        "coordinates": [
          153.315808950336,
          -27.881386477555495
        ],
        "type": "Point"
      },
      "properties": {
        "cell_id": "1062_13831",
        "cluster": 30,
        "suburb": "Helensvale",
        "year": 2023
      },
      "type": "Feature"
    },
    {
      "geometry": {
        "coordinates": [
          153.373672937615,
          -27.93111548382799
        ],
        "type": "Point"
      },
      "properties": {
        "cell_id": "1073_13820",
        "cluster": 20,
        "suburb": "Coombabah",
        "year": 2023
      },
      "type": "Feature"
    },
    {
      "geometry": {
        "coordinates": [
          153.23345397679,
          -27.7449314681333
        ],
        "type": "Point"
      },
      "properties": {
        "cell_id": "1046_13862",
        "cluster": -1,
        "suburb": "Stapylton",
        "year": 2023
      },
      "type": "Feature"
    },
    {
      "geometry": {
        "coordinates": [
          153.324802943142,
          -27.9296614788483
        ],
        "type": "Point"
      },
      "properties": {
        "cell_id": "1063_13821",
        "cluster": -1,
        "suburb": "Pacific Pines",
        "year": 2023
      },
      "type": "Feature"
    },
    {
      "geometry": {
        "coordinates": [
          153.24014295801,
          -27.885913469919895
        ],
        "type": "Point"
      },
      "properties": {
        "cell_id": "1047_13830",
        "cluster": -1,
        "suburb": "Wongawallan",
        "year": 2023
      },
      "type": "Feature"
    },
    {
      "geometry": {
        "coordinates": [
          153.313258929444,
          -28.045776478587694
        ],
        "type": "Point"
      },
      "properties": {
        "cell_id": "1061_13795",
        "cluster": -1,
        "suburb": "Worongary",
        "year": 2023
      },
      "type": "Feature"
    },
    {
      "geometry": {
        "coordinates": [
          153.338700939783,
          -27.943949480372495
        ],
        "type": "Point"
      },
      "properties": {
        "cell_id": "1066_13817",
        "cluster": 4,
        "suburb": "Gaven",
        "year": 2023
      },
      "type": "Feature"
    },
    {
      "geometry": {
        "coordinates": [
          153.330530954638,
          -27.83545247868931
        ],
        "type": "Point"
      },
      "properties": {
        "cell_id": "1065_13841",
        "cluster": -1,
        "suburb": "Coomera",
        "year": 2022
      },
      "type": "Feature"
    },
    {
      "geometry": {
        "coordinates": [
          153.397912930932,
          -27.9623514865412
        ],
        "type": "Point"
      },
      "properties": {
        "cell_id": "1078_13813",
        "cluster": 15,
        "suburb": "Southport",
        "year": 2023
      },
      "type": "Feature"
    },
    {
      "geometry": {
        "coordinates": [
          153.372805928147,
          -28.005194484321592
        ],
        "type": "Point"
      },
      "properties": {
        "cell_id": "1073_13804",
        "cluster": -1,
        "suburb": "Benowa",
        "year": 2023
      },
      "type": "Feature"
    },
    {
      "geometry": {
        "coordinates": [
          153.421272926482,
          -27.977008489036702
        ],
        "type": "Point"
      },
      "properties": {
        "cell_id": "1082_13810",
        "cluster": -1,
        "suburb": "Southport",
        "year": 2021
      },
      "type": "Feature"
    },
    {
      "geometry": {
        "coordinates": [
          153.41675792013,
          -28.0299174889919
        ],
        "type": "Point"
      },
      "properties": {
        "cell_id": "1081_13798",
        "cluster": -1,
        "suburb": "Broadbeach Waters",
        "year": 2021
      },
      "type": "Feature"
    },
    {
      "geometry": {
        "coordinates": [
          153.317380967686,
          -27.7449594766411
        ],
        "type": "Point"
      },
      "properties": {
        "cell_id": "1062_13862",
        "cluster": -1,
        "suburb": "Woongoolba",
        "year": 2021
      },
      "type": "Feature"
    },
    {
      "geometry": {
        "coordinates": [
          153.390595935625,
          -27.93221048555919
        ],
        "type": "Point"
      },
      "properties": {
        "cell_id": "1076_13820",
        "cluster": 0,
        "suburb": "Biggera Waters",
        "year": 2021
      },
      "type": "Feature"
    },
    {
      "geometry": {
        "coordinates": [
          153.386418916931,
          -28.0803754862971
        ],
        "type": "Point"
      },
      "properties": {
        "cell_id": "1075_13787",
        "cluster": 52,
        "suburb": "Robina",
        "year": 2023
      },
      "type": "Feature"
    },
    {
      "geometry": {
        "coordinates": [
          153.304900952963,
          -27.870199476360202
        ],
        "type": "Point"
      },
      "properties": {
        "cell_id": "1060_13834",
        "cluster": -1,
        "suburb": "Upper Coomera",
        "year": 2023
      },
      "type": "Feature"
    },
    {
      "geometry": {
        "coordinates": [
          153.32989195402004,
          -27.8408034786665
        ],
        "type": "Point"
      },
      "properties": {
        "cell_id": "1064_13840",
        "cluster": -1,
        "suburb": "Coomera",
        "year": 2023
      },
      "type": "Feature"
    },
    {
      "geometry": {
        "coordinates": [
          153.405800934037,
          -27.93164348710341
        ],
        "type": "Point"
      },
      "properties": {
        "cell_id": "1079_13820",
        "cluster": -1,
        "suburb": "Biggera Waters",
        "year": 2023
      },
      "type": "Feature"
    },
    {
      "geometry": {
        "coordinates": [
          153.374381937496,
          -27.931434483902592
        ],
        "type": "Point"
      },
      "properties": {
        "cell_id": "1073_13820",
        "cluster": 20,
        "suburb": "Arundel",
        "year": 2022
      },
      "type": "Feature"
    },
    {
      "geometry": {
        "coordinates": [
          153.34030593336,
          -27.992403480916195
        ],
        "type": "Point"
      },
      "properties": {
        "cell_id": "1066_13807",
        "cluster": 27,
        "suburb": "Nerang",
        "year": 2023
      },
      "type": "Feature"
    },
    {
      "geometry": {
        "coordinates": [
          153.307598952139,
          -27.874325476666503
        ],
        "type": "Point"
      },
      "properties": {
        "cell_id": "1060_13833",
        "cluster": -1,
        "suburb": "Upper Coomera",
        "year": 2023
      },
      "type": "Feature"
    },
    {
      "geometry": {
        "coordinates": [
          153.410116930182,
          -27.957831487748997
        ],
        "type": "Point"
      },
      "properties": {
        "cell_id": "1080_13814",
        "cluster": 6,
        "suburb": "Southport",
        "year": 2021
      },
      "type": "Feature"
    },
    {
      "geometry": {
        "coordinates": [
          153.417577920473,
          -28.026577489049195
        ],
        "type": "Point"
      },
      "properties": {
        "cell_id": "1082_13799",
        "cluster": -1,
        "suburb": "Broadbeach Waters",
        "year": 2021
      },
      "type": "Feature"
    },
    {
      "geometry": {
        "coordinates": [
          153.409604923364,
          -28.010992488114297
        ],
        "type": "Point"
      },
      "properties": {
        "cell_id": "1080_13803",
        "cluster": 35,
        "suburb": "Bundall",
        "year": 2023
      },
      "type": "Feature"
    },
    {
      "geometry": {
        "coordinates": [
          153.413543923931,
          -28.0032694884551
        ],
        "type": "Point"
      },
      "properties": {
        "cell_id": "1081_13804",
        "cluster": 51,
        "suburb": "Bundall",
        "year": 2022
      },
      "type": "Feature"
    },
    {
      "geometry": {
        "coordinates": [
          153.263305922617,
          -28.141368474270298
        ],
        "type": "Point"
      },
      "properties": {
        "cell_id": "1051_13774",
        "cluster": -1,
        "suburb": "Numinbah Valley",
        "year": 2023
      },
      "type": "Feature"
    },
    {
      "geometry": {
        "coordinates": [
          153.405653932483,
          -27.943801487184
        ],
        "type": "Point"
      },
      "properties": {
        "cell_id": "1079_13817",
        "cluster": 22,
        "suburb": "Labrador",
        "year": 2021
      },
      "type": "Feature"
    },
    {
      "geometry": {
        "coordinates": [
          153.385428819171,
          -28.032984096824496
        ],
        "type": "Point"
      },
      "properties": {
        "cell_id": "1075_13798",
        "cluster": 56,
        "suburb": "Merrimac",
        "year": 2023
      },
      "type": "Feature"
    },
    {
      "geometry": {
        "coordinates": [
          153.38604993433,
          -27.946086485205402
        ],
        "type": "Point"
      },
      "properties": {
        "cell_id": "1075_13817",
        "cluster": 78,
        "suburb": "Labrador",
        "year": 2023
      },
      "type": "Feature"
    },
    {
      "geometry": {
        "coordinates": [
          153.293531276267,
          -27.822973905835102
        ],
        "type": "Point"
      },
      "properties": {
        "cell_id": "1057_13844",
        "cluster": 29,
        "suburb": "Pimpama",
        "year": 2022
      },
      "type": "Feature"
    },
    {
      "geometry": {
        "coordinates": [
          153.407310918838,
          -28.047908488170307
        ],
        "type": "Point"
      },
      "properties": {
        "cell_id": "1080_13794",
        "cluster": 39,
        "suburb": "Mermaid Waters",
        "year": 2021
      },
      "type": "Feature"
    },
    {
      "geometry": {
        "coordinates": [
          153.327177952173,
          -27.857464478521905
        ],
        "type": "Point"
      },
      "properties": {
        "cell_id": "1064_13837",
        "cluster": -1,
        "suburb": "Coomera",
        "year": 2023
      },
      "type": "Feature"
    },
    {
      "geometry": {
        "coordinates": [
          153.46445790396,
          -28.1141954945194
        ],
        "type": "Point"
      },
      "properties": {
        "cell_id": "1091_13780",
        "cluster": -1,
        "suburb": "Palm Beach",
        "year": 2021
      },
      "type": "Feature"
    },
    {
      "geometry": {
        "coordinates": [
          153.43045390123902,
          -28.164001491439492
        ],
        "type": "Point"
      },
      "properties": {
        "cell_id": "1084_13769",
        "cluster": -1,
        "suburb": "Tallebudgera",
        "year": 2021
      },
      "type": "Feature"
    },
    {
      "geometry": {
        "coordinates": [
          153.217954961392,
          -27.87842846761579
        ],
        "type": "Point"
      },
      "properties": {
        "cell_id": "1042_13832",
        "cluster": -1,
        "suburb": "Wongawallan",
        "year": 2021
      },
      "type": "Feature"
    },
    {
      "geometry": {
        "coordinates": [
          153.402761668677,
          -27.9524811549575
        ],
        "type": "Point"
      },
      "properties": {
        "cell_id": "1079_13815",
        "cluster": -1,
        "suburb": "Labrador",
        "year": 2023
      },
      "type": "Feature"
    },
    {
      "geometry": {
        "coordinates": [
          153.357632935345,
          -27.9623094824414
        ],
        "type": "Point"
      },
      "properties": {
        "cell_id": "1070_13813",
        "cluster": 57,
        "suburb": "Molendinar",
        "year": 2021
      },
      "type": "Feature"
    },
    {
      "geometry": {
        "coordinates": [
          153.358181927937,
          -28.019238482944196
        ],
        "type": "Point"
      },
      "properties": {
        "cell_id": "1070_13801",
        "cluster": -1,
        "suburb": "Carrara",
        "year": 2021
      },
      "type": "Feature"
    },
    {
      "geometry": {
        "coordinates": [
          153.32232895925,
          -27.946460927729003
        ],
        "type": "Point"
      },
      "properties": {
        "cell_id": "1063_13817",
        "cluster": -1,
        "suburb": "Pacific Pines",
        "year": 2021
      },
      "type": "Feature"
    },
    {
      "geometry": {
        "coordinates": [
          153.341029961629,
          -27.772170479257802
        ],
        "type": "Point"
      },
      "properties": {
        "cell_id": "1067_13855",
        "cluster": -1,
        "suburb": "Jacobs Well",
        "year": 2021
      },
      "type": "Feature"
    },
    {
      "geometry": {
        "coordinates": [
          153.39338797838,
          -28.0941562811148
        ],
        "type": "Point"
      },
      "properties": {
        "cell_id": "1077_13784",
        "cluster": -1,
        "suburb": "Varsity Lakes",
        "year": 2022
      },
      "type": "Feature"
    },
    {
      "geometry": {
        "coordinates": [
          153.339900933259,
          -27.993533480883897
        ],
        "type": "Point"
      },
      "properties": {
        "cell_id": "1066_13806",
        "cluster": 27,
        "suburb": "Nerang",
        "year": 2021
      },
      "type": "Feature"
    },
    {
      "geometry": {
        "coordinates": [
          153.427130671188,
          -27.966594719552102
        ],
        "type": "Point"
      },
      "properties": {
        "cell_id": "1084_13812",
        "cluster": -1,
        "suburb": "Main Beach",
        "year": 2021
      },
      "type": "Feature"
    },
    {
      "geometry": {
        "coordinates": [
          153.440939911619,
          -28.075111491812493
        ],
        "type": "Point"
      },
      "properties": {
        "cell_id": "1086_13788",
        "cluster": 12,
        "suburb": "Miami",
        "year": 2021
      },
      "type": "Feature"
    },
    {
      "geometry": {
        "coordinates": [
          153.34408593493,
          -27.9770244811796
        ],
        "type": "Point"
      },
      "properties": {
        "cell_id": "1067_13810",
        "cluster": 10,
        "suburb": "Nerang",
        "year": 2021
      },
      "type": "Feature"
    },
    {
      "geometry": {
        "coordinates": [
          153.329691955114,
          -27.8324594785805
        ],
        "type": "Point"
      },
      "properties": {
        "cell_id": "1064_13842",
        "cluster": -1,
        "suburb": "Pimpama",
        "year": 2022
      },
      "type": "Feature"
    },
    {
      "geometry": {
        "coordinates": [
          153.31546594985,
          -27.885458477552696
        ],
        "type": "Point"
      },
      "properties": {
        "cell_id": "1062_13830",
        "cluster": 30,
        "suburb": "Oxenford",
        "year": 2022
      },
      "type": "Feature"
    },
    {
      "geometry": {
        "coordinates": [
          153.347346923715,
          -28.061138482171195
        ],
        "type": "Point"
      },
      "properties": {
        "cell_id": "1068_13791",
        "cluster": -1,
        "suburb": "Worongary",
        "year": 2021
      },
      "type": "Feature"
    },
    {
      "geometry": {
        "coordinates": [
          153.291488950175,
          -27.903278475259505
        ],
        "type": "Point"
      },
      "properties": {
        "cell_id": "1057_13826",
        "cluster": -1,
        "suburb": "Upper Coomera",
        "year": 2021
      },
      "type": "Feature"
    },
    {
      "geometry": {
        "coordinates": [
          153.429900924238,
          -27.987055489995296
        ],
        "type": "Point"
      },
      "properties": {
        "cell_id": "1084_13808",
        "cluster": -1,
        "suburb": "Main Beach",
        "year": 2021
      },
      "type": "Feature"
    },
    {
      "geometry": {
        "coordinates": [
          153.232483659994,
          -27.876964469074203
        ],
        "type": "Point"
      },
      "properties": {
        "cell_id": "1045_13832",
        "cluster": -1,
        "suburb": "Wongawallan",
        "year": 2021
      },
      "type": "Feature"
    },
    {
      "geometry": {
        "coordinates": [
          153.326797759743,
          -27.923303016001004
        ],
        "type": "Point"
      },
      "properties": {
        "cell_id": "1064_13822",
        "cluster": 11,
        "suburb": "Helensvale",
        "year": 2021
      },
      "type": "Feature"
    },
    {
      "geometry": {
        "coordinates": [
          153.410045926742,
          -27.98450148795129
        ],
        "type": "Point"
      },
      "properties": {
        "cell_id": "1080_13808",
        "cluster": 71,
        "suburb": "Southport",
        "year": 2021
      },
      "type": "Feature"
    },
    {
      "geometry": {
        "coordinates": [
          153.403518916838,
          -28.066577487930402
        ],
        "type": "Point"
      },
      "properties": {
        "cell_id": "1079_13790",
        "cluster": -1,
        "suburb": "Robina",
        "year": 2021
      },
      "type": "Feature"
    },
    {
      "geometry": {
        "coordinates": [
          153.213338961393,
          -27.882349467179797
        ],
        "type": "Point"
      },
      "properties": {
        "cell_id": "1041_13831",
        "cluster": -1,
        "suburb": "Wongawallan",
        "year": 2023
      },
      "type": "Feature"
    },
    {
      "geometry": {
        "coordinates": [
          153.296100949936,
          -27.901222475711197
        ],
        "type": "Point"
      },
      "properties": {
        "cell_id": "1058_13827",
        "cluster": -1,
        "suburb": "Oxenford",
        "year": 2022
      },
      "type": "Feature"
    },
    {
      "geometry": {
        "coordinates": [
          153.40232991895002,
          -28.051268487689192
        ],
        "type": "Point"
      },
      "properties": {
        "cell_id": "1079_13794",
        "cluster": -1,
        "suburb": "Robina",
        "year": 2023
      },
      "type": "Feature"
    },
    {
      "geometry": {
        "coordinates": [
          153.37817693340202,
          -27.959949484512904
        ],
        "type": "Point"
      },
      "properties": {
        "cell_id": "1074_13814",
        "cluster": 7,
        "suburb": "Parkwood",
        "year": 2023
      },
      "type": "Feature"
    },
    {
      "geometry": {
        "coordinates": [
          153.405061918439,
          -28.052899487980298
        ],
        "type": "Point"
      },
      "properties": {
        "cell_id": "1079_13793",
        "cluster": 73,
        "suburb": "Robina",
        "year": 2023
      },
      "type": "Feature"
    },
    {
      "geometry": {
        "coordinates": [
          153.338908934937,
          -27.981366480687594
        ],
        "type": "Point"
      },
      "properties": {
        "cell_id": "1066_13809",
        "cluster": -1,
        "suburb": "Nerang",
        "year": 2023
      },
      "type": "Feature"
    },
    {
      "geometry": {
        "coordinates": [
          153.400006932533,
          -27.948190486643195
        ],
        "type": "Point"
      },
      "properties": {
        "cell_id": "1078_13816",
        "cluster": -1,
        "suburb": "Labrador",
        "year": 2022
      },
      "type": "Feature"
    },
    {
      "geometry": {
        "coordinates": [
          153.414414915518,
          -28.0675204890481
        ],
        "type": "Point"
      },
      "properties": {
        "cell_id": "1081_13790",
        "cluster": -1,
        "suburb": "Robina",
        "year": 2022
      },
      "type": "Feature"
    },
    {
      "geometry": {
        "coordinates": [
          153.268911555012,
          -28.1954983392621
        ],
        "type": "Point"
      },
      "properties": {
        "cell_id": "1052_13762",
        "cluster": -1,
        "suburb": "Springbrook",
        "year": 2023
      },
      "type": "Feature"
    },
    {
      "geometry": {
        "coordinates": [
          153.387865942064,
          -27.884612484907
        ],
        "type": "Point"
      },
      "properties": {
        "cell_id": "1076_13831",
        "cluster": -1,
        "suburb": "Paradise Point",
        "year": 2022
      },
      "type": "Feature"
    },
    {
      "geometry": {
        "coordinates": [
          153.366730928324,
          -28.008980483733296
        ],
        "type": "Point"
      },
      "properties": {
        "cell_id": "1072_13803",
        "cluster": -1,
        "suburb": "Carrara",
        "year": 2021
      },
      "type": "Feature"
    },
    {
      "geometry": {
        "coordinates": [
          153.438277915663,
          -28.046178491313896
        ],
        "type": "Point"
      },
      "properties": {
        "cell_id": "1086_13795",
        "cluster": -1,
        "suburb": "Mermaid Beach",
        "year": 2021
      },
      "type": "Feature"
    },
    {
      "geometry": {
        "coordinates": [
          153.290875970766,
          -27.821330399552807
        ],
        "type": "Point"
      },
      "properties": {
        "cell_id": "1057_13845",
        "cluster": 29,
        "suburb": "Pimpama",
        "year": 2021
      },
      "type": "Feature"
    },
    {
      "geometry": {
        "coordinates": [
          153.433401917092,
          -28.039274490762295
        ],
        "type": "Point"
      },
      "properties": {
        "cell_id": "1085_13796",
        "cluster": 16,
        "suburb": "Mermaid Beach",
        "year": 2021
      },
      "type": "Feature"
    },
    {
      "geometry": {
        "coordinates": [
          153.312915944933,
          -27.9258394776112
        ],
        "type": "Point"
      },
      "properties": {
        "cell_id": "1061_13821",
        "cluster": -1,
        "suburb": "Pacific Pines",
        "year": 2021
      },
      "type": "Feature"
    },
    {
      "geometry": {
        "coordinates": [
          153.40998592096,
          -28.029246488296398
        ],
        "type": "Point"
      },
      "properties": {
        "cell_id": "1080_13798",
        "cluster": -1,
        "suburb": "Broadbeach Waters",
        "year": 2021
      },
      "type": "Feature"
    },
    {
      "geometry": {
        "coordinates": [
          153.245071272535,
          -27.74489291030899
        ],
        "type": "Point"
      },
      "properties": {
        "cell_id": "1048_13862",
        "cluster": -1,
        "suburb": "Stapylton",
        "year": 2021
      },
      "type": "Feature"
    },
    {
      "geometry": {
        "coordinates": [
          153.354120921794,
          -28.070238482931295
        ],
        "type": "Point"
      },
      "properties": {
        "cell_id": "1069_13789",
        "cluster": 82,
        "suburb": "Mudgeeraba",
        "year": 2021
      },
      "type": "Feature"
    },
    {
      "geometry": {
        "coordinates": [
          153.348447929608,
          -28.0145644819178
        ],
        "type": "Point"
      },
      "properties": {
        "cell_id": "1068_13802",
        "cluster": 62,
        "suburb": "Carrara",
        "year": 2022
      },
      "type": "Feature"
    },
    {
      "geometry": {
        "coordinates": [
          153.431086922205,
          -28.001760490231803
        ],
        "type": "Point"
      },
      "properties": {
        "cell_id": "1084_13805",
        "cluster": 17,
        "suburb": "Surfers Paradise",
        "year": 2021
      },
      "type": "Feature"
    },
    {
      "geometry": {
        "coordinates": [
          153.426991923039,
          -27.99877848979079
        ],
        "type": "Point"
      },
      "properties": {
        "cell_id": "1083_13805",
        "cluster": 17,
        "suburb": "Surfers Paradise",
        "year": 2023
      },
      "type": "Feature"
    },
    {
      "geometry": {
        "coordinates": [
          153.341239958666,
          -27.795052479459308
        ],
        "type": "Point"
      },
      "properties": {
        "cell_id": "1067_13850",
        "cluster": -1,
        "suburb": "Norwell",
        "year": 2023
      },
      "type": "Feature"
    },
    {
      "geometry": {
        "coordinates": [
          153.334095948001,
          -27.884032479433596
        ],
        "type": "Point"
      },
      "properties": {
        "cell_id": "1065_13831",
        "cluster": -1,
        "suburb": "Helensvale",
        "year": 2023
      },
      "type": "Feature"
    },
    {
      "geometry": {
        "coordinates": [
          153.283300949925,
          -27.912182474499105
        ],
        "type": "Point"
      },
      "properties": {
        "cell_id": "1055_13824",
        "cluster": -1,
        "suburb": "Oxenford",
        "year": 2023
      },
      "type": "Feature"
    },
    {
      "geometry": {
        "coordinates": [
          153.365283931548,
          -27.98524248339969
        ],
        "type": "Point"
      },
      "properties": {
        "cell_id": "1071_13808",
        "cluster": 38,
        "suburb": "Ashmore",
        "year": 2023
      },
      "type": "Feature"
    },
    {
      "geometry": {
        "coordinates": [
          153.428212115995,
          -28.005808964970406
        ],
        "type": "Point"
      },
      "properties": {
        "cell_id": "1084_13804",
        "cluster": 17,
        "suburb": "Surfers Paradise",
        "year": 2023
      },
      "type": "Feature"
    },
    {
      "geometry": {
        "coordinates": [
          153.3766119322,
          -27.970585484437198
        ],
        "type": "Point"
      },
      "properties": {
        "cell_id": "1074_13811",
        "cluster": -1,
        "suburb": "Southport",
        "year": 2023
      },
      "type": "Feature"
    },
    {
      "geometry": {
        "coordinates": [
          153.320560975421,
          -27.915563608306705
        ],
        "type": "Point"
      },
      "properties": {
        "cell_id": "1063_13824",
        "cluster": -1,
        "suburb": "Helensvale",
        "year": 2023
      },
      "type": "Feature"
    },
    {
      "geometry": {
        "coordinates": [
          153.228643006481,
          -27.735778044574293
        ],
        "type": "Point"
      },
      "properties": {
        "cell_id": "1045_13864",
        "cluster": 23,
        "suburb": "Stapylton",
        "year": 2022
      },
      "type": "Feature"
    },
    {
      "geometry": {
        "coordinates": [
          153.319515946906,
          -27.90490447811681
        ],
        "type": "Point"
      },
      "properties": {
        "cell_id": "1062_13826",
        "cluster": 19,
        "suburb": "Helensvale",
        "year": 2022
      },
      "type": "Feature"
    },
    {
      "geometry": {
        "coordinates": [
          153.313284942661,
          -27.9431784777849
        ],
        "type": "Point"
      },
      "properties": {
        "cell_id": "1061_13818",
        "cluster": -1,
        "suburb": "Pacific Pines",
        "year": 2022
      },
      "type": "Feature"
    },
    {
      "geometry": {
        "coordinates": [
          153.266339965546,
          -27.8048714719357
        ],
        "type": "Point"
      },
      "properties": {
        "cell_id": "1052_13848",
        "cluster": 60,
        "suburb": "Pimpama",
        "year": 2022
      },
      "type": "Feature"
    },
    {
      "geometry": {
        "coordinates": [
          153.320729950296,
          -27.8775274780248
        ],
        "type": "Point"
      },
      "properties": {
        "cell_id": "1063_13832",
        "cluster": -1,
        "suburb": "Helensvale",
        "year": 2021
      },
      "type": "Feature"
    },
    {
      "geometry": {
        "coordinates": [
          153.34329593807004,
          -27.95333748091329
        ],
        "type": "Point"
      },
      "properties": {
        "cell_id": "1067_13815",
        "cluster": 4,
        "suburb": "Gaven",
        "year": 2021
      },
      "type": "Feature"
    },
    {
      "geometry": {
        "coordinates": [
          153.3710979263,
          -28.0209404842714
        ],
        "type": "Point"
      },
      "properties": {
        "cell_id": "1072_13800",
        "cluster": 55,
        "suburb": "Carrara",
        "year": 2021
      },
      "type": "Feature"
    },
    {
      "geometry": {
        "coordinates": [
          153.412782928181,
          -27.971052488124496
        ],
        "type": "Point"
      },
      "properties": {
        "cell_id": "1081_13811",
        "cluster": 24,
        "suburb": "Southport",
        "year": 2021
      },
      "type": "Feature"
    },
    {
      "geometry": {
        "coordinates": [
          153.268104964841,
          -27.808873472146097
        ],
        "type": "Point"
      },
      "properties": {
        "cell_id": "1052_13847",
        "cluster": -1,
        "suburb": "Pimpama",
        "year": 2023
      },
      "type": "Feature"
    },
    {
      "geometry": {
        "coordinates": [
          153.495318896666,
          -28.144154497907596
        ],
        "type": "Point"
      },
      "properties": {
        "cell_id": "1097_13773",
        "cluster": 69,
        "suburb": "Tugun",
        "year": 2021
      },
      "type": "Feature"
    },
    {
      "geometry": {
        "coordinates": [
          153.317209671963,
          -27.906418345894497
        ],
        "type": "Point"
      },
      "properties": {
        "cell_id": "1062_13826",
        "cluster": 19,
        "suburb": "Helensvale",
        "year": 2021
      },
      "type": "Feature"
    },
    {
      "geometry": {
        "coordinates": [
          153.330060840859,
          -27.935160452425603
        ],
        "type": "Point"
      },
      "properties": {
        "cell_id": "1064_13819",
        "cluster": -1,
        "suburb": "Gaven",
        "year": 2021
      },
      "type": "Feature"
    },
    {
      "geometry": {
        "coordinates": [
          153.242310971062,
          -27.782189469323303
        ],
        "type": "Point"
      },
      "properties": {
        "cell_id": "1047_13853",
        "cluster": -1,
        "suburb": "Ormeau",
        "year": 2021
      },
      "type": "Feature"
    },
    {
      "geometry": {
        "coordinates": [
          153.379352417769,
          -28.07990809857411
        ],
        "type": "Point"
      },
      "properties": {
        "cell_id": "1074_13787",
        "cluster": -1,
        "suburb": "Robina",
        "year": 2022
      },
      "type": "Feature"
    },
    {
      "geometry": {
        "coordinates": [
          153.420109924101,
          -27.9963984890704
        ],
        "type": "Point"
      },
      "properties": {
        "cell_id": "1082_13806",
        "cluster": 46,
        "suburb": "Surfers Paradise",
        "year": 2022
      },
      "type": "Feature"
    },
    {
      "geometry": {
        "coordinates": [
          153.236745978236,
          -27.730822468355296
        ],
        "type": "Point"
      },
      "properties": {
        "cell_id": "1046_13865",
        "cluster": -1,
        "suburb": "Stapylton",
        "year": 2021
      },
      "type": "Feature"
    },
    {
      "geometry": {
        "coordinates": [
          153.307163954305,
          -27.857836476492697
        ],
        "type": "Point"
      },
      "properties": {
        "cell_id": "1060_13837",
        "cluster": 9,
        "suburb": "Upper Coomera",
        "year": 2022
      },
      "type": "Feature"
    },
    {
      "geometry": {
        "coordinates": [
          153.32066094401,
          -27.9264404784023
        ],
        "type": "Point"
      },
      "properties": {
        "cell_id": "1063_13821",
        "cluster": -1,
        "suburb": "Pacific Pines",
        "year": 2022
      },
      "type": "Feature"
    },
    {
      "geometry": {
        "coordinates": [
          153.39428293377,
          -27.94345548602299
        ],
        "type": "Point"
      },
      "properties": {
        "cell_id": "1077_13817",
        "cluster": -1,
        "suburb": "Labrador",
        "year": 2022
      },
      "type": "Feature"
    },
    {
      "geometry": {
        "coordinates": [
          153.226777960803,
          -27.875509468485408
        ],
        "type": "Point"
      },
      "properties": {
        "cell_id": "1044_13833",
        "cluster": -1,
        "suburb": "Wongawallan",
        "year": 2022
      },
      "type": "Feature"
    },
    {
      "geometry": {
        "coordinates": [
          153.41004692673,
          -27.984588487951996
        ],
        "type": "Point"
      },
      "properties": {
        "cell_id": "1080_13808",
        "cluster": 71,
        "suburb": "Southport",
        "year": 2023
      },
      "type": "Feature"
    },
    {
      "geometry": {
        "coordinates": [
          153.343956934929,
          -27.9771384811674
        ],
        "type": "Point"
      },
      "properties": {
        "cell_id": "1067_13810",
        "cluster": 10,
        "suburb": "Nerang",
        "year": 2023
      },
      "type": "Feature"
    },
    {
      "geometry": {
        "coordinates": [
          153.419781916897,
          -28.052323489475896
        ],
        "type": "Point"
      },
      "properties": {
        "cell_id": "1082_13793",
        "cluster": -1,
        "suburb": "Mermaid Waters",
        "year": 2023
      },
      "type": "Feature"
    },
    {
      "geometry": {
        "coordinates": [
          153.430032909323,
          -28.1020624909113
        ],
        "type": "Point"
      },
      "properties": {
        "cell_id": "1084_13782",
        "cluster": -1,
        "suburb": "Burleigh Heads",
        "year": 2022
      },
      "type": "Feature"
    },
    {
      "geometry": {
        "coordinates": [
          153.35898057933002,
          -28.000028110874595
        ],
        "type": "Point"
      },
      "properties": {
        "cell_id": "1070_13805",
        "cluster": -1,
        "suburb": "Nerang",
        "year": 2023
      },
      "type": "Feature"
    },
    {
      "geometry": {
        "coordinates": [
          153.408746930696,
          -27.955015487587303
        ],
        "type": "Point"
      },
      "properties": {
        "cell_id": "1080_13815",
        "cluster": 6,
        "suburb": "Labrador",
        "year": 2021
      },
      "type": "Feature"
    },
    {
      "geometry": {
        "coordinates": [
          153.454116906501,
          -28.1033864933789
        ],
        "type": "Point"
      },
      "properties": {
        "cell_id": "1089_13782",
        "cluster": -1,
        "suburb": "Palm Beach",
        "year": 2021
      },
      "type": "Feature"
    },
    {
      "geometry": {
        "coordinates": [
          153.19074177651,
          -27.7755849160556
        ],
        "type": "Point"
      },
      "properties": {
        "cell_id": "1037_13855",
        "cluster": -1,
        "suburb": "Luscombe",
        "year": 2022
      },
      "type": "Feature"
    },
    {
      "geometry": {
        "coordinates": [
          153.439560913813,
          -28.05935949154821
        ],
        "type": "Point"
      },
      "properties": {
        "cell_id": "1086_13792",
        "cluster": -1,
        "suburb": "Mermaid Beach",
        "year": 2022
      },
      "type": "Feature"
    },
    {
      "geometry": {
        "coordinates": [
          153.426044924978,
          -27.98459648958279
        ],
        "type": "Point"
      },
      "properties": {
        "cell_id": "1083_13808",
        "cluster": -1,
        "suburb": "Surfers Paradise",
        "year": 2022
      },
      "type": "Feature"
    },
    {
      "geometry": {
        "coordinates": [
          153.385983923157,
          -28.032622485878196
        ],
        "type": "Point"
      },
      "properties": {
        "cell_id": "1075_13798",
        "cluster": 56,
        "suburb": "Merrimac",
        "year": 2022
      },
      "type": "Feature"
    },
    {
      "geometry": {
        "coordinates": [
          153.426818928418,
          -27.9573514894477
        ],
        "type": "Point"
      },
      "properties": {
        "cell_id": "1083_13814",
        "cluster": -1,
        "suburb": "Main Beach",
        "year": 2023
      },
      "type": "Feature"
    },
    {
      "geometry": {
        "coordinates": [
          153.426748922823,
          -28.0006534897807
        ],
        "type": "Point"
      },
      "properties": {
        "cell_id": "1083_13805",
        "cluster": 17,
        "suburb": "Surfers Paradise",
        "year": 2021
      },
      "type": "Feature"
    },
    {
      "geometry": {
        "coordinates": [
          153.326047967587,
          -27.738410477469596
        ],
        "type": "Point"
      },
      "properties": {
        "cell_id": "1064_13863",
        "cluster": -1,
        "suburb": "Woongoolba",
        "year": 2021
      },
      "type": "Feature"
    },
    {
      "geometry": {
        "coordinates": [
          153.431149922176,
          -28.001924490239496
        ],
        "type": "Point"
      },
      "properties": {
        "cell_id": "1084_13805",
        "cluster": 17,
        "suburb": "Surfers Paradise",
        "year": 2022
      },
      "type": "Feature"
    },
    {
      "geometry": {
        "coordinates": [
          153.290690961468,
          -27.816015474492193
        ],
        "type": "Point"
      },
      "properties": {
        "cell_id": "1057_13846",
        "cluster": -1,
        "suburb": "Pimpama",
        "year": 2021
      },
      "type": "Feature"
    },
    {
      "geometry": {
        "coordinates": [
          153.36178522213103,
          -27.960442653849007
        ],
        "type": "Point"
      },
      "properties": {
        "cell_id": "1071_13814",
        "cluster": -1,
        "suburb": "Parkwood",
        "year": 2022
      },
      "type": "Feature"
    },
    {
      "geometry": {
        "coordinates": [
          153.407375930562,
          -27.957212487464805
        ],
        "type": "Point"
      },
      "properties": {
        "cell_id": "1080_13814",
        "cluster": 6,
        "suburb": "Southport",
        "year": 2023
      },
      "type": "Feature"
    },
    {
      "geometry": {
        "coordinates": [
          153.414205756398,
          -27.97590530430771
        ],
        "type": "Point"
      },
      "properties": {
        "cell_id": "1081_13810",
        "cluster": 24,
        "suburb": "Southport",
        "year": 2023
      },
      "type": "Feature"
    },
    {
      "geometry": {
        "coordinates": [
          153.390527935649,
          -27.932077485551197
        ],
        "type": "Point"
      },
      "properties": {
        "cell_id": "1076_13820",
        "cluster": 0,
        "suburb": "Biggera Waters",
        "year": 2021
      },
      "type": "Feature"
    },
    {
      "geometry": {
        "coordinates": [
          153.367224238041,
          -28.111308431586092
        ],
        "type": "Point"
      },
      "properties": {
        "cell_id": "1072_13780",
        "cluster": -1,
        "suburb": "Bonogin",
        "year": 2023
      },
      "type": "Feature"
    },
    {
      "geometry": {
        "coordinates": [
          153.428605915441,
          -28.056078490405092
        ],
        "type": "Point"
      },
      "properties": {
        "cell_id": "1084_13793",
        "cluster": -1,
        "suburb": "Mermaid Waters",
        "year": 2021
      },
      "type": "Feature"
    },
    {
      "geometry": {
        "coordinates": [
          153.397830534395,
          -27.93561108632269
        ],
        "type": "Point"
      },
      "properties": {
        "cell_id": "1078_13819",
        "cluster": -1,
        "suburb": "Labrador",
        "year": 2022
      },
      "type": "Feature"
    },
    {
      "geometry": {
        "coordinates": [
          153.342190931519,
          -28.005073481207205
        ],
        "type": "Point"
      },
      "properties": {
        "cell_id": "1067_13804",
        "cluster": 49,
        "suburb": "Nerang",
        "year": 2022
      },
      "type": "Feature"
    },
    {
      "geometry": {
        "coordinates": [
          153.374077933898,
          -27.9595734840928
        ],
        "type": "Point"
      },
      "properties": {
        "cell_id": "1073_13814",
        "cluster": -1,
        "suburb": "Parkwood",
        "year": 2023
      },
      "type": "Feature"
    },
    {
      "geometry": {
        "coordinates": [
          153.363047937245,
          -27.942988482840295
        ],
        "type": "Point"
      },
      "properties": {
        "cell_id": "1071_13818",
        "cluster": -1,
        "suburb": "Arundel",
        "year": 2023
      },
      "type": "Feature"
    },
    {
      "geometry": {
        "coordinates": [
          153.41193492965402,
          -27.96037948795429
        ],
        "type": "Point"
      },
      "properties": {
        "cell_id": "1081_13814",
        "cluster": 6,
        "suburb": "Southport",
        "year": 2022
      },
      "type": "Feature"
    },
    {
      "geometry": {
        "coordinates": [
          153.431750920904,
          -28.011243490373893
        ],
        "type": "Point"
      },
      "properties": {
        "cell_id": "1084_13802",
        "cluster": 14,
        "suburb": "Surfers Paradise",
        "year": 2022
      },
      "type": "Feature"
    },
    {
      "geometry": {
        "coordinates": [
          153.428477904518,
          -28.140416491053305
        ],
        "type": "Point"
      },
      "properties": {
        "cell_id": "1084_13774",
        "cluster": -1,
        "suburb": "Tallebudgera",
        "year": 2022
      },
      "type": "Feature"
    },
    {
      "geometry": {
        "coordinates": [
          153.33656994075,
          -27.938249480111203
        ],
        "type": "Point"
      },
      "properties": {
        "cell_id": "1066_13819",
        "cluster": 86,
        "suburb": "Helensvale",
        "year": 2023
      },
      "type": "Feature"
    },
    {
      "geometry": {
        "coordinates": [
          153.358914933639,
          -27.9744444826671
        ],
        "type": "Point"
      },
      "properties": {
        "cell_id": "1070_13811",
        "cluster": -1,
        "suburb": "Molendinar",
        "year": 2023
      },
      "type": "Feature"
    },
    {
      "geometry": {
        "coordinates": [
          153.394759941028,
          -27.8868154856263
        ],
        "type": "Point"
      },
      "properties": {
        "cell_id": "1077_13830",
        "cluster": -1,
        "suburb": "Paradise Point",
        "year": 2022
      },
      "type": "Feature"
    },
    {
      "geometry": {
        "coordinates": [
          153.389274931807,
          -27.962893485665802
        ],
        "type": "Point"
      },
      "properties": {
        "cell_id": "1076_13813",
        "cluster": -1,
        "suburb": "Southport",
        "year": 2023
      },
      "type": "Feature"
    },
    {
      "geometry": {
        "coordinates": [
          153.292974710366,
          -27.8226689017762
        ],
        "type": "Point"
      },
      "properties": {
        "cell_id": "1057_13844",
        "cluster": 29,
        "suburb": "Pimpama",
        "year": 2023
      },
      "type": "Feature"
    },
    {
      "geometry": {
        "coordinates": [
          153.427300907796,
          -28.116159490743193
        ],
        "type": "Point"
      },
      "properties": {
        "cell_id": "1083_13779",
        "cluster": 85,
        "suburb": "Burleigh Heads",
        "year": 2021
      },
      "type": "Feature"
    },
    {
      "geometry": {
        "coordinates": [
          153.404744006348,
          -28.107915878379394
        ],
        "type": "Point"
      },
      "properties": {
        "cell_id": "1079_13781",
        "cluster": -1,
        "suburb": "Reedy Creek",
        "year": 2021
      },
      "type": "Feature"
    },
    {
      "geometry": {
        "coordinates": [
          153.388357903825,
          -27.963531708577392
        ],
        "type": "Point"
      },
      "properties": {
        "cell_id": "1076_13813",
        "cluster": -1,
        "suburb": "Southport",
        "year": 2021
      },
      "type": "Feature"
    },
    {
      "geometry": {
        "coordinates": [
          153.296257954214,
          -27.867796475464303
        ],
        "type": "Point"
      },
      "properties": {
        "cell_id": "1058_13834",
        "cluster": -1,
        "suburb": "Upper Coomera",
        "year": 2021
      },
      "type": "Feature"
    },
    {
      "geometry": {
        "coordinates": [
          153.34131995865602,
          -27.795061479467606
        ],
        "type": "Point"
      },
      "properties": {
        "cell_id": "1067_13850",
        "cluster": -1,
        "suburb": "Norwell",
        "year": 2021
      },
      "type": "Feature"
    },
    {
      "geometry": {
        "coordinates": [
          153.49862089585503,
          -28.147592498272104
        ],
        "type": "Point"
      },
      "properties": {
        "cell_id": "1097_13772",
        "cluster": -1,
        "suburb": "Tugun",
        "year": 2021
      },
      "type": "Feature"
    },
    {
      "geometry": {
        "coordinates": [
          153.385819935991,
          -27.933416485082404
        ],
        "type": "Point"
      },
      "properties": {
        "cell_id": "1075_13820",
        "cluster": 0,
        "suburb": "Biggera Waters",
        "year": 2023
      },
      "type": "Feature"
    },
    {
      "geometry": {
        "coordinates": [
          153.333416317515,
          -28.0048086363135
        ],
        "type": "Point"
      },
      "properties": {
        "cell_id": "1065_13804",
        "cluster": -1,
        "suburb": "Nerang",
        "year": 2021
      },
      "type": "Feature"
    },
    {
      "geometry": {
        "coordinates": [
          153.411854929172,
          -27.964174487975903
        ],
        "type": "Point"
      },
      "properties": {
        "cell_id": "1081_13813",
        "cluster": 6,
        "suburb": "Southport",
        "year": 2021
      },
      "type": "Feature"
    },
    {
      "geometry": {
        "coordinates": [
          153.362405939326,
          -27.927394482652492
        ],
        "type": "Point"
      },
      "properties": {
        "cell_id": "1071_13821",
        "cluster": 1,
        "suburb": "Arundel",
        "year": 2021
      },
      "type": "Feature"
    },
    {
      "geometry": {
        "coordinates": [
          153.417871400389,
          -28.065583484385193
        ],
        "type": "Point"
      },
      "properties": {
        "cell_id": "1082_13790",
        "cluster": 84,
        "suburb": "Robina",
        "year": 2021
      },
      "type": "Feature"
    },
    {
      "geometry": {
        "coordinates": [
          153.415709918211,
          -28.045629489008405
        ],
        "type": "Point"
      },
      "properties": {
        "cell_id": "1081_13795",
        "cluster": 40,
        "suburb": "Mermaid Waters",
        "year": 2021
      },
      "type": "Feature"
    },
    {
      "geometry": {
        "coordinates": [
          153.54337188832,
          -28.167561503008297
        ],
        "type": "Point"
      },
      "properties": {
        "cell_id": "1106_13768",
        "cluster": -1,
        "suburb": "Coolangatta",
        "year": 2021
      },
      "type": "Feature"
    },
    {
      "geometry": {
        "coordinates": [
          153.388468939959,
          -27.900420485092695
        ],
        "type": "Point"
      },
      "properties": {
        "cell_id": "1076_13827",
        "cluster": -1,
        "suburb": "Hollywell",
        "year": 2021
      },
      "type": "Feature"
    },
    {
      "geometry": {
        "coordinates": [
          153.469925902196,
          -28.123136495147993
        ],
        "type": "Point"
      },
      "properties": {
        "cell_id": "1092_13778",
        "cluster": -1,
        "suburb": "Palm Beach",
        "year": 2023
      },
      "type": "Feature"
    },
    {
      "geometry": {
        "coordinates": [
          153.390837929924,
          -27.976149485929096
        ],
        "type": "Point"
      },
      "properties": {
        "cell_id": "1076_13810",
        "cluster": 72,
        "suburb": "Ashmore",
        "year": 2021
      },
      "type": "Feature"
    },
    {
      "geometry": {
        "coordinates": [
          153.383735918,
          -28.0743974859771
        ],
        "type": "Point"
      },
      "properties": {
        "cell_id": "1075_13788",
        "cluster": -1,
        "suburb": "Robina",
        "year": 2021
      },
      "type": "Feature"
    },
    {
      "geometry": {
        "coordinates": [
          153.351391947855,
          -27.870522481085295
        ],
        "type": "Point"
      },
      "properties": {
        "cell_id": "1069_13834",
        "cluster": 59,
        "suburb": "Hope Island",
        "year": 2021
      },
      "type": "Feature"
    },
    {
      "geometry": {
        "coordinates": [
          153.388710928708,
          -27.9873664858006
        ],
        "type": "Point"
      },
      "properties": {
        "cell_id": "1076_13808",
        "cluster": 21,
        "suburb": "Ashmore",
        "year": 2021
      },
      "type": "Feature"
    },
    {
      "geometry": {
        "coordinates": [
          153.341614933056,
          -27.993653481058995
        ],
        "type": "Point"
      },
      "properties": {
        "cell_id": "1067_13806",
        "cluster": 27,
        "suburb": "Nerang",
        "year": 2023
      },
      "type": "Feature"
    },
    {
      "geometry": {
        "coordinates": [
          153.367414919249,
          -28.078615484349204
        ],
        "type": "Point"
      },
      "properties": {
        "cell_id": "1072_13788",
        "cluster": -1,
        "suburb": "Robina",
        "year": 2021
      },
      "type": "Feature"
    },
    {
      "geometry": {
        "coordinates": [
          153.369769926675,
          -28.019162484122397
        ],
        "type": "Point"
      },
      "properties": {
        "cell_id": "1072_13801",
        "cluster": 55,
        "suburb": "Carrara",
        "year": 2022
      },
      "type": "Feature"
    },
    {
      "geometry": {
        "coordinates": [
          153.327794933681,
          -28.000549479709008
        ],
        "type": "Point"
      },
      "properties": {
        "cell_id": "1064_13805",
        "cluster": -1,
        "suburb": "Nerang",
        "year": 2021
      },
      "type": "Feature"
    },
    {
      "geometry": {
        "coordinates": [
          153.332163948653,
          -27.880606479210396
        ],
        "type": "Point"
      },
      "properties": {
        "cell_id": "1065_13831",
        "cluster": -1,
        "suburb": "Helensvale",
        "year": 2021
      },
      "type": "Feature"
    },
    {
      "geometry": {
        "coordinates": [
          153.352036923218,
          -28.060992482646903
        ],
        "type": "Point"
      },
      "properties": {
        "cell_id": "1069_13791",
        "cluster": -1,
        "suburb": "Worongary",
        "year": 2021
      },
      "type": "Feature"
    },
    {
      "geometry": {
        "coordinates": [
          153.229620919337,
          -28.1956824712843
        ],
        "type": "Point"
      },
      "properties": {
        "cell_id": "1045_13762",
        "cluster": -1,
        "suburb": "Natural Bridge",
        "year": 2023
      },
      "type": "Feature"
    },
    {
      "geometry": {
        "coordinates": [
          153.324489943616,
          -27.926244478789705
        ],
        "type": "Point"
      },
      "properties": {
        "cell_id": "1063_13821",
        "cluster": 11,
        "suburb": "Pacific Pines",
        "year": 2021
      },
      "type": "Feature"
    },
    {
      "geometry": {
        "coordinates": [
          153.372805928147,
          -28.005194484321592
        ],
        "type": "Point"
      },
      "properties": {
        "cell_id": "1073_13804",
        "cluster": -1,
        "suburb": "Benowa",
        "year": 2021
      },
      "type": "Feature"
    },
    {
      "geometry": {
        "coordinates": [
          153.328451943379,
          -27.924727479180202
        ],
        "type": "Point"
      },
      "properties": {
        "cell_id": "1064_13822",
        "cluster": 11,
        "suburb": "Helensvale",
        "year": 2021
      },
      "type": "Feature"
    },
    {
      "geometry": {
        "coordinates": [
          153.409082927519,
          -27.9793034878123
        ],
        "type": "Point"
      },
      "properties": {
        "cell_id": "1080_13810",
        "cluster": -1,
        "suburb": "Southport",
        "year": 2021
      },
      "type": "Feature"
    },
    {
      "geometry": {
        "coordinates": [
          153.343040935094,
          -27.9766404810704
        ],
        "type": "Point"
      },
      "properties": {
        "cell_id": "1067_13810",
        "cluster": 10,
        "suburb": "Gaven",
        "year": 2023
      },
      "type": "Feature"
    },
    {
      "geometry": {
        "coordinates": [
          153.373730712602,
          -27.931165321834197
        ],
        "type": "Point"
      },
      "properties": {
        "cell_id": "1073_13820",
        "cluster": 20,
        "suburb": "Coombabah",
        "year": 2023
      },
      "type": "Feature"
    },
    {
      "geometry": {
        "coordinates": [
          153.395177932094,
          -27.955672486210194
        ],
        "type": "Point"
      },
      "properties": {
        "cell_id": "1077_13815",
        "cluster": -1,
        "suburb": "Southport",
        "year": 2023
      },
      "type": "Feature"
    },
    {
      "geometry": {
        "coordinates": [
          153.340117925981,
          -28.003251641982192
        ],
        "type": "Point"
      },
      "properties": {
        "cell_id": "1066_13804",
        "cluster": 49,
        "suburb": "Nerang",
        "year": 2021
      },
      "type": "Feature"
    },
    {
      "geometry": {
        "coordinates": [
          153.346845935352,
          -27.971402481416003
        ],
        "type": "Point"
      },
      "properties": {
        "cell_id": "1068_13811",
        "cluster": -1,
        "suburb": "Gaven",
        "year": 2023
      },
      "type": "Feature"
    },
    {
      "geometry": {
        "coordinates": [
          153.395035927894,
          -27.988300486452005
        ],
        "type": "Point"
      },
      "properties": {
        "cell_id": "1077_13808",
        "cluster": 21,
        "suburb": "Southport",
        "year": 2021
      },
      "type": "Feature"
    },
    {
      "geometry": {
        "coordinates": [
          153.314406951002,
          -27.877392477381697
        ],
        "type": "Point"
      },
      "properties": {
        "cell_id": "1061_13832",
        "cluster": 30,
        "suburb": "Oxenford",
        "year": 2022
      },
      "type": "Feature"
    },
    {
      "geometry": {
        "coordinates": [
          153.446015903944,
          -28.129953492760396
        ],
        "type": "Point"
      },
      "properties": {
        "cell_id": "1087_13776",
        "cluster": -1,
        "suburb": "Elanora",
        "year": 2022
      },
      "type": "Feature"
    },
    {
      "geometry": {
        "coordinates": [
          153.410853917918,
          -28.005650494199703
        ],
        "type": "Point"
      },
      "properties": {
        "cell_id": "1080_13804",
        "cluster": -1,
        "suburb": "Bundall",
        "year": 2022
      },
      "type": "Feature"
    },
    {
      "geometry": {
        "coordinates": [
          153.374482139551,
          -27.985160682334897
        ],
        "type": "Point"
      },
      "properties": {
        "cell_id": "1073_13808",
        "cluster": -1,
        "suburb": "Ashmore",
        "year": 2021
      },
      "type": "Feature"
    },
    {
      "geometry": {
        "coordinates": [
          153.400712930589,
          -27.9626404868287
        ],
        "type": "Point"
      },
      "properties": {
        "cell_id": "1078_13813",
        "cluster": -1,
        "suburb": "Southport",
        "year": 2021
      },
      "type": "Feature"
    },
    {
      "geometry": {
        "coordinates": [
          153.408765920312,
          -28.035287488219492
        ],
        "type": "Point"
      },
      "properties": {
        "cell_id": "1080_13797",
        "cluster": 63,
        "suburb": "Broadbeach Waters",
        "year": 2021
      },
      "type": "Feature"
    },
    {
      "geometry": {
        "coordinates": [
          153.404074078924,
          -28.01908126061431
        ],
        "type": "Point"
      },
      "properties": {
        "cell_id": "1079_13801",
        "cluster": -1,
        "suburb": "Bundall",
        "year": 2021
      },
      "type": "Feature"
    },
    {
      "geometry": {
        "coordinates": [
          153.427744925486,
          -27.979232489713997
        ],
        "type": "Point"
      },
      "properties": {
        "cell_id": "1084_13810",
        "cluster": -1,
        "suburb": "Main Beach",
        "year": 2021
      },
      "type": "Feature"
    },
    {
      "geometry": {
        "coordinates": [
          153.33643493418302,
          -27.989313480498595
        ],
        "type": "Point"
      },
      "properties": {
        "cell_id": "1066_13807",
        "cluster": 65,
        "suburb": "Nerang",
        "year": 2022
      },
      "type": "Feature"
    },
    {
      "geometry": {
        "coordinates": [
          153.310855954004,
          -27.857051476861205
        ],
        "type": "Point"
      },
      "properties": {
        "cell_id": "1061_13837",
        "cluster": 9,
        "suburb": "Coomera",
        "year": 2022
      },
      "type": "Feature"
    },
    {
      "geometry": {
        "coordinates": [
          153.34254795313103,
          -27.837001479922495
        ],
        "type": "Point"
      },
      "properties": {
        "cell_id": "1067_13841",
        "cluster": -1,
        "suburb": "Coomera",
        "year": 2023
      },
      "type": "Feature"
    },
    {
      "geometry": {
        "coordinates": [
          153.395558931644,
          -27.958839486273792
        ],
        "type": "Point"
      },
      "properties": {
        "cell_id": "1077_13814",
        "cluster": -1,
        "suburb": "Southport",
        "year": 2023
      },
      "type": "Feature"
    },
    {
      "geometry": {
        "coordinates": [
          153.410103920943,
          -28.0292804883087
        ],
        "type": "Point"
      },
      "properties": {
        "cell_id": "1080_13798",
        "cluster": -1,
        "suburb": "Broadbeach Waters",
        "year": 2023
      },
      "type": "Feature"
    },
    {
      "geometry": {
        "coordinates": [
          153.397247931023,
          -27.9622104864723
        ],
        "type": "Point"
      },
      "properties": {
        "cell_id": "1078_13813",
        "cluster": 15,
        "suburb": "Southport",
        "year": 2022
      },
      "type": "Feature"
    },
    {
      "geometry": {
        "coordinates": [
          153.301557936009,
          -28.0048144770786
        ],
        "type": "Point"
      },
      "properties": {
        "cell_id": "1059_13804",
        "cluster": -1,
        "suburb": "Nerang",
        "year": 2022
      },
      "type": "Feature"
    },
    {
      "geometry": {
        "coordinates": [
          153.283410949283,
          -27.9170874745488
        ],
        "type": "Point"
      },
      "properties": {
        "cell_id": "1055_13823",
        "cluster": -1,
        "suburb": "Maudsland",
        "year": 2022
      },
      "type": "Feature"
    },
    {
      "geometry": {
        "coordinates": [
          153.365320982351,
          -27.963494088232597
        ],
        "type": "Point"
      },
      "properties": {
        "cell_id": "1071_13813",
        "cluster": -1,
        "suburb": "Molendinar",
        "year": 2023
      },
      "type": "Feature"
    },
    {
      "geometry": {
        "coordinates": [
          153.330507960559,
          -27.789389478324296
        ],
        "type": "Point"
      },
      "properties": {
        "cell_id": "1065_13852",
        "cluster": -1,
        "suburb": "Norwell",
        "year": 2022
      },
      "type": "Feature"
    },
    {
      "geometry": {
        "coordinates": [
          153.351656926807,
          -28.033530482392802
        ],
        "type": "Point"
      },
      "properties": {
        "cell_id": "1069_13798",
        "cluster": -1,
        "suburb": "Worongary",
        "year": 2022
      },
      "type": "Feature"
    },
    {
      "geometry": {
        "coordinates": [
          153.37014893128,
          -27.9831904838785
        ],
        "type": "Point"
      },
      "properties": {
        "cell_id": "1072_13809",
        "cluster": 33,
        "suburb": "Molendinar",
        "year": 2022
      },
      "type": "Feature"
    },
    {
      "geometry": {
        "coordinates": [
          153.299991946237,
          -27.9266864763062
        ],
        "type": "Point"
      },
      "properties": {
        "cell_id": "1059_13821",
        "cluster": -1,
        "suburb": "Maudsland",
        "year": 2021
      },
      "type": "Feature"
    },
    {
      "geometry": {
        "coordinates": [
          153.314832950746,
          -27.8790224774378
        ],
        "type": "Point"
      },
      "properties": {
        "cell_id": "1061_13832",
        "cluster": 30,
        "suburb": "Oxenford",
        "year": 2022
      },
      "type": "Feature"
    },
    {
      "geometry": {
        "coordinates": [
          153.379771916619,
          -28.088436485683594
        ],
        "type": "Point"
      },
      "properties": {
        "cell_id": "1074_13785",
        "cluster": 67,
        "suburb": "Mudgeeraba",
        "year": 2022
      },
      "type": "Feature"
    },
    {
      "geometry": {
        "coordinates": [
          153.425801911902,
          -28.085765490352
        ],
        "type": "Point"
      },
      "properties": {
        "cell_id": "1083_13786",
        "cluster": 68,
        "suburb": "Burleigh Waters",
        "year": 2023
      },
      "type": "Feature"
    },
    {
      "geometry": {
        "coordinates": [
          153.384940936076,
          -27.9335024849936
        ],
        "type": "Point"
      },
      "properties": {
        "cell_id": "1075_13820",
        "cluster": 0,
        "suburb": "Arundel",
        "year": 2023
      },
      "type": "Feature"
    },
    {
      "geometry": {
        "coordinates": [
          153.426455922743,
          -28.001519489757605
        ],
        "type": "Point"
      },
      "properties": {
        "cell_id": "1083_13805",
        "cluster": 17,
        "suburb": "Surfers Paradise",
        "year": 2023
      },
      "type": "Feature"
    },
    {
      "geometry": {
        "coordinates": [
          153.439250913002,
          -28.06588149156769
        ],
        "type": "Point"
      },
      "properties": {
        "cell_id": "1086_13790",
        "cluster": -1,
        "suburb": "Miami",
        "year": 2023
      },
      "type": "Feature"
    },
    {
      "geometry": {
        "coordinates": [
          153.230487977854,
          -27.7391204677874
        ],
        "type": "Point"
      },
      "properties": {
        "cell_id": "1045_13863",
        "cluster": 23,
        "suburb": "Yatala",
        "year": 2021
      },
      "type": "Feature"
    },
    {
      "geometry": {
        "coordinates": [
          153.434482917959,
          -28.031670490812896
        ],
        "type": "Point"
      },
      "properties": {
        "cell_id": "1085_13798",
        "cluster": 77,
        "suburb": "Broadbeach",
        "year": 2023
      },
      "type": "Feature"
    },
    {
      "geometry": {
        "coordinates": [
          153.472561899603,
          -28.140853495556097
        ],
        "type": "Point"
      },
      "properties": {
        "cell_id": "1092_13774",
        "cluster": -1,
        "suburb": "Currumbin Waters",
        "year": 2021
      },
      "type": "Feature"
    },
    {
      "geometry": {
        "coordinates": [
          153.344440937702,
          -27.9552184810444
        ],
        "type": "Point"
      },
      "properties": {
        "cell_id": "1067_13815",
        "cluster": 4,
        "suburb": "Arundel",
        "year": 2023
      },
      "type": "Feature"
    },
    {
      "geometry": {
        "coordinates": [
          153.31405303002,
          -27.8853354774083
        ],
        "type": "Point"
      },
      "properties": {
        "cell_id": "1061_13830",
        "cluster": 30,
        "suburb": "Oxenford",
        "year": 2023
      },
      "type": "Feature"
    },
    {
      "geometry": {
        "coordinates": [
          153.431281919883,
          -28.019523490391105
        ],
        "type": "Point"
      },
      "properties": {
        "cell_id": "1084_13801",
        "cluster": 14,
        "suburb": "Broadbeach",
        "year": 2023
      },
      "type": "Feature"
    },
    {
      "geometry": {
        "coordinates": [
          153.31520194963701,
          -27.887337477540598
        ],
        "type": "Point"
      },
      "properties": {
        "cell_id": "1062_13830",
        "cluster": 30,
        "suburb": "Oxenford",
        "year": 2023
      },
      "type": "Feature"
    },
    {
      "geometry": {
        "coordinates": [
          153.41329392789,
          -27.972873488190892
        ],
        "type": "Point"
      },
      "properties": {
        "cell_id": "1081_13811",
        "cluster": 24,
        "suburb": "Southport",
        "year": 2023
      },
      "type": "Feature"
    },
    {
      "geometry": {
        "coordinates": [
          153.320337945438,
          -27.915618478284504
        ],
        "type": "Point"
      },
      "properties": {
        "cell_id": "1063_13824",
        "cluster": -1,
        "suburb": "Oxenford",
        "year": 2023
      },
      "type": "Feature"
    },
    {
      "geometry": {
        "coordinates": [
          153.431509125193,
          -28.009216895333395
        ],
        "type": "Point"
      },
      "properties": {
        "cell_id": "1084_13803",
        "cluster": 14,
        "suburb": "Surfers Paradise",
        "year": 2022
      },
      "type": "Feature"
    },
    {
      "geometry": {
        "coordinates": [
          153.41845391623,
          -28.058600489389804
        ],
        "type": "Point"
      },
      "properties": {
        "cell_id": "1082_13792",
        "cluster": -1,
        "suburb": "Mermaid Waters",
        "year": 2023
      },
      "type": "Feature"
    },
    {
      "geometry": {
        "coordinates": [
          153.227007974315,
          -27.769752467676497
        ],
        "type": "Point"
      },
      "properties": {
        "cell_id": "1044_13856",
        "cluster": -1,
        "suburb": "Yatala",
        "year": 2023
      },
      "type": "Feature"
    },
    {
      "geometry": {
        "coordinates": [
          153.380236986207,
          -28.013901600146305
        ],
        "type": "Point"
      },
      "properties": {
        "cell_id": "1074_13802",
        "cluster": -1,
        "suburb": "Carrara",
        "year": 2021
      },
      "type": "Feature"
    },
    {
      "geometry": {
        "coordinates": [
          153.328224941865,
          -27.936678479250997
        ],
        "type": "Point"
      },
      "properties": {
        "cell_id": "1064_13819",
        "cluster": -1,
        "suburb": "Pacific Pines",
        "year": 2022
      },
      "type": "Feature"
    },
    {
      "geometry": {
        "coordinates": [
          153.342809096381,
          -27.951342570848105
        ],
        "type": "Point"
      },
      "properties": {
        "cell_id": "1067_13816",
        "cluster": 4,
        "suburb": "Arundel",
        "year": 2021
      },
      "type": "Feature"
    },
    {
      "geometry": {
        "coordinates": [
          153.313257952279,
          -27.8684374771947
        ],
        "type": "Point"
      },
      "properties": {
        "cell_id": "1061_13834",
        "cluster": 9,
        "suburb": "Coomera",
        "year": 2021
      },
      "type": "Feature"
    },
    {
      "geometry": {
        "coordinates": [
          153.343305938178,
          -27.952491480907593
        ],
        "type": "Point"
      },
      "properties": {
        "cell_id": "1067_13816",
        "cluster": 4,
        "suburb": "Arundel",
        "year": 2021
      },
      "type": "Feature"
    },
    {
      "geometry": {
        "coordinates": [
          153.362999929237,
          -28.005081483323096
        ],
        "type": "Point"
      },
      "properties": {
        "cell_id": "1071_13804",
        "cluster": -1,
        "suburb": "Carrara",
        "year": 2022
      },
      "type": "Feature"
    },
    {
      "geometry": {
        "coordinates": [
          153.414263922101,
          -28.016805488634798
        ],
        "type": "Point"
      },
      "properties": {
        "cell_id": "1081_13801",
        "cluster": -1,
        "suburb": "Broadbeach Waters",
        "year": 2022
      },
      "type": "Feature"
    },
    {
      "geometry": {
        "coordinates": [
          153.448232909706,
          -28.0836794926238
        ],
        "type": "Point"
      },
      "properties": {
        "cell_id": "1088_13786",
        "cluster": -1,
        "suburb": "Burleigh Heads",
        "year": 2021
      },
      "type": "Feature"
    },
    {
      "geometry": {
        "coordinates": [
          153.315338950477,
          -27.88068647750229
        ],
        "type": "Point"
      },
      "properties": {
        "cell_id": "1062_13831",
        "cluster": 30,
        "suburb": "Helensvale",
        "year": 2022
      },
      "type": "Feature"
    },
    {
      "geometry": {
        "coordinates": [
          153.271626964077,
          -27.8118434725264
        ],
        "type": "Point"
      },
      "properties": {
        "cell_id": "1053_13847",
        "cluster": -1,
        "suburb": "Pimpama",
        "year": 2023
      },
      "type": "Feature"
    },
    {
      "geometry": {
        "coordinates": [
          153.295277105737,
          -27.794446996787595
        ],
        "type": "Point"
      },
      "properties": {
        "cell_id": "1058_13851",
        "cluster": -1,
        "suburb": "Pimpama",
        "year": 2023
      },
      "type": "Feature"
    },
    {
      "geometry": {
        "coordinates": [
          153.22465478633202,
          -27.951183173865203
        ],
        "type": "Point"
      },
      "properties": {
        "cell_id": "1044_13816",
        "cluster": -1,
        "suburb": "Guanaba",
        "year": 2021
      },
      "type": "Feature"
    },
    {
      "geometry": {
        "coordinates": [
          153.41114886688302,
          -27.9592724398655
        ],
        "type": "Point"
      },
      "properties": {
        "cell_id": "1080_13814",
        "cluster": 6,
        "suburb": "Southport",
        "year": 2021
      },
      "type": "Feature"
    },
    {
      "geometry": {
        "coordinates": [
          153.409400930298,
          -27.957536487673703
        ],
        "type": "Point"
      },
      "properties": {
        "cell_id": "1080_13814",
        "cluster": 6,
        "suburb": "Southport",
        "year": 2021
      },
      "type": "Feature"
    },
    {
      "geometry": {
        "coordinates": [
          153.395138931305,
          -27.9618194862545
        ],
        "type": "Point"
      },
      "properties": {
        "cell_id": "1077_13813",
        "cluster": 15,
        "suburb": "Southport",
        "year": 2023
      },
      "type": "Feature"
    },
    {
      "geometry": {
        "coordinates": [
          153.319899951706,
          -27.867262477859803
        ],
        "type": "Point"
      },
      "properties": {
        "cell_id": "1062_13834",
        "cluster": -1,
        "suburb": "Coomera",
        "year": 2021
      },
      "type": "Feature"
    },
    {
      "geometry": {
        "coordinates": [
          153.43438391657,
          -28.042472490887594
        ],
        "type": "Point"
      },
      "properties": {
        "cell_id": "1085_13796",
        "cluster": -1,
        "suburb": "Mermaid Beach",
        "year": 2021
      },
      "type": "Feature"
    },
    {
      "geometry": {
        "coordinates": [
          153.377467793219,
          -27.977452580578195
        ],
        "type": "Point"
      },
      "properties": {
        "cell_id": "1074_13810",
        "cluster": 53,
        "suburb": "Molendinar",
        "year": 2021
      },
      "type": "Feature"
    },
    {
      "geometry": {
        "coordinates": [
          153.544364888437,
          -28.165821503096392
        ],
        "type": "Point"
      },
      "properties": {
        "cell_id": "1106_13768",
        "cluster": -1,
        "suburb": "Coolangatta",
        "year": 2021
      },
      "type": "Feature"
    },
    {
      "geometry": {
        "coordinates": [
          153.426842922428,
          -28.0036224898136
        ],
        "type": "Point"
      },
      "properties": {
        "cell_id": "1083_13804",
        "cluster": 17,
        "suburb": "Surfers Paradise",
        "year": 2022
      },
      "type": "Feature"
    },
    {
      "geometry": {
        "coordinates": [
          153.358899939949,
          -27.925527482281204
        ],
        "type": "Point"
      },
      "properties": {
        "cell_id": "1070_13821",
        "cluster": 1,
        "suburb": "Coombabah",
        "year": 2021
      },
      "type": "Feature"
    },
    {
      "geometry": {
        "coordinates": [
          153.423591912093,
          -28.086166490129802
        ],
        "type": "Point"
      },
      "properties": {
        "cell_id": "1083_13786",
        "cluster": 68,
        "suburb": "Burleigh Waters",
        "year": 2021
      },
      "type": "Feature"
    },
    {
      "geometry": {
        "coordinates": [
          153.402371912403,
          -28.1017914880897
        ],
        "type": "Point"
      },
      "properties": {
        "cell_id": "1079_13782",
        "cluster": 50,
        "suburb": "Reedy Creek",
        "year": 2021
      },
      "type": "Feature"
    },
    {
      "geometry": {
        "coordinates": [
          153.410093931824,
          -27.945146487646998
        ],
        "type": "Point"
      },
      "properties": {
        "cell_id": "1080_13817",
        "cluster": 22,
        "suburb": "Labrador",
        "year": 2021
      },
      "type": "Feature"
    },
    {
      "geometry": {
        "coordinates": [
          153.411970929168,
          -27.964110487987195
        ],
        "type": "Point"
      },
      "properties": {
        "cell_id": "1081_13813",
        "cluster": 6,
        "suburb": "Southport",
        "year": 2021
      },
      "type": "Feature"
    },
    {
      "geometry": {
        "coordinates": [
          153.303673094764,
          -27.9971470142331
        ],
        "type": "Point"
      },
      "properties": {
        "cell_id": "1059_13806",
        "cluster": -1,
        "suburb": "Nerang",
        "year": 2021
      },
      "type": "Feature"
    },
    {
      "geometry": {
        "coordinates": [
          153.48415689928802,
          -28.133448496682693
        ],
        "type": "Point"
      },
      "properties": {
        "cell_id": "1095_13775",
        "cluster": -1,
        "suburb": "Currumbin",
        "year": 2022
      },
      "type": "Feature"
    },
    {
      "geometry": {
        "coordinates": [
          153.414119924608,
          -27.997552488468898
        ],
        "type": "Point"
      },
      "properties": {
        "cell_id": "1081_13805",
        "cluster": 51,
        "suburb": "Southport",
        "year": 2023
      },
      "type": "Feature"
    },
    {
      "geometry": {
        "coordinates": [
          153.423588912108,
          -28.0860504901286
        ],
        "type": "Point"
      },
      "properties": {
        "cell_id": "1083_13786",
        "cluster": 68,
        "suburb": "Varsity Lakes",
        "year": 2023
      },
      "type": "Feature"
    },
    {
      "geometry": {
        "coordinates": [
          153.469620902623,
          -28.1201124950931
        ],
        "type": "Point"
      },
      "properties": {
        "cell_id": "1092_13778",
        "cluster": -1,
        "suburb": "Palm Beach",
        "year": 2023
      },
      "type": "Feature"
    },
    {
      "geometry": {
        "coordinates": [
          153.43430191810802,
          -28.030674490786694
        ],
        "type": "Point"
      },
      "properties": {
        "cell_id": "1085_13798",
        "cluster": 77,
        "suburb": "Broadbeach",
        "year": 2023
      },
      "type": "Feature"
    },
    {
      "geometry": {
        "coordinates": [
          153.307459244501,
          -27.995965350608092
        ],
        "type": "Point"
      },
      "properties": {
        "cell_id": "1060_13806",
        "cluster": -1,
        "suburb": "Nerang",
        "year": 2022
      },
      "type": "Feature"
    },
    {
      "geometry": {
        "coordinates": [
          153.275736976361,
          -27.712462472160098
        ],
        "type": "Point"
      },
      "properties": {
        "cell_id": "1054_13869",
        "cluster": -1,
        "suburb": "Alberton",
        "year": 2023
      },
      "type": "Feature"
    },
    {
      "geometry": {
        "coordinates": [
          153.297074970198,
          -27.742535474561098
        ],
        "type": "Point"
      },
      "properties": {
        "cell_id": "1058_13862",
        "cluster": -1,
        "suburb": "Woongoolba",
        "year": 2022
      },
      "type": "Feature"
    },
    {
      "geometry": {
        "coordinates": [
          153.221811980308,
          -27.7272784668162
        ],
        "type": "Point"
      },
      "properties": {
        "cell_id": "1043_13865",
        "cluster": 80,
        "suburb": "Yatala",
        "year": 2023
      },
      "type": "Feature"
    },
    {
      "geometry": {
        "coordinates": [
          153.305209954591,
          -27.857270476289898
        ],
        "type": "Point"
      },
      "properties": {
        "cell_id": "1060_13837",
        "cluster": 9,
        "suburb": "Upper Coomera",
        "year": 2021
      },
      "type": "Feature"
    },
    {
      "geometry": {
        "coordinates": [
          153.383104918652,
          -28.0698954858775
        ],
        "type": "Point"
      },
      "properties": {
        "cell_id": "1075_13789",
        "cluster": -1,
        "suburb": "Robina",
        "year": 2021
      },
      "type": "Feature"
    },
    {
      "geometry": {
        "coordinates": [
          153.427472542195,
          -27.997167320827096
        ],
        "type": "Point"
      },
      "properties": {
        "cell_id": "1084_13806",
        "cluster": 17,
        "suburb": "Surfers Paradise",
        "year": 2023
      },
      "type": "Feature"
    },
    {
      "geometry": {
        "coordinates": [
          153.43037691845,
          -28.031359490391694
        ],
        "type": "Point"
      },
      "properties": {
        "cell_id": "1084_13798",
        "cluster": 64,
        "suburb": "Broadbeach",
        "year": 2021
      },
      "type": "Feature"
    },
    {
      "geometry": {
        "coordinates": [
          153.3930329288,
          -27.982990486206297
        ],
        "type": "Point"
      },
      "properties": {
        "cell_id": "1077_13809",
        "cluster": -1,
        "suburb": "Southport",
        "year": 2021
      },
      "type": "Feature"
    },
    {
      "geometry": {
        "coordinates": [
          153.378124934786,
          -27.9492694844237
        ],
        "type": "Point"
      },
      "properties": {
        "cell_id": "1074_13816",
        "cluster": -1,
        "suburb": "Parkwood",
        "year": 2021
      },
      "type": "Feature"
    },
    {
      "geometry": {
        "coordinates": [
          153.442766336992,
          -28.062980884903702
        ],
        "type": "Point"
      },
      "properties": {
        "cell_id": "1087_13791",
        "cluster": -1,
        "suburb": "Miami",
        "year": 2021
      },
      "type": "Feature"
    },
    {
      "geometry": {
        "coordinates": [
          153.335724943037,
          -27.921211479891397
        ],
        "type": "Point"
      },
      "properties": {
        "cell_id": "1066_13822",
        "cluster": 2,
        "suburb": "Helensvale",
        "year": 2021
      },
      "type": "Feature"
    },
    {
      "geometry": {
        "coordinates": [
          153.29359796026,
          -27.822965474841805
        ],
        "type": "Point"
      },
      "properties": {
        "cell_id": "1057_13844",
        "cluster": 29,
        "suburb": "Pimpama",
        "year": 2022
      },
      "type": "Feature"
    },
    {
      "geometry": {
        "coordinates": [
          153.253001946277,
          -27.966370471854102
        ],
        "type": "Point"
      },
      "properties": {
        "cell_id": "1049_13812",
        "cluster": -1,
        "suburb": "Mount Nathan",
        "year": 2022
      },
      "type": "Feature"
    },
    {
      "geometry": {
        "coordinates": [
          153.439816721616,
          -28.052947276524005
        ],
        "type": "Point"
      },
      "properties": {
        "cell_id": "1086_13793",
        "cluster": -1,
        "suburb": "Mermaid Beach",
        "year": 2021
      },
      "type": "Feature"
    },
    {
      "geometry": {
        "coordinates": [
          153.327556953395,
          -27.847639478483096
        ],
        "type": "Point"
      },
      "properties": {
        "cell_id": "1064_13839",
        "cluster": -1,
        "suburb": "Coomera",
        "year": 2021
      },
      "type": "Feature"
    },
    {
      "geometry": {
        "coordinates": [
          153.385862923424,
          -28.030661485850498
        ],
        "type": "Point"
      },
      "properties": {
        "cell_id": "1075_13798",
        "cluster": 56,
        "suburb": "Carrara",
        "year": 2022
      },
      "type": "Feature"
    },
    {
      "geometry": {
        "coordinates": [
          153.351425927497,
          -28.028387482328995
        ],
        "type": "Point"
      },
      "properties": {
        "cell_id": "1069_13799",
        "cluster": -1,
        "suburb": "Worongary",
        "year": 2022
      },
      "type": "Feature"
    },
    {
      "geometry": {
        "coordinates": [
          153.214642113751,
          -27.7612037383583
        ],
        "type": "Point"
      },
      "properties": {
        "cell_id": "1042_13858",
        "cluster": -1,
        "suburb": "Yatala",
        "year": 2022
      },
      "type": "Feature"
    },
    {
      "geometry": {
        "coordinates": [
          153.426017232663,
          -28.002507107720696
        ],
        "type": "Point"
      },
      "properties": {
        "cell_id": "1083_13804",
        "cluster": 17,
        "suburb": "Surfers Paradise",
        "year": 2022
      },
      "type": "Feature"
    },
    {
      "geometry": {
        "coordinates": [
          153.307363953735,
          -27.862109476546603
        ],
        "type": "Point"
      },
      "properties": {
        "cell_id": "1060_13836",
        "cluster": -1,
        "suburb": "Upper Coomera",
        "year": 2021
      },
      "type": "Feature"
    },
    {
      "geometry": {
        "coordinates": [
          153.371448927506,
          -28.01131148423161
        ],
        "type": "Point"
      },
      "properties": {
        "cell_id": "1073_13802",
        "cluster": 61,
        "suburb": "Carrara",
        "year": 2022
      },
      "type": "Feature"
    },
    {
      "geometry": {
        "coordinates": [
          153.308230954679,
          -27.854020476571005
        ],
        "type": "Point"
      },
      "properties": {
        "cell_id": "1060_13837",
        "cluster": 9,
        "suburb": "Coomera",
        "year": 2023
      },
      "type": "Feature"
    },
    {
      "geometry": {
        "coordinates": [
          153.22808294782,
          -27.975618469404004
        ],
        "type": "Point"
      },
      "properties": {
        "cell_id": "1044_13810",
        "cluster": -1,
        "suburb": "Clagiraba",
        "year": 2022
      },
      "type": "Feature"
    },
    {
      "geometry": {
        "coordinates": [
          153.307288920615,
          -28.119281478557905
        ],
        "type": "Point"
      },
      "properties": {
        "cell_id": "1060_13779",
        "cluster": -1,
        "suburb": "Neranwood",
        "year": 2022
      },
      "type": "Feature"
    },
    {
      "geometry": {
        "coordinates": [
          153.357182935436,
          -27.961980482393002
        ],
        "type": "Point"
      },
      "properties": {
        "cell_id": "1070_13813",
        "cluster": 57,
        "suburb": "Parkwood",
        "year": 2021
      },
      "type": "Feature"
    },
    {
      "geometry": {
        "coordinates": [
          153.354631920195,
          -28.082174483076894
        ],
        "type": "Point"
      },
      "properties": {
        "cell_id": "1069_13787",
        "cluster": -1,
        "suburb": "Mudgeeraba",
        "year": 2021
      },
      "type": "Feature"
    },
    {
      "geometry": {
        "coordinates": [
          153.3403639328,
          -27.996699480955794
        ],
        "type": "Point"
      },
      "properties": {
        "cell_id": "1066_13806",
        "cluster": 27,
        "suburb": "Nerang",
        "year": 2021
      },
      "type": "Feature"
    },
    {
      "geometry": {
        "coordinates": [
          153.380380929775,
          -27.986162484943097
        ],
        "type": "Point"
      },
      "properties": {
        "cell_id": "1074_13808",
        "cluster": -1,
        "suburb": "Ashmore",
        "year": 2023
      },
      "type": "Feature"
    },
    {
      "geometry": {
        "coordinates": [
          153.369549927753,
          -28.011008484035997
        ],
        "type": "Point"
      },
      "properties": {
        "cell_id": "1072_13803",
        "cluster": 61,
        "suburb": "Carrara",
        "year": 2023
      },
      "type": "Feature"
    },
    {
      "geometry": {
        "coordinates": [
          153.416871920137,
          -28.0297694890023
        ],
        "type": "Point"
      },
      "properties": {
        "cell_id": "1081_13798",
        "cluster": -1,
        "suburb": "Broadbeach Waters",
        "year": 2023
      },
      "type": "Feature"
    },
    {
      "geometry": {
        "coordinates": [
          153.34726092975,
          -28.014471481796395
        ],
        "type": "Point"
      },
      "properties": {
        "cell_id": "1068_13802",
        "cluster": 62,
        "suburb": "Highland Park",
        "year": 2022
      },
      "type": "Feature"
    },
    {
      "geometry": {
        "coordinates": [
          153.369677950712,
          -27.832866482648804
        ],
        "type": "Point"
      },
      "properties": {
        "cell_id": "1072_13842",
        "cluster": -1,
        "suburb": "Coomera",
        "year": 2022
      },
      "type": "Feature"
    },
    {
      "geometry": {
        "coordinates": [
          153.385076942275,
          -27.885330484628696
        ],
        "type": "Point"
      },
      "properties": {
        "cell_id": "1075_13830",
        "cluster": -1,
        "suburb": "Paradise Point",
        "year": 2021
      },
      "type": "Feature"
    },
    {
      "geometry": {
        "coordinates": [
          153.402590937099,
          -27.910644486611297
        ],
        "type": "Point"
      },
      "properties": {
        "cell_id": "1079_13825",
        "cluster": -1,
        "suburb": "Runaway Bay",
        "year": 2021
      },
      "type": "Feature"
    },
    {
      "geometry": {
        "coordinates": [
          153.422779910259,
          -28.1010034901634
        ],
        "type": "Point"
      },
      "properties": {
        "cell_id": "1083_13783",
        "cluster": 32,
        "suburb": "Burleigh Waters",
        "year": 2021
      },
      "type": "Feature"
    },
    {
      "geometry": {
        "coordinates": [
          153.400779931285,
          -27.957192486792692
        ],
        "type": "Point"
      },
      "properties": {
        "cell_id": "1078_13814",
        "cluster": 36,
        "suburb": "Southport",
        "year": 2022
      },
      "type": "Feature"
    },
    {
      "geometry": {
        "coordinates": [
          153.380791925113,
          -28.021894485265495
        ],
        "type": "Point"
      },
      "properties": {
        "cell_id": "1074_13800",
        "cluster": -1,
        "suburb": "Carrara",
        "year": 2023
      },
      "type": "Feature"
    },
    {
      "geometry": {
        "coordinates": [
          153.337799942667,
          -27.922322480111003
        ],
        "type": "Point"
      },
      "properties": {
        "cell_id": "1066_13822",
        "cluster": 2,
        "suburb": "Helensvale",
        "year": 2022
      },
      "type": "Feature"
    },
    {
      "geometry": {
        "coordinates": [
          153.423628117234,
          -28.1467248966082
        ],
        "type": "Point"
      },
      "properties": {
        "cell_id": "1083_13772",
        "cluster": -1,
        "suburb": "Tallebudgera",
        "year": 2022
      },
      "type": "Feature"
    },
    {
      "geometry": {
        "coordinates": [
          153.391396915858,
          -28.084434486835793
        ],
        "type": "Point"
      },
      "properties": {
        "cell_id": "1076_13786",
        "cluster": -1,
        "suburb": "Robina",
        "year": 2022
      },
      "type": "Feature"
    },
    {
      "geometry": {
        "coordinates": [
          153.315470949872,
          -27.885282477551804
        ],
        "type": "Point"
      },
      "properties": {
        "cell_id": "1062_13830",
        "cluster": 30,
        "suburb": "Oxenford",
        "year": 2021
      },
      "type": "Feature"
    },
    {
      "geometry": {
        "coordinates": [
          153.36090891952904,
          -28.081988483713797
        ],
        "type": "Point"
      },
      "properties": {
        "cell_id": "1070_13787",
        "cluster": -1,
        "suburb": "Mudgeeraba",
        "year": 2023
      },
      "type": "Feature"
    },
    {
      "geometry": {
        "coordinates": [
          153.368986931386,
          -27.983355483761596
        ],
        "type": "Point"
      },
      "properties": {
        "cell_id": "1072_13809",
        "cluster": 33,
        "suburb": "Molendinar",
        "year": 2023
      },
      "type": "Feature"
    },
    {
      "geometry": {
        "coordinates": [
          153.362238920523,
          -28.073165483779903
        ],
        "type": "Point"
      },
      "properties": {
        "cell_id": "1071_13789",
        "cluster": 66,
        "suburb": "Mudgeeraba",
        "year": 2021
      },
      "type": "Feature"
    },
    {
      "geometry": {
        "coordinates": [
          153.463110905506,
          -28.103430494297495
        ],
        "type": "Point"
      },
      "properties": {
        "cell_id": "1090_13782",
        "cluster": -1,
        "suburb": "Palm Beach",
        "year": 2021
      },
      "type": "Feature"
    },
    {
      "geometry": {
        "coordinates": [
          153.307579263748,
          -27.931814978116495
        ],
        "type": "Point"
      },
      "properties": {
        "cell_id": "1060_13820",
        "cluster": -1,
        "suburb": "Pacific Pines",
        "year": 2021
      },
      "type": "Feature"
    },
    {
      "geometry": {
        "coordinates": [
          153.427553923331,
          -27.9960484898266
        ],
        "type": "Point"
      },
      "properties": {
        "cell_id": "1084_13806",
        "cluster": 17,
        "suburb": "Surfers Paradise",
        "year": 2021
      },
      "type": "Feature"
    },
    {
      "geometry": {
        "coordinates": [
          153.320775944496,
          -27.922565478383603
        ],
        "type": "Point"
      },
      "properties": {
        "cell_id": "1063_13822",
        "cluster": -1,
        "suburb": "Oxenford",
        "year": 2021
      },
      "type": "Feature"
    },
    {
      "geometry": {
        "coordinates": [
          153.311470016022,
          -27.8641689259796
        ],
        "type": "Point"
      },
      "properties": {
        "cell_id": "1061_13835",
        "cluster": 9,
        "suburb": "Upper Coomera",
        "year": 2021
      },
      "type": "Feature"
    },
    {
      "geometry": {
        "coordinates": [
          153.425626915343,
          -28.059364490127095
        ],
        "type": "Point"
      },
      "properties": {
        "cell_id": "1083_13792",
        "cluster": -1,
        "suburb": "Mermaid Waters",
        "year": 2021
      },
      "type": "Feature"
    },
    {
      "geometry": {
        "coordinates": [
          153.309428944354,
          -27.933304477315897
        ],
        "type": "Point"
      },
      "properties": {
        "cell_id": "1060_13820",
        "cluster": -1,
        "suburb": "Pacific Pines",
        "year": 2021
      },
      "type": "Feature"
    },
    {
      "geometry": {
        "coordinates": [
          153.35367392872104,
          -28.0169974824682
        ],
        "type": "Point"
      },
      "properties": {
        "cell_id": "1069_13801",
        "cluster": -1,
        "suburb": "Carrara",
        "year": 2021
      },
      "type": "Feature"
    },
    {
      "geometry": {
        "coordinates": [
          153.441753532372,
          -28.068618381844505
        ],
        "type": "Point"
      },
      "properties": {
        "cell_id": "1086_13790",
        "cluster": -1,
        "suburb": "Miami",
        "year": 2021
      },
      "type": "Feature"
    },
    {
      "geometry": {
        "coordinates": [
          153.344360893215,
          -27.982328333249196
        ],
        "type": "Point"
      },
      "properties": {
        "cell_id": "1067_13809",
        "cluster": 37,
        "suburb": "Molendinar",
        "year": 2022
      },
      "type": "Feature"
    },
    {
      "geometry": {
        "coordinates": [
          153.384269930405,
          -27.977995485274796
        ],
        "type": "Point"
      },
      "properties": {
        "cell_id": "1075_13810",
        "cluster": -1,
        "suburb": "Ashmore",
        "year": 2022
      },
      "type": "Feature"
    },
    {
      "geometry": {
        "coordinates": [
          153.45447090734103,
          -28.096619493362002
        ],
        "type": "Point"
      },
      "properties": {
        "cell_id": "1089_13784",
        "cluster": -1,
        "suburb": "Burleigh Heads",
        "year": 2022
      },
      "type": "Feature"
    },
    {
      "geometry": {
        "coordinates": [
          153.328896630503,
          -28.0087519948853
        ],
        "type": "Point"
      },
      "properties": {
        "cell_id": "1064_13803",
        "cluster": -1,
        "suburb": "Highland Park",
        "year": 2022
      },
      "type": "Feature"
    },
    {
      "geometry": {
        "coordinates": [
          153.468690901861,
          -28.126764495050196
        ],
        "type": "Point"
      },
      "properties": {
        "cell_id": "1092_13777",
        "cluster": -1,
        "suburb": "Palm Beach",
        "year": 2022
      },
      "type": "Feature"
    },
    {
      "geometry": {
        "coordinates": [
          153.42545890991002,
          -28.101420490439804
        ],
        "type": "Point"
      },
      "properties": {
        "cell_id": "1083_13782",
        "cluster": 32,
        "suburb": "Burleigh Heads",
        "year": 2023
      },
      "type": "Feature"
    },
    {
      "geometry": {
        "coordinates": [
          153.369549927753,
          -28.011008484035997
        ],
        "type": "Point"
      },
      "properties": {
        "cell_id": "1072_13803",
        "cluster": 61,
        "suburb": "Carrara",
        "year": 2023
      },
      "type": "Feature"
    },
    {
      "geometry": {
        "coordinates": [
          153.429124921887,
          -28.005872490064004
        ],
        "type": "Point"
      },
      "properties": {
        "cell_id": "1084_13804",
        "cluster": 17,
        "suburb": "Surfers Paradise",
        "year": 2023
      },
      "type": "Feature"
    },
    {
      "geometry": {
        "coordinates": [
          153.414293928965,
          -27.963709488220807
        ],
        "type": "Point"
      },
      "properties": {
        "cell_id": "1081_13813",
        "cluster": 6,
        "suburb": "Southport",
        "year": 2023
      },
      "type": "Feature"
    },
    {
      "geometry": {
        "coordinates": [
          153.472493292448,
          -28.126713792438196
        ],
        "type": "Point"
      },
      "properties": {
        "cell_id": "1092_13777",
        "cluster": -1,
        "suburb": "Palm Beach",
        "year": 2023
      },
      "type": "Feature"
    },
    {
      "geometry": {
        "coordinates": [
          153.31556892905,
          -28.04686447883079
        ],
        "type": "Point"
      },
      "properties": {
        "cell_id": "1062_13795",
        "cluster": -1,
        "suburb": "Worongary",
        "year": 2023
      },
      "type": "Feature"
    },
    {
      "geometry": {
        "coordinates": [
          153.536666888972,
          -28.168233502326895
        ],
        "type": "Point"
      },
      "properties": {
        "cell_id": "1105_13768",
        "cluster": -1,
        "suburb": "Coolangatta",
        "year": 2021
      },
      "type": "Feature"
    },
    {
      "geometry": {
        "coordinates": [
          153.414548924304,
          -27.99953448852821
        ],
        "type": "Point"
      },
      "properties": {
        "cell_id": "1081_13805",
        "cluster": 51,
        "suburb": "Bundall",
        "year": 2023
      },
      "type": "Feature"
    },
    {
      "geometry": {
        "coordinates": [
          153.256251969019,
          -27.7863194707676
        ],
        "type": "Point"
      },
      "properties": {
        "cell_id": "1050_13852",
        "cluster": 58,
        "suburb": "Ormeau",
        "year": 2023
      },
      "type": "Feature"
    },
    {
      "geometry": {
        "coordinates": [
          153.25910693796,
          -28.0258464729394
        ],
        "type": "Point"
      },
      "properties": {
        "cell_id": "1050_13799",
        "cluster": -1,
        "suburb": "Lower Beechmont",
        "year": 2021
      },
      "type": "Feature"
    },
    {
      "geometry": {
        "coordinates": [
          153.261479989989,
          -28.023597109162097
        ],
        "type": "Point"
      },
      "properties": {
        "cell_id": "1051_13800",
        "cluster": -1,
        "suburb": "Advancetown",
        "year": 2021
      },
      "type": "Feature"
    },
    {
      "geometry": {
        "coordinates": [
          153.494711896749,
          -28.14402849784449
        ],
        "type": "Point"
      },
      "properties": {
        "cell_id": "1097_13773",
        "cluster": 69,
        "suburb": "Tugun",
        "year": 2022
      },
      "type": "Feature"
    },
    {
      "geometry": {
        "coordinates": [
          153.351558929087,
          -28.015954482245004
        ],
        "type": "Point"
      },
      "properties": {
        "cell_id": "1069_13801",
        "cluster": 62,
        "suburb": "Carrara",
        "year": 2022
      },
      "type": "Feature"
    },
    {
      "geometry": {
        "coordinates": [
          153.281885962273,
          -27.8172074736086
        ],
        "type": "Point"
      },
      "properties": {
        "cell_id": "1055_13846",
        "cluster": 28,
        "suburb": "Pimpama",
        "year": 2022
      },
      "type": "Feature"
    },
    {
      "geometry": {
        "coordinates": [
          153.339675951206,
          -27.854397479767496
        ],
        "type": "Point"
      },
      "properties": {
        "cell_id": "1066_13837",
        "cluster": -1,
        "suburb": "Coomera",
        "year": 2021
      },
      "type": "Feature"
    },
    {
      "geometry": {
        "coordinates": [
          153.30169693595,
          -28.0051514770954
        ],
        "type": "Point"
      },
      "properties": {
        "cell_id": "1059_13804",
        "cluster": -1,
        "suburb": "Nerang",
        "year": 2021
      },
      "type": "Feature"
    },
    {
      "geometry": {
        "coordinates": [
          153.342784934675,
          -27.9801044810716
        ],
        "type": "Point"
      },
      "properties": {
        "cell_id": "1067_13809",
        "cluster": 10,
        "suburb": "Molendinar",
        "year": 2021
      },
      "type": "Feature"
    },
    {
      "geometry": {
        "coordinates": [
          153.474573898538,
          -28.147337495812398
        ],
        "type": "Point"
      },
      "properties": {
        "cell_id": "1093_13772",
        "cluster": -1,
        "suburb": "Currumbin Waters",
        "year": 2021
      },
      "type": "Feature"
    },
    {
      "geometry": {
        "coordinates": [
          153.428836918856,
          -28.0295244902203
        ],
        "type": "Point"
      },
      "properties": {
        "cell_id": "1084_13798",
        "cluster": 64,
        "suburb": "Broadbeach",
        "year": 2022
      },
      "type": "Feature"
    },
    {
      "geometry": {
        "coordinates": [
          153.33627893416,
          -27.989621480485088
        ],
        "type": "Point"
      },
      "properties": {
        "cell_id": "1066_13807",
        "cluster": 65,
        "suburb": "Nerang",
        "year": 2022
      },
      "type": "Feature"
    },
    {
      "geometry": {
        "coordinates": [
          153.22683197865,
          -27.735998467392786
        ],
        "type": "Point"
      },
      "properties": {
        "cell_id": "1044_13864",
        "cluster": 23,
        "suburb": "Yatala",
        "year": 2023
      },
      "type": "Feature"
    },
    {
      "geometry": {
        "coordinates": [
          153.222343980153,
          -27.7280414668761
        ],
        "type": "Point"
      },
      "properties": {
        "cell_id": "1043_13865",
        "cluster": 80,
        "suburb": "Yatala",
        "year": 2021
      },
      "type": "Feature"
    },
    {
      "geometry": {
        "coordinates": [
          153.430129918722,
          -28.0294664903517
        ],
        "type": "Point"
      },
      "properties": {
        "cell_id": "1084_13798",
        "cluster": 64,
        "suburb": "Broadbeach",
        "year": 2022
      },
      "type": "Feature"
    },
    {
      "geometry": {
        "coordinates": [
          153.308788944299,
          -27.934277926258602
        ],
        "type": "Point"
      },
      "properties": {
        "cell_id": "1060_13820",
        "cluster": -1,
        "suburb": "Pacific Pines",
        "year": 2023
      },
      "type": "Feature"
    },
    {
      "geometry": {
        "coordinates": [
          153.319915951705,
          -27.86725947786139
        ],
        "type": "Point"
      },
      "properties": {
        "cell_id": "1062_13834",
        "cluster": -1,
        "suburb": "Coomera",
        "year": 2023
      },
      "type": "Feature"
    },
    {
      "geometry": {
        "coordinates": [
          153.408970501618,
          -27.9554269326133
        ],
        "type": "Point"
      },
      "properties": {
        "cell_id": "1080_13815",
        "cluster": 6,
        "suburb": "Labrador",
        "year": 2023
      },
      "type": "Feature"
    },
    {
      "geometry": {
        "coordinates": [
          153.244249973724,
          -27.759739469342797
        ],
        "type": "Point"
      },
      "properties": {
        "cell_id": "1048_13858",
        "cluster": 8,
        "suburb": "Ormeau",
        "year": 2022
      },
      "type": "Feature"
    },
    {
      "geometry": {
        "coordinates": [
          153.407919919783,
          -28.040093488170996
        ],
        "type": "Point"
      },
      "properties": {
        "cell_id": "1080_13796",
        "cluster": -1,
        "suburb": "Mermaid Waters",
        "year": 2023
      },
      "type": "Feature"
    },
    {
      "geometry": {
        "coordinates": [
          153.395151925159,
          -28.0093644866292
        ],
        "type": "Point"
      },
      "properties": {
        "cell_id": "1077_13803",
        "cluster": 41,
        "suburb": "Benowa",
        "year": 2021
      },
      "type": "Feature"
    },
    {
      "geometry": {
        "coordinates": [
          153.364172029379,
          -28.0726364019724
        ],
        "type": "Point"
      },
      "properties": {
        "cell_id": "1071_13789",
        "cluster": 66,
        "suburb": "Robina",
        "year": 2022
      },
      "type": "Feature"
    },
    {
      "geometry": {
        "coordinates": [
          153.395891940008,
          -27.8937704857963
        ],
        "type": "Point"
      },
      "properties": {
        "cell_id": "1077_13829",
        "cluster": -1,
        "suburb": "Hollywell",
        "year": 2021
      },
      "type": "Feature"
    },
    {
      "geometry": {
        "coordinates": [
          153.425011918467,
          -28.0357664898792
        ],
        "type": "Point"
      },
      "properties": {
        "cell_id": "1083_13797",
        "cluster": 16,
        "suburb": "Broadbeach Waters",
        "year": 2022
      },
      "type": "Feature"
    },
    {
      "geometry": {
        "coordinates": [
          153.387642917435,
          -28.075439486382997
        ],
        "type": "Point"
      },
      "properties": {
        "cell_id": "1076_13788",
        "cluster": -1,
        "suburb": "Robina",
        "year": 2021
      },
      "type": "Feature"
    },
    {
      "geometry": {
        "coordinates": [
          153.401213935604,
          -27.92339248657129
        ],
        "type": "Point"
      },
      "properties": {
        "cell_id": "1078_13822",
        "cluster": -1,
        "suburb": "Runaway Bay",
        "year": 2022
      },
      "type": "Feature"
    },
    {
      "geometry": {
        "coordinates": [
          153.378128934788,
          -27.9492504844239
        ],
        "type": "Point"
      },
      "properties": {
        "cell_id": "1074_13816",
        "cluster": -1,
        "suburb": "Parkwood",
        "year": 2021
      },
      "type": "Feature"
    },
    {
      "geometry": {
        "coordinates": [
          153.282040956804,
          -27.859696473958696
        ],
        "type": "Point"
      },
      "properties": {
        "cell_id": "1055_13836",
        "cluster": -1,
        "suburb": "Willow Vale",
        "year": 2022
      },
      "type": "Feature"
    },
    {
      "geometry": {
        "coordinates": [
          153.404690931428,
          -27.952777487156393
        ],
        "type": "Point"
      },
      "properties": {
        "cell_id": "1079_13815",
        "cluster": -1,
        "suburb": "Labrador",
        "year": 2021
      },
      "type": "Feature"
    },
    {
      "geometry": {
        "coordinates": [
          153.282644949681,
          -27.9146444744519
        ],
        "type": "Point"
      },
      "properties": {
        "cell_id": "1055_13824",
        "cluster": -1,
        "suburb": "Maudsland",
        "year": 2021
      },
      "type": "Feature"
    },
    {
      "geometry": {
        "coordinates": [
          153.314983949538,
          -27.888293477526
        ],
        "type": "Point"
      },
      "properties": {
        "cell_id": "1062_13830",
        "cluster": 30,
        "suburb": "Oxenford",
        "year": 2021
      },
      "type": "Feature"
    },
    {
      "geometry": {
        "coordinates": [
          153.223415816938,
          -27.72881711999061
        ],
        "type": "Point"
      },
      "properties": {
        "cell_id": "1044_13865",
        "cluster": 80,
        "suburb": "Stapylton",
        "year": 2021
      },
      "type": "Feature"
    },
    {
      "geometry": {
        "coordinates": [
          153.349365928852,
          -28.01964248205089
        ],
        "type": "Point"
      },
      "properties": {
        "cell_id": "1068_13801",
        "cluster": -1,
        "suburb": "Worongary",
        "year": 2021
      },
      "type": "Feature"
    },
    {
      "geometry": {
        "coordinates": [
          153.31668394758,
          -27.902069477806997
        ],
        "type": "Point"
      },
      "properties": {
        "cell_id": "1062_13827",
        "cluster": 19,
        "suburb": "Helensvale",
        "year": 2021
      },
      "type": "Feature"
    },
    {
      "geometry": {
        "coordinates": [
          153.403856681847,
          -28.066216996961998
        ],
        "type": "Point"
      },
      "properties": {
        "cell_id": "1079_13790",
        "cluster": -1,
        "suburb": "Robina",
        "year": 2021
      },
      "type": "Feature"
    },
    {
      "geometry": {
        "coordinates": [
          153.378715933354,
          -27.959862484567108
        ],
        "type": "Point"
      },
      "properties": {
        "cell_id": "1074_13814",
        "cluster": 7,
        "suburb": "Southport",
        "year": 2023
      },
      "type": "Feature"
    },
    {
      "geometry": {
        "coordinates": [
          153.342566920818,
          -28.087623481892997
        ],
        "type": "Point"
      },
      "properties": {
        "cell_id": "1067_13786",
        "cluster": -1,
        "suburb": "Mudgeeraba",
        "year": 2021
      },
      "type": "Feature"
    },
    {
      "geometry": {
        "coordinates": [
          153.370197933731,
          -27.964163483734097
        ],
        "type": "Point"
      },
      "properties": {
        "cell_id": "1072_13813",
        "cluster": -1,
        "suburb": "Molendinar",
        "year": 2021
      },
      "type": "Feature"
    },
    {
      "geometry": {
        "coordinates": [
          153.227581927597,
          -28.133332470589902
        ],
        "type": "Point"
      },
      "properties": {
        "cell_id": "1044_13776",
        "cluster": -1,
        "suburb": "Numinbah Valley",
        "year": 2023
      },
      "type": "Feature"
    },
    {
      "geometry": {
        "coordinates": [
          153.508941893298,
          -28.158489499412998
        ],
        "type": "Point"
      },
      "properties": {
        "cell_id": "1099_13770",
        "cluster": -1,
        "suburb": "Bilinga",
        "year": 2022
      },
      "type": "Feature"
    },
    {
      "geometry": {
        "coordinates": [
          153.228946978339,
          -27.736633467611803
        ],
        "type": "Point"
      },
      "properties": {
        "cell_id": "1045_13863",
        "cluster": 23,
        "suburb": "Yatala",
        "year": 2022
      },
      "type": "Feature"
    },
    {
      "geometry": {
        "coordinates": [
          153.378523928322,
          -27.998988484854795
        ],
        "type": "Point"
      },
      "properties": {
        "cell_id": "1074_13805",
        "cluster": 48,
        "suburb": "Ashmore",
        "year": 2022
      },
      "type": "Feature"
    },
    {
      "geometry": {
        "coordinates": [
          153.29397896053,
          -27.820539474861302
        ],
        "type": "Point"
      },
      "properties": {
        "cell_id": "1057_13845",
        "cluster": 29,
        "suburb": "Pimpama",
        "year": 2022
      },
      "type": "Feature"
    },
    {
      "geometry": {
        "coordinates": [
          153.243162973968,
          -27.758753469225002
        ],
        "type": "Point"
      },
      "properties": {
        "cell_id": "1047_13858",
        "cluster": 8,
        "suburb": "Ormeau",
        "year": 2022
      },
      "type": "Feature"
    },
    {
      "geometry": {
        "coordinates": [
          153.451440908333,
          -28.09154349301289
        ],
        "type": "Point"
      },
      "properties": {
        "cell_id": "1088_13785",
        "cluster": -1,
        "suburb": "Burleigh Heads",
        "year": 2022
      },
      "type": "Feature"
    },
    {
      "geometry": {
        "coordinates": [
          153.316729949721,
          -27.885388477680497
        ],
        "type": "Point"
      },
      "properties": {
        "cell_id": "1062_13830",
        "cluster": 30,
        "suburb": "Helensvale",
        "year": 2023
      },
      "type": "Feature"
    },
    {
      "geometry": {
        "coordinates": [
          153.340884921619,
          -28.0828634816848
        ],
        "type": "Point"
      },
      "properties": {
        "cell_id": "1066_13787",
        "cluster": -1,
        "suburb": "Mudgeeraba",
        "year": 2023
      },
      "type": "Feature"
    },
    {
      "geometry": {
        "coordinates": [
          153.357223133488,
          -28.054491990123296
        ],
        "type": "Point"
      },
      "properties": {
        "cell_id": "1070_13793",
        "cluster": -1,
        "suburb": "Mudgeeraba",
        "year": 2022
      },
      "type": "Feature"
    },
    {
      "geometry": {
        "coordinates": [
          153.388414916847,
          -28.079331486492105
        ],
        "type": "Point"
      },
      "properties": {
        "cell_id": "1076_13787",
        "cluster": 52,
        "suburb": "Robina",
        "year": 2022
      },
      "type": "Feature"
    },
    {
      "geometry": {
        "coordinates": [
          153.342280848779,
          -27.956460363834594
        ],
        "type": "Point"
      },
      "properties": {
        "cell_id": "1067_13815",
        "cluster": 4,
        "suburb": "Gaven",
        "year": 2022
      },
      "type": "Feature"
    },
    {
      "geometry": {
        "coordinates": [
          153.388974921202,
          -28.0452004862814
        ],
        "type": "Point"
      },
      "properties": {
        "cell_id": "1076_13795",
        "cluster": -1,
        "suburb": "Merrimac",
        "year": 2021
      },
      "type": "Feature"
    },
    {
      "geometry": {
        "coordinates": [
          153.367118916741,
          -28.098254484473
        ],
        "type": "Point"
      },
      "properties": {
        "cell_id": "1072_13783",
        "cluster": -1,
        "suburb": "Mudgeeraba",
        "year": 2021
      },
      "type": "Feature"
    },
    {
      "geometry": {
        "coordinates": [
          153.410655928227,
          -27.9724984879191
        ],
        "type": "Point"
      },
      "properties": {
        "cell_id": "1080_13811",
        "cluster": 24,
        "suburb": "Southport",
        "year": 2021
      },
      "type": "Feature"
    },
    {
      "geometry": {
        "coordinates": [
          153.29994594382,
          -27.945512476449405
        ],
        "type": "Point"
      },
      "properties": {
        "cell_id": "1059_13817",
        "cluster": -1,
        "suburb": "Pacific Pines",
        "year": 2021
      },
      "type": "Feature"
    },
    {
      "geometry": {
        "coordinates": [
          153.430856987454,
          -28.000031320194697
        ],
        "type": "Point"
      },
      "properties": {
        "cell_id": "1084_13805",
        "cluster": 17,
        "suburb": "Surfers Paradise",
        "year": 2022
      },
      "type": "Feature"
    },
    {
      "geometry": {
        "coordinates": [
          153.427871833232,
          -28.150845669073192
        ],
        "type": "Point"
      },
      "properties": {
        "cell_id": "1084_13772",
        "cluster": -1,
        "suburb": "Tallebudgera",
        "year": 2022
      },
      "type": "Feature"
    },
    {
      "geometry": {
        "coordinates": [
          153.281172936982,
          -28.014625475087797
        ],
        "type": "Point"
      },
      "properties": {
        "cell_id": "1055_13802",
        "cluster": -1,
        "suburb": "Advancetown",
        "year": 2022
      },
      "type": "Feature"
    },
    {
      "geometry": {
        "coordinates": [
          153.336988934194,
          -27.988758480550512
        ],
        "type": "Point"
      },
      "properties": {
        "cell_id": "1066_13807",
        "cluster": 65,
        "suburb": "Nerang",
        "year": 2021
      },
      "type": "Feature"
    },
    {
      "geometry": {
        "coordinates": [
          153.400788930644,
          -27.9621514868326
        ],
        "type": "Point"
      },
      "properties": {
        "cell_id": "1078_13813",
        "cluster": -1,
        "suburb": "Southport",
        "year": 2022
      },
      "type": "Feature"
    },
    {
      "geometry": {
        "coordinates": [
          153.314137936112,
          -27.993309478265193
        ],
        "type": "Point"
      },
      "properties": {
        "cell_id": "1061_13806",
        "cluster": -1,
        "suburb": "Nerang",
        "year": 2023
      },
      "type": "Feature"
    },
    {
      "geometry": {
        "coordinates": [
          153.276625975045,
          -27.7219954723254
        ],
        "type": "Point"
      },
      "properties": {
        "cell_id": "1054_13867",
        "cluster": -1,
        "suburb": "Alberton",
        "year": 2022
      },
      "type": "Feature"
    },
    {
      "geometry": {
        "coordinates": [
          153.312099953314,
          -27.861368477021497
        ],
        "type": "Point"
      },
      "properties": {
        "cell_id": "1061_13836",
        "cluster": 9,
        "suburb": "Coomera",
        "year": 2023
      },
      "type": "Feature"
    },
    {
      "geometry": {
        "coordinates": [
          153.400964912726,
          -28.10048948793609
        ],
        "type": "Point"
      },
      "properties": {
        "cell_id": "1078_13783",
        "cluster": 50,
        "suburb": "Reedy Creek",
        "year": 2022
      },
      "type": "Feature"
    },
    {
      "geometry": {
        "coordinates": [
          153.431079922141,
          -28.002256490234902
        ],
        "type": "Point"
      },
      "properties": {
        "cell_id": "1084_13804",
        "cluster": 17,
        "suburb": "Surfers Paradise",
        "year": 2023
      },
      "type": "Feature"
    },
    {
      "geometry": {
        "coordinates": [
          153.426894918386,
          -28.0347984900636
        ],
        "type": "Point"
      },
      "properties": {
        "cell_id": "1083_13797",
        "cluster": 16,
        "suburb": "Broadbeach Waters",
        "year": 2022
      },
      "type": "Feature"
    },
    {
      "geometry": {
        "coordinates": [
          153.400981928972,
          -27.9749214869525
        ],
        "type": "Point"
      },
      "properties": {
        "cell_id": "1078_13811",
        "cluster": 18,
        "suburb": "Southport",
        "year": 2022
      },
      "type": "Feature"
    },
    {
      "geometry": {
        "coordinates": [
          153.427110927016,
          -27.9679384895607
        ],
        "type": "Point"
      },
      "properties": {
        "cell_id": "1084_13812",
        "cluster": -1,
        "suburb": "Main Beach",
        "year": 2022
      },
      "type": "Feature"
    },
    {
      "geometry": {
        "coordinates": [
          153.328719954123,
          -27.840987478548904
        ],
        "type": "Point"
      },
      "properties": {
        "cell_id": "1064_13840",
        "cluster": -1,
        "suburb": "Coomera",
        "year": 2021
      },
      "type": "Feature"
    },
    {
      "geometry": {
        "coordinates": [
          153.263291966206,
          -27.8023074716067
        ],
        "type": "Point"
      },
      "properties": {
        "cell_id": "1051_13849",
        "cluster": -1,
        "suburb": "Pimpama",
        "year": 2021
      },
      "type": "Feature"
    },
    {
      "geometry": {
        "coordinates": [
          153.315337952285,
          -27.866627477391596
        ],
        "type": "Point"
      },
      "properties": {
        "cell_id": "1062_13835",
        "cluster": 9,
        "suburb": "Coomera",
        "year": 2023
      },
      "type": "Feature"
    },
    {
      "geometry": {
        "coordinates": [
          153.432180904417,
          -28.138052491412406
        ],
        "type": "Point"
      },
      "properties": {
        "cell_id": "1084_13774",
        "cluster": -1,
        "suburb": "Elanora",
        "year": 2022
      },
      "type": "Feature"
    },
    {
      "geometry": {
        "coordinates": [
          153.283793350982,
          -27.817858007807196
        ],
        "type": "Point"
      },
      "properties": {
        "cell_id": "1055_13845",
        "cluster": 28,
        "suburb": "Pimpama",
        "year": 2023
      },
      "type": "Feature"
    },
    {
      "geometry": {
        "coordinates": [
          153.271343953005,
          -27.89837547317841
        ],
        "type": "Point"
      },
      "properties": {
        "cell_id": "1053_13828",
        "cluster": -1,
        "suburb": "Upper Coomera",
        "year": 2021
      },
      "type": "Feature"
    },
    {
      "geometry": {
        "coordinates": [
          153.413922044086,
          -28.001753255481695
        ],
        "type": "Point"
      },
      "properties": {
        "cell_id": "1081_13805",
        "cluster": 51,
        "suburb": "Bundall",
        "year": 2022
      },
      "type": "Feature"
    },
    {
      "geometry": {
        "coordinates": [
          153.270124911827,
          -28.219121475569892
        ],
        "type": "Point"
      },
      "properties": {
        "cell_id": "1053_13756",
        "cluster": -1,
        "suburb": "Springbrook",
        "year": 2021
      },
      "type": "Feature"
    },
    {
      "geometry": {
        "coordinates": [
          153.421973903904,
          -28.1506754904705
        ],
        "type": "Point"
      },
      "properties": {
        "cell_id": "1082_13772",
        "cluster": -1,
        "suburb": "Tallebudgera",
        "year": 2021
      },
      "type": "Feature"
    },
    {
      "geometry": {
        "coordinates": [
          153.35672293073,
          -27.9988464826357
        ],
        "type": "Point"
      },
      "properties": {
        "cell_id": "1070_13805",
        "cluster": -1,
        "suburb": "Nerang",
        "year": 2021
      },
      "type": "Feature"
    },
    {
      "geometry": {
        "coordinates": [
          153.331855942561,
          -27.9281884795532
        ],
        "type": "Point"
      },
      "properties": {
        "cell_id": "1065_13821",
        "cluster": 11,
        "suburb": "Helensvale",
        "year": 2021
      },
      "type": "Feature"
    },
    {
      "geometry": {
        "coordinates": [
          153.390771938165,
          -27.9123804854212
        ],
        "type": "Point"
      },
      "properties": {
        "cell_id": "1076_13824",
        "cluster": -1,
        "suburb": "Runaway Bay",
        "year": 2021
      },
      "type": "Feature"
    },
    {
      "geometry": {
        "coordinates": [
          153.341218202676,
          -27.7949963734567
        ],
        "type": "Point"
      },
      "properties": {
        "cell_id": "1067_13850",
        "cluster": -1,
        "suburb": "Norwell",
        "year": 2022
      },
      "type": "Feature"
    },
    {
      "geometry": {
        "coordinates": [
          153.483232899737,
          -28.130781496567394
        ],
        "type": "Point"
      },
      "properties": {
        "cell_id": "1094_13776",
        "cluster": -1,
        "suburb": "Currumbin",
        "year": 2022
      },
      "type": "Feature"
    },
    {
      "geometry": {
        "coordinates": [
          153.408615920147,
          -28.036692488215305
        ],
        "type": "Point"
      },
      "properties": {
        "cell_id": "1080_13797",
        "cluster": 63,
        "suburb": "Mermaid Waters",
        "year": 2022
      },
      "type": "Feature"
    },
    {
      "geometry": {
        "coordinates": [
          153.418470917872,
          -28.045905489291894
        ],
        "type": "Point"
      },
      "properties": {
        "cell_id": "1082_13795",
        "cluster": 40,
        "suburb": "Mermaid Waters",
        "year": 2021
      },
      "type": "Feature"
    },
    {
      "geometry": {
        "coordinates": [
          153.442371912212,
          -28.069329491913198
        ],
        "type": "Point"
      },
      "properties": {
        "cell_id": "1086_13790",
        "cluster": -1,
        "suburb": "Miami",
        "year": 2022
      },
      "type": "Feature"
    },
    {
      "geometry": {
        "coordinates": [
          153.283275524628,
          -27.891171364331296
        ],
        "type": "Point"
      },
      "properties": {
        "cell_id": "1055_13829",
        "cluster": -1,
        "suburb": "Upper Coomera",
        "year": 2022
      },
      "type": "Feature"
    },
    {
      "geometry": {
        "coordinates": [
          153.410643928239,
          -27.972413487917198
        ],
        "type": "Point"
      },
      "properties": {
        "cell_id": "1080_13811",
        "cluster": 24,
        "suburb": "Southport",
        "year": 2022
      },
      "type": "Feature"
    },
    {
      "geometry": {
        "coordinates": [
          153.263172970337,
          -27.7701534713414
        ],
        "type": "Point"
      },
      "properties": {
        "cell_id": "1051_13856",
        "cluster": -1,
        "suburb": "Ormeau",
        "year": 2022
      },
      "type": "Feature"
    },
    {
      "geometry": {
        "coordinates": [
          153.44282390392,
          -28.132846492457304
        ],
        "type": "Point"
      },
      "properties": {
        "cell_id": "1086_13776",
        "cluster": -1,
        "suburb": "Elanora",
        "year": 2022
      },
      "type": "Feature"
    },
    {
      "geometry": {
        "coordinates": [
          153.344401218271,
          -27.958598455066998
        ],
        "type": "Point"
      },
      "properties": {
        "cell_id": "1067_13814",
        "cluster": 4,
        "suburb": "Gaven",
        "year": 2022
      },
      "type": "Feature"
    },
    {
      "geometry": {
        "coordinates": [
          153.482846896864,
          -28.153200496703594
        ],
        "type": "Point"
      },
      "properties": {
        "cell_id": "1094_13771",
        "cluster": -1,
        "suburb": "Tugun",
        "year": 2022
      },
      "type": "Feature"
    },
    {
      "geometry": {
        "coordinates": [
          153.378338930801,
          -27.979951484686495
        ],
        "type": "Point"
      },
      "properties": {
        "cell_id": "1074_13809",
        "cluster": 44,
        "suburb": "Molendinar",
        "year": 2022
      },
      "type": "Feature"
    },
    {
      "geometry": {
        "coordinates": [
          153.403291921306,
          -28.0322454876379
        ],
        "type": "Point"
      },
      "properties": {
        "cell_id": "1079_13798",
        "cluster": -1,
        "suburb": "Broadbeach Waters",
        "year": 2022
      },
      "type": "Feature"
    },
    {
      "geometry": {
        "coordinates": [
          153.296035960655,
          -27.81782747504869
        ],
        "type": "Point"
      },
      "properties": {
        "cell_id": "1058_13845",
        "cluster": -1,
        "suburb": "Pimpama",
        "year": 2022
      },
      "type": "Feature"
    },
    {
      "geometry": {
        "coordinates": [
          153.431152914388,
          -28.062045490711704
        ],
        "type": "Point"
      },
      "properties": {
        "cell_id": "1084_13791",
        "cluster": -1,
        "suburb": "Miami",
        "year": 2022
      },
      "type": "Feature"
    },
    {
      "geometry": {
        "coordinates": [
          153.4190279151,
          -28.066834489512893
        ],
        "type": "Point"
      },
      "properties": {
        "cell_id": "1082_13790",
        "cluster": 84,
        "suburb": "Robina",
        "year": 2022
      },
      "type": "Feature"
    },
    {
      "geometry": {
        "coordinates": [
          153.28253997715,
          -27.8176125896781
        ],
        "type": "Point"
      },
      "properties": {
        "cell_id": "1055_13845",
        "cluster": 28,
        "suburb": "Pimpama",
        "year": 2023
      },
      "type": "Feature"
    },
    {
      "geometry": {
        "coordinates": [
          153.380348917037,
          -28.084713485713202
        ],
        "type": "Point"
      },
      "properties": {
        "cell_id": "1074_13786",
        "cluster": 67,
        "suburb": "Mudgeeraba",
        "year": 2022
      },
      "type": "Feature"
    },
    {
      "geometry": {
        "coordinates": [
          153.37750538516204,
          -27.9856110876461
        ],
        "type": "Point"
      },
      "properties": {
        "cell_id": "1074_13808",
        "cluster": -1,
        "suburb": "Ashmore",
        "year": 2022
      },
      "type": "Feature"
    },
    {
      "geometry": {
        "coordinates": [
          153.361864939408,
          -27.927211482596
        ],
        "type": "Point"
      },
      "properties": {
        "cell_id": "1071_13821",
        "cluster": 1,
        "suburb": "Arundel",
        "year": 2022
      },
      "type": "Feature"
    },
    {
      "geometry": {
        "coordinates": [
          153.402188931217,
          -27.956527486931
        ],
        "type": "Point"
      },
      "properties": {
        "cell_id": "1079_13815",
        "cluster": 36,
        "suburb": "Southport",
        "year": 2022
      },
      "type": "Feature"
    },
    {
      "geometry": {
        "coordinates": [
          153.302635596674,
          -27.83545231985701
        ],
        "type": "Point"
      },
      "properties": {
        "cell_id": "1059_13841",
        "cluster": -1,
        "suburb": "Pimpama",
        "year": 2022
      },
      "type": "Feature"
    },
    {
      "geometry": {
        "coordinates": [
          153.340534642527,
          -27.9909182069278
        ],
        "type": "Point"
      },
      "properties": {
        "cell_id": "1066_13807",
        "cluster": 27,
        "suburb": "Nerang",
        "year": 2022
      },
      "type": "Feature"
    },
    {
      "geometry": {
        "coordinates": [
          153.370513253878,
          -27.9937404369984
        ],
        "type": "Point"
      },
      "properties": {
        "cell_id": "1072_13806",
        "cluster": -1,
        "suburb": "Ashmore",
        "year": 2022
      },
      "type": "Feature"
    },
    {
      "geometry": {
        "coordinates": [
          153.32778400903,
          -27.997848968686696
        ],
        "type": "Point"
      },
      "properties": {
        "cell_id": "1064_13805",
        "cluster": -1,
        "suburb": "Nerang",
        "year": 2022
      },
      "type": "Feature"
    },
    {
      "geometry": {
        "coordinates": [
          153.418316908431,
          -28.118886489848606
        ],
        "type": "Point"
      },
      "properties": {
        "cell_id": "1082_13779",
        "cluster": -1,
        "suburb": "Burleigh Heads",
        "year": 2022
      },
      "type": "Feature"
    },
    {
      "geometry": {
        "coordinates": [
          153.344373934942,
          -27.976684481206195
        ],
        "type": "Point"
      },
      "properties": {
        "cell_id": "1067_13810",
        "cluster": 10,
        "suburb": "Gaven",
        "year": 2022
      },
      "type": "Feature"
    },
    {
      "geometry": {
        "coordinates": [
          153.42134872902,
          -28.0732023747995
        ],
        "type": "Point"
      },
      "properties": {
        "cell_id": "1082_13789",
        "cluster": -1,
        "suburb": "Burleigh Waters",
        "year": 2022
      },
      "type": "Feature"
    },
    {
      "geometry": {
        "coordinates": [
          153.352521906969,
          -28.186182483677204
        ],
        "type": "Point"
      },
      "properties": {
        "cell_id": "1069_13764",
        "cluster": -1,
        "suburb": "Tallebudgera Valley",
        "year": 2022
      },
      "type": "Feature"
    },
    {
      "geometry": {
        "coordinates": [
          153.315156675249,
          -27.882615779498902
        ],
        "type": "Point"
      },
      "properties": {
        "cell_id": "1062_13831",
        "cluster": 30,
        "suburb": "Oxenford",
        "year": 2022
      },
      "type": "Feature"
    },
    {
      "geometry": {
        "coordinates": [
          153.36888851161,
          -27.950705133495102
        ],
        "type": "Point"
      },
      "properties": {
        "cell_id": "1072_13816",
        "cluster": -1,
        "suburb": "Parkwood",
        "year": 2022
      },
      "type": "Feature"
    },
    {
      "geometry": {
        "coordinates": [
          153.398616931685,
          -27.955931486562505
        ],
        "type": "Point"
      },
      "properties": {
        "cell_id": "1078_13815",
        "cluster": 36,
        "suburb": "Labrador",
        "year": 2022
      },
      "type": "Feature"
    },
    {
      "geometry": {
        "coordinates": [
          153.25719896895,
          -27.786050470861408
        ],
        "type": "Point"
      },
      "properties": {
        "cell_id": "1050_13852",
        "cluster": 58,
        "suburb": "Ormeau",
        "year": 2022
      },
      "type": "Feature"
    },
    {
      "geometry": {
        "coordinates": [
          153.538939098824,
          -28.167446835553505
        ],
        "type": "Point"
      },
      "properties": {
        "cell_id": "1105_13768",
        "cluster": -1,
        "suburb": "Coolangatta",
        "year": 2021
      },
      "type": "Feature"
    },
    {
      "geometry": {
        "coordinates": [
          153.342992923926,
          -28.06320848174491
        ],
        "type": "Point"
      },
      "properties": {
        "cell_id": "1067_13791",
        "cluster": -1,
        "suburb": "Worongary",
        "year": 2022
      },
      "type": "Feature"
    },
    {
      "geometry": {
        "coordinates": [
          153.309598631786,
          -27.859814281755405
        ],
        "type": "Point"
      },
      "properties": {
        "cell_id": "1060_13836",
        "cluster": 9,
        "suburb": "Upper Coomera",
        "year": 2022
      },
      "type": "Feature"
    },
    {
      "geometry": {
        "coordinates": [
          153.530475889385,
          -28.170298501709198
        ],
        "type": "Point"
      },
      "properties": {
        "cell_id": "1104_13767",
        "cluster": -1,
        "suburb": "Coolangatta",
        "year": 2022
      },
      "type": "Feature"
    },
    {
      "geometry": {
        "coordinates": [
          153.393605917188,
          -28.0722874869655
        ],
        "type": "Point"
      },
      "properties": {
        "cell_id": "1077_13789",
        "cluster": -1,
        "suburb": "Robina",
        "year": 2021
      },
      "type": "Feature"
    },
    {
      "geometry": {
        "coordinates": [
          153.311796953355,
          -27.8613044769902
        ],
        "type": "Point"
      },
      "properties": {
        "cell_id": "1061_13836",
        "cluster": 9,
        "suburb": "Coomera",
        "year": 2021
      },
      "type": "Feature"
    },
    {
      "geometry": {
        "coordinates": [
          153.427180923028,
          -27.998706489809493
        ],
        "type": "Point"
      },
      "properties": {
        "cell_id": "1084_13805",
        "cluster": 17,
        "suburb": "Surfers Paradise",
        "year": 2021
      },
      "type": "Feature"
    },
    {
      "geometry": {
        "coordinates": [
          153.412514525789,
          -28.036151461608302
        ],
        "type": "Point"
      },
      "properties": {
        "cell_id": "1081_13797",
        "cluster": -1,
        "suburb": "Mermaid Waters",
        "year": 2022
      },
      "type": "Feature"
    },
    {
      "geometry": {
        "coordinates": [
          153.379998066326,
          -27.9977067339948
        ],
        "type": "Point"
      },
      "properties": {
        "cell_id": "1074_13805",
        "cluster": 48,
        "suburb": "Ashmore",
        "year": 2022
      },
      "type": "Feature"
    },
    {
      "geometry": {
        "coordinates": [
          153.428044923661,
          -27.993082489853393
        ],
        "type": "Point"
      },
      "properties": {
        "cell_id": "1084_13806",
        "cluster": 74,
        "suburb": "Surfers Paradise",
        "year": 2022
      },
      "type": "Feature"
    },
    {
      "geometry": {
        "coordinates": [
          153.40570793076702,
          -27.9570364872935
        ],
        "type": "Point"
      },
      "properties": {
        "cell_id": "1079_13814",
        "cluster": 6,
        "suburb": "Southport",
        "year": 2022
      },
      "type": "Feature"
    },
    {
      "geometry": {
        "coordinates": [
          153.387943938402,
          -27.9129314851376
        ],
        "type": "Point"
      },
      "properties": {
        "cell_id": "1076_13824",
        "cluster": -1,
        "suburb": "Runaway Bay",
        "year": 2022
      },
      "type": "Feature"
    },
    {
      "geometry": {
        "coordinates": [
          153.33504495954,
          -27.7934854788175
        ],
        "type": "Point"
      },
      "properties": {
        "cell_id": "1066_13851",
        "cluster": -1,
        "suburb": "Norwell",
        "year": 2022
      },
      "type": "Feature"
    },
    {
      "geometry": {
        "coordinates": [
          153.314275948896,
          -27.893881477498095
        ],
        "type": "Point"
      },
      "properties": {
        "cell_id": "1061_13829",
        "cluster": 76,
        "suburb": "Oxenford",
        "year": 2022
      },
      "type": "Feature"
    },
    {
      "geometry": {
        "coordinates": [
          153.27102194731003,
          -27.9429844734963
        ],
        "type": "Point"
      },
      "properties": {
        "cell_id": "1053_13818",
        "cluster": -1,
        "suburb": "Maudsland",
        "year": 2022
      },
      "type": "Feature"
    },
    {
      "geometry": {
        "coordinates": [
          153.385523990337,
          -27.954221303215792
        ],
        "type": "Point"
      },
      "properties": {
        "cell_id": "1075_13815",
        "cluster": -1,
        "suburb": "Labrador",
        "year": 2022
      },
      "type": "Feature"
    },
    {
      "geometry": {
        "coordinates": [
          153.361302939515,
          -27.926863482536103
        ],
        "type": "Point"
      },
      "properties": {
        "cell_id": "1071_13821",
        "cluster": 1,
        "suburb": "Coombabah",
        "year": 2022
      },
      "type": "Feature"
    },
    {
      "geometry": {
        "coordinates": [
          153.342054938507,
          -27.9510004807688
        ],
        "type": "Point"
      },
      "properties": {
        "cell_id": "1067_13816",
        "cluster": 4,
        "suburb": "Gaven",
        "year": 2022
      },
      "type": "Feature"
    },
    {
      "geometry": {
        "coordinates": [
          153.402998932721,
          -27.944203486916695
        ],
        "type": "Point"
      },
      "properties": {
        "cell_id": "1079_13817",
        "cluster": -1,
        "suburb": "Labrador",
        "year": 2022
      },
      "type": "Feature"
    },
    {
      "geometry": {
        "coordinates": [
          153.328032943431,
          -27.924674479137195
        ],
        "type": "Point"
      },
      "properties": {
        "cell_id": "1064_13822",
        "cluster": 11,
        "suburb": "Helensvale",
        "year": 2022
      },
      "type": "Feature"
    },
    {
      "geometry": {
        "coordinates": [
          153.255451969248,
          -27.785204470677794
        ],
        "type": "Point"
      },
      "properties": {
        "cell_id": "1050_13853",
        "cluster": 58,
        "suburb": "Ormeau",
        "year": 2022
      },
      "type": "Feature"
    },
    {
      "geometry": {
        "coordinates": [
          153.411854929172,
          -27.964174487975903
        ],
        "type": "Point"
      },
      "properties": {
        "cell_id": "1081_13813",
        "cluster": 6,
        "suburb": "Southport",
        "year": 2021
      },
      "type": "Feature"
    },
    {
      "geometry": {
        "coordinates": [
          153.341213934073,
          -27.986104480959
        ],
        "type": "Point"
      },
      "properties": {
        "cell_id": "1067_13808",
        "cluster": 42,
        "suburb": "Ashmore",
        "year": 2023
      },
      "type": "Feature"
    },
    {
      "geometry": {
        "coordinates": [
          153.492266897275,
          -28.1420604975791
        ],
        "type": "Point"
      },
      "properties": {
        "cell_id": "1096_13773",
        "cluster": 69,
        "suburb": "Tugun",
        "year": 2022
      },
      "type": "Feature"
    },
    {
      "geometry": {
        "coordinates": [
          153.384438938392,
          -27.915980484804805
        ],
        "type": "Point"
      },
      "properties": {
        "cell_id": "1075_13824",
        "cluster": -1,
        "suburb": "Coombabah",
        "year": 2022
      },
      "type": "Feature"
    },
    {
      "geometry": {
        "coordinates": [
          153.42325891021,
          -28.100975490211997
        ],
        "type": "Point"
      },
      "properties": {
        "cell_id": "1083_13783",
        "cluster": 32,
        "suburb": "Burleigh Waters",
        "year": 2022
      },
      "type": "Feature"
    },
    {
      "geometry": {
        "coordinates": [
          153.425650909886,
          -28.101441490459504
        ],
        "type": "Point"
      },
      "properties": {
        "cell_id": "1083_13782",
        "cluster": 32,
        "suburb": "Burleigh Heads",
        "year": 2022
      },
      "type": "Feature"
    },
    {
      "geometry": {
        "coordinates": [
          153.328032944434,
          -27.916888479075993
        ],
        "type": "Point"
      },
      "properties": {
        "cell_id": "1064_13823",
        "cluster": -1,
        "suburb": "Helensvale",
        "year": 2022
      },
      "type": "Feature"
    },
    {
      "geometry": {
        "coordinates": [
          153.355413765039,
          -27.9277837529444
        ],
        "type": "Point"
      },
      "properties": {
        "cell_id": "1069_13821",
        "cluster": -1,
        "suburb": "Arundel",
        "year": 2022
      },
      "type": "Feature"
    },
    {
      "geometry": {
        "coordinates": [
          153.364752784965,
          -27.928205320897604
        ],
        "type": "Point"
      },
      "properties": {
        "cell_id": "1071_13821",
        "cluster": 1,
        "suburb": "Arundel",
        "year": 2023
      },
      "type": "Feature"
    },
    {
      "geometry": {
        "coordinates": [
          153.32111295351504,
          -27.8521654778642
        ],
        "type": "Point"
      },
      "properties": {
        "cell_id": "1063_13838",
        "cluster": -1,
        "suburb": "Coomera",
        "year": 2022
      },
      "type": "Feature"
    },
    {
      "geometry": {
        "coordinates": [
          153.338506643863,
          -28.059769844262
        ],
        "type": "Point"
      },
      "properties": {
        "cell_id": "1066_13792",
        "cluster": -1,
        "suburb": "Worongary",
        "year": 2022
      },
      "type": "Feature"
    },
    {
      "geometry": {
        "coordinates": [
          153.404805928987,
          -27.9715694873158
        ],
        "type": "Point"
      },
      "properties": {
        "cell_id": "1079_13811",
        "cluster": 18,
        "suburb": "Southport",
        "year": 2022
      },
      "type": "Feature"
    },
    {
      "geometry": {
        "coordinates": [
          153.329975279575,
          -27.92191210131279
        ],
        "type": "Point"
      },
      "properties": {
        "cell_id": "1064_13822",
        "cluster": -1,
        "suburb": "Helensvale",
        "year": 2022
      },
      "type": "Feature"
    },
    {
      "geometry": {
        "coordinates": [
          153.411099928609,
          -27.9691644879382
        ],
        "type": "Point"
      },
      "properties": {
        "cell_id": "1080_13812",
        "cluster": 24,
        "suburb": "Southport",
        "year": 2022
      },
      "type": "Feature"
    },
    {
      "geometry": {
        "coordinates": [
          153.45417890213102,
          -28.136985493648588
        ],
        "type": "Point"
      },
      "properties": {
        "cell_id": "1089_13775",
        "cluster": -1,
        "suburb": "Elanora",
        "year": 2022
      },
      "type": "Feature"
    },
    {
      "geometry": {
        "coordinates": [
          153.42976892374,
          -27.991013490013003
        ],
        "type": "Point"
      },
      "properties": {
        "cell_id": "1084_13807",
        "cluster": -1,
        "suburb": "Surfers Paradise",
        "year": 2022
      },
      "type": "Feature"
    },
    {
      "geometry": {
        "coordinates": [
          153.349970928836,
          -28.019248482109404
        ],
        "type": "Point"
      },
      "properties": {
        "cell_id": "1068_13801",
        "cluster": -1,
        "suburb": "Carrara",
        "year": 2022
      },
      "type": "Feature"
    },
    {
      "geometry": {
        "coordinates": [
          153.31437795015603,
          -27.88399947743069
        ],
        "type": "Point"
      },
      "properties": {
        "cell_id": "1061_13831",
        "cluster": 30,
        "suburb": "Oxenford",
        "year": 2022
      },
      "type": "Feature"
    },
    {
      "geometry": {
        "coordinates": [
          153.42352791198,
          -28.087089490130502
        ],
        "type": "Point"
      },
      "properties": {
        "cell_id": "1083_13786",
        "cluster": 68,
        "suburb": "Burleigh Waters",
        "year": 2022
      },
      "type": "Feature"
    },
    {
      "geometry": {
        "coordinates": [
          153.414038897789,
          -27.973024486267995
        ],
        "type": "Point"
      },
      "properties": {
        "cell_id": "1081_13811",
        "cluster": 24,
        "suburb": "Southport",
        "year": 2022
      },
      "type": "Feature"
    },
    {
      "geometry": {
        "coordinates": [
          153.316187947456,
          -27.903459477767495
        ],
        "type": "Point"
      },
      "properties": {
        "cell_id": "1062_13826",
        "cluster": 19,
        "suburb": "Helensvale",
        "year": 2022
      },
      "type": "Feature"
    },
    {
      "geometry": {
        "coordinates": [
          153.40852892349804,
          -28.010865488003695
        ],
        "type": "Point"
      },
      "properties": {
        "cell_id": "1080_13803",
        "cluster": 35,
        "suburb": "Bundall",
        "year": 2022
      },
      "type": "Feature"
    },
    {
      "geometry": {
        "coordinates": [
          153.253366886025,
          -27.7809052564327
        ],
        "type": "Point"
      },
      "properties": {
        "cell_id": "1049_13854",
        "cluster": -1,
        "suburb": "Ormeau",
        "year": 2022
      },
      "type": "Feature"
    },
    {
      "geometry": {
        "coordinates": [
          153.42578091192,
          -28.085641490348888
        ],
        "type": "Point"
      },
      "properties": {
        "cell_id": "1083_13786",
        "cluster": 68,
        "suburb": "Burleigh Waters",
        "year": 2021
      },
      "type": "Feature"
    },
    {
      "geometry": {
        "coordinates": [
          153.221230980503,
          -27.726243466749303
        ],
        "type": "Point"
      },
      "properties": {
        "cell_id": "1043_13866",
        "cluster": 80,
        "suburb": "Stapylton",
        "year": 2022
      },
      "type": "Feature"
    },
    {
      "geometry": {
        "coordinates": [
          153.339795932802,
          -27.997166480901797
        ],
        "type": "Point"
      },
      "properties": {
        "cell_id": "1066_13806",
        "cluster": 27,
        "suburb": "Nerang",
        "year": 2022
      },
      "type": "Feature"
    },
    {
      "geometry": {
        "coordinates": [
          153.425317918177,
          -28.037750489926
        ],
        "type": "Point"
      },
      "properties": {
        "cell_id": "1083_13797",
        "cluster": 16,
        "suburb": "Broadbeach Waters",
        "year": 2022
      },
      "type": "Feature"
    },
    {
      "geometry": {
        "coordinates": [
          153.307363953735,
          -27.862109476546603
        ],
        "type": "Point"
      },
      "properties": {
        "cell_id": "1060_13836",
        "cluster": -1,
        "suburb": "Upper Coomera",
        "year": 2021
      },
      "type": "Feature"
    },
    {
      "geometry": {
        "coordinates": [
          153.367850934034,
          -27.963799483492405
        ],
        "type": "Point"
      },
      "properties": {
        "cell_id": "1072_13813",
        "cluster": -1,
        "suburb": "Molendinar",
        "year": 2021
      },
      "type": "Feature"
    },
    {
      "geometry": {
        "coordinates": [
          153.420590507957,
          -28.035729305428195
        ],
        "type": "Point"
      },
      "properties": {
        "cell_id": "1082_13797",
        "cluster": 79,
        "suburb": "Mermaid Waters",
        "year": 2021
      },
      "type": "Feature"
    },
    {
      "geometry": {
        "coordinates": [
          153.469693901585,
          -28.128036495162693
        ],
        "type": "Point"
      },
      "properties": {
        "cell_id": "1092_13777",
        "cluster": -1,
        "suburb": "Palm Beach",
        "year": 2021
      },
      "type": "Feature"
    },
    {
      "geometry": {
        "coordinates": [
          153.366026930702,
          -27.991165483521804
        ],
        "type": "Point"
      },
      "properties": {
        "cell_id": "1071_13807",
        "cluster": -1,
        "suburb": "Ashmore",
        "year": 2022
      },
      "type": "Feature"
    },
    {
      "geometry": {
        "coordinates": [
          153.354623920193,
          -28.082195483076198
        ],
        "type": "Point"
      },
      "properties": {
        "cell_id": "1069_13787",
        "cluster": -1,
        "suburb": "Mudgeeraba",
        "year": 2022
      },
      "type": "Feature"
    },
    {
      "geometry": {
        "coordinates": [
          153.331552942867,
          -27.926069479505692
        ],
        "type": "Point"
      },
      "properties": {
        "cell_id": "1065_13821",
        "cluster": 11,
        "suburb": "Helensvale",
        "year": 2022
      },
      "type": "Feature"
    },
    {
      "geometry": {
        "coordinates": [
          153.30744195373003,
          -27.862082476554303
        ],
        "type": "Point"
      },
      "properties": {
        "cell_id": "1060_13836",
        "cluster": -1,
        "suburb": "Upper Coomera",
        "year": 2022
      },
      "type": "Feature"
    },
    {
      "geometry": {
        "coordinates": [
          153.225213472245,
          -27.951382541923294
        ],
        "type": "Point"
      },
      "properties": {
        "cell_id": "1044_13816",
        "cluster": -1,
        "suburb": "Guanaba",
        "year": 2022
      },
      "type": "Feature"
    },
    {
      "geometry": {
        "coordinates": [
          153.429085424456,
          -28.024683092207592
        ],
        "type": "Point"
      },
      "properties": {
        "cell_id": "1084_13799",
        "cluster": -1,
        "suburb": "Broadbeach",
        "year": 2021
      },
      "type": "Feature"
    },
    {
      "geometry": {
        "coordinates": [
          153.376231932879,
          -27.9656444843597
        ],
        "type": "Point"
      },
      "properties": {
        "cell_id": "1074_13813",
        "cluster": 5,
        "suburb": "Molendinar",
        "year": 2022
      },
      "type": "Feature"
    },
    {
      "geometry": {
        "coordinates": [
          153.409980920946,
          -28.029357488296803
        ],
        "type": "Point"
      },
      "properties": {
        "cell_id": "1080_13798",
        "cluster": -1,
        "suburb": "Broadbeach Waters",
        "year": 2022
      },
      "type": "Feature"
    },
    {
      "geometry": {
        "coordinates": [
          153.334580943061,
          -27.9219974797814
        ],
        "type": "Point"
      },
      "properties": {
        "cell_id": "1065_13822",
        "cluster": 2,
        "suburb": "Helensvale",
        "year": 2022
      },
      "type": "Feature"
    },
    {
      "geometry": {
        "coordinates": [
          153.427117923043,
          -27.998638489802495
        ],
        "type": "Point"
      },
      "properties": {
        "cell_id": "1083_13805",
        "cluster": 17,
        "suburb": "Surfers Paradise",
        "year": 2022
      },
      "type": "Feature"
    },
    {
      "geometry": {
        "coordinates": [
          153.408056930996,
          -27.953274487503293
        ],
        "type": "Point"
      },
      "properties": {
        "cell_id": "1080_13815",
        "cluster": 6,
        "suburb": "Labrador",
        "year": 2023
      },
      "type": "Feature"
    },
    {
      "geometry": {
        "coordinates": [
          153.229078978551,
          -27.7348634676113
        ],
        "type": "Point"
      },
      "properties": {
        "cell_id": "1045_13864",
        "cluster": 23,
        "suburb": "Stapylton",
        "year": 2022
      },
      "type": "Feature"
    },
    {
      "geometry": {
        "coordinates": [
          153.400945934052,
          -27.9356364866402
        ],
        "type": "Point"
      },
      "properties": {
        "cell_id": "1078_13819",
        "cluster": -1,
        "suburb": "Labrador",
        "year": 2022
      },
      "type": "Feature"
    },
    {
      "geometry": {
        "coordinates": [
          153.338408934382,
          -27.9860924806739
        ],
        "type": "Point"
      },
      "properties": {
        "cell_id": "1066_13808",
        "cluster": -1,
        "suburb": "Nerang",
        "year": 2022
      },
      "type": "Feature"
    },
    {
      "geometry": {
        "coordinates": [
          153.230297443069,
          -27.971790590598008
        ],
        "type": "Point"
      },
      "properties": {
        "cell_id": "1045_13811",
        "cluster": -1,
        "suburb": "Clagiraba",
        "year": 2022
      },
      "type": "Feature"
    },
    {
      "geometry": {
        "coordinates": [
          153.488401898572,
          -28.1353574971315
        ],
        "type": "Point"
      },
      "properties": {
        "cell_id": "1095_13775",
        "cluster": -1,
        "suburb": "Currumbin",
        "year": 2022
      },
      "type": "Feature"
    },
    {
      "geometry": {
        "coordinates": [
          153.339900933259,
          -27.993533480883897
        ],
        "type": "Point"
      },
      "properties": {
        "cell_id": "1066_13806",
        "cluster": 27,
        "suburb": "Nerang",
        "year": 2022
      },
      "type": "Feature"
    },
    {
      "geometry": {
        "coordinates": [
          153.306752958655,
          -27.8243224761872
        ],
        "type": "Point"
      },
      "properties": {
        "cell_id": "1060_13844",
        "cluster": 26,
        "suburb": "Pimpama",
        "year": 2021
      },
      "type": "Feature"
    },
    {
      "geometry": {
        "coordinates": [
          153.346635910743,
          -28.061523082102
        ],
        "type": "Point"
      },
      "properties": {
        "cell_id": "1068_13791",
        "cluster": -1,
        "suburb": "Worongary",
        "year": 2022
      },
      "type": "Feature"
    },
    {
      "geometry": {
        "coordinates": [
          153.521617890749,
          -28.167332500779295
        ],
        "type": "Point"
      },
      "properties": {
        "cell_id": "1102_13768",
        "cluster": 3,
        "suburb": "Coolangatta",
        "year": 2022
      },
      "type": "Feature"
    },
    {
      "geometry": {
        "coordinates": [
          153.18377697258802,
          -27.820039463701896
        ],
        "type": "Point"
      },
      "properties": {
        "cell_id": "1036_13845",
        "cluster": -1,
        "suburb": "Cedar Creek",
        "year": 2023
      },
      "type": "Feature"
    },
    {
      "geometry": {
        "coordinates": [
          153.340935182967,
          -27.987165199938996
        ],
        "type": "Point"
      },
      "properties": {
        "cell_id": "1067_13808",
        "cluster": 42,
        "suburb": "Nerang",
        "year": 2021
      },
      "type": "Feature"
    },
    {
      "geometry": {
        "coordinates": [
          153.380388917717,
          -28.0794294856758
        ],
        "type": "Point"
      },
      "properties": {
        "cell_id": "1074_13787",
        "cluster": -1,
        "suburb": "Robina",
        "year": 2022
      },
      "type": "Feature"
    },
    {
      "geometry": {
        "coordinates": [
          153.47402890172003,
          -28.123320495568496
        ],
        "type": "Point"
      },
      "properties": {
        "cell_id": "1093_13778",
        "cluster": 34,
        "suburb": "Palm Beach",
        "year": 2023
      },
      "type": "Feature"
    },
    {
      "geometry": {
        "coordinates": [
          153.39332791561003,
          -28.084714487034596
        ],
        "type": "Point"
      },
      "properties": {
        "cell_id": "1077_13786",
        "cluster": -1,
        "suburb": "Robina",
        "year": 2023
      },
      "type": "Feature"
    },
    {
      "geometry": {
        "coordinates": [
          153.400981928972,
          -27.9749214869525
        ],
        "type": "Point"
      },
      "properties": {
        "cell_id": "1078_13811",
        "cluster": 18,
        "suburb": "Southport",
        "year": 2021
      },
      "type": "Feature"
    },
    {
      "geometry": {
        "coordinates": [
          153.270279242869,
          -27.947044675452904
        ],
        "type": "Point"
      },
      "properties": {
        "cell_id": "1053_13817",
        "cluster": -1,
        "suburb": "Maudsland",
        "year": 2021
      },
      "type": "Feature"
    },
    {
      "geometry": {
        "coordinates": [
          153.243788936259,
          -28.05215547159429
        ],
        "type": "Point"
      },
      "properties": {
        "cell_id": "1047_13793",
        "cluster": -1,
        "suburb": "Lower Beechmont",
        "year": 2021
      },
      "type": "Feature"
    },
    {
      "geometry": {
        "coordinates": [
          153.393593233356,
          -27.947245285982596
        ],
        "type": "Point"
      },
      "properties": {
        "cell_id": "1077_13817",
        "cluster": -1,
        "suburb": "Labrador",
        "year": 2021
      },
      "type": "Feature"
    },
    {
      "geometry": {
        "coordinates": [
          153.339572932891,
          -27.9966674808752
        ],
        "type": "Point"
      },
      "properties": {
        "cell_id": "1066_13806",
        "cluster": 27,
        "suburb": "Nerang",
        "year": 2021
      },
      "type": "Feature"
    },
    {
      "geometry": {
        "coordinates": [
          153.3821638005,
          -27.932569594703594
        ],
        "type": "Point"
      },
      "properties": {
        "cell_id": "1075_13820",
        "cluster": -1,
        "suburb": "Biggera Waters",
        "year": 2021
      },
      "type": "Feature"
    },
    {
      "geometry": {
        "coordinates": [
          153.261155968653,
          -27.785015471254095
        ],
        "type": "Point"
      },
      "properties": {
        "cell_id": "1051_13853",
        "cluster": -1,
        "suburb": "Ormeau",
        "year": 2022
      },
      "type": "Feature"
    },
    {
      "geometry": {
        "coordinates": [
          153.418209908946,
          -28.1150064898073
        ],
        "type": "Point"
      },
      "properties": {
        "cell_id": "1082_13779",
        "cluster": -1,
        "suburb": "Burleigh Heads",
        "year": 2022
      },
      "type": "Feature"
    },
    {
      "geometry": {
        "coordinates": [
          153.241877401746,
          -27.753767069055495
        ],
        "type": "Point"
      },
      "properties": {
        "cell_id": "1047_13860",
        "cluster": 8,
        "suburb": "Stapylton",
        "year": 2022
      },
      "type": "Feature"
    },
    {
      "geometry": {
        "coordinates": [
          153.41270192579,
          -27.989609488261998
        ],
        "type": "Point"
      },
      "properties": {
        "cell_id": "1081_13807",
        "cluster": -1,
        "suburb": "Southport",
        "year": 2023
      },
      "type": "Feature"
    },
    {
      "geometry": {
        "coordinates": [
          153.362645932561,
          -27.979627483087192
        ],
        "type": "Point"
      },
      "properties": {
        "cell_id": "1071_13810",
        "cluster": -1,
        "suburb": "Molendinar",
        "year": 2022
      },
      "type": "Feature"
    },
    {
      "geometry": {
        "coordinates": [
          153.390562204528,
          -27.93298752356189
        ],
        "type": "Point"
      },
      "properties": {
        "cell_id": "1076_13820",
        "cluster": 0,
        "suburb": "Biggera Waters",
        "year": 2022
      },
      "type": "Feature"
    },
    {
      "geometry": {
        "coordinates": [
          153.401600928376,
          -27.979014487047696
        ],
        "type": "Point"
      },
      "properties": {
        "cell_id": "1078_13810",
        "cluster": -1,
        "suburb": "Southport",
        "year": 2022
      },
      "type": "Feature"
    },
    {
      "geometry": {
        "coordinates": [
          153.424835053088,
          -28.116001096490507
        ],
        "type": "Point"
      },
      "properties": {
        "cell_id": "1083_13779",
        "cluster": 85,
        "suburb": "Burleigh Heads",
        "year": 2022
      },
      "type": "Feature"
    },
    {
      "geometry": {
        "coordinates": [
          153.39209092259,
          -28.0318234864937
        ],
        "type": "Point"
      },
      "properties": {
        "cell_id": "1077_13798",
        "cluster": -1,
        "suburb": "Clear Island Waters",
        "year": 2023
      },
      "type": "Feature"
    },
    {
      "geometry": {
        "coordinates": [
          153.313116267836,
          -27.872006520208302
        ],
        "type": "Point"
      },
      "properties": {
        "cell_id": "1061_13833",
        "cluster": 9,
        "suburb": "Upper Coomera",
        "year": 2023
      },
      "type": "Feature"
    },
    {
      "geometry": {
        "coordinates": [
          153.403240912309,
          -28.10177848817809
        ],
        "type": "Point"
      },
      "properties": {
        "cell_id": "1079_13782",
        "cluster": 50,
        "suburb": "Reedy Creek",
        "year": 2023
      },
      "type": "Feature"
    },
    {
      "geometry": {
        "coordinates": [
          153.244194551411,
          -27.770048565418392
        ],
        "type": "Point"
      },
      "properties": {
        "cell_id": "1048_13856",
        "cluster": -1,
        "suburb": "Ormeau",
        "year": 2023
      },
      "type": "Feature"
    },
    {
      "geometry": {
        "coordinates": [
          153.391681933604,
          -27.946942485785495
        ],
        "type": "Point"
      },
      "properties": {
        "cell_id": "1077_13817",
        "cluster": -1,
        "suburb": "Labrador",
        "year": 2023
      },
      "type": "Feature"
    },
    {
      "geometry": {
        "coordinates": [
          153.414315924587,
          -27.9975474884889
        ],
        "type": "Point"
      },
      "properties": {
        "cell_id": "1081_13806",
        "cluster": 51,
        "suburb": "Southport",
        "year": 2023
      },
      "type": "Feature"
    },
    {
      "geometry": {
        "coordinates": [
          153.42592892954903,
          -27.949356489294097
        ],
        "type": "Point"
      },
      "properties": {
        "cell_id": "1083_13816",
        "cluster": -1,
        "suburb": "Main Beach",
        "year": 2022
      },
      "type": "Feature"
    },
    {
      "geometry": {
        "coordinates": [
          153.401472938252,
          -27.902659486434594
        ],
        "type": "Point"
      },
      "properties": {
        "cell_id": "1079_13827",
        "cluster": -1,
        "suburb": "Runaway Bay",
        "year": 2022
      },
      "type": "Feature"
    },
    {
      "geometry": {
        "coordinates": [
          153.376505802385,
          -27.953746224294104
        ],
        "type": "Point"
      },
      "properties": {
        "cell_id": "1074_13815",
        "cluster": -1,
        "suburb": "Parkwood",
        "year": 2021
      },
      "type": "Feature"
    },
    {
      "geometry": {
        "coordinates": [
          153.370007927847,
          -28.009891484073798
        ],
        "type": "Point"
      },
      "properties": {
        "cell_id": "1072_13803",
        "cluster": 61,
        "suburb": "Carrara",
        "year": 2022
      },
      "type": "Feature"
    },
    {
      "geometry": {
        "coordinates": [
          153.385385924025,
          -28.026416485768603
        ],
        "type": "Point"
      },
      "properties": {
        "cell_id": "1075_13799",
        "cluster": -1,
        "suburb": "Carrara",
        "year": 2021
      },
      "type": "Feature"
    },
    {
      "geometry": {
        "coordinates": [
          153.526147889912,
          -28.1699215012632
        ],
        "type": "Point"
      },
      "properties": {
        "cell_id": "1103_13767",
        "cluster": -1,
        "suburb": "Coolangatta",
        "year": 2021
      },
      "type": "Feature"
    },
    {
      "geometry": {
        "coordinates": [
          153.47985189399,
          -28.1470792803496
        ],
        "type": "Point"
      },
      "properties": {
        "cell_id": "1094_13772",
        "cluster": -1,
        "suburb": "Currumbin Waters",
        "year": 2022
      },
      "type": "Feature"
    },
    {
      "geometry": {
        "coordinates": [
          153.422788921739,
          -28.012379489469
        ],
        "type": "Point"
      },
      "properties": {
        "cell_id": "1083_13802",
        "cluster": -1,
        "suburb": "Surfers Paradise",
        "year": 2023
      },
      "type": "Feature"
    },
    {
      "geometry": {
        "coordinates": [
          153.335870943545,
          -27.917142479874297
        ],
        "type": "Point"
      },
      "properties": {
        "cell_id": "1066_13823",
        "cluster": -1,
        "suburb": "Helensvale",
        "year": 2023
      },
      "type": "Feature"
    },
    {
      "geometry": {
        "coordinates": [
          153.41193992302,
          -28.011674488357595
        ],
        "type": "Point"
      },
      "properties": {
        "cell_id": "1080_13802",
        "cluster": 35,
        "suburb": "Surfers Paradise",
        "year": 2023
      },
      "type": "Feature"
    },
    {
      "geometry": {
        "coordinates": [
          153.313317952267,
          -27.868476477201
        ],
        "type": "Point"
      },
      "properties": {
        "cell_id": "1061_13834",
        "cluster": 9,
        "suburb": "Coomera",
        "year": 2021
      },
      "type": "Feature"
    },
    {
      "geometry": {
        "coordinates": [
          153.368276633043,
          -28.079472758443597
        ],
        "type": "Point"
      },
      "properties": {
        "cell_id": "1072_13787",
        "cluster": -1,
        "suburb": "Mudgeeraba",
        "year": 2023
      },
      "type": "Feature"
    },
    {
      "geometry": {
        "coordinates": [
          153.450204908953,
          -28.087814492857497
        ],
        "type": "Point"
      },
      "properties": {
        "cell_id": "1088_13785",
        "cluster": 43,
        "suburb": "Burleigh Heads",
        "year": 2023
      },
      "type": "Feature"
    },
    {
      "geometry": {
        "coordinates": [
          153.396870918882,
          -28.056426487173606
        ],
        "type": "Point"
      },
      "properties": {
        "cell_id": "1078_13792",
        "cluster": -1,
        "suburb": "Robina",
        "year": 2022
      },
      "type": "Feature"
    },
    {
      "geometry": {
        "coordinates": [
          153.433644914514,
          -28.0589684909417
        ],
        "type": "Point"
      },
      "properties": {
        "cell_id": "1085_13792",
        "cluster": -1,
        "suburb": "Mermaid Waters",
        "year": 2023
      },
      "type": "Feature"
    },
    {
      "geometry": {
        "coordinates": [
          153.428871922162,
          -28.003964490023197
        ],
        "type": "Point"
      },
      "properties": {
        "cell_id": "1084_13804",
        "cluster": 17,
        "suburb": "Surfers Paradise",
        "year": 2023
      },
      "type": "Feature"
    },
    {
      "geometry": {
        "coordinates": [
          153.45333790392303,
          -28.1239034934602
        ],
        "type": "Point"
      },
      "properties": {
        "cell_id": "1089_13777",
        "cluster": -1,
        "suburb": "Elanora",
        "year": 2023
      },
      "type": "Feature"
    },
    {
      "geometry": {
        "coordinates": [
          153.357353940268,
          -27.924363482114792
        ],
        "type": "Point"
      },
      "properties": {
        "cell_id": "1070_13822",
        "cluster": 1,
        "suburb": "Coombabah",
        "year": 2023
      },
      "type": "Feature"
    },
    {
      "geometry": {
        "coordinates": [
          153.408460929777,
          -27.9623684876159
        ],
        "type": "Point"
      },
      "properties": {
        "cell_id": "1080_13813",
        "cluster": 6,
        "suburb": "Southport",
        "year": 2022
      },
      "type": "Feature"
    },
    {
      "geometry": {
        "coordinates": [
          153.385819935991,
          -27.933416485082404
        ],
        "type": "Point"
      },
      "properties": {
        "cell_id": "1075_13820",
        "cluster": 0,
        "suburb": "Biggera Waters",
        "year": 2022
      },
      "type": "Feature"
    },
    {
      "geometry": {
        "coordinates": [
          153.303266955349,
          -27.853017476059296
        ],
        "type": "Point"
      },
      "properties": {
        "cell_id": "1059_13838",
        "cluster": -1,
        "suburb": "Upper Coomera",
        "year": 2023
      },
      "type": "Feature"
    },
    {
      "geometry": {
        "coordinates": [
          153.427221916636,
          -28.0480344902008
        ],
        "type": "Point"
      },
      "properties": {
        "cell_id": "1083_13794",
        "cluster": -1,
        "suburb": "Mermaid Waters",
        "year": 2023
      },
      "type": "Feature"
    },
    {
      "geometry": {
        "coordinates": [
          153.320824953759,
          -27.850507477821896
        ],
        "type": "Point"
      },
      "properties": {
        "cell_id": "1063_13838",
        "cluster": -1,
        "suburb": "Coomera",
        "year": 2023
      },
      "type": "Feature"
    },
    {
      "geometry": {
        "coordinates": [
          153.427689921748,
          -28.008165489935596
        ],
        "type": "Point"
      },
      "properties": {
        "cell_id": "1084_13803",
        "cluster": 17,
        "suburb": "Surfers Paradise",
        "year": 2023
      },
      "type": "Feature"
    },
    {
      "geometry": {
        "coordinates": [
          153.31360199034003,
          -27.891001978407004
        ],
        "type": "Point"
      },
      "properties": {
        "cell_id": "1061_13829",
        "cluster": 76,
        "suburb": "Oxenford",
        "year": 2023
      },
      "type": "Feature"
    },
    {
      "geometry": {
        "coordinates": [
          153.352736345522,
          -28.073525480816294
        ],
        "type": "Point"
      },
      "properties": {
        "cell_id": "1069_13789",
        "cluster": 82,
        "suburb": "Mudgeeraba",
        "year": 2023
      },
      "type": "Feature"
    },
    {
      "geometry": {
        "coordinates": [
          153.44654390977803,
          -28.084559492458393
        ],
        "type": "Point"
      },
      "properties": {
        "cell_id": "1087_13786",
        "cluster": -1,
        "suburb": "Burleigh Heads",
        "year": 2023
      },
      "type": "Feature"
    },
    {
      "geometry": {
        "coordinates": [
          153.179741407353,
          -27.833138385397294
        ],
        "type": "Point"
      },
      "properties": {
        "cell_id": "1035_13842",
        "cluster": -1,
        "suburb": "Cedar Creek",
        "year": 2023
      },
      "type": "Feature"
    },
    {
      "geometry": {
        "coordinates": [
          153.340291934968,
          -27.979948480817004
        ],
        "type": "Point"
      },
      "properties": {
        "cell_id": "1066_13809",
        "cluster": -1,
        "suburb": "Nerang",
        "year": 2021
      },
      "type": "Feature"
    },
    {
      "geometry": {
        "coordinates": [
          153.425180916901,
          -28.04771348999021
        ],
        "type": "Point"
      },
      "properties": {
        "cell_id": "1083_13794",
        "cluster": -1,
        "suburb": "Mermaid Waters",
        "year": 2021
      },
      "type": "Feature"
    },
    {
      "geometry": {
        "coordinates": [
          153.372874718141,
          -28.02065965945
        ],
        "type": "Point"
      },
      "properties": {
        "cell_id": "1073_13800",
        "cluster": 55,
        "suburb": "Carrara",
        "year": 2022
      },
      "type": "Feature"
    },
    {
      "geometry": {
        "coordinates": [
          153.459636905651,
          -28.1052614939571
        ],
        "type": "Point"
      },
      "properties": {
        "cell_id": "1090_13782",
        "cluster": -1,
        "suburb": "Palm Beach",
        "year": 2023
      },
      "type": "Feature"
    },
    {
      "geometry": {
        "coordinates": [
          153.424784918583,
          -28.035065489850602
        ],
        "type": "Point"
      },
      "properties": {
        "cell_id": "1083_13797",
        "cluster": 16,
        "suburb": "Broadbeach Waters",
        "year": 2023
      },
      "type": "Feature"
    },
    {
      "geometry": {
        "coordinates": [
          153.423609890108,
          -28.086033285130593
        ],
        "type": "Point"
      },
      "properties": {
        "cell_id": "1083_13786",
        "cluster": 68,
        "suburb": "Varsity Lakes",
        "year": 2023
      },
      "type": "Feature"
    },
    {
      "geometry": {
        "coordinates": [
          153.425347059931,
          -27.946889632215395
        ],
        "type": "Point"
      },
      "properties": {
        "cell_id": "1083_13817",
        "cluster": -1,
        "suburb": "Main Beach",
        "year": 2022
      },
      "type": "Feature"
    },
    {
      "geometry": {
        "coordinates": [
          153.536177888909,
          -28.169126502283895
        ],
        "type": "Point"
      },
      "properties": {
        "cell_id": "1105_13767",
        "cluster": -1,
        "suburb": "Coolangatta",
        "year": 2022
      },
      "type": "Feature"
    },
    {
      "geometry": {
        "coordinates": [
          153.379405936877,
          -27.9319814844182
        ],
        "type": "Point"
      },
      "properties": {
        "cell_id": "1074_13820",
        "cluster": -1,
        "suburb": "Biggera Waters",
        "year": 2023
      },
      "type": "Feature"
    },
    {
      "geometry": {
        "coordinates": [
          153.437074916444,
          -28.041167491151896
        ],
        "type": "Point"
      },
      "properties": {
        "cell_id": "1085_13796",
        "cluster": -1,
        "suburb": "Mermaid Beach",
        "year": 2023
      },
      "type": "Feature"
    },
    {
      "geometry": {
        "coordinates": [
          153.427999923715,
          -27.9927044898458
        ],
        "type": "Point"
      },
      "properties": {
        "cell_id": "1084_13807",
        "cluster": 74,
        "suburb": "Surfers Paradise",
        "year": 2023
      },
      "type": "Feature"
    },
    {
      "geometry": {
        "coordinates": [
          153.30005295872704,
          -27.829440475547603
        ],
        "type": "Point"
      },
      "properties": {
        "cell_id": "1059_13843",
        "cluster": -1,
        "suburb": "Pimpama",
        "year": 2023
      },
      "type": "Feature"
    },
    {
      "geometry": {
        "coordinates": [
          153.309141092121,
          -27.857593766691394
        ],
        "type": "Point"
      },
      "properties": {
        "cell_id": "1060_13837",
        "cluster": 9,
        "suburb": "Coomera",
        "year": 2023
      },
      "type": "Feature"
    },
    {
      "geometry": {
        "coordinates": [
          153.408058918723,
          -28.048162488248497
        ],
        "type": "Point"
      },
      "properties": {
        "cell_id": "1080_13794",
        "cluster": 39,
        "suburb": "Mermaid Waters",
        "year": 2023
      },
      "type": "Feature"
    },
    {
      "geometry": {
        "coordinates": [
          153.212622157473,
          -27.757272066123107
        ],
        "type": "Point"
      },
      "properties": {
        "cell_id": "1041_13859",
        "cluster": -1,
        "suburb": "Yatala",
        "year": 2022
      },
      "type": "Feature"
    },
    {
      "geometry": {
        "coordinates": [
          153.391062929548,
          -27.9788684859733
        ],
        "type": "Point"
      },
      "properties": {
        "cell_id": "1076_13810",
        "cluster": -1,
        "suburb": "Southport",
        "year": 2022
      },
      "type": "Feature"
    },
    {
      "geometry": {
        "coordinates": [
          153.408099932382,
          -27.9425134874231
        ],
        "type": "Point"
      },
      "properties": {
        "cell_id": "1080_13818",
        "cluster": 22,
        "suburb": "Labrador",
        "year": 2022
      },
      "type": "Feature"
    },
    {
      "geometry": {
        "coordinates": [
          153.379553916956,
          -28.086016485642503
        ],
        "type": "Point"
      },
      "properties": {
        "cell_id": "1074_13786",
        "cluster": 67,
        "suburb": "Mudgeeraba",
        "year": 2022
      },
      "type": "Feature"
    },
    {
      "geometry": {
        "coordinates": [
          153.400223914711,
          -28.085796487745505
        ],
        "type": "Point"
      },
      "properties": {
        "cell_id": "1078_13786",
        "cluster": -1,
        "suburb": "Robina",
        "year": 2022
      },
      "type": "Feature"
    },
    {
      "geometry": {
        "coordinates": [
          153.361998945937,
          -27.876437482210406
        ],
        "type": "Point"
      },
      "properties": {
        "cell_id": "1071_13832",
        "cluster": -1,
        "suburb": "Hope Island",
        "year": 2023
      },
      "type": "Feature"
    },
    {
      "geometry": {
        "coordinates": [
          153.33643493418302,
          -27.989313480498595
        ],
        "type": "Point"
      },
      "properties": {
        "cell_id": "1066_13807",
        "cluster": 65,
        "suburb": "Nerang",
        "year": 2023
      },
      "type": "Feature"
    },
    {
      "geometry": {
        "coordinates": [
          153.450090566699,
          -28.128385023163904
        ],
        "type": "Point"
      },
      "properties": {
        "cell_id": "1088_13776",
        "cluster": -1,
        "suburb": "Elanora",
        "year": 2023
      },
      "type": "Feature"
    },
    {
      "geometry": {
        "coordinates": [
          153.312646965193,
          -27.869626161141998
        ],
        "type": "Point"
      },
      "properties": {
        "cell_id": "1061_13834",
        "cluster": 9,
        "suburb": "Upper Coomera",
        "year": 2022
      },
      "type": "Feature"
    },
    {
      "geometry": {
        "coordinates": [
          153.315597949855,
          -27.885306477564896
        ],
        "type": "Point"
      },
      "properties": {
        "cell_id": "1062_13830",
        "cluster": 30,
        "suburb": "Helensvale",
        "year": 2023
      },
      "type": "Feature"
    },
    {
      "geometry": {
        "coordinates": [
          153.256021644102,
          -28.066233090943506
        ],
        "type": "Point"
      },
      "properties": {
        "cell_id": "1050_13790",
        "cluster": -1,
        "suburb": "Advancetown",
        "year": 2023
      },
      "type": "Feature"
    },
    {
      "geometry": {
        "coordinates": [
          153.518992891459,
          -28.1641055004854
        ],
        "type": "Point"
      },
      "properties": {
        "cell_id": "1101_13769",
        "cluster": -1,
        "suburb": "Bilinga",
        "year": 2023
      },
      "type": "Feature"
    },
    {
      "geometry": {
        "coordinates": [
          153.364828931569,
          -27.98546248335509
        ],
        "type": "Point"
      },
      "properties": {
        "cell_id": "1071_13808",
        "cluster": 38,
        "suburb": "Ashmore",
        "year": 2023
      },
      "type": "Feature"
    },
    {
      "geometry": {
        "coordinates": [
          153.359911919604,
          -28.0822514836144
        ],
        "type": "Point"
      },
      "properties": {
        "cell_id": "1070_13787",
        "cluster": -1,
        "suburb": "Mudgeeraba",
        "year": 2023
      },
      "type": "Feature"
    },
    {
      "geometry": {
        "coordinates": [
          153.329896942897,
          -27.927244479346705
        ],
        "type": "Point"
      },
      "properties": {
        "cell_id": "1064_13821",
        "cluster": 11,
        "suburb": "Gaven",
        "year": 2023
      },
      "type": "Feature"
    },
    {
      "geometry": {
        "coordinates": [
          153.37059935798,
          -28.008362479121992
        ],
        "type": "Point"
      },
      "properties": {
        "cell_id": "1072_13803",
        "cluster": 61,
        "suburb": "Carrara",
        "year": 2023
      },
      "type": "Feature"
    },
    {
      "geometry": {
        "coordinates": [
          153.325453940963,
          -27.946030479043
        ],
        "type": "Point"
      },
      "properties": {
        "cell_id": "1064_13817",
        "cluster": -1,
        "suburb": "Pacific Pines",
        "year": 2021
      },
      "type": "Feature"
    },
    {
      "geometry": {
        "coordinates": [
          153.312765582144,
          -27.8699064791562
        ],
        "type": "Point"
      },
      "properties": {
        "cell_id": "1061_13834",
        "cluster": 9,
        "suburb": "Upper Coomera",
        "year": 2022
      },
      "type": "Feature"
    },
    {
      "geometry": {
        "coordinates": [
          153.434078918218,
          -28.0300134907587
        ],
        "type": "Point"
      },
      "properties": {
        "cell_id": "1085_13798",
        "cluster": 77,
        "suburb": "Broadbeach",
        "year": 2023
      },
      "type": "Feature"
    },
    {
      "geometry": {
        "coordinates": [
          153.498316895908,
          -28.1474404982398
        ],
        "type": "Point"
      },
      "properties": {
        "cell_id": "1097_13772",
        "cluster": -1,
        "suburb": "Tugun",
        "year": 2023
      },
      "type": "Feature"
    },
    {
      "geometry": {
        "coordinates": [
          153.453992902077,
          -28.13756449363409
        ],
        "type": "Point"
      },
      "properties": {
        "cell_id": "1089_13774",
        "cluster": -1,
        "suburb": "Currumbin Waters",
        "year": 2023
      },
      "type": "Feature"
    },
    {
      "geometry": {
        "coordinates": [
          153.352802939154,
          -27.936868481750295
        ],
        "type": "Point"
      },
      "properties": {
        "cell_id": "1069_13819",
        "cluster": -1,
        "suburb": "Arundel",
        "year": 2023
      },
      "type": "Feature"
    },
    {
      "geometry": {
        "coordinates": [
          153.314551949283,
          -27.890638477500605
        ],
        "type": "Point"
      },
      "properties": {
        "cell_id": "1061_13829",
        "cluster": 76,
        "suburb": "Oxenford",
        "year": 2023
      },
      "type": "Feature"
    },
    {
      "geometry": {
        "coordinates": [
          153.340045953358,
          -27.837355479671
        ],
        "type": "Point"
      },
      "properties": {
        "cell_id": "1066_13841",
        "cluster": -1,
        "suburb": "Coomera",
        "year": 2023
      },
      "type": "Feature"
    },
    {
      "geometry": {
        "coordinates": [
          153.234073947477,
          -27.973178469991105
        ],
        "type": "Point"
      },
      "properties": {
        "cell_id": "1046_13811",
        "cluster": -1,
        "suburb": "Clagiraba",
        "year": 2023
      },
      "type": "Feature"
    },
    {
      "geometry": {
        "coordinates": [
          153.3754759379,
          -27.9273754839821
        ],
        "type": "Point"
      },
      "properties": {
        "cell_id": "1073_13821",
        "cluster": -1,
        "suburb": "Coombabah",
        "year": 2023
      },
      "type": "Feature"
    },
    {
      "geometry": {
        "coordinates": [
          153.399631933817,
          -27.938568486529398
        ],
        "type": "Point"
      },
      "properties": {
        "cell_id": "1078_13819",
        "cluster": -1,
        "suburb": "Labrador",
        "year": 2022
      },
      "type": "Feature"
    },
    {
      "geometry": {
        "coordinates": [
          153.436014483469,
          -28.049588716109803
        ],
        "type": "Point"
      },
      "properties": {
        "cell_id": "1085_13794",
        "cluster": -1,
        "suburb": "Mermaid Beach",
        "year": 2021
      },
      "type": "Feature"
    },
    {
      "geometry": {
        "coordinates": [
          153.292722963315,
          -27.799903474571504
        ],
        "type": "Point"
      },
      "properties": {
        "cell_id": "1057_13849",
        "cluster": 75,
        "suburb": "Pimpama",
        "year": 2021
      },
      "type": "Feature"
    },
    {
      "geometry": {
        "coordinates": [
          153.393045917867,
          -28.067516486871003
        ],
        "type": "Point"
      },
      "properties": {
        "cell_id": "1077_13790",
        "cluster": 31,
        "suburb": "Robina",
        "year": 2021
      },
      "type": "Feature"
    },
    {
      "geometry": {
        "coordinates": [
          153.401391927241,
          -27.9879714870968
        ],
        "type": "Point"
      },
      "properties": {
        "cell_id": "1078_13808",
        "cluster": -1,
        "suburb": "Southport",
        "year": 2021
      },
      "type": "Feature"
    },
    {
      "geometry": {
        "coordinates": [
          153.352454928933,
          -28.016391482339497
        ],
        "type": "Point"
      },
      "properties": {
        "cell_id": "1069_13801",
        "cluster": -1,
        "suburb": "Carrara",
        "year": 2022
      },
      "type": "Feature"
    },
    {
      "geometry": {
        "coordinates": [
          153.188174969385,
          -27.8413474643138
        ],
        "type": "Point"
      },
      "properties": {
        "cell_id": "1037_13840",
        "cluster": -1,
        "suburb": "Cedar Creek",
        "year": 2023
      },
      "type": "Feature"
    },
    {
      "geometry": {
        "coordinates": [
          153.424185909071,
          -28.10896749036919
        ],
        "type": "Point"
      },
      "properties": {
        "cell_id": "1083_13781",
        "cluster": -1,
        "suburb": "Burleigh Heads",
        "year": 2023
      },
      "type": "Feature"
    },
    {
      "geometry": {
        "coordinates": [
          153.378617933385,
          -27.959705484555894
        ],
        "type": "Point"
      },
      "properties": {
        "cell_id": "1074_13814",
        "cluster": 7,
        "suburb": "Southport",
        "year": 2023
      },
      "type": "Feature"
    },
    {
      "geometry": {
        "coordinates": [
          153.357723706139,
          -28.010316670827596
        ],
        "type": "Point"
      },
      "properties": {
        "cell_id": "1070_13803",
        "cluster": -1,
        "suburb": "Carrara",
        "year": 2023
      },
      "type": "Feature"
    },
    {
      "geometry": {
        "coordinates": [
          153.234492976381,
          -27.747242468256697
        ],
        "type": "Point"
      },
      "properties": {
        "cell_id": "1046_13861",
        "cluster": -1,
        "suburb": "Stapylton",
        "year": 2023
      },
      "type": "Feature"
    },
    {
      "geometry": {
        "coordinates": [
          153.388541941004,
          -27.892260485036005
        ],
        "type": "Point"
      },
      "properties": {
        "cell_id": "1076_13829",
        "cluster": -1,
        "suburb": "Coombabah",
        "year": 2023
      },
      "type": "Feature"
    },
    {
      "geometry": {
        "coordinates": [
          153.309171953892,
          -27.8593544767084
        ],
        "type": "Point"
      },
      "properties": {
        "cell_id": "1060_13836",
        "cluster": 9,
        "suburb": "Upper Coomera",
        "year": 2021
      },
      "type": "Feature"
    },
    {
      "geometry": {
        "coordinates": [
          153.252687936844,
          -28.0400034724002
        ],
        "type": "Point"
      },
      "properties": {
        "cell_id": "1049_13796",
        "cluster": -1,
        "suburb": "Lower Beechmont",
        "year": 2021
      },
      "type": "Feature"
    },
    {
      "geometry": {
        "coordinates": [
          153.357575973354,
          -27.9622851374354
        ],
        "type": "Point"
      },
      "properties": {
        "cell_id": "1070_13813",
        "cluster": 57,
        "suburb": "Molendinar",
        "year": 2023
      },
      "type": "Feature"
    },
    {
      "geometry": {
        "coordinates": [
          153.224738968604,
          -27.816321467813605
        ],
        "type": "Point"
      },
      "properties": {
        "cell_id": "1044_13846",
        "cluster": -1,
        "suburb": "Kingsholme",
        "year": 2021
      },
      "type": "Feature"
    },
    {
      "geometry": {
        "coordinates": [
          153.243073944513,
          -27.988568471023008
        ],
        "type": "Point"
      },
      "properties": {
        "cell_id": "1047_13808",
        "cluster": -1,
        "suburb": "Clagiraba",
        "year": 2022
      },
      "type": "Feature"
    },
    {
      "geometry": {
        "coordinates": [
          153.479480898174,
          -28.145979496303095
        ],
        "type": "Point"
      },
      "properties": {
        "cell_id": "1094_13773",
        "cluster": -1,
        "suburb": "Currumbin Waters",
        "year": 2022
      },
      "type": "Feature"
    },
    {
      "geometry": {
        "coordinates": [
          153.3930329288,
          -27.982990486206297
        ],
        "type": "Point"
      },
      "properties": {
        "cell_id": "1077_13809",
        "cluster": -1,
        "suburb": "Southport",
        "year": 2022
      },
      "type": "Feature"
    },
    {
      "geometry": {
        "coordinates": [
          153.388218930112,
          -27.97691448566839
        ],
        "type": "Point"
      },
      "properties": {
        "cell_id": "1076_13810",
        "cluster": 72,
        "suburb": "Ashmore",
        "year": 2022
      },
      "type": "Feature"
    },
    {
      "geometry": {
        "coordinates": [
          153.424669926332,
          -27.975298489369603
        ],
        "type": "Point"
      },
      "properties": {
        "cell_id": "1083_13810",
        "cluster": -1,
        "suburb": "Main Beach",
        "year": 2022
      },
      "type": "Feature"
    },
    {
      "geometry": {
        "coordinates": [
          153.419475921415,
          -28.017686489172895
        ],
        "type": "Point"
      },
      "properties": {
        "cell_id": "1082_13801",
        "cluster": -1,
        "suburb": "Broadbeach Waters",
        "year": 2022
      },
      "type": "Feature"
    },
    {
      "geometry": {
        "coordinates": [
          153.309634954324,
          -27.855593476725797
        ],
        "type": "Point"
      },
      "properties": {
        "cell_id": "1060_13837",
        "cluster": 9,
        "suburb": "Coomera",
        "year": 2022
      },
      "type": "Feature"
    },
    {
      "geometry": {
        "coordinates": [
          153.43985991459,
          -28.0531164915297
        ],
        "type": "Point"
      },
      "properties": {
        "cell_id": "1086_13793",
        "cluster": -1,
        "suburb": "Mermaid Beach",
        "year": 2023
      },
      "type": "Feature"
    },
    {
      "geometry": {
        "coordinates": [
          153.315388950866,
          -27.8776204774832
        ],
        "type": "Point"
      },
      "properties": {
        "cell_id": "1062_13832",
        "cluster": 30,
        "suburb": "Helensvale",
        "year": 2023
      },
      "type": "Feature"
    },
    {
      "geometry": {
        "coordinates": [
          153.387865942064,
          -27.884612484907
        ],
        "type": "Point"
      },
      "properties": {
        "cell_id": "1076_13831",
        "cluster": -1,
        "suburb": "Paradise Point",
        "year": 2022
      },
      "type": "Feature"
    },
    {
      "geometry": {
        "coordinates": [
          153.41816690844803,
          -28.118885489833293
        ],
        "type": "Point"
      },
      "properties": {
        "cell_id": "1082_13779",
        "cluster": -1,
        "suburb": "Burleigh Heads",
        "year": 2022
      },
      "type": "Feature"
    },
    {
      "geometry": {
        "coordinates": [
          153.428884919857,
          -28.021752490164207
        ],
        "type": "Point"
      },
      "properties": {
        "cell_id": "1084_13800",
        "cluster": -1,
        "suburb": "Broadbeach",
        "year": 2022
      },
      "type": "Feature"
    },
    {
      "geometry": {
        "coordinates": [
          153.445553909224,
          -28.089668492397397
        ],
        "type": "Point"
      },
      "properties": {
        "cell_id": "1087_13785",
        "cluster": -1,
        "suburb": "Burleigh Waters",
        "year": 2022
      },
      "type": "Feature"
    },
    {
      "geometry": {
        "coordinates": [
          153.411539933873,
          -28.013148725328396
        ],
        "type": "Point"
      },
      "properties": {
        "cell_id": "1080_13802",
        "cluster": 35,
        "suburb": "Bundall",
        "year": 2023
      },
      "type": "Feature"
    },
    {
      "geometry": {
        "coordinates": [
          153.314979537562,
          -27.8958850785853
        ],
        "type": "Point"
      },
      "properties": {
        "cell_id": "1061_13828",
        "cluster": -1,
        "suburb": "Helensvale",
        "year": 2023
      },
      "type": "Feature"
    },
    {
      "geometry": {
        "coordinates": [
          153.408107919866,
          -28.0392884881839
        ],
        "type": "Point"
      },
      "properties": {
        "cell_id": "1080_13796",
        "cluster": -1,
        "suburb": "Mermaid Waters",
        "year": 2023
      },
      "type": "Feature"
    },
    {
      "geometry": {
        "coordinates": [
          153.420007917705,
          -28.045890489448492
        ],
        "type": "Point"
      },
      "properties": {
        "cell_id": "1082_13795",
        "cluster": -1,
        "suburb": "Mermaid Waters",
        "year": 2023
      },
      "type": "Feature"
    },
    {
      "geometry": {
        "coordinates": [
          153.426413923132,
          -27.998551489730005
        ],
        "type": "Point"
      },
      "properties": {
        "cell_id": "1083_13805",
        "cluster": 17,
        "suburb": "Surfers Paradise",
        "year": 2023
      },
      "type": "Feature"
    },
    {
      "geometry": {
        "coordinates": [
          153.355301924537,
          -28.0480084828771
        ],
        "type": "Point"
      },
      "properties": {
        "cell_id": "1069_13794",
        "cluster": 81,
        "suburb": "Merrimac",
        "year": 2022
      },
      "type": "Feature"
    },
    {
      "geometry": {
        "coordinates": [
          153.385990783615,
          -28.029070106851005
        ],
        "type": "Point"
      },
      "properties": {
        "cell_id": "1075_13799",
        "cluster": 56,
        "suburb": "Carrara",
        "year": 2022
      },
      "type": "Feature"
    },
    {
      "geometry": {
        "coordinates": [
          153.45711490788602,
          -28.09017749358139
        ],
        "type": "Point"
      },
      "properties": {
        "cell_id": "1089_13785",
        "cluster": -1,
        "suburb": "Burleigh Heads",
        "year": 2023
      },
      "type": "Feature"
    },
    {
      "geometry": {
        "coordinates": [
          153.320310788551,
          -27.9458326085191
        ],
        "type": "Point"
      },
      "properties": {
        "cell_id": "1063_13817",
        "cluster": -1,
        "suburb": "Pacific Pines",
        "year": 2022
      },
      "type": "Feature"
    },
    {
      "geometry": {
        "coordinates": [
          153.411409927498,
          -27.9774954880352
        ],
        "type": "Point"
      },
      "properties": {
        "cell_id": "1080_13810",
        "cluster": 24,
        "suburb": "Southport",
        "year": 2022
      },
      "type": "Feature"
    },
    {
      "geometry": {
        "coordinates": [
          153.313153952294,
          -27.868404477183798
        ],
        "type": "Point"
      },
      "properties": {
        "cell_id": "1061_13834",
        "cluster": 9,
        "suburb": "Coomera",
        "year": 2022
      },
      "type": "Feature"
    },
    {
      "geometry": {
        "coordinates": [
          153.354113958481,
          -27.785614480693702
        ],
        "type": "Point"
      },
      "properties": {
        "cell_id": "1069_13852",
        "cluster": -1,
        "suburb": "Jacobs Well",
        "year": 2021
      },
      "type": "Feature"
    },
    {
      "geometry": {
        "coordinates": [
          153.427814921732,
          -28.008183489948493
        ],
        "type": "Point"
      },
      "properties": {
        "cell_id": "1084_13803",
        "cluster": 17,
        "suburb": "Surfers Paradise",
        "year": 2021
      },
      "type": "Feature"
    },
    {
      "geometry": {
        "coordinates": [
          153.263811870645,
          -27.899800358426194
        ],
        "type": "Point"
      },
      "properties": {
        "cell_id": "1051_13827",
        "cluster": -1,
        "suburb": "Upper Coomera",
        "year": 2023
      },
      "type": "Feature"
    },
    {
      "geometry": {
        "coordinates": [
          153.329546934399,
          -27.993490479831497
        ],
        "type": "Point"
      },
      "properties": {
        "cell_id": "1064_13806",
        "cluster": -1,
        "suburb": "Nerang",
        "year": 2023
      },
      "type": "Feature"
    },
    {
      "geometry": {
        "coordinates": [
          153.26105896724002,
          -27.796128471331794
        ],
        "type": "Point"
      },
      "properties": {
        "cell_id": "1051_13850",
        "cluster": -1,
        "suburb": "Ormeau",
        "year": 2023
      },
      "type": "Feature"
    },
    {
      "geometry": {
        "coordinates": [
          153.385983923157,
          -28.032622485878196
        ],
        "type": "Point"
      },
      "properties": {
        "cell_id": "1075_13798",
        "cluster": 56,
        "suburb": "Merrimac",
        "year": 2023
      },
      "type": "Feature"
    },
    {
      "geometry": {
        "coordinates": [
          153.386240936101,
          -27.93220548511569
        ],
        "type": "Point"
      },
      "properties": {
        "cell_id": "1076_13820",
        "cluster": 0,
        "suburb": "Biggera Waters",
        "year": 2023
      },
      "type": "Feature"
    },
    {
      "geometry": {
        "coordinates": [
          153.388408930116,
          -27.976720485686204
        ],
        "type": "Point"
      },
      "properties": {
        "cell_id": "1076_13810",
        "cluster": 72,
        "suburb": "Southport",
        "year": 2023
      },
      "type": "Feature"
    },
    {
      "geometry": {
        "coordinates": [
          153.411322927533,
          -27.977305488024903
        ],
        "type": "Point"
      },
      "properties": {
        "cell_id": "1080_13810",
        "cluster": 24,
        "suburb": "Southport",
        "year": 2022
      },
      "type": "Feature"
    },
    {
      "geometry": {
        "coordinates": [
          153.403494071174,
          -28.1026066592104
        ],
        "type": "Point"
      },
      "properties": {
        "cell_id": "1079_13782",
        "cluster": 50,
        "suburb": "Reedy Creek",
        "year": 2022
      },
      "type": "Feature"
    },
    {
      "geometry": {
        "coordinates": [
          153.469476900927,
          -28.133283495181598
        ],
        "type": "Point"
      },
      "properties": {
        "cell_id": "1092_13775",
        "cluster": 13,
        "suburb": "Elanora",
        "year": 2022
      },
      "type": "Feature"
    },
    {
      "geometry": {
        "coordinates": [
          153.308453932896,
          -28.023098477922
        ],
        "type": "Point"
      },
      "properties": {
        "cell_id": "1060_13800",
        "cluster": -1,
        "suburb": "Gilston",
        "year": 2023
      },
      "type": "Feature"
    },
    {
      "geometry": {
        "coordinates": [
          153.42851390766,
          -28.116174490866992
        ],
        "type": "Point"
      },
      "properties": {
        "cell_id": "1084_13779",
        "cluster": 85,
        "suburb": "Burleigh Heads",
        "year": 2023
      },
      "type": "Feature"
    },
    {
      "geometry": {
        "coordinates": [
          153.314923949201,
          -27.890962477540903
        ],
        "type": "Point"
      },
      "properties": {
        "cell_id": "1061_13829",
        "cluster": 76,
        "suburb": "Helensvale",
        "year": 2023
      },
      "type": "Feature"
    },
    {
      "geometry": {
        "coordinates": [
          153.337461941172,
          -27.934218480170195
        ],
        "type": "Point"
      },
      "properties": {
        "cell_id": "1066_13820",
        "cluster": 11,
        "suburb": "Helensvale",
        "year": 2023
      },
      "type": "Feature"
    },
    {
      "geometry": {
        "coordinates": [
          153.346845935352,
          -27.971402481416003
        ],
        "type": "Point"
      },
      "properties": {
        "cell_id": "1068_13811",
        "cluster": -1,
        "suburb": "Gaven",
        "year": 2023
      },
      "type": "Feature"
    },
    {
      "geometry": {
        "coordinates": [
          153.465265904704,
          -28.107783494551697
        ],
        "type": "Point"
      },
      "properties": {
        "cell_id": "1091_13781",
        "cluster": -1,
        "suburb": "Palm Beach",
        "year": 2023
      },
      "type": "Feature"
    },
    {
      "geometry": {
        "coordinates": [
          153.396744913693,
          -28.0966154874759
        ],
        "type": "Point"
      },
      "properties": {
        "cell_id": "1077_13784",
        "cluster": -1,
        "suburb": "Reedy Creek",
        "year": 2023
      },
      "type": "Feature"
    },
    {
      "geometry": {
        "coordinates": [
          153.39069791831,
          -28.066086486620698
        ],
        "type": "Point"
      },
      "properties": {
        "cell_id": "1076_13790",
        "cluster": -1,
        "suburb": "Robina",
        "year": 2023
      },
      "type": "Feature"
    },
    {
      "geometry": {
        "coordinates": [
          153.398648037964,
          -27.938263596426797
        ],
        "type": "Point"
      },
      "properties": {
        "cell_id": "1078_13819",
        "cluster": -1,
        "suburb": "Labrador",
        "year": 2023
      },
      "type": "Feature"
    },
    {
      "geometry": {
        "coordinates": [
          153.396870918882,
          -28.056426487173606
        ],
        "type": "Point"
      },
      "properties": {
        "cell_id": "1078_13792",
        "cluster": -1,
        "suburb": "Robina",
        "year": 2023
      },
      "type": "Feature"
    },
    {
      "geometry": {
        "coordinates": [
          153.426764928029,
          -27.9604024894662
        ],
        "type": "Point"
      },
      "properties": {
        "cell_id": "1083_13814",
        "cluster": -1,
        "suburb": "Main Beach",
        "year": 2023
      },
      "type": "Feature"
    },
    {
      "geometry": {
        "coordinates": [
          153.413424925211,
          -27.993477488366104
        ],
        "type": "Point"
      },
      "properties": {
        "cell_id": "1081_13806",
        "cluster": -1,
        "suburb": "Southport",
        "year": 2023
      },
      "type": "Feature"
    },
    {
      "geometry": {
        "coordinates": [
          153.281175935668,
          -28.024823475168102
        ],
        "type": "Point"
      },
      "properties": {
        "cell_id": "1055_13800",
        "cluster": -1,
        "suburb": "Advancetown",
        "year": 2022
      },
      "type": "Feature"
    },
    {
      "geometry": {
        "coordinates": [
          153.328766003789,
          -27.913505064123896
        ],
        "type": "Point"
      },
      "properties": {
        "cell_id": "1064_13824",
        "cluster": -1,
        "suburb": "Helensvale",
        "year": 2021
      },
      "type": "Feature"
    },
    {
      "geometry": {
        "coordinates": [
          153.402239933878,
          -27.935888486773997
        ],
        "type": "Point"
      },
      "properties": {
        "cell_id": "1079_13819",
        "cluster": -1,
        "suburb": "Labrador",
        "year": 2021
      },
      "type": "Feature"
    },
    {
      "geometry": {
        "coordinates": [
          153.40833893132802,
          -27.9504664875099
        ],
        "type": "Point"
      },
      "properties": {
        "cell_id": "1080_13816",
        "cluster": -1,
        "suburb": "Labrador",
        "year": 2023
      },
      "type": "Feature"
    },
    {
      "geometry": {
        "coordinates": [
          153.365283931548,
          -27.98524248339969
        ],
        "type": "Point"
      },
      "properties": {
        "cell_id": "1071_13808",
        "cluster": 38,
        "suburb": "Ashmore",
        "year": 2021
      },
      "type": "Feature"
    },
    {
      "geometry": {
        "coordinates": [
          153.333692942702,
          -27.925536479719003
        ],
        "type": "Point"
      },
      "properties": {
        "cell_id": "1065_13822",
        "cluster": 11,
        "suburb": "Helensvale",
        "year": 2021
      },
      "type": "Feature"
    },
    {
      "geometry": {
        "coordinates": [
          153.395165217531,
          -28.068315556093093
        ],
        "type": "Point"
      },
      "properties": {
        "cell_id": "1077_13790",
        "cluster": 31,
        "suburb": "Robina",
        "year": 2021
      },
      "type": "Feature"
    },
    {
      "geometry": {
        "coordinates": [
          153.331053952315,
          -27.853077478881094
        ],
        "type": "Point"
      },
      "properties": {
        "cell_id": "1065_13838",
        "cluster": -1,
        "suburb": "Coomera",
        "year": 2023
      },
      "type": "Feature"
    },
    {
      "geometry": {
        "coordinates": [
          153.416758928303,
          -27.966750488496
        ],
        "type": "Point"
      },
      "properties": {
        "cell_id": "1081_13812",
        "cluster": -1,
        "suburb": "Southport",
        "year": 2022
      },
      "type": "Feature"
    },
    {
      "geometry": {
        "coordinates": [
          153.300372885831,
          -27.8205680695103
        ],
        "type": "Point"
      },
      "properties": {
        "cell_id": "1059_13845",
        "cluster": -1,
        "suburb": "Pimpama",
        "year": 2022
      },
      "type": "Feature"
    },
    {
      "geometry": {
        "coordinates": [
          153.347028066661,
          -27.968856793414602
        ],
        "type": "Point"
      },
      "properties": {
        "cell_id": "1068_13812",
        "cluster": -1,
        "suburb": "Gaven",
        "year": 2021
      },
      "type": "Feature"
    },
    {
      "geometry": {
        "coordinates": [
          153.40613191195,
          -28.102088488475104
        ],
        "type": "Point"
      },
      "properties": {
        "cell_id": "1079_13782",
        "cluster": 47,
        "suburb": "Varsity Lakes",
        "year": 2021
      },
      "type": "Feature"
    },
    {
      "geometry": {
        "coordinates": [
          153.369549927753,
          -28.011008484035997
        ],
        "type": "Point"
      },
      "properties": {
        "cell_id": "1072_13803",
        "cluster": 61,
        "suburb": "Carrara",
        "year": 2023
      },
      "type": "Feature"
    },
    {
      "geometry": {
        "coordinates": [
          153.440939911619,
          -28.075111491812493
        ],
        "type": "Point"
      },
      "properties": {
        "cell_id": "1086_13788",
        "cluster": 12,
        "suburb": "Miami",
        "year": 2023
      },
      "type": "Feature"
    },
    {
      "geometry": {
        "coordinates": [
          153.413342897409,
          -28.208044490039896
        ],
        "type": "Point"
      },
      "properties": {
        "cell_id": "1081_13759",
        "cluster": -1,
        "suburb": "Currumbin Valley",
        "year": 2022
      },
      "type": "Feature"
    },
    {
      "geometry": {
        "coordinates": [
          153.296162959476,
          -27.826900475132902
        ],
        "type": "Point"
      },
      "properties": {
        "cell_id": "1058_13843",
        "cluster": -1,
        "suburb": "Pimpama",
        "year": 2022
      },
      "type": "Feature"
    },
    {
      "geometry": {
        "coordinates": [
          153.377124944126,
          -27.8776934837592
        ],
        "type": "Point"
      },
      "properties": {
        "cell_id": "1074_13832",
        "cluster": -1,
        "suburb": "Hope Island",
        "year": 2023
      },
      "type": "Feature"
    },
    {
      "geometry": {
        "coordinates": [
          153.341173230996,
          -27.986736421959904
        ],
        "type": "Point"
      },
      "properties": {
        "cell_id": "1067_13808",
        "cluster": 42,
        "suburb": "Ashmore",
        "year": 2023
      },
      "type": "Feature"
    },
    {
      "geometry": {
        "coordinates": [
          153.313044952573,
          -27.8663264771564
        ],
        "type": "Point"
      },
      "properties": {
        "cell_id": "1061_13835",
        "cluster": 9,
        "suburb": "Coomera",
        "year": 2023
      },
      "type": "Feature"
    },
    {
      "geometry": {
        "coordinates": [
          153.324490943481,
          -27.927298478798104
        ],
        "type": "Point"
      },
      "properties": {
        "cell_id": "1063_13821",
        "cluster": 11,
        "suburb": "Pacific Pines",
        "year": 2023
      },
      "type": "Feature"
    },
    {
      "geometry": {
        "coordinates": [
          153.354077921795,
          -28.070270482927192
        ],
        "type": "Point"
      },
      "properties": {
        "cell_id": "1069_13789",
        "cluster": 82,
        "suburb": "Mudgeeraba",
        "year": 2021
      },
      "type": "Feature"
    },
    {
      "geometry": {
        "coordinates": [
          153.406636358679,
          -27.9414496852656
        ],
        "type": "Point"
      },
      "properties": {
        "cell_id": "1080_13818",
        "cluster": 22,
        "suburb": "Labrador",
        "year": 2021
      },
      "type": "Feature"
    },
    {
      "geometry": {
        "coordinates": [
          153.433928808465,
          -28.035953557789995
        ],
        "type": "Point"
      },
      "properties": {
        "cell_id": "1085_13797",
        "cluster": 16,
        "suburb": "Broadbeach",
        "year": 2021
      },
      "type": "Feature"
    },
    {
      "geometry": {
        "coordinates": [
          153.325882801502,
          -27.925951279928803
        ],
        "type": "Point"
      },
      "properties": {
        "cell_id": "1064_13821",
        "cluster": 11,
        "suburb": "Pacific Pines",
        "year": 2022
      },
      "type": "Feature"
    },
    {
      "geometry": {
        "coordinates": [
          153.41807848115,
          -28.113549679782388
        ],
        "type": "Point"
      },
      "properties": {
        "cell_id": "1082_13780",
        "cluster": -1,
        "suburb": "Burleigh Heads",
        "year": 2022
      },
      "type": "Feature"
    },
    {
      "geometry": {
        "coordinates": [
          153.342073931542,
          -28.004998481194804
        ],
        "type": "Point"
      },
      "properties": {
        "cell_id": "1067_13804",
        "cluster": 49,
        "suburb": "Nerang",
        "year": 2023
      },
      "type": "Feature"
    },
    {
      "geometry": {
        "coordinates": [
          153.443811911339,
          -28.074840492103398
        ],
        "type": "Point"
      },
      "properties": {
        "cell_id": "1087_13788",
        "cluster": 12,
        "suburb": "Miami",
        "year": 2023
      },
      "type": "Feature"
    },
    {
      "geometry": {
        "coordinates": [
          153.292722963315,
          -27.799903474571504
        ],
        "type": "Point"
      },
      "properties": {
        "cell_id": "1057_13849",
        "cluster": 75,
        "suburb": "Pimpama",
        "year": 2023
      },
      "type": "Feature"
    },
    {
      "geometry": {
        "coordinates": [
          153.378338930801,
          -27.979951484686495
        ],
        "type": "Point"
      },
      "properties": {
        "cell_id": "1074_13809",
        "cluster": 44,
        "suburb": "Molendinar",
        "year": 2023
      },
      "type": "Feature"
    },
    {
      "geometry": {
        "coordinates": [
          153.367942931876,
          -27.9804404836325
        ],
        "type": "Point"
      },
      "properties": {
        "cell_id": "1072_13809",
        "cluster": -1,
        "suburb": "Molendinar",
        "year": 2021
      },
      "type": "Feature"
    },
    {
      "geometry": {
        "coordinates": [
          153.380295916913,
          -28.085722485715692
        ],
        "type": "Point"
      },
      "properties": {
        "cell_id": "1074_13786",
        "cluster": 67,
        "suburb": "Mudgeeraba",
        "year": 2023
      },
      "type": "Feature"
    },
    {
      "geometry": {
        "coordinates": [
          153.408585920343,
          -28.035203488200494
        ],
        "type": "Point"
      },
      "properties": {
        "cell_id": "1080_13797",
        "cluster": 63,
        "suburb": "Broadbeach Waters",
        "year": 2023
      },
      "type": "Feature"
    },
    {
      "geometry": {
        "coordinates": [
          153.283916937655,
          -28.007061475306696
        ],
        "type": "Point"
      },
      "properties": {
        "cell_id": "1055_13803",
        "cluster": -1,
        "suburb": "Mount Nathan",
        "year": 2023
      },
      "type": "Feature"
    },
    {
      "geometry": {
        "coordinates": [
          153.245209973459,
          -27.7609964694499
        ],
        "type": "Point"
      },
      "properties": {
        "cell_id": "1048_13858",
        "cluster": 8,
        "suburb": "Ormeau",
        "year": 2021
      },
      "type": "Feature"
    },
    {
      "geometry": {
        "coordinates": [
          153.472931646358,
          -28.127036922485594
        ],
        "type": "Point"
      },
      "properties": {
        "cell_id": "1092_13777",
        "cluster": -1,
        "suburb": "Palm Beach",
        "year": 2023
      },
      "type": "Feature"
    },
    {
      "geometry": {
        "coordinates": [
          153.363148920553,
          -28.072158483864595
        ],
        "type": "Point"
      },
      "properties": {
        "cell_id": "1071_13789",
        "cluster": 66,
        "suburb": "Mudgeeraba",
        "year": 2021
      },
      "type": "Feature"
    },
    {
      "geometry": {
        "coordinates": [
          153.388943408901,
          -27.915972214263295
        ],
        "type": "Point"
      },
      "properties": {
        "cell_id": "1076_13824",
        "cluster": -1,
        "suburb": "Runaway Bay",
        "year": 2021
      },
      "type": "Feature"
    },
    {
      "geometry": {
        "coordinates": [
          153.301632033873,
          -27.920343985422697
        ],
        "type": "Point"
      },
      "properties": {
        "cell_id": "1059_13823",
        "cluster": -1,
        "suburb": "Oxenford",
        "year": 2022
      },
      "type": "Feature"
    },
    {
      "geometry": {
        "coordinates": [
          153.244725973571,
          -27.760531469397197
        ],
        "type": "Point"
      },
      "properties": {
        "cell_id": "1048_13858",
        "cluster": 8,
        "suburb": "Ormeau",
        "year": 2022
      },
      "type": "Feature"
    },
    {
      "geometry": {
        "coordinates": [
          153.315363950114,
          -27.8834874775268
        ],
        "type": "Point"
      },
      "properties": {
        "cell_id": "1062_13831",
        "cluster": 30,
        "suburb": "Oxenford",
        "year": 2023
      },
      "type": "Feature"
    },
    {
      "geometry": {
        "coordinates": [
          153.332338844218,
          -27.9149114774979
        ],
        "type": "Point"
      },
      "properties": {
        "cell_id": "1065_13824",
        "cluster": -1,
        "suburb": "Helensvale",
        "year": 2021
      },
      "type": "Feature"
    },
    {
      "geometry": {
        "coordinates": [
          153.40736292474,
          -28.002255487817298
        ],
        "type": "Point"
      },
      "properties": {
        "cell_id": "1080_13804",
        "cluster": -1,
        "suburb": "Bundall",
        "year": 2021
      },
      "type": "Feature"
    },
    {
      "geometry": {
        "coordinates": [
          153.263971654976,
          -27.7722946904392
        ],
        "type": "Point"
      },
      "properties": {
        "cell_id": "1052_13855",
        "cluster": -1,
        "suburb": "Ormeau",
        "year": 2021
      },
      "type": "Feature"
    },
    {
      "geometry": {
        "coordinates": [
          153.29234396358603,
          -27.798109474518906
        ],
        "type": "Point"
      },
      "properties": {
        "cell_id": "1057_13850",
        "cluster": 75,
        "suburb": "Pimpama",
        "year": 2023
      },
      "type": "Feature"
    },
    {
      "geometry": {
        "coordinates": [
          153.345332936908,
          -27.96062648117759
        ],
        "type": "Point"
      },
      "properties": {
        "cell_id": "1067_13814",
        "cluster": 4,
        "suburb": "Arundel",
        "year": 2023
      },
      "type": "Feature"
    },
    {
      "geometry": {
        "coordinates": [
          153.425683909901,
          -28.101296490461788
        ],
        "type": "Point"
      },
      "properties": {
        "cell_id": "1083_13783",
        "cluster": 32,
        "suburb": "Burleigh Waters",
        "year": 2021
      },
      "type": "Feature"
    },
    {
      "geometry": {
        "coordinates": [
          153.301876556447,
          -28.001142090082105
        ],
        "type": "Point"
      },
      "properties": {
        "cell_id": "1059_13805",
        "cluster": -1,
        "suburb": "Nerang",
        "year": 2021
      },
      "type": "Feature"
    },
    {
      "geometry": {
        "coordinates": [
          153.218281977636,
          -27.7511864666475
        ],
        "type": "Point"
      },
      "properties": {
        "cell_id": "1043_13860",
        "cluster": -1,
        "suburb": "Yatala",
        "year": 2021
      },
      "type": "Feature"
    },
    {
      "geometry": {
        "coordinates": [
          153.427188923034,
          -27.998649489809807
        ],
        "type": "Point"
      },
      "properties": {
        "cell_id": "1084_13805",
        "cluster": 17,
        "suburb": "Surfers Paradise",
        "year": 2023
      },
      "type": "Feature"
    },
    {
      "geometry": {
        "coordinates": [
          153.345336937155,
          -27.958702481162895
        ],
        "type": "Point"
      },
      "properties": {
        "cell_id": "1067_13814",
        "cluster": 4,
        "suburb": "Arundel",
        "year": 2022
      },
      "type": "Feature"
    },
    {
      "geometry": {
        "coordinates": [
          153.447550910485,
          -28.078255492511698
        ],
        "type": "Point"
      },
      "properties": {
        "cell_id": "1087_13788",
        "cluster": -1,
        "suburb": "Burleigh Heads",
        "year": 2021
      },
      "type": "Feature"
    },
    {
      "geometry": {
        "coordinates": [
          153.387396932239,
          -27.961143485460802
        ],
        "type": "Point"
      },
      "properties": {
        "cell_id": "1076_13814",
        "cluster": -1,
        "suburb": "Southport",
        "year": 2021
      },
      "type": "Feature"
    },
    {
      "geometry": {
        "coordinates": [
          153.296035960655,
          -27.81782747504869
        ],
        "type": "Point"
      },
      "properties": {
        "cell_id": "1058_13845",
        "cluster": -1,
        "suburb": "Pimpama",
        "year": 2021
      },
      "type": "Feature"
    },
    {
      "geometry": {
        "coordinates": [
          153.3710979263,
          -28.0209404842714
        ],
        "type": "Point"
      },
      "properties": {
        "cell_id": "1072_13800",
        "cluster": 55,
        "suburb": "Carrara",
        "year": 2021
      },
      "type": "Feature"
    },
    {
      "geometry": {
        "coordinates": [
          153.468005903752,
          -28.112787494870698
        ],
        "type": "Point"
      },
      "properties": {
        "cell_id": "1091_13780",
        "cluster": -1,
        "suburb": "Palm Beach",
        "year": 2022
      },
      "type": "Feature"
    },
    {
      "geometry": {
        "coordinates": [
          153.226669960577,
          -27.877364468489098
        ],
        "type": "Point"
      },
      "properties": {
        "cell_id": "1044_13832",
        "cluster": -1,
        "suburb": "Wongawallan",
        "year": 2022
      },
      "type": "Feature"
    },
    {
      "geometry": {
        "coordinates": [
          153.482649899772,
          -28.1310014965095
        ],
        "type": "Point"
      },
      "properties": {
        "cell_id": "1094_13776",
        "cluster": -1,
        "suburb": "Currumbin",
        "year": 2021
      },
      "type": "Feature"
    },
    {
      "geometry": {
        "coordinates": [
          153.418552915359,
          -28.065241489451996
        ],
        "type": "Point"
      },
      "properties": {
        "cell_id": "1082_13790",
        "cluster": 84,
        "suburb": "Robina",
        "year": 2021
      },
      "type": "Feature"
    },
    {
      "geometry": {
        "coordinates": [
          153.3192739467,
          -27.906710478106405
        ],
        "type": "Point"
      },
      "properties": {
        "cell_id": "1062_13826",
        "cluster": 19,
        "suburb": "Helensvale",
        "year": 2022
      },
      "type": "Feature"
    },
    {
      "geometry": {
        "coordinates": [
          153.353811976724,
          -28.047824782724096
        ],
        "type": "Point"
      },
      "properties": {
        "cell_id": "1069_13794",
        "cluster": -1,
        "suburb": "Worongary",
        "year": 2021
      },
      "type": "Feature"
    },
    {
      "geometry": {
        "coordinates": [
          153.407292925312,
          -27.997892487775896
        ],
        "type": "Point"
      },
      "properties": {
        "cell_id": "1080_13805",
        "cluster": -1,
        "suburb": "Bundall",
        "year": 2021
      },
      "type": "Feature"
    },
    {
      "geometry": {
        "coordinates": [
          153.426694731822,
          -28.000709863775604
        ],
        "type": "Point"
      },
      "properties": {
        "cell_id": "1083_13805",
        "cluster": 17,
        "suburb": "Surfers Paradise",
        "year": 2021
      },
      "type": "Feature"
    },
    {
      "geometry": {
        "coordinates": [
          153.395151925159,
          -28.0093644866292
        ],
        "type": "Point"
      },
      "properties": {
        "cell_id": "1077_13803",
        "cluster": 41,
        "suburb": "Benowa",
        "year": 2022
      },
      "type": "Feature"
    },
    {
      "geometry": {
        "coordinates": [
          153.43884091531604,
          -28.048374491388596
        ],
        "type": "Point"
      },
      "properties": {
        "cell_id": "1086_13794",
        "cluster": -1,
        "suburb": "Mermaid Beach",
        "year": 2022
      },
      "type": "Feature"
    },
    {
      "geometry": {
        "coordinates": [
          153.348633678925,
          -28.00420201385529
        ],
        "type": "Point"
      },
      "properties": {
        "cell_id": "1068_13804",
        "cluster": -1,
        "suburb": "Carrara",
        "year": 2022
      },
      "type": "Feature"
    },
    {
      "geometry": {
        "coordinates": [
          153.276240948187,
          -27.9317114739367
        ],
        "type": "Point"
      },
      "properties": {
        "cell_id": "1054_13820",
        "cluster": -1,
        "suburb": "Maudsland",
        "year": 2021
      },
      "type": "Feature"
    },
    {
      "geometry": {
        "coordinates": [
          153.411042921533,
          -28.023920488362304
        ],
        "type": "Point"
      },
      "properties": {
        "cell_id": "1080_13800",
        "cluster": -1,
        "suburb": "Broadbeach Waters",
        "year": 2022
      },
      "type": "Feature"
    },
    {
      "geometry": {
        "coordinates": [
          153.28500096204402,
          -27.81634947391771
        ],
        "type": "Point"
      },
      "properties": {
        "cell_id": "1056_13846",
        "cluster": 28,
        "suburb": "Pimpama",
        "year": 2021
      },
      "type": "Feature"
    },
    {
      "geometry": {
        "coordinates": [
          153.49353909897,
          -28.143321178719095
        ],
        "type": "Point"
      },
      "properties": {
        "cell_id": "1096_13773",
        "cluster": 69,
        "suburb": "Tugun",
        "year": 2021
      },
      "type": "Feature"
    },
    {
      "geometry": {
        "coordinates": [
          153.415081928,
          -27.970512488354608
        ],
        "type": "Point"
      },
      "properties": {
        "cell_id": "1081_13811",
        "cluster": 24,
        "suburb": "Southport",
        "year": 2021
      },
      "type": "Feature"
    },
    {
      "geometry": {
        "coordinates": [
          153.383206307636,
          -27.953875827977097
        ],
        "type": "Point"
      },
      "properties": {
        "cell_id": "1075_13815",
        "cluster": -1,
        "suburb": "Arundel",
        "year": 2021
      },
      "type": "Feature"
    },
    {
      "geometry": {
        "coordinates": [
          153.522590890712,
          -28.166789500874597
        ],
        "type": "Point"
      },
      "properties": {
        "cell_id": "1102_13768",
        "cluster": 3,
        "suburb": "Coolangatta",
        "year": 2021
      },
      "type": "Feature"
    },
    {
      "geometry": {
        "coordinates": [
          153.26474520659,
          -28.140345835408095
        ],
        "type": "Point"
      },
      "properties": {
        "cell_id": "1051_13774",
        "cluster": -1,
        "suburb": "Springbrook",
        "year": 2021
      },
      "type": "Feature"
    },
    {
      "geometry": {
        "coordinates": [
          153.259105075671,
          -27.794418973120404
        ],
        "type": "Point"
      },
      "properties": {
        "cell_id": "1051_13851",
        "cluster": -1,
        "suburb": "Ormeau Hills",
        "year": 2022
      },
      "type": "Feature"
    },
    {
      "geometry": {
        "coordinates": [
          153.297094959532,
          -27.825673475217908
        ],
        "type": "Point"
      },
      "properties": {
        "cell_id": "1058_13844",
        "cluster": -1,
        "suburb": "Pimpama",
        "year": 2021
      },
      "type": "Feature"
    },
    {
      "geometry": {
        "coordinates": [
          153.387615005047,
          -28.032084967039992
        ],
        "type": "Point"
      },
      "properties": {
        "cell_id": "1076_13798",
        "cluster": 56,
        "suburb": "Carrara",
        "year": 2023
      },
      "type": "Feature"
    },
    {
      "geometry": {
        "coordinates": [
          153.429146922399,
          -28.001901490034992
        ],
        "type": "Point"
      },
      "properties": {
        "cell_id": "1084_13805",
        "cluster": 17,
        "suburb": "Surfers Paradise",
        "year": 2023
      },
      "type": "Feature"
    },
    {
      "geometry": {
        "coordinates": [
          153.221347980244,
          -27.728175466776396
        ],
        "type": "Point"
      },
      "properties": {
        "cell_id": "1043_13865",
        "cluster": 80,
        "suburb": "Yatala",
        "year": 2023
      },
      "type": "Feature"
    },
    {
      "geometry": {
        "coordinates": [
          153.395131917553,
          -28.068173487088593
        ],
        "type": "Point"
      },
      "properties": {
        "cell_id": "1077_13790",
        "cluster": 31,
        "suburb": "Robina",
        "year": 2023
      },
      "type": "Feature"
    },
    {
      "geometry": {
        "coordinates": [
          153.369521927731,
          -28.011199484034595
        ],
        "type": "Point"
      },
      "properties": {
        "cell_id": "1072_13803",
        "cluster": 61,
        "suburb": "Carrara",
        "year": 2022
      },
      "type": "Feature"
    },
    {
      "geometry": {
        "coordinates": [
          153.388628930086,
          -27.976763485709004
        ],
        "type": "Point"
      },
      "properties": {
        "cell_id": "1076_13810",
        "cluster": 72,
        "suburb": "Ashmore",
        "year": 2022
      },
      "type": "Feature"
    },
    {
      "geometry": {
        "coordinates": [
          153.398759676476,
          -28.158303901164494
        ],
        "type": "Point"
      },
      "properties": {
        "cell_id": "1078_13770",
        "cluster": -1,
        "suburb": "Tallebudgera Valley",
        "year": 2022
      },
      "type": "Feature"
    },
    {
      "geometry": {
        "coordinates": [
          153.408417931453,
          -27.949435487509902
        ],
        "type": "Point"
      },
      "properties": {
        "cell_id": "1080_13816",
        "cluster": -1,
        "suburb": "Labrador",
        "year": 2023
      },
      "type": "Feature"
    },
    {
      "geometry": {
        "coordinates": [
          153.378540931553,
          -27.973958484660002
        ],
        "type": "Point"
      },
      "properties": {
        "cell_id": "1074_13811",
        "cluster": 53,
        "suburb": "Southport",
        "year": 2022
      },
      "type": "Feature"
    },
    {
      "geometry": {
        "coordinates": [
          153.31767494645,
          -27.91001347797
        ],
        "type": "Point"
      },
      "properties": {
        "cell_id": "1062_13825",
        "cluster": -1,
        "suburb": "Oxenford",
        "year": 2022
      },
      "type": "Feature"
    },
    {
      "geometry": {
        "coordinates": [
          153.332070942278,
          -27.9302034795909
        ],
        "type": "Point"
      },
      "properties": {
        "cell_id": "1065_13820",
        "cluster": 11,
        "suburb": "Gaven",
        "year": 2021
      },
      "type": "Feature"
    },
    {
      "geometry": {
        "coordinates": [
          153.413556406219,
          -28.001036971438808
        ],
        "type": "Point"
      },
      "properties": {
        "cell_id": "1081_13805",
        "cluster": 51,
        "suburb": "Bundall",
        "year": 2021
      },
      "type": "Feature"
    },
    {
      "geometry": {
        "coordinates": [
          153.236268238511,
          -27.752541137478104
        ],
        "type": "Point"
      },
      "properties": {
        "cell_id": "1046_13860",
        "cluster": 70,
        "suburb": "Yatala",
        "year": 2021
      },
      "type": "Feature"
    },
    {
      "geometry": {
        "coordinates": [
          153.376030619028,
          -27.9646646253315
        ],
        "type": "Point"
      },
      "properties": {
        "cell_id": "1073_13813",
        "cluster": 5,
        "suburb": "Molendinar",
        "year": 2021
      },
      "type": "Feature"
    },
    {
      "geometry": {
        "coordinates": [
          153.286693953709,
          -27.879847474588995
        ],
        "type": "Point"
      },
      "properties": {
        "cell_id": "1056_13832",
        "cluster": -1,
        "suburb": "Upper Coomera",
        "year": 2023
      },
      "type": "Feature"
    },
    {
      "geometry": {
        "coordinates": [
          153.411184925781,
          -27.990967488118095
        ],
        "type": "Point"
      },
      "properties": {
        "cell_id": "1080_13807",
        "cluster": -1,
        "suburb": "Southport",
        "year": 2023
      },
      "type": "Feature"
    },
    {
      "geometry": {
        "coordinates": [
          153.249044672346,
          -27.735178509634796
        ],
        "type": "Point"
      },
      "properties": {
        "cell_id": "1049_13864",
        "cluster": -1,
        "suburb": "Stapylton",
        "year": 2022
      },
      "type": "Feature"
    },
    {
      "geometry": {
        "coordinates": [
          153.261155968653,
          -27.785015471254095
        ],
        "type": "Point"
      },
      "properties": {
        "cell_id": "1051_13853",
        "cluster": -1,
        "suburb": "Ormeau",
        "year": 2021
      },
      "type": "Feature"
    },
    {
      "geometry": {
        "coordinates": [
          153.410244931996,
          -27.943688487650896
        ],
        "type": "Point"
      },
      "properties": {
        "cell_id": "1080_13817",
        "cluster": 22,
        "suburb": "Labrador",
        "year": 2022
      },
      "type": "Feature"
    },
    {
      "geometry": {
        "coordinates": [
          153.299419955854,
          -27.852348475663607
        ],
        "type": "Point"
      },
      "properties": {
        "cell_id": "1058_13838",
        "cluster": -1,
        "suburb": "Upper Coomera",
        "year": 2022
      },
      "type": "Feature"
    },
    {
      "geometry": {
        "coordinates": [
          153.251565765485,
          -27.771028662172505
        ],
        "type": "Point"
      },
      "properties": {
        "cell_id": "1049_13856",
        "cluster": -1,
        "suburb": "Ormeau",
        "year": 2022
      },
      "type": "Feature"
    },
    {
      "geometry": {
        "coordinates": [
          153.258003968545,
          -27.788531470962504
        ],
        "type": "Point"
      },
      "properties": {
        "cell_id": "1050_13852",
        "cluster": 58,
        "suburb": "Ormeau",
        "year": 2023
      },
      "type": "Feature"
    },
    {
      "geometry": {
        "coordinates": [
          153.287752444556,
          -27.833407897330993
        ],
        "type": "Point"
      },
      "properties": {
        "cell_id": "1056_13842",
        "cluster": -1,
        "suburb": "Willow Vale",
        "year": 2023
      },
      "type": "Feature"
    },
    {
      "geometry": {
        "coordinates": [
          153.357211944903,
          -27.8885194818186
        ],
        "type": "Point"
      },
      "properties": {
        "cell_id": "1070_13830",
        "cluster": -1,
        "suburb": "Helensvale",
        "year": 2022
      },
      "type": "Feature"
    },
    {
      "geometry": {
        "coordinates": [
          153.337259940565,
          -27.939099480188
        ],
        "type": "Point"
      },
      "properties": {
        "cell_id": "1066_13818",
        "cluster": 86,
        "suburb": "Helensvale",
        "year": 2022
      },
      "type": "Feature"
    },
    {
      "geometry": {
        "coordinates": [
          153.42757792626,
          -27.9733934896511
        ],
        "type": "Point"
      },
      "properties": {
        "cell_id": "1084_13811",
        "cluster": -1,
        "suburb": "Main Beach",
        "year": 2022
      },
      "type": "Feature"
    },
    {
      "geometry": {
        "coordinates": [
          153.352695945498,
          -27.887719481353095
        ],
        "type": "Point"
      },
      "properties": {
        "cell_id": "1069_13830",
        "cluster": -1,
        "suburb": "Helensvale",
        "year": 2022
      },
      "type": "Feature"
    },
    {
      "geometry": {
        "coordinates": [
          153.431372917797,
          -28.0355534905262
        ],
        "type": "Point"
      },
      "properties": {
        "cell_id": "1084_13797",
        "cluster": 16,
        "suburb": "Broadbeach",
        "year": 2021
      },
      "type": "Feature"
    },
    {
      "geometry": {
        "coordinates": [
          153.264173003831,
          -28.045838271609497
        ],
        "type": "Point"
      },
      "properties": {
        "cell_id": "1051_13795",
        "cluster": -1,
        "suburb": "Advancetown",
        "year": 2022
      },
      "type": "Feature"
    },
    {
      "geometry": {
        "coordinates": [
          153.304330945871,
          -27.9258414767398
        ],
        "type": "Point"
      },
      "properties": {
        "cell_id": "1059_13821",
        "cluster": -1,
        "suburb": "Oxenford",
        "year": 2022
      },
      "type": "Feature"
    },
    {
      "geometry": {
        "coordinates": [
          153.260724967372,
          -27.795377471292
        ],
        "type": "Point"
      },
      "properties": {
        "cell_id": "1051_13850",
        "cluster": -1,
        "suburb": "Ormeau",
        "year": 2022
      },
      "type": "Feature"
    },
    {
      "geometry": {
        "coordinates": [
          153.252218760188,
          -28.0688131645786
        ],
        "type": "Point"
      },
      "properties": {
        "cell_id": "1049_13790",
        "cluster": -1,
        "suburb": "Advancetown",
        "year": 2023
      },
      "type": "Feature"
    },
    {
      "geometry": {
        "coordinates": [
          153.316080498626,
          -27.8866743476246
        ],
        "type": "Point"
      },
      "properties": {
        "cell_id": "1062_13830",
        "cluster": 30,
        "suburb": "Helensvale",
        "year": 2022
      },
      "type": "Feature"
    },
    {
      "geometry": {
        "coordinates": [
          153.338353926208,
          -28.049488481165795
        ],
        "type": "Point"
      },
      "properties": {
        "cell_id": "1066_13794",
        "cluster": -1,
        "suburb": "Worongary",
        "year": 2022
      },
      "type": "Feature"
    },
    {
      "geometry": {
        "coordinates": [
          153.360626939615,
          -27.926658482465694
        ],
        "type": "Point"
      },
      "properties": {
        "cell_id": "1070_13821",
        "cluster": 1,
        "suburb": "Coombabah",
        "year": 2023
      },
      "type": "Feature"
    },
    {
      "geometry": {
        "coordinates": [
          153.293492796614,
          -27.999221976216393
        ],
        "type": "Point"
      },
      "properties": {
        "cell_id": "1057_13805",
        "cluster": -1,
        "suburb": "Nerang",
        "year": 2022
      },
      "type": "Feature"
    },
    {
      "geometry": {
        "coordinates": [
          153.398480853465,
          -28.20486892550071
        ],
        "type": "Point"
      },
      "properties": {
        "cell_id": "1078_13760",
        "cluster": -1,
        "suburb": "Currumbin Valley",
        "year": 2023
      },
      "type": "Feature"
    },
    {
      "geometry": {
        "coordinates": [
          153.473269900617,
          -28.132455495562592
        ],
        "type": "Point"
      },
      "properties": {
        "cell_id": "1092_13776",
        "cluster": 13,
        "suburb": "Palm Beach",
        "year": 2021
      },
      "type": "Feature"
    },
    {
      "geometry": {
        "coordinates": [
          153.323140443679,
          -27.841391888985292
        ],
        "type": "Point"
      },
      "properties": {
        "cell_id": "1063_13840",
        "cluster": -1,
        "suburb": "Coomera",
        "year": 2023
      },
      "type": "Feature"
    },
    {
      "geometry": {
        "coordinates": [
          153.380983930931,
          -27.9767074849302
        ],
        "type": "Point"
      },
      "properties": {
        "cell_id": "1074_13810",
        "cluster": 53,
        "suburb": "Southport",
        "year": 2021
      },
      "type": "Feature"
    },
    {
      "geometry": {
        "coordinates": [
          153.51629189175802,
          -28.164093500208903
        ],
        "type": "Point"
      },
      "properties": {
        "cell_id": "1101_13769",
        "cluster": -1,
        "suburb": "Bilinga",
        "year": 2021
      },
      "type": "Feature"
    },
    {
      "geometry": {
        "coordinates": [
          153.286656960744,
          -27.825084474154398
        ],
        "type": "Point"
      },
      "properties": {
        "cell_id": "1056_13844",
        "cluster": -1,
        "suburb": "Pimpama",
        "year": 2022
      },
      "type": "Feature"
    },
    {
      "geometry": {
        "coordinates": [
          153.415077911136,
          -28.100777489376497
        ],
        "type": "Point"
      },
      "properties": {
        "cell_id": "1081_13783",
        "cluster": -1,
        "suburb": "Varsity Lakes",
        "year": 2022
      },
      "type": "Feature"
    },
    {
      "geometry": {
        "coordinates": [
          153.306892958748,
          -27.8234764761948
        ],
        "type": "Point"
      },
      "properties": {
        "cell_id": "1060_13844",
        "cluster": 26,
        "suburb": "Pimpama",
        "year": 2021
      },
      "type": "Feature"
    },
    {
      "geometry": {
        "coordinates": [
          153.344325529754,
          -28.009185415456503
        ],
        "type": "Point"
      },
      "properties": {
        "cell_id": "1067_13803",
        "cluster": -1,
        "suburb": "Carrara",
        "year": 2022
      },
      "type": "Feature"
    },
    {
      "geometry": {
        "coordinates": [
          153.424629891599,
          -28.035074035834796
        ],
        "type": "Point"
      },
      "properties": {
        "cell_id": "1083_13797",
        "cluster": 16,
        "suburb": "Broadbeach Waters",
        "year": 2023
      },
      "type": "Feature"
    },
    {
      "geometry": {
        "coordinates": [
          153.395035927894,
          -27.988300486452005
        ],
        "type": "Point"
      },
      "properties": {
        "cell_id": "1077_13808",
        "cluster": 21,
        "suburb": "Southport",
        "year": 2022
      },
      "type": "Feature"
    },
    {
      "geometry": {
        "coordinates": [
          153.302275865039,
          -27.8407027218618
        ],
        "type": "Point"
      },
      "properties": {
        "cell_id": "1059_13840",
        "cluster": 25,
        "suburb": "Pimpama",
        "year": 2022
      },
      "type": "Feature"
    },
    {
      "geometry": {
        "coordinates": [
          153.426167891588,
          -27.979781195557496
        ],
        "type": "Point"
      },
      "properties": {
        "cell_id": "1083_13809",
        "cluster": -1,
        "suburb": "Main Beach",
        "year": 2021
      },
      "type": "Feature"
    },
    {
      "geometry": {
        "coordinates": [
          153.31204593317,
          -28.0179104782459
        ],
        "type": "Point"
      },
      "properties": {
        "cell_id": "1061_13801",
        "cluster": -1,
        "suburb": "Gilston",
        "year": 2021
      },
      "type": "Feature"
    },
    {
      "geometry": {
        "coordinates": [
          153.433350909001,
          -28.1017354912471
        ],
        "type": "Point"
      },
      "properties": {
        "cell_id": "1085_13782",
        "cluster": -1,
        "suburb": "Burleigh Waters",
        "year": 2023
      },
      "type": "Feature"
    },
    {
      "geometry": {
        "coordinates": [
          153.402135928928,
          -27.974288487065103
        ],
        "type": "Point"
      },
      "properties": {
        "cell_id": "1079_13811",
        "cluster": 18,
        "suburb": "Southport",
        "year": 2021
      },
      "type": "Feature"
    },
    {
      "geometry": {
        "coordinates": [
          153.339900933259,
          -27.993533480883897
        ],
        "type": "Point"
      },
      "properties": {
        "cell_id": "1066_13806",
        "cluster": 27,
        "suburb": "Nerang",
        "year": 2022
      },
      "type": "Feature"
    },
    {
      "geometry": {
        "coordinates": [
          153.412494924704,
          -27.9981834883083
        ],
        "type": "Point"
      },
      "properties": {
        "cell_id": "1081_13805",
        "cluster": 51,
        "suburb": "Bundall",
        "year": 2023
      },
      "type": "Feature"
    },
    {
      "geometry": {
        "coordinates": [
          153.426573922728,
          -28.0015324897698
        ],
        "type": "Point"
      },
      "properties": {
        "cell_id": "1083_13805",
        "cluster": 17,
        "suburb": "Surfers Paradise",
        "year": 2023
      },
      "type": "Feature"
    },
    {
      "geometry": {
        "coordinates": [
          153.309351121014,
          -27.858247277717897
        ],
        "type": "Point"
      },
      "properties": {
        "cell_id": "1060_13836",
        "cluster": 9,
        "suburb": "Coomera",
        "year": 2023
      },
      "type": "Feature"
    },
    {
      "geometry": {
        "coordinates": [
          153.312210358108,
          -28.0182523552653
        ],
        "type": "Point"
      },
      "properties": {
        "cell_id": "1061_13801",
        "cluster": -1,
        "suburb": "Gilston",
        "year": 2021
      },
      "type": "Feature"
    },
    {
      "geometry": {
        "coordinates": [
          153.190759977512,
          -27.775549464057196
        ],
        "type": "Point"
      },
      "properties": {
        "cell_id": "1037_13855",
        "cluster": -1,
        "suburb": "Luscombe",
        "year": 2021
      },
      "type": "Feature"
    },
    {
      "geometry": {
        "coordinates": [
          153.442391908413,
          -28.098598492144795
        ],
        "type": "Point"
      },
      "properties": {
        "cell_id": "1086_13783",
        "cluster": -1,
        "suburb": "Burleigh Waters",
        "year": 2023
      },
      "type": "Feature"
    },
    {
      "geometry": {
        "coordinates": [
          153.23029197799,
          -27.738223467760506
        ],
        "type": "Point"
      },
      "properties": {
        "cell_id": "1045_13863",
        "cluster": 23,
        "suburb": "Stapylton",
        "year": 2021
      },
      "type": "Feature"
    },
    {
      "geometry": {
        "coordinates": [
          153.395413915753,
          -28.081836487224503
        ],
        "type": "Point"
      },
      "properties": {
        "cell_id": "1077_13787",
        "cluster": -1,
        "suburb": "Robina",
        "year": 2022
      },
      "type": "Feature"
    },
    {
      "geometry": {
        "coordinates": [
          153.412389608084,
          -27.9876036422145
        ],
        "type": "Point"
      },
      "properties": {
        "cell_id": "1081_13808",
        "cluster": -1,
        "suburb": "Southport",
        "year": 2023
      },
      "type": "Feature"
    },
    {
      "geometry": {
        "coordinates": [
          153.384754924872,
          -28.020399485657105
        ],
        "type": "Point"
      },
      "properties": {
        "cell_id": "1075_13800",
        "cluster": -1,
        "suburb": "Carrara",
        "year": 2021
      },
      "type": "Feature"
    },
    {
      "geometry": {
        "coordinates": [
          153.281291948811,
          -27.922564474376998
        ],
        "type": "Point"
      },
      "properties": {
        "cell_id": "1055_13822",
        "cluster": -1,
        "suburb": "Maudsland",
        "year": 2021
      },
      "type": "Feature"
    },
    {
      "geometry": {
        "coordinates": [
          153.437336914641,
          -28.054860491286
        ],
        "type": "Point"
      },
      "properties": {
        "cell_id": "1085_13793",
        "cluster": -1,
        "suburb": "Mermaid Beach",
        "year": 2021
      },
      "type": "Feature"
    },
    {
      "geometry": {
        "coordinates": [
          153.493783894832,
          -28.159542497871197
        ],
        "type": "Point"
      },
      "properties": {
        "cell_id": "1096_13770",
        "cluster": -1,
        "suburb": "Tugun",
        "year": 2021
      },
      "type": "Feature"
    },
    {
      "geometry": {
        "coordinates": [
          153.404740916553,
          -28.067739488063996
        ],
        "type": "Point"
      },
      "properties": {
        "cell_id": "1079_13790",
        "cluster": -1,
        "suburb": "Robina",
        "year": 2022
      },
      "type": "Feature"
    },
    {
      "geometry": {
        "coordinates": [
          153.412604909965,
          -28.11191248921169
        ],
        "type": "Point"
      },
      "properties": {
        "cell_id": "1081_13780",
        "cluster": -1,
        "suburb": "Burleigh Heads",
        "year": 2022
      },
      "type": "Feature"
    },
    {
      "geometry": {
        "coordinates": [
          153.335516951986,
          -27.851856479324898
        ],
        "type": "Point"
      },
      "properties": {
        "cell_id": "1066_13838",
        "cluster": -1,
        "suburb": "Coomera",
        "year": 2023
      },
      "type": "Feature"
    },
    {
      "geometry": {
        "coordinates": [
          153.350360017563,
          -27.842579523760495
        ],
        "type": "Point"
      },
      "properties": {
        "cell_id": "1068_13840",
        "cluster": -1,
        "suburb": "Coomera",
        "year": 2021
      },
      "type": "Feature"
    },
    {
      "geometry": {
        "coordinates": [
          153.384235930605,
          -27.976469485259393
        ],
        "type": "Point"
      },
      "properties": {
        "cell_id": "1075_13810",
        "cluster": -1,
        "suburb": "Southport",
        "year": 2023
      },
      "type": "Feature"
    },
    {
      "geometry": {
        "coordinates": [
          153.38194192785,
          -27.999740485208584
        ],
        "type": "Point"
      },
      "properties": {
        "cell_id": "1075_13805",
        "cluster": -1,
        "suburb": "Benowa",
        "year": 2023
      },
      "type": "Feature"
    },
    {
      "geometry": {
        "coordinates": [
          153.365694931506,
          -27.985217483441303
        ],
        "type": "Point"
      },
      "properties": {
        "cell_id": "1071_13808",
        "cluster": 38,
        "suburb": "Ashmore",
        "year": 2023
      },
      "type": "Feature"
    },
    {
      "geometry": {
        "coordinates": [
          153.395583890043,
          -27.955724576251896
        ],
        "type": "Point"
      },
      "properties": {
        "cell_id": "1077_13815",
        "cluster": -1,
        "suburb": "Labrador",
        "year": 2023
      },
      "type": "Feature"
    },
    {
      "geometry": {
        "coordinates": [
          153.351911936097,
          -27.961328481851904
        ],
        "type": "Point"
      },
      "properties": {
        "cell_id": "1069_13814",
        "cluster": -1,
        "suburb": "Arundel",
        "year": 2021
      },
      "type": "Feature"
    },
    {
      "geometry": {
        "coordinates": [
          153.381042930909,
          -27.9768244849372
        ],
        "type": "Point"
      },
      "properties": {
        "cell_id": "1074_13810",
        "cluster": 53,
        "suburb": "Ashmore",
        "year": 2023
      },
      "type": "Feature"
    },
    {
      "geometry": {
        "coordinates": [
          153.316288020452,
          -27.903403469777206
        ],
        "type": "Point"
      },
      "properties": {
        "cell_id": "1062_13826",
        "cluster": 19,
        "suburb": "Helensvale",
        "year": 2023
      },
      "type": "Feature"
    },
    {
      "geometry": {
        "coordinates": [
          153.313123929443,
          -28.045898478575
        ],
        "type": "Point"
      },
      "properties": {
        "cell_id": "1061_13795",
        "cluster": -1,
        "suburb": "Tallai",
        "year": 2023
      },
      "type": "Feature"
    },
    {
      "geometry": {
        "coordinates": [
          153.387552917442,
          -28.075463486373998
        ],
        "type": "Point"
      },
      "properties": {
        "cell_id": "1076_13788",
        "cluster": -1,
        "suburb": "Robina",
        "year": 2022
      },
      "type": "Feature"
    },
    {
      "geometry": {
        "coordinates": [
          153.45193290867,
          -28.0885324930395
        ],
        "type": "Point"
      },
      "properties": {
        "cell_id": "1088_13785",
        "cluster": 43,
        "suburb": "Burleigh Heads",
        "year": 2023
      },
      "type": "Feature"
    },
    {
      "geometry": {
        "coordinates": [
          153.323108956057,
          -27.830695477898004
        ],
        "type": "Point"
      },
      "properties": {
        "cell_id": "1063_13843",
        "cluster": -1,
        "suburb": "Pimpama",
        "year": 2023
      },
      "type": "Feature"
    },
    {
      "geometry": {
        "coordinates": [
          153.405488928607,
          -27.973931487403885
        ],
        "type": "Point"
      },
      "properties": {
        "cell_id": "1079_13811",
        "cluster": 18,
        "suburb": "Southport",
        "year": 2023
      },
      "type": "Feature"
    },
    {
      "geometry": {
        "coordinates": [
          153.387945939416,
          -27.905073485075995
        ],
        "type": "Point"
      },
      "properties": {
        "cell_id": "1076_13826",
        "cluster": -1,
        "suburb": "Coombabah",
        "year": 2023
      },
      "type": "Feature"
    },
    {
      "geometry": {
        "coordinates": [
          153.264103970316,
          -27.7695314714308
        ],
        "type": "Point"
      },
      "properties": {
        "cell_id": "1052_13856",
        "cluster": -1,
        "suburb": "Ormeau",
        "year": 2022
      },
      "type": "Feature"
    },
    {
      "geometry": {
        "coordinates": [
          153.226365978496,
          -27.737592467358205
        ],
        "type": "Point"
      },
      "properties": {
        "cell_id": "1044_13863",
        "cluster": 23,
        "suburb": "Yatala",
        "year": 2021
      },
      "type": "Feature"
    },
    {
      "geometry": {
        "coordinates": [
          153.33333093438,
          -27.990420480191894
        ],
        "type": "Point"
      },
      "properties": {
        "cell_id": "1065_13807",
        "cluster": -1,
        "suburb": "Nerang",
        "year": 2023
      },
      "type": "Feature"
    },
    {
      "geometry": {
        "coordinates": [
          153.270008097555,
          -28.0041512458738
        ],
        "type": "Point"
      },
      "properties": {
        "cell_id": "1053_13804",
        "cluster": -1,
        "suburb": "Mount Nathan",
        "year": 2021
      },
      "type": "Feature"
    },
    {
      "geometry": {
        "coordinates": [
          153.31041795727,
          -27.8320034766197
        ],
        "type": "Point"
      },
      "properties": {
        "cell_id": "1061_13842",
        "cluster": -1,
        "suburb": "Pimpama",
        "year": 2021
      },
      "type": "Feature"
    },
    {
      "geometry": {
        "coordinates": [
          153.417756920497,
          -28.026240489064804
        ],
        "type": "Point"
      },
      "properties": {
        "cell_id": "1082_13799",
        "cluster": -1,
        "suburb": "Broadbeach Waters",
        "year": 2023
      },
      "type": "Feature"
    },
    {
      "geometry": {
        "coordinates": [
          153.420797923626,
          -27.9994844891648
        ],
        "type": "Point"
      },
      "properties": {
        "cell_id": "1082_13805",
        "cluster": 46,
        "suburb": "Surfers Paradise",
        "year": 2022
      },
      "type": "Feature"
    },
    {
      "geometry": {
        "coordinates": [
          153.292288960525,
          -27.8220164747015
        ],
        "type": "Point"
      },
      "properties": {
        "cell_id": "1057_13844",
        "cluster": 29,
        "suburb": "Pimpama",
        "year": 2022
      },
      "type": "Feature"
    },
    {
      "geometry": {
        "coordinates": [
          153.37055193595,
          -27.946664483632595
        ],
        "type": "Point"
      },
      "properties": {
        "cell_id": "1072_13817",
        "cluster": -1,
        "suburb": "Parkwood",
        "year": 2022
      },
      "type": "Feature"
    },
    {
      "geometry": {
        "coordinates": [
          153.432458918876,
          -28.026302490564397
        ],
        "type": "Point"
      },
      "properties": {
        "cell_id": "1085_13799",
        "cluster": -1,
        "suburb": "Broadbeach",
        "year": 2022
      },
      "type": "Feature"
    },
    {
      "geometry": {
        "coordinates": [
          153.313083936389,
          -27.992048478148302
        ],
        "type": "Point"
      },
      "properties": {
        "cell_id": "1061_13807",
        "cluster": -1,
        "suburb": "Nerang",
        "year": 2023
      },
      "type": "Feature"
    },
    {
      "geometry": {
        "coordinates": [
          153.33553395201903,
          -27.8515804793245
        ],
        "type": "Point"
      },
      "properties": {
        "cell_id": "1066_13838",
        "cluster": -1,
        "suburb": "Coomera",
        "year": 2023
      },
      "type": "Feature"
    },
    {
      "geometry": {
        "coordinates": [
          153.319526945832,
          -27.9132464781835
        ],
        "type": "Point"
      },
      "properties": {
        "cell_id": "1062_13824",
        "cluster": -1,
        "suburb": "Helensvale",
        "year": 2023
      },
      "type": "Feature"
    },
    {
      "geometry": {
        "coordinates": [
          153.449239908905,
          -28.089004492768396
        ],
        "type": "Point"
      },
      "properties": {
        "cell_id": "1088_13785",
        "cluster": 43,
        "suburb": "Burleigh Heads",
        "year": 2023
      },
      "type": "Feature"
    },
    {
      "geometry": {
        "coordinates": [
          153.27085494499,
          -27.9611714736222
        ],
        "type": "Point"
      },
      "properties": {
        "cell_id": "1053_13814",
        "cluster": -1,
        "suburb": "Mount Nathan",
        "year": 2022
      },
      "type": "Feature"
    },
    {
      "geometry": {
        "coordinates": [
          153.503812894442,
          -28.154049498853695
        ],
        "type": "Point"
      },
      "properties": {
        "cell_id": "1098_13771",
        "cluster": -1,
        "suburb": "Bilinga",
        "year": 2022
      },
      "type": "Feature"
    },
    {
      "geometry": {
        "coordinates": [
          153.451658908709,
          -28.088462493011
        ],
        "type": "Point"
      },
      "properties": {
        "cell_id": "1088_13785",
        "cluster": 43,
        "suburb": "Burleigh Heads",
        "year": 2022
      },
      "type": "Feature"
    },
    {
      "geometry": {
        "coordinates": [
          153.324898944199,
          -27.9213754787929
        ],
        "type": "Point"
      },
      "properties": {
        "cell_id": "1063_13822",
        "cluster": -1,
        "suburb": "Helensvale",
        "year": 2021
      },
      "type": "Feature"
    },
    {
      "geometry": {
        "coordinates": [
          153.39576192944904,
          -27.975654486426603
        ],
        "type": "Point"
      },
      "properties": {
        "cell_id": "1077_13810",
        "cluster": -1,
        "suburb": "Southport",
        "year": 2022
      },
      "type": "Feature"
    },
    {
      "geometry": {
        "coordinates": [
          153.40109492895704,
          -27.97494548696419
        ],
        "type": "Point"
      },
      "properties": {
        "cell_id": "1078_13811",
        "cluster": 18,
        "suburb": "Southport",
        "year": 2022
      },
      "type": "Feature"
    },
    {
      "geometry": {
        "coordinates": [
          153.409022470757,
          -27.962043650670605
        ],
        "type": "Point"
      },
      "properties": {
        "cell_id": "1080_13813",
        "cluster": 6,
        "suburb": "Southport",
        "year": 2022
      },
      "type": "Feature"
    },
    {
      "geometry": {
        "coordinates": [
          153.38717260023904,
          -27.976813728561098
        ],
        "type": "Point"
      },
      "properties": {
        "cell_id": "1076_13810",
        "cluster": 72,
        "suburb": "Southport",
        "year": 2023
      },
      "type": "Feature"
    },
    {
      "geometry": {
        "coordinates": [
          153.39543821299,
          -28.095427364333492
        ],
        "type": "Point"
      },
      "properties": {
        "cell_id": "1077_13784",
        "cluster": -1,
        "suburb": "Varsity Lakes",
        "year": 2023
      },
      "type": "Feature"
    },
    {
      "geometry": {
        "coordinates": [
          153.532565889513,
          -28.167546501901604
        ],
        "type": "Point"
      },
      "properties": {
        "cell_id": "1104_13768",
        "cluster": -1,
        "suburb": "Coolangatta",
        "year": 2023
      },
      "type": "Feature"
    },
    {
      "geometry": {
        "coordinates": [
          153.227255978614,
          -27.735917467435094
        ],
        "type": "Point"
      },
      "properties": {
        "cell_id": "1044_13864",
        "cluster": 23,
        "suburb": "Yatala",
        "year": 2022
      },
      "type": "Feature"
    },
    {
      "geometry": {
        "coordinates": [
          153.438335899669,
          -28.1693874922857
        ],
        "type": "Point"
      },
      "properties": {
        "cell_id": "1086_13767",
        "cluster": -1,
        "suburb": "Currumbin Valley",
        "year": 2022
      },
      "type": "Feature"
    },
    {
      "geometry": {
        "coordinates": [
          153.395177932094,
          -27.955672486210194
        ],
        "type": "Point"
      },
      "properties": {
        "cell_id": "1077_13815",
        "cluster": -1,
        "suburb": "Southport",
        "year": 2023
      },
      "type": "Feature"
    },
    {
      "geometry": {
        "coordinates": [
          153.341419938861,
          -27.948790480686906
        ],
        "type": "Point"
      },
      "properties": {
        "cell_id": "1067_13816",
        "cluster": 4,
        "suburb": "Arundel",
        "year": 2022
      },
      "type": "Feature"
    },
    {
      "geometry": {
        "coordinates": [
          153.352740921529,
          -28.073464482816302
        ],
        "type": "Point"
      },
      "properties": {
        "cell_id": "1069_13789",
        "cluster": 82,
        "suburb": "Mudgeeraba",
        "year": 2021
      },
      "type": "Feature"
    },
    {
      "geometry": {
        "coordinates": [
          153.343164938239,
          -27.952141480890596
        ],
        "type": "Point"
      },
      "properties": {
        "cell_id": "1067_13816",
        "cluster": 4,
        "suburb": "Arundel",
        "year": 2022
      },
      "type": "Feature"
    },
    {
      "geometry": {
        "coordinates": [
          153.347299929552,
          -28.015972481812106
        ],
        "type": "Point"
      },
      "properties": {
        "cell_id": "1068_13801",
        "cluster": 62,
        "suburb": "Highland Park",
        "year": 2021
      },
      "type": "Feature"
    },
    {
      "geometry": {
        "coordinates": [
          153.428044923661,
          -27.993082489853393
        ],
        "type": "Point"
      },
      "properties": {
        "cell_id": "1084_13806",
        "cluster": 74,
        "suburb": "Surfers Paradise",
        "year": 2023
      },
      "type": "Feature"
    },
    {
      "geometry": {
        "coordinates": [
          153.41505092802,
          -27.970378488350395
        ],
        "type": "Point"
      },
      "properties": {
        "cell_id": "1081_13812",
        "cluster": 24,
        "suburb": "Southport",
        "year": 2023
      },
      "type": "Feature"
    },
    {
      "geometry": {
        "coordinates": [
          153.387865942064,
          -27.884612484907
        ],
        "type": "Point"
      },
      "properties": {
        "cell_id": "1076_13831",
        "cluster": -1,
        "suburb": "Paradise Point",
        "year": 2022
      },
      "type": "Feature"
    },
    {
      "geometry": {
        "coordinates": [
          153.413422928155,
          -27.970712488187097
        ],
        "type": "Point"
      },
      "properties": {
        "cell_id": "1081_13811",
        "cluster": 24,
        "suburb": "Southport",
        "year": 2023
      },
      "type": "Feature"
    },
    {
      "geometry": {
        "coordinates": [
          153.383745933561,
          -27.953992485032998
        ],
        "type": "Point"
      },
      "properties": {
        "cell_id": "1075_13815",
        "cluster": -1,
        "suburb": "Southport",
        "year": 2022
      },
      "type": "Feature"
    },
    {
      "geometry": {
        "coordinates": [
          153.498067895969,
          -28.1471854982124
        ],
        "type": "Point"
      },
      "properties": {
        "cell_id": "1097_13772",
        "cluster": -1,
        "suburb": "Tugun",
        "year": 2021
      },
      "type": "Feature"
    },
    {
      "geometry": {
        "coordinates": [
          153.440792913974,
          -28.057078491656004
        ],
        "type": "Point"
      },
      "properties": {
        "cell_id": "1086_13792",
        "cluster": -1,
        "suburb": "Mermaid Beach",
        "year": 2021
      },
      "type": "Feature"
    },
    {
      "geometry": {
        "coordinates": [
          153.405759928821,
          -27.9720504874167
        ],
        "type": "Point"
      },
      "properties": {
        "cell_id": "1079_13811",
        "cluster": 18,
        "suburb": "Southport",
        "year": 2021
      },
      "type": "Feature"
    },
    {
      "geometry": {
        "coordinates": [
          153.429203923278,
          -27.99506148998709
        ],
        "type": "Point"
      },
      "properties": {
        "cell_id": "1084_13806",
        "cluster": 74,
        "suburb": "Surfers Paradise",
        "year": 2022
      },
      "type": "Feature"
    },
    {
      "geometry": {
        "coordinates": [
          153.458589904783,
          -28.112826493909502
        ],
        "type": "Point"
      },
      "properties": {
        "cell_id": "1090_13780",
        "cluster": -1,
        "suburb": "Palm Beach",
        "year": 2022
      },
      "type": "Feature"
    },
    {
      "geometry": {
        "coordinates": [
          153.388976685385,
          -27.912190759236893
        ],
        "type": "Point"
      },
      "properties": {
        "cell_id": "1076_13824",
        "cluster": -1,
        "suburb": "Runaway Bay",
        "year": 2022
      },
      "type": "Feature"
    },
    {
      "geometry": {
        "coordinates": [
          153.406644933544,
          -27.934750487213805
        ],
        "type": "Point"
      },
      "properties": {
        "cell_id": "1080_13819",
        "cluster": -1,
        "suburb": "Biggera Waters",
        "year": 2022
      },
      "type": "Feature"
    },
    {
      "geometry": {
        "coordinates": [
          153.30936195411,
          -27.857496476713102
        ],
        "type": "Point"
      },
      "properties": {
        "cell_id": "1060_13837",
        "cluster": 9,
        "suburb": "Coomera",
        "year": 2022
      },
      "type": "Feature"
    },
    {
      "geometry": {
        "coordinates": [
          153.403622524517,
          -27.914284222745
        ],
        "type": "Point"
      },
      "properties": {
        "cell_id": "1079_13824",
        "cluster": -1,
        "suburb": "Runaway Bay",
        "year": 2023
      },
      "type": "Feature"
    },
    {
      "geometry": {
        "coordinates": [
          153.337678932693,
          -27.999807480707403
        ],
        "type": "Point"
      },
      "properties": {
        "cell_id": "1066_13805",
        "cluster": -1,
        "suburb": "Nerang",
        "year": 2023
      },
      "type": "Feature"
    },
    {
      "geometry": {
        "coordinates": [
          153.377554941362,
          -27.8987734839688
        ],
        "type": "Point"
      },
      "properties": {
        "cell_id": "1074_13827",
        "cluster": -1,
        "suburb": "Coombabah",
        "year": 2022
      },
      "type": "Feature"
    },
    {
      "geometry": {
        "coordinates": [
          153.299437947333,
          -27.918633476186695
        ],
        "type": "Point"
      },
      "properties": {
        "cell_id": "1058_13823",
        "cluster": -1,
        "suburb": "Oxenford",
        "year": 2023
      },
      "type": "Feature"
    },
    {
      "geometry": {
        "coordinates": [
          153.314642948521,
          -27.896491477555898
        ],
        "type": "Point"
      },
      "properties": {
        "cell_id": "1061_13828",
        "cluster": -1,
        "suburb": "Helensvale",
        "year": 2023
      },
      "type": "Feature"
    },
    {
      "geometry": {
        "coordinates": [
          153.395054905538,
          -28.1609744878081
        ],
        "type": "Point"
      },
      "properties": {
        "cell_id": "1077_13769",
        "cluster": -1,
        "suburb": "Tallebudgera Valley",
        "year": 2023
      },
      "type": "Feature"
    },
    {
      "geometry": {
        "coordinates": [
          153.323267934044,
          -28.0015874792573
        ],
        "type": "Point"
      },
      "properties": {
        "cell_id": "1063_13805",
        "cluster": -1,
        "suburb": "Nerang",
        "year": 2023
      },
      "type": "Feature"
    },
    {
      "geometry": {
        "coordinates": [
          153.380941930913,
          -27.976881484927283
        ],
        "type": "Point"
      },
      "properties": {
        "cell_id": "1074_13810",
        "cluster": 53,
        "suburb": "Ashmore",
        "year": 2023
      },
      "type": "Feature"
    },
    {
      "geometry": {
        "coordinates": [
          153.373142656677,
          -27.9310850987738
        ],
        "type": "Point"
      },
      "properties": {
        "cell_id": "1073_13820",
        "cluster": 20,
        "suburb": "Arundel",
        "year": 2021
      },
      "type": "Feature"
    },
    {
      "geometry": {
        "coordinates": [
          153.407573054919,
          -27.938804260340305
        ],
        "type": "Point"
      },
      "properties": {
        "cell_id": "1080_13819",
        "cluster": 22,
        "suburb": "Labrador",
        "year": 2021
      },
      "type": "Feature"
    },
    {
      "geometry": {
        "coordinates": [
          153.354631922153,
          -28.067024482958097
        ],
        "type": "Point"
      },
      "properties": {
        "cell_id": "1069_13790",
        "cluster": -1,
        "suburb": "Mudgeeraba",
        "year": 2022
      },
      "type": "Feature"
    },
    {
      "geometry": {
        "coordinates": [
          153.426894918386,
          -28.0347984900636
        ],
        "type": "Point"
      },
      "properties": {
        "cell_id": "1083_13797",
        "cluster": 16,
        "suburb": "Broadbeach Waters",
        "year": 2022
      },
      "type": "Feature"
    },
    {
      "geometry": {
        "coordinates": [
          153.386582935131,
          -27.939435485207397
        ],
        "type": "Point"
      },
      "properties": {
        "cell_id": "1076_13818",
        "cluster": -1,
        "suburb": "Arundel",
        "year": 2023
      },
      "type": "Feature"
    },
    {
      "geometry": {
        "coordinates": [
          153.304389787585,
          -27.842440555090004
        ],
        "type": "Point"
      },
      "properties": {
        "cell_id": "1059_13840",
        "cluster": 25,
        "suburb": "Coomera",
        "year": 2023
      },
      "type": "Feature"
    },
    {
      "geometry": {
        "coordinates": [
          153.275965391328,
          -27.814008109983202
        ],
        "type": "Point"
      },
      "properties": {
        "cell_id": "1054_13846",
        "cluster": -1,
        "suburb": "Pimpama",
        "year": 2023
      },
      "type": "Feature"
    },
    {
      "geometry": {
        "coordinates": [
          153.230866978167,
          -27.7363484678039
        ],
        "type": "Point"
      },
      "properties": {
        "cell_id": "1045_13863",
        "cluster": 23,
        "suburb": "Stapylton",
        "year": 2022
      },
      "type": "Feature"
    },
    {
      "geometry": {
        "coordinates": [
          153.384086355063,
          -27.965311408156495
        ],
        "type": "Point"
      },
      "properties": {
        "cell_id": "1075_13813",
        "cluster": 54,
        "suburb": "Southport",
        "year": 2022
      },
      "type": "Feature"
    },
    {
      "geometry": {
        "coordinates": [
          153.179531970703,
          -27.838405463417597
        ],
        "type": "Point"
      },
      "properties": {
        "cell_id": "1035_13841",
        "cluster": -1,
        "suburb": "Cedar Creek",
        "year": 2021
      },
      "type": "Feature"
    },
    {
      "geometry": {
        "coordinates": [
          153.391409915865,
          -28.084371486836602
        ],
        "type": "Point"
      },
      "properties": {
        "cell_id": "1076_13786",
        "cluster": -1,
        "suburb": "Robina",
        "year": 2021
      },
      "type": "Feature"
    },
    {
      "geometry": {
        "coordinates": [
          153.406129911933,
          -28.1022224884759
        ],
        "type": "Point"
      },
      "properties": {
        "cell_id": "1079_13782",
        "cluster": 47,
        "suburb": "Burleigh Heads",
        "year": 2023
      },
      "type": "Feature"
    },
    {
      "geometry": {
        "coordinates": [
          153.31546594985,
          -27.885458477552696
        ],
        "type": "Point"
      },
      "properties": {
        "cell_id": "1062_13830",
        "cluster": 30,
        "suburb": "Oxenford",
        "year": 2023
      },
      "type": "Feature"
    },
    {
      "geometry": {
        "coordinates": [
          153.26109296811,
          -27.7893064712815
        ],
        "type": "Point"
      },
      "properties": {
        "cell_id": "1051_13852",
        "cluster": -1,
        "suburb": "Ormeau",
        "year": 2022
      },
      "type": "Feature"
    },
    {
      "geometry": {
        "coordinates": [
          153.420067915343,
          -28.064077489597306
        ],
        "type": "Point"
      },
      "properties": {
        "cell_id": "1082_13791",
        "cluster": 84,
        "suburb": "Mermaid Waters",
        "year": 2022
      },
      "type": "Feature"
    },
    {
      "geometry": {
        "coordinates": [
          153.38821838355003,
          -27.9967436058241
        ],
        "type": "Point"
      },
      "properties": {
        "cell_id": "1076_13806",
        "cluster": -1,
        "suburb": "Ashmore",
        "year": 2022
      },
      "type": "Feature"
    },
    {
      "geometry": {
        "coordinates": [
          153.474005901831,
          -28.12248749555959
        ],
        "type": "Point"
      },
      "properties": {
        "cell_id": "1093_13778",
        "cluster": 34,
        "suburb": "Palm Beach",
        "year": 2022
      },
      "type": "Feature"
    },
    {
      "geometry": {
        "coordinates": [
          153.395573931231,
          -27.9620184863004
        ],
        "type": "Point"
      },
      "properties": {
        "cell_id": "1077_13813",
        "cluster": 15,
        "suburb": "Southport",
        "year": 2023
      },
      "type": "Feature"
    },
    {
      "geometry": {
        "coordinates": [
          153.372703931039,
          -27.982887484136093
        ],
        "type": "Point"
      },
      "properties": {
        "cell_id": "1073_13809",
        "cluster": 33,
        "suburb": "Ashmore",
        "year": 2021
      },
      "type": "Feature"
    },
    {
      "geometry": {
        "coordinates": [
          153.426788919246,
          -28.028247490001405
        ],
        "type": "Point"
      },
      "properties": {
        "cell_id": "1083_13799",
        "cluster": 64,
        "suburb": "Broadbeach Waters",
        "year": 2022
      },
      "type": "Feature"
    },
    {
      "geometry": {
        "coordinates": [
          153.295986755419,
          -27.8975603716709
        ],
        "type": "Point"
      },
      "properties": {
        "cell_id": "1058_13828",
        "cluster": -1,
        "suburb": "Oxenford",
        "year": 2022
      },
      "type": "Feature"
    },
    {
      "geometry": {
        "coordinates": [
          153.426340910191,
          -28.098502490506892
        ],
        "type": "Point"
      },
      "properties": {
        "cell_id": "1083_13783",
        "cluster": -1,
        "suburb": "Burleigh Waters",
        "year": 2023
      },
      "type": "Feature"
    },
    {
      "geometry": {
        "coordinates": [
          153.32114994166,
          -27.944273478592095
        ],
        "type": "Point"
      },
      "properties": {
        "cell_id": "1063_13817",
        "cluster": -1,
        "suburb": "Pacific Pines",
        "year": 2023
      },
      "type": "Feature"
    },
    {
      "geometry": {
        "coordinates": [
          153.340677938589,
          -27.951536480633102
        ],
        "type": "Point"
      },
      "properties": {
        "cell_id": "1067_13816",
        "cluster": 4,
        "suburb": "Gaven",
        "year": 2022
      },
      "type": "Feature"
    },
    {
      "geometry": {
        "coordinates": [
          153.400866917422,
          -28.06431748764251
        ],
        "type": "Point"
      },
      "properties": {
        "cell_id": "1078_13791",
        "cluster": -1,
        "suburb": "Robina",
        "year": 2023
      },
      "type": "Feature"
    },
    {
      "geometry": {
        "coordinates": [
          153.321437944086,
          -27.9251844784714
        ],
        "type": "Point"
      },
      "properties": {
        "cell_id": "1063_13822",
        "cluster": -1,
        "suburb": "Pacific Pines",
        "year": 2023
      },
      "type": "Feature"
    },
    {
      "geometry": {
        "coordinates": [
          153.284140951161,
          -27.901851474503104
        ],
        "type": "Point"
      },
      "properties": {
        "cell_id": "1055_13827",
        "cluster": -1,
        "suburb": "Upper Coomera",
        "year": 2022
      },
      "type": "Feature"
    },
    {
      "geometry": {
        "coordinates": [
          153.38077693098202,
          -27.976482484907407
        ],
        "type": "Point"
      },
      "properties": {
        "cell_id": "1074_13810",
        "cluster": 53,
        "suburb": "Molendinar",
        "year": 2023
      },
      "type": "Feature"
    },
    {
      "geometry": {
        "coordinates": [
          153.309453953833,
          -27.859574476738796
        ],
        "type": "Point"
      },
      "properties": {
        "cell_id": "1060_13836",
        "cluster": 9,
        "suburb": "Upper Coomera",
        "year": 2023
      },
      "type": "Feature"
    },
    {
      "geometry": {
        "coordinates": [
          153.433712912773,
          -28.07234149105349
        ],
        "type": "Point"
      },
      "properties": {
        "cell_id": "1085_13789",
        "cluster": -1,
        "suburb": "Miami",
        "year": 2023
      },
      "type": "Feature"
    },
    {
      "geometry": {
        "coordinates": [
          153.350763705751,
          -28.026979853250594
        ],
        "type": "Point"
      },
      "properties": {
        "cell_id": "1068_13799",
        "cluster": -1,
        "suburb": "Worongary",
        "year": 2021
      },
      "type": "Feature"
    },
    {
      "geometry": {
        "coordinates": [
          153.43068992271503,
          -27.99815649016301
        ],
        "type": "Point"
      },
      "properties": {
        "cell_id": "1084_13805",
        "cluster": 17,
        "suburb": "Surfers Paradise",
        "year": 2021
      },
      "type": "Feature"
    },
    {
      "geometry": {
        "coordinates": [
          153.348860933756,
          -27.9820654817046
        ],
        "type": "Point"
      },
      "properties": {
        "cell_id": "1068_13809",
        "cluster": -1,
        "suburb": "Molendinar",
        "year": 2022
      },
      "type": "Feature"
    },
    {
      "geometry": {
        "coordinates": [
          153.431203401729,
          -28.028502907453596
        ],
        "type": "Point"
      },
      "properties": {
        "cell_id": "1084_13799",
        "cluster": 64,
        "suburb": "Broadbeach",
        "year": 2021
      },
      "type": "Feature"
    },
    {
      "geometry": {
        "coordinates": [
          153.407829696869,
          -28.0549550652784
        ],
        "type": "Point"
      },
      "properties": {
        "cell_id": "1080_13793",
        "cluster": 73,
        "suburb": "Robina",
        "year": 2021
      },
      "type": "Feature"
    },
    {
      "geometry": {
        "coordinates": [
          153.258992967964,
          -27.792230471091802
        ],
        "type": "Point"
      },
      "properties": {
        "cell_id": "1051_13851",
        "cluster": -1,
        "suburb": "Ormeau",
        "year": 2021
      },
      "type": "Feature"
    },
    {
      "geometry": {
        "coordinates": [
          153.361525915464,
          -28.1128894840188
        ],
        "type": "Point"
      },
      "properties": {
        "cell_id": "1071_13780",
        "cluster": -1,
        "suburb": "Bonogin",
        "year": 2021
      },
      "type": "Feature"
    },
    {
      "geometry": {
        "coordinates": [
          153.407854917878,
          -28.054864488280295
        ],
        "type": "Point"
      },
      "properties": {
        "cell_id": "1080_13793",
        "cluster": 73,
        "suburb": "Robina",
        "year": 2021
      },
      "type": "Feature"
    },
    {
      "geometry": {
        "coordinates": [
          153.429186920352,
          -28.01768049016299
        ],
        "type": "Point"
      },
      "properties": {
        "cell_id": "1084_13801",
        "cluster": 14,
        "suburb": "Surfers Paradise",
        "year": 2022
      },
      "type": "Feature"
    },
    {
      "geometry": {
        "coordinates": [
          153.401725912538,
          -28.101298488019996
        ],
        "type": "Point"
      },
      "properties": {
        "cell_id": "1078_13783",
        "cluster": 50,
        "suburb": "Reedy Creek",
        "year": 2022
      },
      "type": "Feature"
    }
  ],
  "method": "DBSCAN training serious events; noise=-1; overlapping points remain distinct events",
  "period": [
    2021,
    2023
  ],
  "snapshot_id": "8c293a52745057c4",
  "type": "FeatureCollection"
}
